run_id,epoch,base_harm,beta,score_type,conformal_method,Collective,Report Strategy,Report Fraction,likes_softmax_temperature,topk_n,gamma,calib_risk_adjusted,num_adv_users,calib_set_size,avg_harm_adv_raw,total_flagged_items,total_items_seen_by_adv_users
0,100,0.3,0.0,harm,hybrid,0.01,top_ranker_q1,0.1,1.0,0,0.11756947636604309,0.0033333333333333335,40,4049,0.09624999999999999,994,9740
0,100,0.3,0.0,harm,hybrid,0.01,top_ranker_q1,0.1,1.0,0,0.12999893724918365,0.0033333333333333335,40,4049,0.09624999999999999,994,9740
0,100,0.3,0.0,harm,hybrid,0.01,top_ranker_q1,0.1,1.0,0,0.14242839813232422,0.0033333333333333335,40,4049,0.09624999999999999,994,9740
0,100,0.3,0.0,harm,hybrid,0.01,top_ranker_q1,0.1,1.0,0,0.1548578441143036,0.0033333333333333335,40,4049,0.09624999999999999,994,9740
0,100,0.3,0.0,harm,hybrid,0.01,top_ranker_q1,0.1,1.0,0,0.16728731989860535,0.0033333333333333335,40,4049,0.09624999999999999,994,9740
0,100,0.3,0.0,harm,hybrid,0.01,top_ranker_q1,0.1,1.0,0,0.17971676588058472,0.0033333333333333335,40,4049,0.09624999999999999,994,9740
0,100,0.3,0.0,harm,hybrid,0.01,top_ranker_q1,0.1,1.0,0,0.19214622676372528,0.0033333333333333335,40,4049,0.09624999999999999,994,9740
0,100,0.3,0.0,harm,hybrid,0.01,top_ranker_q1,0.1,1.0,0,0.20457568764686584,0.0033333333333333335,40,4049,0.09624999999999999,994,9740
0,100,0.3,0.0,harm,hybrid,0.01,top_ranker_q1,0.1,1.0,0,0.2170051485300064,0.0033333333333333335,40,4049,0.09624999999999999,994,9740
0,100,0.3,0.0,harm,hybrid,0.01,top_ranker_q1,0.1,1.0,0,0.22943460941314697,0.0033333333333333335,40,4049,0.09624999999999999,994,9740
0,100,0.3,0.0,harm,hybrid,0.01,top_ranker_q1,0.1,1.0,0,0.24186407029628754,0.0033333333333333335,40,4049,0.09624999999999999,994,9740
0,100,0.3,0.0,harm,hybrid,0.01,top_ranker_q1,0.1,1.0,0,0.2542935311794281,0.003308641975308642,40,4049,0.095,994,9740
0,100,0.3,0.0,harm,hybrid,0.01,top_ranker_q1,0.1,1.0,0,0.26672297716140747,0.003308641975308642,40,4049,0.095,994,9740
0,100,0.3,0.0,harm,hybrid,0.01,top_ranker_q1,0.1,1.0,0,0.27915245294570923,0.003308641975308642,40,4049,0.095,994,9740
0,100,0.3,0.0,harm,hybrid,0.01,top_ranker_q1,0.1,1.0,0,0.2915818989276886,0.0032962962962962967,40,4049,0.09375,994,9740
0,100,0.3,0.0,harm,hybrid,0.01,top_ranker_q1,0.1,1.0,0,0.30401134490966797,0.003283950617283951,40,4049,0.09375,994,9740
0,100,0.3,0.0,harm,hybrid,0.01,top_ranker_q1,0.1,1.0,0,0.3164408206939697,0.0032716049382716054,40,4049,0.0925,994,9740
0,100,0.3,0.0,harm,hybrid,0.01,top_ranker_q1,0.1,1.0,0,0.3288702964782715,0.0032716049382716054,40,4049,0.0925,994,9740
0,100,0.3,0.0,harm,hybrid,0.01,top_ranker_q1,0.1,1.0,0,0.34129974246025085,0.0032716049382716054,40,4049,0.0925,994,9740
0,100,0.3,0.0,harm,hybrid,0.01,top_ranker_q1,0.1,1.0,0,0.3537291884422302,0.0032592592592592595,40,4049,0.09125,994,9740
0,100,0.3,0.0,harm,hybrid,0.01,top_ranker_q1,0.1,1.0,0,0.366158664226532,0.003246913580246914,40,4049,0.09125,994,9740
0,100,0.3,0.0,harm,hybrid,0.01,top_ranker_q1,0.1,1.0,0,0.37858811020851135,0.0032345679012345686,40,4049,0.09,994,9740
0,100,0.3,0.0,harm,hybrid,0.01,top_ranker_q1,0.1,1.0,0,0.3910175859928131,0.0032222222222222227,40,4049,0.09,994,9740
0,100,0.3,0.0,harm,hybrid,0.01,top_ranker_q1,0.1,1.0,0,0.4034470319747925,0.0032222222222222227,40,4049,0.0875,994,9740
0,100,0.3,0.0,harm,hybrid,0.01,top_ranker_q1,0.1,1.0,0,0.41587647795677185,0.0032098765432098763,40,4049,0.0875,994,9740
0,100,0.3,0.0,harm,hybrid,0.01,top_ranker_q1,0.1,1.0,0,0.4283059537410736,0.00317283950617284,40,4049,0.08499999999999999,994,9740
0,100,0.3,0.0,harm,hybrid,0.01,top_ranker_q1,0.1,1.0,0,0.440735399723053,0.003148148148148148,40,4049,0.08249999999999999,994,9740
0,100,0.3,0.0,harm,hybrid,0.01,top_ranker_q1,0.1,1.0,0,0.45316487550735474,0.00308641975308642,40,4049,0.07875,994,9740
0,100,0.3,0.0,harm,hybrid,0.01,top_ranker_q1,0.1,1.0,0,0.4655943214893341,0.00308641975308642,40,4049,0.07875,994,9740
0,100,0.3,0.0,harm,hybrid,0.01,top_ranker_q1,0.1,1.0,0,0.47802379727363586,0.0030617283950617282,40,4049,0.07625,994,9740
0,100,0.3,0.0,harm,hybrid,0.01,top_ranker_q1,0.1,1.0,0,0.49045324325561523,0.003000000000000001,40,4049,0.07375000000000001,994,9740
0,100,0.3,0.0,harm,hybrid,0.01,top_ranker_q1,0.1,1.0,0,0.502882719039917,0.0029753086419753087,40,4049,0.07250000000000001,994,9740
0,100,0.3,0.0,harm,hybrid,0.01,top_ranker_q1,0.1,1.0,0,0.5153121948242188,0.0029259259259259264,40,4049,0.07125000000000001,994,9740
0,100,0.3,0.0,harm,hybrid,0.01,top_ranker_q1,0.1,1.0,0,0.5277416110038757,0.00291358024691358,40,4049,0.07125000000000001,994,9740
0,100,0.3,0.0,harm,hybrid,0.01,top_ranker_q1,0.1,1.0,0,0.5401710867881775,0.0028888888888888888,40,4049,0.07,994,9740
0,100,0.3,0.0,harm,hybrid,0.01,top_ranker_q1,0.1,1.0,0,0.5526005029678345,0.0028765432098765433,40,4049,0.06875,994,9740
0,100,0.3,0.0,harm,hybrid,0.01,top_ranker_q1,0.1,1.0,0,0.5650299787521362,0.0028271604938271606,40,4049,0.0675,994,9740
0,100,0.3,0.0,harm,hybrid,0.01,top_ranker_q1,0.1,1.0,0,0.577459454536438,0.002777777777777778,40,4049,0.06625,994,9740
0,100,0.3,0.0,harm,hybrid,0.01,top_ranker_q1,0.1,1.0,0,0.5898889303207397,0.002765432098765432,40,4049,0.06625,994,9740
0,100,0.3,0.0,harm,hybrid,0.01,top_ranker_q1,0.1,1.0,0,0.6023184061050415,0.002728395061728395,40,4049,0.06625,994,9740
0,100,0.3,0.0,harm,hybrid,0.01,top_ranker_q1,0.1,1.0,0,0.6147478818893433,0.0027160493827160497,40,4049,0.06625,994,9740
0,100,0.3,0.0,harm,hybrid,0.01,top_ranker_q1,0.1,1.0,0,0.6271772384643555,0.002703703703703704,40,4049,0.06625,994,9740
0,100,0.3,0.0,harm,hybrid,0.01,top_ranker_q1,0.1,1.0,0,0.6396067142486572,0.002666666666666667,40,4049,0.06625,994,9740
0,100,0.3,0.0,harm,hybrid,0.01,top_ranker_q1,0.1,1.0,0,0.652036190032959,0.002654320987654321,40,4049,0.06625,994,9740
0,100,0.3,0.0,harm,hybrid,0.01,top_ranker_q1,0.1,1.0,0,0.6644656658172607,0.0026049382716049384,40,4049,0.06625,994,9740
0,100,0.3,0.0,harm,hybrid,0.01,top_ranker_q1,0.1,1.0,0,0.6768951416015625,0.0026049382716049384,40,4049,0.06625,994,9740
0,100,0.3,0.0,harm,hybrid,0.01,top_ranker_q1,0.1,1.0,0,0.6893246173858643,0.0025679012345679016,40,4049,0.06625,994,9740
0,100,0.3,0.0,harm,hybrid,0.01,top_ranker_q1,0.1,1.0,0,0.701754093170166,0.0025185185185185185,40,4049,0.06625,994,9740
0,100,0.3,0.0,harm,hybrid,0.01,top_ranker_q1,0.1,1.0,0,0.7141834497451782,0.002506172839506173,40,4049,0.06625,994,9740
0,100,0.3,0.0,harm,hybrid,0.01,top_ranker_q1,0.1,1.0,0,0.72661292552948,0.0024938271604938275,40,4049,0.06625,994,9740
0,100,0.3,0.0,harm,hybrid,0.01,top_ranker_q1,0.1,1.0,0,0.7390424013137817,0.002481481481481482,40,4049,0.06625,994,9740
0,100,0.3,0.0,harm,hybrid,0.01,top_ranker_q1,0.1,1.0,0,0.7514718770980835,0.0024691358024691358,40,4049,0.06625,994,9740
0,100,0.3,0.0,harm,hybrid,0.01,top_ranker_q1,0.1,1.0,0,0.7639013528823853,0.0024444444444444444,40,4049,0.06625,994,9740
0,100,0.3,0.0,harm,hybrid,0.01,top_ranker_q1,0.1,1.0,0,0.776330828666687,0.0024197530864197535,40,4049,0.06625,994,9740
0,100,0.3,0.0,harm,hybrid,0.01,top_ranker_q1,0.1,1.0,0,0.7887603044509888,0.0023827160493827162,40,4049,0.06625,994,9740
0,100,0.3,0.0,harm,hybrid,0.01,top_ranker_q1,0.1,1.0,0,0.8011897802352905,0.0023703703703703708,40,4049,0.06625,994,9740
0,100,0.3,0.0,harm,hybrid,0.01,top_ranker_q1,0.1,1.0,0,0.8136191368103027,0.0023333333333333335,40,4049,0.06625,994,9740
0,100,0.3,0.0,harm,hybrid,0.01,top_ranker_q1,0.1,1.0,0,0.8260486125946045,0.002234567901234568,40,4049,0.06625,994,9740
0,100,0.3,0.0,harm,hybrid,0.01,top_ranker_q1,0.1,1.0,0,0.8384780883789062,0.002148148148148148,40,4049,0.06625,994,9740
0,100,0.3,0.0,harm,hybrid,0.01,top_ranker_q1,0.1,1.0,0,0.850907564163208,0.002098765432098766,40,4049,0.06625,994,9740
0,100,0.3,0.0,harm,hybrid,0.01,top_ranker_q1,0.1,1.0,0,0.8633370399475098,0.002012345679012346,40,4049,0.06625,994,9740
0,100,0.3,0.0,harm,hybrid,0.01,top_ranker_q1,0.1,1.0,0,0.8757665157318115,0.0019629629629629632,40,4049,0.06625,994,9740
0,100,0.3,0.0,harm,hybrid,0.01,top_ranker_q1,0.1,1.0,0,0.8881959915161133,0.0019012345679012344,40,4049,0.06625,994,9740
0,100,0.3,0.0,harm,hybrid,0.01,top_ranker_q1,0.1,1.0,0,0.9006253480911255,0.001814814814814815,40,4049,0.06625,994,9740
0,100,0.3,0.0,harm,hybrid,0.01,top_ranker_q1,0.1,1.0,0,0.9130548238754272,0.0016790123456790125,40,4049,0.06625,994,9740
0,100,0.3,0.0,harm,hybrid,0.01,top_ranker_q1,0.1,1.0,0,0.925484299659729,0.0015679012345679011,40,4049,0.06625,994,9740
0,100,0.3,0.0,harm,hybrid,0.01,top_ranker_q1,0.1,1.0,0,0.9379137754440308,0.0015185185185185187,40,4049,0.06625,994,9740
0,100,0.3,0.0,harm,hybrid,0.01,top_ranker_q1,0.1,1.0,0,0.9503432512283325,0.0014814814814814816,40,4049,0.06625,994,9740
0,100,0.3,0.0,harm,hybrid,0.01,top_ranker_q1,0.1,1.0,0,0.9627727270126343,0.0013950617283950617,40,4049,0.06625,994,9740
0,100,0.3,0.0,harm,hybrid,0.01,top_ranker_q1,0.1,1.0,0,0.975202202796936,0.001345679012345679,40,4049,0.065,994,9740
0,100,0.3,0.0,harm,hybrid,0.01,top_ranker_q1,0.1,1.0,0,0.9876315593719482,0.0012716049382716051,40,4049,0.06375,994,9740
0,100,0.3,0.0,harm,hybrid,0.01,top_ranker_q1,0.1,1.0,0,1.00006103515625,0.0011111111111111113,40,4049,0.05875000000000001,994,9740
0,100,0.3,0.0,harm,hybrid,0.01,top_ranker_q1,0.1,1.0,0,1.0124905109405518,0.0009876543209876543,40,4049,0.053750000000000006,994,9740
0,100,0.3,0.0,harm,hybrid,0.01,top_ranker_q1,0.1,1.0,0,1.0249199867248535,0.0009135802469135803,40,4049,0.04875,994,9740
0,100,0.3,0.0,harm,hybrid,0.01,top_ranker_q1,0.1,1.0,0,1.0373494625091553,0.0007530864197530865,40,4049,0.036250000000000004,994,9740
0,100,0.3,0.0,harm,hybrid,0.01,top_ranker_q1,0.1,1.0,0,1.049778938293457,0.0006296296296296297,40,4049,0.028749999999999998,994,9740
0,100,0.3,0.0,harm,hybrid,0.01,top_ranker_q1,0.1,1.0,0,1.0622084140777588,0.0005679012345679013,40,4049,0.025,994,9740
0,100,0.3,0.0,harm,hybrid,0.01,top_ranker_q1,0.1,1.0,0,1.074637770652771,0.000506172839506173,40,4049,0.02,994,9740
0,100,0.3,0.0,harm,hybrid,0.01,top_ranker_q1,0.1,1.0,0,1.0870672464370728,0.00040740740740740744,40,4049,0.01,994,9740
0,100,0.3,0.0,harm,hybrid,0.01,top_ranker_q1,0.1,1.0,0,1.0994967222213745,0.00035802469135802473,40,4049,0.0075000000000000015,994,9740
0,100,0.3,0.0,harm,hybrid,0.01,top_ranker_q1,0.1,1.0,0,1.1119261980056763,0.0002962962962962963,40,4049,0.0025,994,9740
0,100,0.3,0.0,harm,hybrid,0.01,top_ranker_q1,0.1,1.0,0,1.124355673789978,0.00027160493827160494,40,4049,0.00125,994,9740
0,100,0.3,0.0,harm,hybrid,0.01,top_ranker_q1,0.1,1.0,0,1.1367850303649902,0.00027160493827160494,40,4049,0.00125,994,9740
0,100,0.3,0.0,harm,hybrid,0.01,top_ranker_q1,0.1,1.0,0,1.149214506149292,0.00025925925925925926,40,4049,0.0,994,9740
0,100,0.3,0.0,harm,hybrid,0.01,top_ranker_q1,0.1,1.0,0,1.1616439819335938,0.00025925925925925926,40,4049,0.0,994,9740
0,100,0.3,0.0,harm,hybrid,0.01,top_ranker_q1,0.1,1.0,0,1.1740734577178955,0.00025925925925925926,40,4049,0.0,994,9740
0,100,0.3,0.0,harm,hybrid,0.01,top_ranker_q1,0.1,1.0,0,1.1865029335021973,0.00025925925925925926,40,4049,0.0,994,9740
0,100,0.3,0.0,harm,hybrid,0.01,top_ranker_q1,0.1,1.0,0,1.198932409286499,0.00025925925925925926,40,4049,0.0,994,9740
0,100,0.3,0.0,harm,hybrid,0.01,top_ranker_q1,0.1,1.0,0,1.2113618850708008,0.0002469135802469136,40,4049,0.0,994,9740
0,100,0.3,0.0,harm,hybrid,0.01,top_ranker_q1,0.1,1.0,0,1.223791241645813,0.0002469135802469136,40,4049,0.0,994,9740
0,100,0.3,0.0,harm,hybrid,0.01,top_ranker_q1,0.1,1.0,0,1.2362207174301147,0.0002469135802469136,40,4049,0.0,994,9740
0,100,0.3,0.0,harm,hybrid,0.01,top_ranker_q1,0.1,1.0,0,1.2486501932144165,0.0002469135802469136,40,4049,0.0,994,9740
0,100,0.3,0.0,harm,hybrid,0.01,top_ranker_q1,0.1,1.0,0,1.2610796689987183,0.0002469135802469136,40,4049,0.0,994,9740
0,100,0.3,0.0,harm,hybrid,0.01,top_ranker_q1,0.1,1.0,0,1.27350914478302,0.0002469135802469136,40,4049,0.0,994,9740
0,100,0.3,0.0,harm,hybrid,0.01,top_ranker_q1,0.1,1.0,0,1.2859386205673218,0.0002469135802469136,40,4049,0.0,994,9740
0,100,0.3,0.0,harm,hybrid,0.01,top_ranker_q1,0.1,1.0,0,1.2983680963516235,0.0002469135802469136,40,4049,0.0,994,9740
0,100,0.3,0.0,harm,hybrid,0.01,top_ranker_q1,0.1,1.0,0,1.3107974529266357,0.0002469135802469136,40,4049,0.0,994,9740
0,100,0.3,0.0,harm,hybrid,0.01,top_ranker_q1,0.1,1.0,0,1.3232269287109375,0.0002469135802469136,40,4049,0.0,994,9740
0,100,0.3,0.0,harm,hybrid,0.01,top_ranker_q1,0.1,1.0,0,1.3356564044952393,0.0002469135802469136,40,4049,0.0,994,9740
0,100,0.3,0.0,harm,hybrid,0.01,top_ranker_q1,0.1,1.0,0,1.348085880279541,0.0002469135802469136,40,4049,0.0,994,9740
1,100,0.3,0.0,harm,hybrid,0.01,top_ranker_q1,0.1,1.0,0,0.04140770435333252,0.0032472324723247237,40,4064,0.08249999999999999,996,9774
1,100,0.3,0.0,harm,hybrid,0.01,top_ranker_q1,0.1,1.0,0,0.05379550904035568,0.0032472324723247237,40,4064,0.08249999999999999,996,9774
1,100,0.3,0.0,harm,hybrid,0.01,top_ranker_q1,0.1,1.0,0,0.06618331372737885,0.0032472324723247237,40,4064,0.08249999999999999,996,9774
1,100,0.3,0.0,harm,hybrid,0.01,top_ranker_q1,0.1,1.0,0,0.07857111841440201,0.0032472324723247237,40,4064,0.08249999999999999,996,9774
1,100,0.3,0.0,harm,hybrid,0.01,top_ranker_q1,0.1,1.0,0,0.09095892310142517,0.0032472324723247237,40,4064,0.08249999999999999,996,9774
1,100,0.3,0.0,harm,hybrid,0.01,top_ranker_q1,0.1,1.0,0,0.10334672778844833,0.0032472324723247237,40,4064,0.08249999999999999,996,9774
1,100,0.3,0.0,harm,hybrid,0.01,top_ranker_q1,0.1,1.0,0,0.1157345324754715,0.0032472324723247237,40,4064,0.08249999999999999,996,9774
1,100,0.3,0.0,harm,hybrid,0.01,top_ranker_q1,0.1,1.0,0,0.12812232971191406,0.0032472324723247237,40,4064,0.08249999999999999,996,9774
1,100,0.3,0.0,harm,hybrid,0.01,top_ranker_q1,0.1,1.0,0,0.14051014184951782,0.0032472324723247237,40,4064,0.08249999999999999,996,9774
1,100,0.3,0.0,harm,hybrid,0.01,top_ranker_q1,0.1,1.0,0,0.15289795398712158,0.0032472324723247237,40,4064,0.08249999999999999,996,9774
1,100,0.3,0.0,harm,hybrid,0.01,top_ranker_q1,0.1,1.0,0,0.16528575122356415,0.0032472324723247237,40,4064,0.08249999999999999,996,9774
1,100,0.3,0.0,harm,hybrid,0.01,top_ranker_q1,0.1,1.0,0,0.1776735484600067,0.0032472324723247237,40,4064,0.08249999999999999,996,9774
1,100,0.3,0.0,harm,hybrid,0.01,top_ranker_q1,0.1,1.0,0,0.19006136059761047,0.0032472324723247237,40,4064,0.08249999999999999,996,9774
1,100,0.3,0.0,harm,hybrid,0.01,top_ranker_q1,0.1,1.0,0,0.20244917273521423,0.0032472324723247237,40,4064,0.08249999999999999,996,9774
1,100,0.3,0.0,harm,hybrid,0.01,top_ranker_q1,0.1,1.0,0,0.2148369699716568,0.0032472324723247237,40,4064,0.08249999999999999,996,9774
1,100,0.3,0.0,harm,hybrid,0.01,top_ranker_q1,0.1,1.0,0,0.22722476720809937,0.0032472324723247237,40,4064,0.08249999999999999,996,9774
1,100,0.3,0.0,harm,hybrid,0.01,top_ranker_q1,0.1,1.0,0,0.23961257934570312,0.0032472324723247237,40,4064,0.08249999999999999,996,9774
1,100,0.3,0.0,harm,hybrid,0.01,top_ranker_q1,0.1,1.0,0,0.2520003914833069,0.0032472324723247237,40,4064,0.08249999999999999,996,9774
1,100,0.3,0.0,harm,hybrid,0.01,top_ranker_q1,0.1,1.0,0,0.26438820362091064,0.0032472324723247237,40,4064,0.08249999999999999,996,9774
1,100,0.3,0.0,harm,hybrid,0.01,top_ranker_q1,0.1,1.0,0,0.276775985956192,0.0032349323493234936,40,4064,0.08125,996,9774
1,100,0.3,0.0,harm,hybrid,0.01,top_ranker_q1,0.1,1.0,0,0.2891637980937958,0.0031980319803198032,40,4064,0.07750000000000001,996,9774
1,100,0.3,0.0,harm,hybrid,0.01,top_ranker_q1,0.1,1.0,0,0.30155161023139954,0.003185731857318573,40,4064,0.07625,996,9774
1,100,0.3,0.0,harm,hybrid,0.01,top_ranker_q1,0.1,1.0,0,0.3139393925666809,0.003173431734317344,40,4064,0.075,996,9774
1,100,0.3,0.0,harm,hybrid,0.01,top_ranker_q1,0.1,1.0,0,0.32632720470428467,0.003173431734317344,40,4064,0.075,996,9774
1,100,0.3,0.0,harm,hybrid,0.01,top_ranker_q1,0.1,1.0,0,0.3387150168418884,0.003173431734317344,40,4064,0.075,996,9774
1,100,0.3,0.0,harm,hybrid,0.01,top_ranker_q1,0.1,1.0,0,0.3511028289794922,0.003161131611316114,40,4064,0.075,996,9774
1,100,0.3,0.0,harm,hybrid,0.01,top_ranker_q1,0.1,1.0,0,0.36349064111709595,0.0031488314883148833,40,4064,0.07375000000000001,996,9774
1,100,0.3,0.0,harm,hybrid,0.01,top_ranker_q1,0.1,1.0,0,0.3758784234523773,0.0031242312423124235,40,4064,0.07375000000000001,996,9774
1,100,0.3,0.0,harm,hybrid,0.01,top_ranker_q1,0.1,1.0,0,0.3882662355899811,0.003087330873308733,40,4064,0.07125000000000001,996,9774
1,100,0.3,0.0,harm,hybrid,0.01,top_ranker_q1,0.1,1.0,0,0.40065404772758484,0.003062730627306273,40,4064,0.06875,996,9774
1,100,0.3,0.0,harm,hybrid,0.01,top_ranker_q1,0.1,1.0,0,0.4130418300628662,0.0030504305043050433,40,4064,0.0675,996,9774
1,100,0.3,0.0,harm,hybrid,0.01,top_ranker_q1,0.1,1.0,0,0.42542964220046997,0.0030258302583025835,40,4064,0.06625,996,9774
1,100,0.3,0.0,harm,hybrid,0.01,top_ranker_q1,0.1,1.0,0,0.43781745433807373,0.0029274292742927435,40,4064,0.0625,996,9774
1,100,0.3,0.0,harm,hybrid,0.01,top_ranker_q1,0.1,1.0,0,0.4502052664756775,0.002890528905289053,40,4064,0.06000000000000001,996,9774
1,100,0.3,0.0,harm,hybrid,0.01,top_ranker_q1,0.1,1.0,0,0.46259307861328125,0.0028536285362853633,40,4064,0.058750000000000004,996,9774
1,100,0.3,0.0,harm,hybrid,0.01,top_ranker_q1,0.1,1.0,0,0.4749808609485626,0.002730627306273063,40,4064,0.05375,996,9774
1,100,0.3,0.0,harm,hybrid,0.01,top_ranker_q1,0.1,1.0,0,0.4873686730861664,0.002706027060270603,40,4064,0.05249999999999999,996,9774
1,100,0.3,0.0,harm,hybrid,0.01,top_ranker_q1,0.1,1.0,0,0.49975648522377014,0.002693726937269373,40,4064,0.05249999999999999,996,9774
1,100,0.3,0.0,harm,hybrid,0.01,top_ranker_q1,0.1,1.0,0,0.5121442675590515,0.0026814268142681436,40,4064,0.05125,996,9774
1,100,0.3,0.0,harm,hybrid,0.01,top_ranker_q1,0.1,1.0,0,0.5245320796966553,0.002656826568265683,40,4064,0.05125,996,9774
1,100,0.3,0.0,harm,hybrid,0.01,top_ranker_q1,0.1,1.0,0,0.536919891834259,0.002644526445264453,40,4064,0.05125,996,9774
1,100,0.3,0.0,harm,hybrid,0.01,top_ranker_q1,0.1,1.0,0,0.5493077039718628,0.0025584255842558425,40,4064,0.04875,996,9774
1,100,0.3,0.0,harm,hybrid,0.01,top_ranker_q1,0.1,1.0,0,0.5616955161094666,0.0025584255842558425,40,4064,0.04875,996,9774
1,100,0.3,0.0,harm,hybrid,0.01,top_ranker_q1,0.1,1.0,0,0.5740833282470703,0.0025338253382533827,40,4064,0.04875,996,9774
1,100,0.3,0.0,harm,hybrid,0.01,top_ranker_q1,0.1,1.0,0,0.5864710807800293,0.002472324723247233,40,4064,0.04875,996,9774
1,100,0.3,0.0,harm,hybrid,0.01,top_ranker_q1,0.1,1.0,0,0.5988588929176331,0.0024600246002460025,40,4064,0.04875,996,9774
1,100,0.3,0.0,harm,hybrid,0.01,top_ranker_q1,0.1,1.0,0,0.6112467050552368,0.0024231242312423126,40,4064,0.04875,996,9774
1,100,0.3,0.0,harm,hybrid,0.01,top_ranker_q1,0.1,1.0,0,0.6236345171928406,0.0024108241082410825,40,4064,0.04875,996,9774
1,100,0.3,0.0,harm,hybrid,0.01,top_ranker_q1,0.1,1.0,0,0.6360223293304443,0.0023862238622386228,40,4064,0.04875,996,9774
1,100,0.3,0.0,harm,hybrid,0.01,top_ranker_q1,0.1,1.0,0,0.6484101414680481,0.0023616236162361626,40,4064,0.04875,996,9774
1,100,0.3,0.0,harm,hybrid,0.01,top_ranker_q1,0.1,1.0,0,0.6607979536056519,0.0023370233702337028,40,4064,0.04875,996,9774
1,100,0.3,0.0,harm,hybrid,0.01,top_ranker_q1,0.1,1.0,0,0.6731857657432556,0.0023124231242312426,40,4064,0.04875,996,9774
1,100,0.3,0.0,harm,hybrid,0.01,top_ranker_q1,0.1,1.0,0,0.6855735778808594,0.002300123001230013,40,4064,0.04875,996,9774
1,100,0.3,0.0,harm,hybrid,0.01,top_ranker_q1,0.1,1.0,0,0.6979613304138184,0.0022632226322263226,40,4064,0.04875,996,9774
1,100,0.3,0.0,harm,hybrid,0.01,top_ranker_q1,0.1,1.0,0,0.7103491425514221,0.002214022140221402,40,4064,0.04875,996,9774
1,100,0.3,0.0,harm,hybrid,0.01,top_ranker_q1,0.1,1.0,0,0.7227369546890259,0.0021894218942189424,40,4064,0.04875,996,9774
1,100,0.3,0.0,harm,hybrid,0.01,top_ranker_q1,0.1,1.0,0,0.7351247668266296,0.0021894218942189424,40,4064,0.04875,996,9774
1,100,0.3,0.0,harm,hybrid,0.01,top_ranker_q1,0.1,1.0,0,0.7475125789642334,0.002115621156211562,40,4064,0.04875,996,9774
1,100,0.3,0.0,harm,hybrid,0.01,top_ranker_q1,0.1,1.0,0,0.7599003911018372,0.0020418204182041824,40,4064,0.04875,996,9774
1,100,0.3,0.0,harm,hybrid,0.01,top_ranker_q1,0.1,1.0,0,0.7722882032394409,0.0019680196801968018,40,4064,0.04875,996,9774
1,100,0.3,0.0,harm,hybrid,0.01,top_ranker_q1,0.1,1.0,0,0.7846759557723999,0.0019311193111931119,40,4064,0.04875,996,9774
1,100,0.3,0.0,harm,hybrid,0.01,top_ranker_q1,0.1,1.0,0,0.7970637679100037,0.001881918819188192,40,4064,0.04875,996,9774
1,100,0.3,0.0,harm,hybrid,0.01,top_ranker_q1,0.1,1.0,0,0.8094515800476074,0.001820418204182042,40,4064,0.04875,996,9774
1,100,0.3,0.0,harm,hybrid,0.01,top_ranker_q1,0.1,1.0,0,0.8218393921852112,0.0016728167281672818,40,4064,0.04875,996,9774
1,100,0.3,0.0,harm,hybrid,0.01,top_ranker_q1,0.1,1.0,0,0.8342272043228149,0.0015621156211562113,40,4064,0.04875,996,9774
1,100,0.3,0.0,harm,hybrid,0.01,top_ranker_q1,0.1,1.0,0,0.8466150164604187,0.0014022140221402212,40,4064,0.04875,996,9774
1,100,0.3,0.0,harm,hybrid,0.01,top_ranker_q1,0.1,1.0,0,0.8590028285980225,0.0013161131611316111,40,4064,0.04875,996,9774
1,100,0.3,0.0,harm,hybrid,0.01,top_ranker_q1,0.1,1.0,0,0.8713906407356262,0.0012792127921279213,40,4064,0.04875,996,9774
1,100,0.3,0.0,harm,hybrid,0.01,top_ranker_q1,0.1,1.0,0,0.88377845287323,0.001230012300123001,40,4064,0.04875,996,9774
1,100,0.3,0.0,harm,hybrid,0.01,top_ranker_q1,0.1,1.0,0,0.896166205406189,0.0011439114391143912,40,4064,0.0475,996,9774
1,100,0.3,0.0,harm,hybrid,0.01,top_ranker_q1,0.1,1.0,0,0.9085540175437927,0.001057810578105781,40,4064,0.045000000000000005,996,9774
1,100,0.3,0.0,harm,hybrid,0.01,top_ranker_q1,0.1,1.0,0,0.9209418296813965,0.0009225092250922508,40,4064,0.042499999999999996,996,9774
1,100,0.3,0.0,harm,hybrid,0.01,top_ranker_q1,0.1,1.0,0,0.9333296418190002,0.0008487084870848708,40,4064,0.03875,996,9774
1,100,0.3,0.0,harm,hybrid,0.01,top_ranker_q1,0.1,1.0,0,0.945717453956604,0.0007380073800738007,40,4064,0.03375,996,9774
1,100,0.3,0.0,harm,hybrid,0.01,top_ranker_q1,0.1,1.0,0,0.9581052660942078,0.0006150061500615005,40,4064,0.025,996,9774
1,100,0.3,0.0,harm,hybrid,0.01,top_ranker_q1,0.1,1.0,0,0.9704930782318115,0.0005781057810578105,40,4064,0.02125,996,9774
1,100,0.3,0.0,harm,hybrid,0.01,top_ranker_q1,0.1,1.0,0,0.9828808307647705,0.0004797047970479705,40,4064,0.015000000000000003,996,9774
1,100,0.3,0.0,harm,hybrid,0.01,top_ranker_q1,0.1,1.0,0,0.9952686429023743,0.0004182041820418204,40,4064,0.01,996,9774
1,100,0.3,0.0,harm,hybrid,0.01,top_ranker_q1,0.1,1.0,0,1.007656455039978,0.00035670356703567036,40,4064,0.00625,996,9774
1,100,0.3,0.0,harm,hybrid,0.01,top_ranker_q1,0.1,1.0,0,1.0200443267822266,0.0003321033210332103,40,4064,0.0037500000000000007,996,9774
1,100,0.3,0.0,harm,hybrid,0.01,top_ranker_q1,0.1,1.0,0,1.0324320793151855,0.00028290282902829027,40,4064,0.00125,996,9774
1,100,0.3,0.0,harm,hybrid,0.01,top_ranker_q1,0.1,1.0,0,1.0448198318481445,0.00027060270602706027,40,4064,0.0,996,9774
1,100,0.3,0.0,harm,hybrid,0.01,top_ranker_q1,0.1,1.0,0,1.057207703590393,0.00027060270602706027,40,4064,0.0,996,9774
1,100,0.3,0.0,harm,hybrid,0.01,top_ranker_q1,0.1,1.0,0,1.069595456123352,0.00027060270602706027,40,4064,0.0,996,9774
1,100,0.3,0.0,harm,hybrid,0.01,top_ranker_q1,0.1,1.0,0,1.0819833278656006,0.00027060270602706027,40,4064,0.0,996,9774
1,100,0.3,0.0,harm,hybrid,0.01,top_ranker_q1,0.1,1.0,0,1.0943710803985596,0.0002583025830258302,40,4064,0.0,996,9774
1,100,0.3,0.0,harm,hybrid,0.01,top_ranker_q1,0.1,1.0,0,1.106758952140808,0.0002460024600246002,40,4064,0.0,996,9774
1,100,0.3,0.0,harm,hybrid,0.01,top_ranker_q1,0.1,1.0,0,1.119146704673767,0.0002460024600246002,40,4064,0.0,996,9774
1,100,0.3,0.0,harm,hybrid,0.01,top_ranker_q1,0.1,1.0,0,1.131534457206726,0.0002460024600246002,40,4064,0.0,996,9774
1,100,0.3,0.0,harm,hybrid,0.01,top_ranker_q1,0.1,1.0,0,1.1439223289489746,0.0002460024600246002,40,4064,0.0,996,9774
1,100,0.3,0.0,harm,hybrid,0.01,top_ranker_q1,0.1,1.0,0,1.1563100814819336,0.0002460024600246002,40,4064,0.0,996,9774
1,100,0.3,0.0,harm,hybrid,0.01,top_ranker_q1,0.1,1.0,0,1.1686979532241821,0.0002460024600246002,40,4064,0.0,996,9774
1,100,0.3,0.0,harm,hybrid,0.01,top_ranker_q1,0.1,1.0,0,1.1810857057571411,0.0002460024600246002,40,4064,0.0,996,9774
1,100,0.3,0.0,harm,hybrid,0.01,top_ranker_q1,0.1,1.0,0,1.1934735774993896,0.0002460024600246002,40,4064,0.0,996,9774
1,100,0.3,0.0,harm,hybrid,0.01,top_ranker_q1,0.1,1.0,0,1.2058613300323486,0.0002460024600246002,40,4064,0.0,996,9774
1,100,0.3,0.0,harm,hybrid,0.01,top_ranker_q1,0.1,1.0,0,1.2182492017745972,0.0002460024600246002,40,4064,0.0,996,9774
1,100,0.3,0.0,harm,hybrid,0.01,top_ranker_q1,0.1,1.0,0,1.2306369543075562,0.0002460024600246002,40,4064,0.0,996,9774
1,100,0.3,0.0,harm,hybrid,0.01,top_ranker_q1,0.1,1.0,0,1.2430247068405151,0.0002460024600246002,40,4064,0.0,996,9774
1,100,0.3,0.0,harm,hybrid,0.01,top_ranker_q1,0.1,1.0,0,1.2554125785827637,0.0002460024600246002,40,4064,0.0,996,9774
1,100,0.3,0.0,harm,hybrid,0.01,top_ranker_q1,0.1,1.0,0,1.2678003311157227,0.0002460024600246002,40,4064,0.0,996,9774
2,100,0.3,0.0,harm,hybrid,0.01,top_ranker_q1,0.1,1.0,0,0.03058314323425293,0.0032464338416133796,40,4065,0.08499999999999999,968,9516
2,100,0.3,0.0,harm,hybrid,0.01,top_ranker_q1,0.1,1.0,0,0.04363076761364937,0.0032464338416133796,40,4065,0.08499999999999999,968,9516
2,100,0.3,0.0,harm,hybrid,0.01,top_ranker_q1,0.1,1.0,0,0.05667839199304581,0.0032464338416133796,40,4065,0.08499999999999999,968,9516
2,100,0.3,0.0,harm,hybrid,0.01,top_ranker_q1,0.1,1.0,0,0.06972602009773254,0.0032464338416133796,40,4065,0.08499999999999999,968,9516
2,100,0.3,0.0,harm,hybrid,0.01,top_ranker_q1,0.1,1.0,0,0.08277364075183868,0.0032464338416133796,40,4065,0.08499999999999999,968,9516
2,100,0.3,0.0,harm,hybrid,0.01,top_ranker_q1,0.1,1.0,0,0.09582126885652542,0.0032464338416133796,40,4065,0.08499999999999999,968,9516
2,100,0.3,0.0,harm,hybrid,0.01,top_ranker_q1,0.1,1.0,0,0.10886889696121216,0.0032464338416133796,40,4065,0.08499999999999999,968,9516
2,100,0.3,0.0,harm,hybrid,0.01,top_ranker_q1,0.1,1.0,0,0.1219165176153183,0.0032464338416133796,40,4065,0.08499999999999999,968,9516
2,100,0.3,0.0,harm,hybrid,0.01,top_ranker_q1,0.1,1.0,0,0.13496413826942444,0.0032464338416133796,40,4065,0.08499999999999999,968,9516
2,100,0.3,0.0,harm,hybrid,0.01,top_ranker_q1,0.1,1.0,0,0.14801177382469177,0.0032464338416133796,40,4065,0.08499999999999999,968,9516
2,100,0.3,0.0,harm,hybrid,0.01,top_ranker_q1,0.1,1.0,0,0.1610593944787979,0.0032464338416133796,40,4065,0.08499999999999999,968,9516
2,100,0.3,0.0,harm,hybrid,0.01,top_ranker_q1,0.1,1.0,0,0.17410701513290405,0.0032464338416133796,40,4065,0.08499999999999999,968,9516
2,100,0.3,0.0,harm,hybrid,0.01,top_ranker_q1,0.1,1.0,0,0.1871546506881714,0.0032464338416133796,40,4065,0.08499999999999999,968,9516
2,100,0.3,0.0,harm,hybrid,0.01,top_ranker_q1,0.1,1.0,0,0.20020227134227753,0.0032464338416133796,40,4065,0.08499999999999999,968,9516
2,100,0.3,0.0,harm,hybrid,0.01,top_ranker_q1,0.1,1.0,0,0.21324989199638367,0.0032464338416133796,40,4065,0.08499999999999999,968,9516
2,100,0.3,0.0,harm,hybrid,0.01,top_ranker_q1,0.1,1.0,0,0.226297527551651,0.0032464338416133796,40,4065,0.08499999999999999,968,9516
2,100,0.3,0.0,harm,hybrid,0.01,top_ranker_q1,0.1,1.0,0,0.23934514820575714,0.0032464338416133796,40,4065,0.08499999999999999,968,9516
2,100,0.3,0.0,harm,hybrid,0.01,top_ranker_q1,0.1,1.0,0,0.2523927688598633,0.0032464338416133796,40,4065,0.08499999999999999,968,9516
2,100,0.3,0.0,harm,hybrid,0.01,top_ranker_q1,0.1,1.0,0,0.2654404044151306,0.00323413674372848,40,4065,0.08499999999999999,968,9516
2,100,0.3,0.0,harm,hybrid,0.01,top_ranker_q1,0.1,1.0,0,0.27848803997039795,0.00323413674372848,40,4065,0.08499999999999999,968,9516
2,100,0.3,0.0,harm,hybrid,0.01,top_ranker_q1,0.1,1.0,0,0.2915356457233429,0.00323413674372848,40,4065,0.08499999999999999,968,9516
2,100,0.3,0.0,harm,hybrid,0.01,top_ranker_q1,0.1,1.0,0,0.30458328127861023,0.0032095425479586816,40,4065,0.08374999999999999,968,9516
2,100,0.3,0.0,harm,hybrid,0.01,top_ranker_q1,0.1,1.0,0,0.3176308870315552,0.0032095425479586816,40,4065,0.08374999999999999,968,9516
2,100,0.3,0.0,harm,hybrid,0.01,top_ranker_q1,0.1,1.0,0,0.3306785225868225,0.0031972454500737825,40,4065,0.08249999999999999,968,9516
2,100,0.3,0.0,harm,hybrid,0.01,top_ranker_q1,0.1,1.0,0,0.34372615814208984,0.0031972454500737825,40,4065,0.08249999999999999,968,9516
2,100,0.3,0.0,harm,hybrid,0.01,top_ranker_q1,0.1,1.0,0,0.3567737638950348,0.0031972454500737825,40,4065,0.08249999999999999,968,9516
2,100,0.3,0.0,harm,hybrid,0.01,top_ranker_q1,0.1,1.0,0,0.3698213994503021,0.0031972454500737825,40,4065,0.08249999999999999,968,9516
2,100,0.3,0.0,harm,hybrid,0.01,top_ranker_q1,0.1,1.0,0,0.38286903500556946,0.0031849483521888835,40,4065,0.08124999999999999,968,9516
2,100,0.3,0.0,harm,hybrid,0.01,top_ranker_q1,0.1,1.0,0,0.3959166407585144,0.0031480570585341854,40,4065,0.08249999999999999,968,9516
2,100,0.3,0.0,harm,hybrid,0.01,top_ranker_q1,0.1,1.0,0,0.40896427631378174,0.0031603541564190854,40,4065,0.08124999999999999,968,9516
2,100,0.3,0.0,harm,hybrid,0.01,top_ranker_q1,0.1,1.0,0,0.4220119118690491,0.0030865715691096906,40,4065,0.08,968,9516
2,100,0.3,0.0,harm,hybrid,0.01,top_ranker_q1,0.1,1.0,0,0.435059517621994,0.003025086079685195,40,4065,0.0775,968,9516
2,100,0.3,0.0,harm,hybrid,0.01,top_ranker_q1,0.1,1.0,0,0.44810715317726135,0.003012788981800295,40,4065,0.07625000000000001,968,9516
2,100,0.3,0.0,harm,hybrid,0.01,top_ranker_q1,0.1,1.0,0,0.4611547887325287,0.0029513034923757996,40,4065,0.07125000000000001,968,9516
2,100,0.3,0.0,harm,hybrid,0.01,top_ranker_q1,0.1,1.0,0,0.47420239448547363,0.002914412198721102,40,4065,0.06875,968,9516
2,100,0.3,0.0,harm,hybrid,0.01,top_ranker_q1,0.1,1.0,0,0.48725003004074097,0.002889818002951304,40,4065,0.0675,968,9516
2,100,0.3,0.0,harm,hybrid,0.01,top_ranker_q1,0.1,1.0,0,0.5002976655960083,0.002865223807181505,40,4065,0.06499999999999999,968,9516
2,100,0.3,0.0,harm,hybrid,0.01,top_ranker_q1,0.1,1.0,0,0.5133452415466309,0.002803738317757009,40,4065,0.0625,968,9516
2,100,0.3,0.0,harm,hybrid,0.01,top_ranker_q1,0.1,1.0,0,0.526392936706543,0.002766847024102312,40,4065,0.06,968,9516
2,100,0.3,0.0,harm,hybrid,0.01,top_ranker_q1,0.1,1.0,0,0.5394405126571655,0.0027422528283325134,40,4065,0.058750000000000004,968,9516
2,100,0.3,0.0,harm,hybrid,0.01,top_ranker_q1,0.1,1.0,0,0.5524881482124329,0.0026930644367929167,40,4065,0.058750000000000004,968,9516
2,100,0.3,0.0,harm,hybrid,0.01,top_ranker_q1,0.1,1.0,0,0.5655357837677002,0.0026561731431382195,40,4065,0.05750000000000001,968,9516
2,100,0.3,0.0,harm,hybrid,0.01,top_ranker_q1,0.1,1.0,0,0.5785834193229675,0.0026192818494835224,40,4065,0.05750000000000001,968,9516
2,100,0.3,0.0,harm,hybrid,0.01,top_ranker_q1,0.1,1.0,0,0.5916310548782349,0.002594687653713724,40,4065,0.05750000000000001,968,9516
2,100,0.3,0.0,harm,hybrid,0.01,top_ranker_q1,0.1,1.0,0,0.6046786308288574,0.0025332021642892276,40,4065,0.05750000000000001,968,9516
2,100,0.3,0.0,harm,hybrid,0.01,top_ranker_q1,0.1,1.0,0,0.6177262663841248,0.002471716674864732,40,4065,0.05750000000000001,968,9516
2,100,0.3,0.0,harm,hybrid,0.01,top_ranker_q1,0.1,1.0,0,0.6307739019393921,0.002471716674864732,40,4065,0.05750000000000001,968,9516
2,100,0.3,0.0,harm,hybrid,0.01,top_ranker_q1,0.1,1.0,0,0.6438215374946594,0.0024348253812100347,40,4065,0.05750000000000001,968,9516
2,100,0.3,0.0,harm,hybrid,0.01,top_ranker_q1,0.1,1.0,0,0.6568691730499268,0.0024225282833251352,40,4065,0.05750000000000001,968,9516
2,100,0.3,0.0,harm,hybrid,0.01,top_ranker_q1,0.1,1.0,0,0.6699168086051941,0.0023979340875553367,40,4065,0.05750000000000001,968,9516
2,100,0.3,0.0,harm,hybrid,0.01,top_ranker_q1,0.1,1.0,0,0.6829643845558167,0.0023610427939006395,40,4065,0.05750000000000001,968,9516
2,100,0.3,0.0,harm,hybrid,0.01,top_ranker_q1,0.1,1.0,0,0.696012020111084,0.002324151500245942,40,4065,0.05750000000000001,968,9516
2,100,0.3,0.0,harm,hybrid,0.01,top_ranker_q1,0.1,1.0,0,0.7090596556663513,0.002311854402361043,40,4065,0.05750000000000001,968,9516
2,100,0.3,0.0,harm,hybrid,0.01,top_ranker_q1,0.1,1.0,0,0.7221072912216187,0.0022872602065912447,40,4065,0.05750000000000001,968,9516
2,100,0.3,0.0,harm,hybrid,0.01,top_ranker_q1,0.1,1.0,0,0.735154926776886,0.002250368912936547,40,4065,0.05750000000000001,968,9516
2,100,0.3,0.0,harm,hybrid,0.01,top_ranker_q1,0.1,1.0,0,0.7482025623321533,0.002225774717166749,40,4065,0.05750000000000001,968,9516
2,100,0.3,0.0,harm,hybrid,0.01,top_ranker_q1,0.1,1.0,0,0.7612501382827759,0.002188883423512051,40,4065,0.05750000000000001,968,9516
2,100,0.3,0.0,harm,hybrid,0.01,top_ranker_q1,0.1,1.0,0,0.7742977738380432,0.002115100836202656,40,4065,0.05750000000000001,968,9516
2,100,0.3,0.0,harm,hybrid,0.01,top_ranker_q1,0.1,1.0,0,0.7873454093933105,0.0020659124446630595,40,4065,0.05750000000000001,968,9516
2,100,0.3,0.0,harm,hybrid,0.01,top_ranker_q1,0.1,1.0,0,0.8003930449485779,0.0020413182488932613,40,4065,0.05750000000000001,968,9516
2,100,0.3,0.0,harm,hybrid,0.01,top_ranker_q1,0.1,1.0,0,0.8134406805038452,0.001955238563698967,40,4065,0.05750000000000001,968,9516
2,100,0.3,0.0,harm,hybrid,0.01,top_ranker_q1,0.1,1.0,0,0.8264883160591125,0.0018691588785046728,40,4065,0.05750000000000001,968,9516
2,100,0.3,0.0,harm,hybrid,0.01,top_ranker_q1,0.1,1.0,0,0.8395358920097351,0.0018322675848499756,40,4065,0.05750000000000001,968,9516
2,100,0.3,0.0,harm,hybrid,0.01,top_ranker_q1,0.1,1.0,0,0.8525835275650024,0.0017584849975405803,40,4065,0.05750000000000001,968,9516
2,100,0.3,0.0,harm,hybrid,0.01,top_ranker_q1,0.1,1.0,0,0.8656311631202698,0.0016232169208066894,40,4065,0.05750000000000001,968,9516
2,100,0.3,0.0,harm,hybrid,0.01,top_ranker_q1,0.1,1.0,0,0.8786787986755371,0.0015371372356123955,40,4065,0.05750000000000001,968,9516
2,100,0.3,0.0,harm,hybrid,0.01,top_ranker_q1,0.1,1.0,0,0.8917264342308044,0.0014018691588785046,40,4065,0.05750000000000001,968,9516
2,100,0.3,0.0,harm,hybrid,0.01,top_ranker_q1,0.1,1.0,0,0.904774010181427,0.0013280865715691098,40,4065,0.05750000000000001,968,9516
2,100,0.3,0.0,harm,hybrid,0.01,top_ranker_q1,0.1,1.0,0,0.9178216457366943,0.0012543039842597145,40,4065,0.05750000000000001,968,9516
2,100,0.3,0.0,harm,hybrid,0.01,top_ranker_q1,0.1,1.0,0,0.9308692812919617,0.0011682242990654205,40,4065,0.05625,968,9516
2,100,0.3,0.0,harm,hybrid,0.01,top_ranker_q1,0.1,1.0,0,0.943916916847229,0.0010821446138711264,40,4065,0.05625,968,9516
2,100,0.3,0.0,harm,hybrid,0.01,top_ranker_q1,0.1,1.0,0,0.9569645524024963,0.0009222823413674373,40,4065,0.0475,968,9516
2,100,0.3,0.0,harm,hybrid,0.01,top_ranker_q1,0.1,1.0,0,0.9700121879577637,0.000836202656173143,40,4065,0.04125,968,9516
2,100,0.3,0.0,harm,hybrid,0.01,top_ranker_q1,0.1,1.0,0,0.9830597639083862,0.0007624200688637481,40,4065,0.0375,968,9516
2,100,0.3,0.0,harm,hybrid,0.01,top_ranker_q1,0.1,1.0,0,0.9961073994636536,0.0006517461878996556,40,4065,0.028749999999999998,968,9516
2,100,0.3,0.0,harm,hybrid,0.01,top_ranker_q1,0.1,1.0,0,1.009155035018921,0.0005164781111657649,40,4065,0.02,968,9516
2,100,0.3,0.0,harm,hybrid,0.01,top_ranker_q1,0.1,1.0,0,1.022202730178833,0.00044269552385636985,40,4065,0.015000000000000003,968,9516
2,100,0.3,0.0,harm,hybrid,0.01,top_ranker_q1,0.1,1.0,0,1.0352503061294556,0.0004181013280865715,40,4065,0.0125,968,9516
2,100,0.3,0.0,harm,hybrid,0.01,top_ranker_q1,0.1,1.0,0,1.0482978820800781,0.00034431874077717656,40,4065,0.00625,968,9516
2,100,0.3,0.0,harm,hybrid,0.01,top_ranker_q1,0.1,1.0,0,1.0613455772399902,0.0003197245450073783,40,4065,0.0037500000000000007,968,9516
2,100,0.3,0.0,harm,hybrid,0.01,top_ranker_q1,0.1,1.0,0,1.0743931531906128,0.0003197245450073783,40,4065,0.0037500000000000007,968,9516
2,100,0.3,0.0,harm,hybrid,0.01,top_ranker_q1,0.1,1.0,0,1.087440848350525,0.00029513034923757994,40,4065,0.00125,968,9516
2,100,0.3,0.0,harm,hybrid,0.01,top_ranker_q1,0.1,1.0,0,1.1004884243011475,0.00025823905558288243,40,4065,0.00125,968,9516
2,100,0.3,0.0,harm,hybrid,0.01,top_ranker_q1,0.1,1.0,0,1.11353600025177,0.00024594195769798326,40,4065,0.0,968,9516
2,100,0.3,0.0,harm,hybrid,0.01,top_ranker_q1,0.1,1.0,0,1.1265836954116821,0.00024594195769798326,40,4065,0.0,968,9516
2,100,0.3,0.0,harm,hybrid,0.01,top_ranker_q1,0.1,1.0,0,1.1396312713623047,0.00024594195769798326,40,4065,0.0,968,9516
2,100,0.3,0.0,harm,hybrid,0.01,top_ranker_q1,0.1,1.0,0,1.1526789665222168,0.00024594195769798326,40,4065,0.0,968,9516
2,100,0.3,0.0,harm,hybrid,0.01,top_ranker_q1,0.1,1.0,0,1.1657265424728394,0.00024594195769798326,40,4065,0.0,968,9516
2,100,0.3,0.0,harm,hybrid,0.01,top_ranker_q1,0.1,1.0,0,1.178774118423462,0.00024594195769798326,40,4065,0.0,968,9516
2,100,0.3,0.0,harm,hybrid,0.01,top_ranker_q1,0.1,1.0,0,1.191821813583374,0.00024594195769798326,40,4065,0.0,968,9516
2,100,0.3,0.0,harm,hybrid,0.01,top_ranker_q1,0.1,1.0,0,1.2048693895339966,0.00024594195769798326,40,4065,0.0,968,9516
2,100,0.3,0.0,harm,hybrid,0.01,top_ranker_q1,0.1,1.0,0,1.2179170846939087,0.00024594195769798326,40,4065,0.0,968,9516
2,100,0.3,0.0,harm,hybrid,0.01,top_ranker_q1,0.1,1.0,0,1.2309646606445312,0.00024594195769798326,40,4065,0.0,968,9516
2,100,0.3,0.0,harm,hybrid,0.01,top_ranker_q1,0.1,1.0,0,1.2440123558044434,0.00024594195769798326,40,4065,0.0,968,9516
2,100,0.3,0.0,harm,hybrid,0.01,top_ranker_q1,0.1,1.0,0,1.257059931755066,0.00024594195769798326,40,4065,0.0,968,9516
2,100,0.3,0.0,harm,hybrid,0.01,top_ranker_q1,0.1,1.0,0,1.2701075077056885,0.00024594195769798326,40,4065,0.0,968,9516
2,100,0.3,0.0,harm,hybrid,0.01,top_ranker_q1,0.1,1.0,0,1.2831552028656006,0.00024594195769798326,40,4065,0.0,968,9516
2,100,0.3,0.0,harm,hybrid,0.01,top_ranker_q1,0.1,1.0,0,1.2962027788162231,0.00024594195769798326,40,4065,0.0,968,9516
2,100,0.3,0.0,harm,hybrid,0.01,top_ranker_q1,0.1,1.0,0,1.3092504739761353,0.00024594195769798326,40,4065,0.0,968,9516
2,100,0.3,0.0,harm,hybrid,0.01,top_ranker_q1,0.1,1.0,0,1.3222980499267578,0.00024594195769798326,40,4065,0.0,968,9516
3,100,0.3,0.0,harm,hybrid,0.01,top_ranker_q1,0.1,1.0,0,0.05018720030784607,0.0032600642133860215,40,4048,0.10500000000000001,1029,10105
3,100,0.3,0.0,harm,hybrid,0.01,top_ranker_q1,0.1,1.0,0,0.06261549144983292,0.0032600642133860215,40,4048,0.10500000000000001,1029,10105
3,100,0.3,0.0,harm,hybrid,0.01,top_ranker_q1,0.1,1.0,0,0.07504378259181976,0.0032600642133860215,40,4048,0.10500000000000001,1029,10105
3,100,0.3,0.0,harm,hybrid,0.01,top_ranker_q1,0.1,1.0,0,0.08747208118438721,0.0032600642133860215,40,4048,0.10500000000000001,1029,10105
3,100,0.3,0.0,harm,hybrid,0.01,top_ranker_q1,0.1,1.0,0,0.09990036487579346,0.0032600642133860215,40,4048,0.10500000000000001,1029,10105
3,100,0.3,0.0,harm,hybrid,0.01,top_ranker_q1,0.1,1.0,0,0.1123286634683609,0.0032600642133860215,40,4048,0.10500000000000001,1029,10105
3,100,0.3,0.0,harm,hybrid,0.01,top_ranker_q1,0.1,1.0,0,0.12475695461034775,0.0032600642133860215,40,4048,0.10500000000000001,1029,10105
3,100,0.3,0.0,harm,hybrid,0.01,top_ranker_q1,0.1,1.0,0,0.1371852457523346,0.0032600642133860215,40,4048,0.10500000000000001,1029,10105
3,100,0.3,0.0,harm,hybrid,0.01,top_ranker_q1,0.1,1.0,0,0.14961352944374084,0.0032600642133860215,40,4048,0.10500000000000001,1029,10105
3,100,0.3,0.0,harm,hybrid,0.01,top_ranker_q1,0.1,1.0,0,0.1620418280363083,0.0032600642133860215,40,4048,0.10500000000000001,1029,10105
3,100,0.3,0.0,harm,hybrid,0.01,top_ranker_q1,0.1,1.0,0,0.17447012662887573,0.0032600642133860215,40,4048,0.10500000000000001,1029,10105
3,100,0.3,0.0,harm,hybrid,0.01,top_ranker_q1,0.1,1.0,0,0.18689841032028198,0.0032600642133860215,40,4048,0.10500000000000001,1029,10105
3,100,0.3,0.0,harm,hybrid,0.01,top_ranker_q1,0.1,1.0,0,0.19932670891284943,0.0032600642133860215,40,4048,0.10500000000000001,1029,10105
3,100,0.3,0.0,harm,hybrid,0.01,top_ranker_q1,0.1,1.0,0,0.21175499260425568,0.0032600642133860215,40,4048,0.10500000000000001,1029,10105
3,100,0.3,0.0,harm,hybrid,0.01,top_ranker_q1,0.1,1.0,0,0.22418329119682312,0.0032600642133860215,40,4048,0.10500000000000001,1029,10105
3,100,0.3,0.0,harm,hybrid,0.01,top_ranker_q1,0.1,1.0,0,0.23661157488822937,0.0032600642133860215,40,4048,0.10500000000000001,1029,10105
3,100,0.3,0.0,harm,hybrid,0.01,top_ranker_q1,0.1,1.0,0,0.24903987348079681,0.0032600642133860215,40,4048,0.10500000000000001,1029,10105
3,100,0.3,0.0,harm,hybrid,0.01,top_ranker_q1,0.1,1.0,0,0.26146817207336426,0.003235366757224006,40,4048,0.1025,1029,10105
3,100,0.3,0.0,harm,hybrid,0.01,top_ranker_q1,0.1,1.0,0,0.2738964557647705,0.0032230180291429986,40,4048,0.1025,1029,10105
3,100,0.3,0.0,harm,hybrid,0.01,top_ranker_q1,0.1,1.0,0,0.28632473945617676,0.0032230180291429986,40,4048,0.1025,1029,10105
3,100,0.3,0.0,harm,hybrid,0.01,top_ranker_q1,0.1,1.0,0,0.298753023147583,0.0032230180291429986,40,4048,0.1025,1029,10105
3,100,0.3,0.0,harm,hybrid,0.01,top_ranker_q1,0.1,1.0,0,0.31118133664131165,0.0032230180291429986,40,4048,0.1025,1029,10105
3,100,0.3,0.0,harm,hybrid,0.01,top_ranker_q1,0.1,1.0,0,0.3236096203327179,0.0032230180291429986,40,4048,0.1025,1029,10105
3,100,0.3,0.0,harm,hybrid,0.01,top_ranker_q1,0.1,1.0,0,0.33603790402412415,0.003198320572980983,40,4048,0.1,1029,10105
3,100,0.3,0.0,harm,hybrid,0.01,top_ranker_q1,0.1,1.0,0,0.3484662175178528,0.003198320572980983,40,4048,0.1,1029,10105
3,100,0.3,0.0,harm,hybrid,0.01,top_ranker_q1,0.1,1.0,0,0.36089450120925903,0.003198320572980983,40,4048,0.1,1029,10105
3,100,0.3,0.0,harm,hybrid,0.01,top_ranker_q1,0.1,1.0,0,0.3733227849006653,0.00316127438873796,40,4048,0.0975,1029,10105
3,100,0.3,0.0,harm,hybrid,0.01,top_ranker_q1,0.1,1.0,0,0.3857510983943939,0.0031242282044949376,40,4048,0.095,1029,10105
3,100,0.3,0.0,harm,hybrid,0.01,top_ranker_q1,0.1,1.0,0,0.39817938208580017,0.0030871820202519142,40,4048,0.095,1029,10105
3,100,0.3,0.0,harm,hybrid,0.01,top_ranker_q1,0.1,1.0,0,0.4106076657772064,0.0030748332921709063,40,4048,0.0925,1029,10105
3,100,0.3,0.0,harm,hybrid,0.01,top_ranker_q1,0.1,1.0,0,0.42303594946861267,0.003050135836008891,40,4048,0.09,1029,10105
3,100,0.3,0.0,harm,hybrid,0.01,top_ranker_q1,0.1,1.0,0,0.4354642629623413,0.003000740923684861,40,4048,0.08625000000000001,1029,10105
3,100,0.3,0.0,harm,hybrid,0.01,top_ranker_q1,0.1,1.0,0,0.44789254665374756,0.0029883921956038533,40,4048,0.08625000000000001,1029,10105
3,100,0.3,0.0,harm,hybrid,0.01,top_ranker_q1,0.1,1.0,0,0.4603208303451538,0.0029636947394418374,40,4048,0.08375,1029,10105
3,100,0.3,0.0,harm,hybrid,0.01,top_ranker_q1,0.1,1.0,0,0.47274914383888245,0.0029513460113608303,40,4048,0.08249999999999999,1029,10105
3,100,0.3,0.0,harm,hybrid,0.01,top_ranker_q1,0.1,1.0,0,0.4851774275302887,0.0029513460113608303,40,4048,0.08249999999999999,1029,10105
3,100,0.3,0.0,harm,hybrid,0.01,top_ranker_q1,0.1,1.0,0,0.49760571122169495,0.0028896023709557915,40,4048,0.07875,1029,10105
3,100,0.3,0.0,harm,hybrid,0.01,top_ranker_q1,0.1,1.0,0,0.5100339651107788,0.0028896023709557915,40,4048,0.07875,1029,10105
3,100,0.3,0.0,harm,hybrid,0.01,top_ranker_q1,0.1,1.0,0,0.5224623084068298,0.002852556186712769,40,4048,0.0775,1029,10105
3,100,0.3,0.0,harm,hybrid,0.01,top_ranker_q1,0.1,1.0,0,0.5348905920982361,0.002803161274388738,40,4048,0.075,1029,10105
3,100,0.3,0.0,harm,hybrid,0.01,top_ranker_q1,0.1,1.0,0,0.5473188757896423,0.002778463818226723,40,4048,0.075,1029,10105
3,100,0.3,0.0,harm,hybrid,0.01,top_ranker_q1,0.1,1.0,0,0.5597472190856934,0.0027537663620647076,40,4048,0.075,1029,10105
3,100,0.3,0.0,harm,hybrid,0.01,top_ranker_q1,0.1,1.0,0,0.5721755027770996,0.0027167201778216846,40,4048,0.075,1029,10105
3,100,0.3,0.0,harm,hybrid,0.01,top_ranker_q1,0.1,1.0,0,0.5846037864685059,0.002692022721659669,40,4048,0.075,1029,10105
3,100,0.3,0.0,harm,hybrid,0.01,top_ranker_q1,0.1,1.0,0,0.5970320701599121,0.0026796739935786617,40,4048,0.075,1029,10105
3,100,0.3,0.0,harm,hybrid,0.01,top_ranker_q1,0.1,1.0,0,0.6094603538513184,0.002654976537416646,40,4048,0.075,1029,10105
3,100,0.3,0.0,harm,hybrid,0.01,top_ranker_q1,0.1,1.0,0,0.6218886375427246,0.0026426278093356383,40,4048,0.075,1029,10105
3,100,0.3,0.0,harm,hybrid,0.01,top_ranker_q1,0.1,1.0,0,0.6343169212341309,0.002593232897011608,40,4048,0.075,1029,10105
3,100,0.3,0.0,harm,hybrid,0.01,top_ranker_q1,0.1,1.0,0,0.6467452049255371,0.002593232897011608,40,4048,0.075,1029,10105
3,100,0.3,0.0,harm,hybrid,0.01,top_ranker_q1,0.1,1.0,0,0.6591734886169434,0.0025561867127685853,40,4048,0.075,1029,10105
3,100,0.3,0.0,harm,hybrid,0.01,top_ranker_q1,0.1,1.0,0,0.6716017723083496,0.0025438379846875773,40,4048,0.075,1029,10105
3,100,0.3,0.0,harm,hybrid,0.01,top_ranker_q1,0.1,1.0,0,0.6840300559997559,0.0025191405285255623,40,4048,0.075,1029,10105
3,100,0.3,0.0,harm,hybrid,0.01,top_ranker_q1,0.1,1.0,0,0.6964583396911621,0.0024697456162015314,40,4048,0.075,1029,10105
3,100,0.3,0.0,harm,hybrid,0.01,top_ranker_q1,0.1,1.0,0,0.7088866233825684,0.0024326994319585084,40,4048,0.075,1029,10105
3,100,0.3,0.0,harm,hybrid,0.01,top_ranker_q1,0.1,1.0,0,0.7213150262832642,0.0023833045196344775,40,4048,0.075,1029,10105
3,100,0.3,0.0,harm,hybrid,0.01,top_ranker_q1,0.1,1.0,0,0.7337433099746704,0.0023339096073104466,40,4048,0.075,1029,10105
3,100,0.3,0.0,harm,hybrid,0.01,top_ranker_q1,0.1,1.0,0,0.7461715936660767,0.0023339096073104466,40,4048,0.075,1029,10105
3,100,0.3,0.0,harm,hybrid,0.01,top_ranker_q1,0.1,1.0,0,0.7585998773574829,0.0022845146949864166,40,4048,0.075,1029,10105
3,100,0.3,0.0,harm,hybrid,0.01,top_ranker_q1,0.1,1.0,0,0.7710281610488892,0.002247468510743393,40,4048,0.075,1029,10105
3,100,0.3,0.0,harm,hybrid,0.01,top_ranker_q1,0.1,1.0,0,0.7834564447402954,0.0021363299580143247,40,4048,0.075,1029,10105
3,100,0.3,0.0,harm,hybrid,0.01,top_ranker_q1,0.1,1.0,0,0.7958847284317017,0.0020992837737713013,40,4048,0.075,1029,10105
3,100,0.3,0.0,harm,hybrid,0.01,top_ranker_q1,0.1,1.0,0,0.8083130121231079,0.0020745863176092863,40,4048,0.075,1029,10105
3,100,0.3,0.0,harm,hybrid,0.01,top_ranker_q1,0.1,1.0,0,0.8207412958145142,0.002012842677204248,40,4048,0.075,1029,10105
3,100,0.3,0.0,harm,hybrid,0.01,top_ranker_q1,0.1,1.0,0,0.8331695795059204,0.001975796492961225,40,4048,0.075,1029,10105
3,100,0.3,0.0,harm,hybrid,0.01,top_ranker_q1,0.1,1.0,0,0.8455978631973267,0.00195109903679921,40,4048,0.075,1029,10105
3,100,0.3,0.0,harm,hybrid,0.01,top_ranker_q1,0.1,1.0,0,0.8580261468887329,0.0018152630279081256,40,4048,0.075,1029,10105
3,100,0.3,0.0,harm,hybrid,0.01,top_ranker_q1,0.1,1.0,0,0.8704544305801392,0.0017782168436651026,40,4048,0.075,1029,10105
3,100,0.3,0.0,harm,hybrid,0.01,top_ranker_q1,0.1,1.0,0,0.8828827142715454,0.0016794270190170412,40,4048,0.07375000000000001,1029,10105
3,100,0.3,0.0,harm,hybrid,0.01,top_ranker_q1,0.1,1.0,0,0.8953111171722412,0.0016053346505309953,40,4048,0.07250000000000001,1029,10105
3,100,0.3,0.0,harm,hybrid,0.01,top_ranker_q1,0.1,1.0,0,0.9077394008636475,0.0015188935539639419,40,4048,0.07250000000000001,1029,10105
3,100,0.3,0.0,harm,hybrid,0.01,top_ranker_q1,0.1,1.0,0,0.9201676845550537,0.001432452457396888,40,4048,0.07125000000000001,1029,10105
3,100,0.3,0.0,harm,hybrid,0.01,top_ranker_q1,0.1,1.0,0,0.93259596824646,0.0013830575450728575,40,4048,0.07125000000000001,1029,10105
3,100,0.3,0.0,harm,hybrid,0.01,top_ranker_q1,0.1,1.0,0,0.9450242519378662,0.0012595702642627811,40,4048,0.07,1029,10105
3,100,0.3,0.0,harm,hybrid,0.01,top_ranker_q1,0.1,1.0,0,0.9574525356292725,0.0011731291676957273,40,4048,0.0675,1029,10105
3,100,0.3,0.0,harm,hybrid,0.01,top_ranker_q1,0.1,1.0,0,0.9698808193206787,0.0009508520622375896,40,4048,0.05250000000000001,1029,10105
3,100,0.3,0.0,harm,hybrid,0.01,top_ranker_q1,0.1,1.0,0,0.982309103012085,0.0008026673252654977,40,4048,0.045000000000000005,1029,10105
3,100,0.3,0.0,harm,hybrid,0.01,top_ranker_q1,0.1,1.0,0,0.9947373867034912,0.0006544825882934058,40,4048,0.03375,1029,10105
3,100,0.3,0.0,harm,hybrid,0.01,top_ranker_q1,0.1,1.0,0,1.0071656703948975,0.0006050876759693751,40,4048,0.030000000000000006,1029,10105
3,100,0.3,0.0,harm,hybrid,0.01,top_ranker_q1,0.1,1.0,0,1.0195939540863037,0.0005433440355643369,40,4048,0.02375,1029,10105
3,100,0.3,0.0,harm,hybrid,0.01,top_ranker_q1,0.1,1.0,0,1.03202223777771,0.0004816003951592986,40,4048,0.0175,1029,10105
3,100,0.3,0.0,harm,hybrid,0.01,top_ranker_q1,0.1,1.0,0,1.0444505214691162,0.00039515929859224497,40,4048,0.013750000000000002,1029,10105
3,100,0.3,0.0,harm,hybrid,0.01,top_ranker_q1,0.1,1.0,0,1.056878924369812,0.00032106693010619904,40,4048,0.0075000000000000015,1029,10105
3,100,0.3,0.0,harm,hybrid,0.01,top_ranker_q1,0.1,1.0,0,1.0693072080612183,0.00029636947394418375,40,4048,0.005,1029,10105
3,100,0.3,0.0,harm,hybrid,0.01,top_ranker_q1,0.1,1.0,0,1.0817354917526245,0.0002840207458631761,40,4048,0.0037500000000000007,1029,10105
3,100,0.3,0.0,harm,hybrid,0.01,top_ranker_q1,0.1,1.0,0,1.0941637754440308,0.0002716720177821684,40,4048,0.0025,1029,10105
3,100,0.3,0.0,harm,hybrid,0.01,top_ranker_q1,0.1,1.0,0,1.106592059135437,0.0002716720177821684,40,4048,0.0025,1029,10105
3,100,0.3,0.0,harm,hybrid,0.01,top_ranker_q1,0.1,1.0,0,1.1190203428268433,0.0002593232897011608,40,4048,0.00125,1029,10105
3,100,0.3,0.0,harm,hybrid,0.01,top_ranker_q1,0.1,1.0,0,1.1314486265182495,0.0002593232897011608,40,4048,0.00125,1029,10105
3,100,0.3,0.0,harm,hybrid,0.01,top_ranker_q1,0.1,1.0,0,1.1438769102096558,0.0002469745616201531,40,4048,0.0,1029,10105
3,100,0.3,0.0,harm,hybrid,0.01,top_ranker_q1,0.1,1.0,0,1.156305193901062,0.0002469745616201531,40,4048,0.0,1029,10105
3,100,0.3,0.0,harm,hybrid,0.01,top_ranker_q1,0.1,1.0,0,1.1687334775924683,0.0002469745616201531,40,4048,0.0,1029,10105
3,100,0.3,0.0,harm,hybrid,0.01,top_ranker_q1,0.1,1.0,0,1.1811617612838745,0.0002469745616201531,40,4048,0.0,1029,10105
3,100,0.3,0.0,harm,hybrid,0.01,top_ranker_q1,0.1,1.0,0,1.1935900449752808,0.0002469745616201531,40,4048,0.0,1029,10105
3,100,0.3,0.0,harm,hybrid,0.01,top_ranker_q1,0.1,1.0,0,1.2060184478759766,0.0002469745616201531,40,4048,0.0,1029,10105
3,100,0.3,0.0,harm,hybrid,0.01,top_ranker_q1,0.1,1.0,0,1.2184467315673828,0.0002469745616201531,40,4048,0.0,1029,10105
3,100,0.3,0.0,harm,hybrid,0.01,top_ranker_q1,0.1,1.0,0,1.230875015258789,0.0002469745616201531,40,4048,0.0,1029,10105
3,100,0.3,0.0,harm,hybrid,0.01,top_ranker_q1,0.1,1.0,0,1.2433032989501953,0.0002469745616201531,40,4048,0.0,1029,10105
3,100,0.3,0.0,harm,hybrid,0.01,top_ranker_q1,0.1,1.0,0,1.2557315826416016,0.0002469745616201531,40,4048,0.0,1029,10105
3,100,0.3,0.0,harm,hybrid,0.01,top_ranker_q1,0.1,1.0,0,1.2681598663330078,0.0002469745616201531,40,4048,0.0,1029,10105
3,100,0.3,0.0,harm,hybrid,0.01,top_ranker_q1,0.1,1.0,0,1.280588150024414,0.0002469745616201531,40,4048,0.0,1029,10105
4,100,0.3,0.0,harm,hybrid,0.01,top_ranker_q1,0.1,1.0,0,0.12783026695251465,0.003252535246104378,40,4042,0.09875,978,9602
4,100,0.3,0.0,harm,hybrid,0.01,top_ranker_q1,0.1,1.0,0,0.14074985682964325,0.003252535246104378,40,4042,0.09875,978,9602
4,100,0.3,0.0,harm,hybrid,0.01,top_ranker_q1,0.1,1.0,0,0.15366944670677185,0.003252535246104378,40,4042,0.09875,978,9602
4,100,0.3,0.0,harm,hybrid,0.01,top_ranker_q1,0.1,1.0,0,0.16658903658390045,0.003252535246104378,40,4042,0.09875,978,9602
4,100,0.3,0.0,harm,hybrid,0.01,top_ranker_q1,0.1,1.0,0,0.17950862646102905,0.003252535246104378,40,4042,0.09875,978,9602
4,100,0.3,0.0,harm,hybrid,0.01,top_ranker_q1,0.1,1.0,0,0.19242820143699646,0.003252535246104378,40,4042,0.09875,978,9602
4,100,0.3,0.0,harm,hybrid,0.01,top_ranker_q1,0.1,1.0,0,0.20534780621528625,0.003252535246104378,40,4042,0.09875,978,9602
4,100,0.3,0.0,harm,hybrid,0.01,top_ranker_q1,0.1,1.0,0,0.21826738119125366,0.003252535246104378,40,4042,0.09875,978,9602
4,100,0.3,0.0,harm,hybrid,0.01,top_ranker_q1,0.1,1.0,0,0.23118698596954346,0.003252535246104378,40,4042,0.09875,978,9602
4,100,0.3,0.0,harm,hybrid,0.01,top_ranker_q1,0.1,1.0,0,0.24410656094551086,0.003252535246104378,40,4042,0.09875,978,9602
4,100,0.3,0.0,harm,hybrid,0.01,top_ranker_q1,0.1,1.0,0,0.25702613592147827,0.003252535246104378,40,4042,0.09875,978,9602
4,100,0.3,0.0,harm,hybrid,0.01,top_ranker_q1,0.1,1.0,0,0.26994574069976807,0.003252535246104378,40,4042,0.09875,978,9602
4,100,0.3,0.0,harm,hybrid,0.01,top_ranker_q1,0.1,1.0,0,0.28286534547805786,0.003252535246104378,40,4042,0.09875,978,9602
4,100,0.3,0.0,harm,hybrid,0.01,top_ranker_q1,0.1,1.0,0,0.29578492045402527,0.003252535246104378,40,4042,0.09875,978,9602
4,100,0.3,0.0,harm,hybrid,0.01,top_ranker_q1,0.1,1.0,0,0.3087044954299927,0.003252535246104378,40,4042,0.09875,978,9602
4,100,0.3,0.0,harm,hybrid,0.01,top_ranker_q1,0.1,1.0,0,0.32162410020828247,0.0032401681919366813,40,4042,0.0975,978,9602
4,100,0.3,0.0,harm,hybrid,0.01,top_ranker_q1,0.1,1.0,0,0.33454370498657227,0.0032401681919366813,40,4042,0.0975,978,9602
4,100,0.3,0.0,harm,hybrid,0.01,top_ranker_q1,0.1,1.0,0,0.3474632799625397,0.0032401681919366813,40,4042,0.0975,978,9602
4,100,0.3,0.0,harm,hybrid,0.01,top_ranker_q1,0.1,1.0,0,0.3603828549385071,0.003227801137768984,40,4042,0.09624999999999999,978,9602
4,100,0.3,0.0,harm,hybrid,0.01,top_ranker_q1,0.1,1.0,0,0.3733024597167969,0.003227801137768984,40,4042,0.09624999999999999,978,9602
4,100,0.3,0.0,harm,hybrid,0.01,top_ranker_q1,0.1,1.0,0,0.3862220346927643,0.003215434083601286,40,4042,0.095,978,9602
4,100,0.3,0.0,harm,hybrid,0.01,top_ranker_q1,0.1,1.0,0,0.3991416394710541,0.003215434083601286,40,4042,0.095,978,9602
4,100,0.3,0.0,harm,hybrid,0.01,top_ranker_q1,0.1,1.0,0,0.4120612144470215,0.0031906999752658923,40,4042,0.09375,978,9602
4,100,0.3,0.0,harm,hybrid,0.01,top_ranker_q1,0.1,1.0,0,0.4249808192253113,0.0031906999752658923,40,4042,0.09375,978,9602
4,100,0.3,0.0,harm,hybrid,0.01,top_ranker_q1,0.1,1.0,0,0.4379003942012787,0.0031906999752658923,40,4042,0.09375,978,9602
4,100,0.3,0.0,harm,hybrid,0.01,top_ranker_q1,0.1,1.0,0,0.4508199989795685,0.0031783329210981945,40,4042,0.0925,978,9602
4,100,0.3,0.0,harm,hybrid,0.01,top_ranker_q1,0.1,1.0,0,0.4637395739555359,0.0031659658669304976,40,4042,0.09125000000000001,978,9602
4,100,0.3,0.0,harm,hybrid,0.01,top_ranker_q1,0.1,1.0,0,0.4766591787338257,0.0031659658669304976,40,4042,0.09125000000000001,978,9602
4,100,0.3,0.0,harm,hybrid,0.01,top_ranker_q1,0.1,1.0,0,0.4895787537097931,0.0031164976502597087,40,4042,0.08625000000000001,978,9602
4,100,0.3,0.0,harm,hybrid,0.01,top_ranker_q1,0.1,1.0,0,0.5024983882904053,0.003091763541924314,40,4042,0.08374999999999999,978,9602
4,100,0.3,0.0,harm,hybrid,0.01,top_ranker_q1,0.1,1.0,0,0.5154179334640503,0.0030422953252535246,40,4042,0.08,978,9602
4,100,0.3,0.0,harm,hybrid,0.01,top_ranker_q1,0.1,1.0,0,0.5283375382423401,0.003005194162750433,40,4042,0.07875,978,9602
4,100,0.3,0.0,harm,hybrid,0.01,top_ranker_q1,0.1,1.0,0,0.5412571430206299,0.0029804600544150388,40,4042,0.0775,978,9602
4,100,0.3,0.0,harm,hybrid,0.01,top_ranker_q1,0.1,1.0,0,0.5541766881942749,0.002943358891911947,40,4042,0.07375000000000001,978,9602
4,100,0.3,0.0,harm,hybrid,0.01,top_ranker_q1,0.1,1.0,0,0.5670962929725647,0.0029186247835765525,40,4042,0.0725,978,9602
4,100,0.3,0.0,harm,hybrid,0.01,top_ranker_q1,0.1,1.0,0,0.5800158977508545,0.002906257729408855,40,4042,0.0725,978,9602
4,100,0.3,0.0,harm,hybrid,0.01,top_ranker_q1,0.1,1.0,0,0.5929354429244995,0.002869156566905764,40,4042,0.07125000000000001,978,9602
4,100,0.3,0.0,harm,hybrid,0.01,top_ranker_q1,0.1,1.0,0,0.6058550477027893,0.002869156566905764,40,4042,0.07125000000000001,978,9602
4,100,0.3,0.0,harm,hybrid,0.01,top_ranker_q1,0.1,1.0,0,0.6187746524810791,0.002844422458570369,40,4042,0.07125000000000001,978,9602
4,100,0.3,0.0,harm,hybrid,0.01,top_ranker_q1,0.1,1.0,0,0.6316942572593689,0.002819688350234974,40,4042,0.07125000000000001,978,9602
4,100,0.3,0.0,harm,hybrid,0.01,top_ranker_q1,0.1,1.0,0,0.6446138024330139,0.002770220133564185,40,4042,0.06999999999999999,978,9602
4,100,0.3,0.0,harm,hybrid,0.01,top_ranker_q1,0.1,1.0,0,0.6575334072113037,0.0027331189710610936,40,4042,0.06999999999999999,978,9602
4,100,0.3,0.0,harm,hybrid,0.01,top_ranker_q1,0.1,1.0,0,0.6704530119895935,0.002696017808558002,40,4042,0.06999999999999999,978,9602
4,100,0.3,0.0,harm,hybrid,0.01,top_ranker_q1,0.1,1.0,0,0.6833726167678833,0.00265891664605491,40,4042,0.06875,978,9602
4,100,0.3,0.0,harm,hybrid,0.01,top_ranker_q1,0.1,1.0,0,0.6962921619415283,0.0026341825377195157,40,4042,0.06875,978,9602
4,100,0.3,0.0,harm,hybrid,0.01,top_ranker_q1,0.1,1.0,0,0.7092117667198181,0.002621815483551819,40,4042,0.06875,978,9602
4,100,0.3,0.0,harm,hybrid,0.01,top_ranker_q1,0.1,1.0,0,0.7221313714981079,0.002572347266881029,40,4042,0.06875,978,9602
4,100,0.3,0.0,harm,hybrid,0.01,top_ranker_q1,0.1,1.0,0,0.7350509762763977,0.002547613158545635,40,4042,0.06875,978,9602
4,100,0.3,0.0,harm,hybrid,0.01,top_ranker_q1,0.1,1.0,0,0.7479705214500427,0.0025352461043779374,40,4042,0.06875,978,9602
4,100,0.3,0.0,harm,hybrid,0.01,top_ranker_q1,0.1,1.0,0,0.7608901262283325,0.00252287905021024,40,4042,0.06875,978,9602
4,100,0.3,0.0,harm,hybrid,0.01,top_ranker_q1,0.1,1.0,0,0.7738097310066223,0.0025105119960425427,40,4042,0.06875,978,9602
4,100,0.3,0.0,harm,hybrid,0.01,top_ranker_q1,0.1,1.0,0,0.7867292761802673,0.002498144941874846,40,4042,0.06875,978,9602
4,100,0.3,0.0,harm,hybrid,0.01,top_ranker_q1,0.1,1.0,0,0.7996488809585571,0.0024610437793717538,40,4042,0.06875,978,9602
4,100,0.3,0.0,harm,hybrid,0.01,top_ranker_q1,0.1,1.0,0,0.8125684857368469,0.002411575562700965,40,4042,0.06875,978,9602
4,100,0.3,0.0,harm,hybrid,0.01,top_ranker_q1,0.1,1.0,0,0.8254880905151367,0.0023868414543655706,40,4042,0.06875,978,9602
4,100,0.3,0.0,harm,hybrid,0.01,top_ranker_q1,0.1,1.0,0,0.8384076356887817,0.0023744744001978732,40,4042,0.06875,978,9602
4,100,0.3,0.0,harm,hybrid,0.01,top_ranker_q1,0.1,1.0,0,0.8513272404670715,0.002337373237694781,40,4042,0.06875,978,9602
4,100,0.3,0.0,harm,hybrid,0.01,top_ranker_q1,0.1,1.0,0,0.8642468452453613,0.002275537966856295,40,4042,0.06875,978,9602
4,100,0.3,0.0,harm,hybrid,0.01,top_ranker_q1,0.1,1.0,0,0.8771664500236511,0.0022013356418501117,40,4042,0.06875,978,9602
4,100,0.3,0.0,harm,hybrid,0.01,top_ranker_q1,0.1,1.0,0,0.8900859951972961,0.0021518674251793223,40,4042,0.06875,978,9602
4,100,0.3,0.0,harm,hybrid,0.01,top_ranker_q1,0.1,1.0,0,0.9030055999755859,0.0020652980460054418,40,4042,0.06875,978,9602
4,100,0.3,0.0,harm,hybrid,0.01,top_ranker_q1,0.1,1.0,0,0.9159252047538757,0.001991095720999258,40,4042,0.06875,978,9602
4,100,0.3,0.0,harm,hybrid,0.01,top_ranker_q1,0.1,1.0,0,0.9288448095321655,0.0019539945584961665,40,4042,0.06875,978,9602
4,100,0.3,0.0,harm,hybrid,0.01,top_ranker_q1,0.1,1.0,0,0.9417643547058105,0.0018550581251545882,40,4042,0.06875,978,9602
4,100,0.3,0.0,harm,hybrid,0.01,top_ranker_q1,0.1,1.0,0,0.9546839594841003,0.001805589908483799,40,4042,0.06875,978,9602
4,100,0.3,0.0,harm,hybrid,0.01,top_ranker_q1,0.1,1.0,0,0.9676035642623901,0.0017313875834776156,40,4042,0.06875,978,9602
4,100,0.3,0.0,harm,hybrid,0.01,top_ranker_q1,0.1,1.0,0,0.9805231094360352,0.0016571852584714322,40,4042,0.06875,978,9602
4,100,0.3,0.0,harm,hybrid,0.01,top_ranker_q1,0.1,1.0,0,0.993442714214325,0.0015829829334652488,40,4042,0.06875,978,9602
4,100,0.3,0.0,harm,hybrid,0.01,top_ranker_q1,0.1,1.0,0,1.0063623189926147,0.001446945337620579,40,4042,0.0675,978,9602
4,100,0.3,0.0,harm,hybrid,0.01,top_ranker_q1,0.1,1.0,0,1.0192818641662598,0.0013356418501113037,40,4042,0.0675,978,9602
4,100,0.3,0.0,harm,hybrid,0.01,top_ranker_q1,0.1,1.0,0,1.0322015285491943,0.0012738065792728176,40,4042,0.06625,978,9602
4,100,0.3,0.0,harm,hybrid,0.01,top_ranker_q1,0.1,1.0,0,1.0451210737228394,0.0012367054167697258,40,4042,0.06625,978,9602
4,100,0.3,0.0,harm,hybrid,0.01,top_ranker_q1,0.1,1.0,0,1.0580406188964844,0.0011625030917635421,40,4042,0.06000000000000001,978,9602
4,100,0.3,0.0,harm,hybrid,0.01,top_ranker_q1,0.1,1.0,0,1.070960283279419,0.0010388325500865696,40,4042,0.052500000000000005,978,9602
4,100,0.3,0.0,harm,hybrid,0.01,top_ranker_q1,0.1,1.0,0,1.083879828453064,0.0009275290625772941,40,4042,0.045000000000000005,978,9602
4,100,0.3,0.0,harm,hybrid,0.01,top_ranker_q1,0.1,1.0,0,1.096799373626709,0.0007420232500618355,40,4042,0.03125,978,9602
4,100,0.3,0.0,harm,hybrid,0.01,top_ranker_q1,0.1,1.0,0,1.1097190380096436,0.0005441503833786793,40,4042,0.0175,978,9602
4,100,0.3,0.0,harm,hybrid,0.01,top_ranker_q1,0.1,1.0,0,1.1226387023925781,0.00048231511254019296,40,4042,0.0125,978,9602
4,100,0.3,0.0,harm,hybrid,0.01,top_ranker_q1,0.1,1.0,0,1.1355582475662231,0.00045758100420479844,40,4042,0.01,978,9602
4,100,0.3,0.0,harm,hybrid,0.01,top_ranker_q1,0.1,1.0,0,1.1484777927398682,0.00040811278753400944,40,4042,0.00625,978,9602
4,100,0.3,0.0,harm,hybrid,0.01,top_ranker_q1,0.1,1.0,0,1.1613973379135132,0.0003710116250309177,40,4042,0.005,978,9602
4,100,0.3,0.0,harm,hybrid,0.01,top_ranker_q1,0.1,1.0,0,1.1743170022964478,0.0003339104625278259,40,4042,0.005,978,9602
4,100,0.3,0.0,harm,hybrid,0.01,top_ranker_q1,0.1,1.0,0,1.1872365474700928,0.00028444224585703686,40,4042,0.00125,978,9602
4,100,0.3,0.0,harm,hybrid,0.01,top_ranker_q1,0.1,1.0,0,1.2001560926437378,0.00025970813752164234,40,4042,0.00125,978,9602
4,100,0.3,0.0,harm,hybrid,0.01,top_ranker_q1,0.1,1.0,0,1.2130757570266724,0.0002473410833539451,40,4042,0.0,978,9602
4,100,0.3,0.0,harm,hybrid,0.01,top_ranker_q1,0.1,1.0,0,1.2259953022003174,0.0002473410833539451,40,4042,0.0,978,9602
4,100,0.3,0.0,harm,hybrid,0.01,top_ranker_q1,0.1,1.0,0,1.238914966583252,0.0002473410833539451,40,4042,0.0,978,9602
4,100,0.3,0.0,harm,hybrid,0.01,top_ranker_q1,0.1,1.0,0,1.251834511756897,0.0002473410833539451,40,4042,0.0,978,9602
4,100,0.3,0.0,harm,hybrid,0.01,top_ranker_q1,0.1,1.0,0,1.264754056930542,0.0002473410833539451,40,4042,0.0,978,9602
4,100,0.3,0.0,harm,hybrid,0.01,top_ranker_q1,0.1,1.0,0,1.2776737213134766,0.0002473410833539451,40,4042,0.0,978,9602
4,100,0.3,0.0,harm,hybrid,0.01,top_ranker_q1,0.1,1.0,0,1.2905932664871216,0.0002473410833539451,40,4042,0.0,978,9602
4,100,0.3,0.0,harm,hybrid,0.01,top_ranker_q1,0.1,1.0,0,1.3035128116607666,0.0002473410833539451,40,4042,0.0,978,9602
4,100,0.3,0.0,harm,hybrid,0.01,top_ranker_q1,0.1,1.0,0,1.3164324760437012,0.0002473410833539451,40,4042,0.0,978,9602
4,100,0.3,0.0,harm,hybrid,0.01,top_ranker_q1,0.1,1.0,0,1.3293520212173462,0.0002473410833539451,40,4042,0.0,978,9602
4,100,0.3,0.0,harm,hybrid,0.01,top_ranker_q1,0.1,1.0,0,1.3422716856002808,0.0002473410833539451,40,4042,0.0,978,9602
4,100,0.3,0.0,harm,hybrid,0.01,top_ranker_q1,0.1,1.0,0,1.3551912307739258,0.0002473410833539451,40,4042,0.0,978,9602
4,100,0.3,0.0,harm,hybrid,0.01,top_ranker_q1,0.1,1.0,0,1.3681107759475708,0.0002473410833539451,40,4042,0.0,978,9602
4,100,0.3,0.0,harm,hybrid,0.01,top_ranker_q1,0.1,1.0,0,1.3810304403305054,0.0002473410833539451,40,4042,0.0,978,9602
4,100,0.3,0.0,harm,hybrid,0.01,top_ranker_q1,0.1,1.0,0,1.3939499855041504,0.0002473410833539451,40,4042,0.0,978,9602
4,100,0.3,0.0,harm,hybrid,0.01,top_ranker_q1,0.1,1.0,0,1.4068695306777954,0.0002473410833539451,40,4042,0.0,978,9602
5,100,0.3,0.0,harm,hybrid,0.01,top_ranker_q1,0.1,1.0,0,0.08004054427146912,0.0030894710825506676,40,4045,0.09125000000000001,1002,9861
5,100,0.3,0.0,harm,hybrid,0.01,top_ranker_q1,0.1,1.0,0,0.09199190139770508,0.0030894710825506676,40,4045,0.09125000000000001,1002,9861
5,100,0.3,0.0,harm,hybrid,0.01,top_ranker_q1,0.1,1.0,0,0.10394325852394104,0.0030894710825506676,40,4045,0.09125000000000001,1002,9861
5,100,0.3,0.0,harm,hybrid,0.01,top_ranker_q1,0.1,1.0,0,0.1158946231007576,0.0030894710825506676,40,4045,0.09125000000000001,1002,9861
5,100,0.3,0.0,harm,hybrid,0.01,top_ranker_q1,0.1,1.0,0,0.12784597277641296,0.0030894710825506676,40,4045,0.09125000000000001,1002,9861
5,100,0.3,0.0,harm,hybrid,0.01,top_ranker_q1,0.1,1.0,0,0.13979732990264893,0.0030894710825506676,40,4045,0.09125000000000001,1002,9861
5,100,0.3,0.0,harm,hybrid,0.01,top_ranker_q1,0.1,1.0,0,0.15174870193004608,0.0030894710825506676,40,4045,0.09125000000000001,1002,9861
5,100,0.3,0.0,harm,hybrid,0.01,top_ranker_q1,0.1,1.0,0,0.16370005905628204,0.0030894710825506676,40,4045,0.09125000000000001,1002,9861
5,100,0.3,0.0,harm,hybrid,0.01,top_ranker_q1,0.1,1.0,0,0.175651416182518,0.0030894710825506676,40,4045,0.09125000000000001,1002,9861
5,100,0.3,0.0,harm,hybrid,0.01,top_ranker_q1,0.1,1.0,0,0.18760277330875397,0.0030771131982204646,40,4045,0.09,1002,9861
5,100,0.3,0.0,harm,hybrid,0.01,top_ranker_q1,0.1,1.0,0,0.19955413043498993,0.0030771131982204646,40,4045,0.09,1002,9861
5,100,0.3,0.0,harm,hybrid,0.01,top_ranker_q1,0.1,1.0,0,0.2115054875612259,0.0030771131982204646,40,4045,0.09,1002,9861
5,100,0.3,0.0,harm,hybrid,0.01,top_ranker_q1,0.1,1.0,0,0.22345685958862305,0.0030647553138902625,40,4045,0.08875,1002,9861
5,100,0.3,0.0,harm,hybrid,0.01,top_ranker_q1,0.1,1.0,0,0.235408216714859,0.0030647553138902625,40,4045,0.08875,1002,9861
5,100,0.3,0.0,harm,hybrid,0.01,top_ranker_q1,0.1,1.0,0,0.24735957384109497,0.0030647553138902625,40,4045,0.08875,1002,9861
5,100,0.3,0.0,harm,hybrid,0.01,top_ranker_q1,0.1,1.0,0,0.25931093096733093,0.0030647553138902625,40,4045,0.08875,1002,9861
5,100,0.3,0.0,harm,hybrid,0.01,top_ranker_q1,0.1,1.0,0,0.2712622880935669,0.0030647553138902625,40,4045,0.08875,1002,9861
5,100,0.3,0.0,harm,hybrid,0.01,top_ranker_q1,0.1,1.0,0,0.28321364521980286,0.0030523974295600595,40,4045,0.0875,1002,9861
5,100,0.3,0.0,harm,hybrid,0.01,top_ranker_q1,0.1,1.0,0,0.2951650023460388,0.0030523974295600595,40,4045,0.0875,1002,9861
5,100,0.3,0.0,harm,hybrid,0.01,top_ranker_q1,0.1,1.0,0,0.3071163594722748,0.0030400395452298565,40,4045,0.08625000000000001,1002,9861
5,100,0.3,0.0,harm,hybrid,0.01,top_ranker_q1,0.1,1.0,0,0.31906771659851074,0.0030400395452298565,40,4045,0.08625000000000001,1002,9861
5,100,0.3,0.0,harm,hybrid,0.01,top_ranker_q1,0.1,1.0,0,0.3310190737247467,0.0030276816608996535,40,4045,0.08625000000000001,1002,9861
5,100,0.3,0.0,harm,hybrid,0.01,top_ranker_q1,0.1,1.0,0,0.34297043085098267,0.0030276816608996535,40,4045,0.08625000000000001,1002,9861
5,100,0.3,0.0,harm,hybrid,0.01,top_ranker_q1,0.1,1.0,0,0.35492178797721863,0.0030276816608996535,40,4045,0.08625000000000001,1002,9861
5,100,0.3,0.0,harm,hybrid,0.01,top_ranker_q1,0.1,1.0,0,0.366873174905777,0.0030153237765694514,40,4045,0.08499999999999999,1002,9861
5,100,0.3,0.0,harm,hybrid,0.01,top_ranker_q1,0.1,1.0,0,0.37882453203201294,0.0029658922392486404,40,4045,0.07999999999999999,1002,9861
5,100,0.3,0.0,harm,hybrid,0.01,top_ranker_q1,0.1,1.0,0,0.3907758891582489,0.0029411764705882353,40,4045,0.07875,1002,9861
5,100,0.3,0.0,harm,hybrid,0.01,top_ranker_q1,0.1,1.0,0,0.40272724628448486,0.0029288185862580323,40,4045,0.07749999999999999,1002,9861
5,100,0.3,0.0,harm,hybrid,0.01,top_ranker_q1,0.1,1.0,0,0.4146786034107208,0.002904102817597627,40,4045,0.07625,1002,9861
5,100,0.3,0.0,harm,hybrid,0.01,top_ranker_q1,0.1,1.0,0,0.4266299605369568,0.002867029164607019,40,4045,0.07375000000000001,1002,9861
5,100,0.3,0.0,harm,hybrid,0.01,top_ranker_q1,0.1,1.0,0,0.43858131766319275,0.002854671280276817,40,4045,0.07375000000000001,1002,9861
5,100,0.3,0.0,harm,hybrid,0.01,top_ranker_q1,0.1,1.0,0,0.4505326747894287,0.002829955511616412,40,4045,0.0725,1002,9861
5,100,0.3,0.0,harm,hybrid,0.01,top_ranker_q1,0.1,1.0,0,0.4624840319156647,0.002792881858625803,40,4045,0.07125,1002,9861
5,100,0.3,0.0,harm,hybrid,0.01,top_ranker_q1,0.1,1.0,0,0.47443538904190063,0.002768166089965398,40,4045,0.06999999999999999,1002,9861
5,100,0.3,0.0,harm,hybrid,0.01,top_ranker_q1,0.1,1.0,0,0.4863867461681366,0.0027187345526445868,40,4045,0.0675,1002,9861
5,100,0.3,0.0,harm,hybrid,0.01,top_ranker_q1,0.1,1.0,0,0.49833810329437256,0.0026940187839841817,40,4045,0.06499999999999999,1002,9861
5,100,0.3,0.0,harm,hybrid,0.01,top_ranker_q1,0.1,1.0,0,0.5102894306182861,0.0026693030153237766,40,4045,0.06499999999999999,1002,9861
5,100,0.3,0.0,harm,hybrid,0.01,top_ranker_q1,0.1,1.0,0,0.5222408175468445,0.0026445872466633715,40,4045,0.06499999999999999,1002,9861
5,100,0.3,0.0,harm,hybrid,0.01,top_ranker_q1,0.1,1.0,0,0.5341922044754028,0.0026075135936727634,40,4045,0.06499999999999999,1002,9861
5,100,0.3,0.0,harm,hybrid,0.01,top_ranker_q1,0.1,1.0,0,0.5461435317993164,0.0025951557093425604,40,4045,0.06499999999999999,1002,9861
5,100,0.3,0.0,harm,hybrid,0.01,top_ranker_q1,0.1,1.0,0,0.55809485912323,0.0025827978250123574,40,4045,0.06375,1002,9861
5,100,0.3,0.0,harm,hybrid,0.01,top_ranker_q1,0.1,1.0,0,0.5700463056564331,0.0025704399406821553,40,4045,0.06375,1002,9861
5,100,0.3,0.0,harm,hybrid,0.01,top_ranker_q1,0.1,1.0,0,0.5819976329803467,0.0025580820563519523,40,4045,0.06375,1002,9861
5,100,0.3,0.0,harm,hybrid,0.01,top_ranker_q1,0.1,1.0,0,0.5939489603042603,0.0025580820563519523,40,4045,0.06375,1002,9861
5,100,0.3,0.0,harm,hybrid,0.01,top_ranker_q1,0.1,1.0,0,0.6059002876281738,0.0025580820563519523,40,4045,0.06375,1002,9861
5,100,0.3,0.0,harm,hybrid,0.01,top_ranker_q1,0.1,1.0,0,0.617851734161377,0.0025333662876915472,40,4045,0.06375,1002,9861
5,100,0.3,0.0,harm,hybrid,0.01,top_ranker_q1,0.1,1.0,0,0.6298030614852905,0.0025333662876915472,40,4045,0.06375,1002,9861
5,100,0.3,0.0,harm,hybrid,0.01,top_ranker_q1,0.1,1.0,0,0.6417543888092041,0.0025210084033613443,40,4045,0.06375,1002,9861
5,100,0.3,0.0,harm,hybrid,0.01,top_ranker_q1,0.1,1.0,0,0.6537058353424072,0.002471576866040534,40,4045,0.06375,1002,9861
5,100,0.3,0.0,harm,hybrid,0.01,top_ranker_q1,0.1,1.0,0,0.6656571626663208,0.002459218981710331,40,4045,0.06375,1002,9861
5,100,0.3,0.0,harm,hybrid,0.01,top_ranker_q1,0.1,1.0,0,0.6776084899902344,0.002385071675729115,40,4045,0.06375,1002,9861
5,100,0.3,0.0,harm,hybrid,0.01,top_ranker_q1,0.1,1.0,0,0.689559817314148,0.002347998022738507,40,4045,0.06375,1002,9861
5,100,0.3,0.0,harm,hybrid,0.01,top_ranker_q1,0.1,1.0,0,0.7015112638473511,0.0022985664854176966,40,4045,0.06375,1002,9861
5,100,0.3,0.0,harm,hybrid,0.01,top_ranker_q1,0.1,1.0,0,0.7134625911712646,0.0022738507167572915,40,4045,0.06375,1002,9861
5,100,0.3,0.0,harm,hybrid,0.01,top_ranker_q1,0.1,1.0,0,0.7254139184951782,0.0022120612951062784,40,4045,0.06375,1002,9861
5,100,0.3,0.0,harm,hybrid,0.01,top_ranker_q1,0.1,1.0,0,0.7373652458190918,0.00217498764211567,40,4045,0.06375,1002,9861
5,100,0.3,0.0,harm,hybrid,0.01,top_ranker_q1,0.1,1.0,0,0.7493166923522949,0.002162629757785467,40,4045,0.06375,1002,9861
5,100,0.3,0.0,harm,hybrid,0.01,top_ranker_q1,0.1,1.0,0,0.7612680196762085,0.0021502718734552643,40,4045,0.06375,1002,9861
5,100,0.3,0.0,harm,hybrid,0.01,top_ranker_q1,0.1,1.0,0,0.7732193470001221,0.0021008403361344537,40,4045,0.06375,1002,9861
5,100,0.3,0.0,harm,hybrid,0.01,top_ranker_q1,0.1,1.0,0,0.7851706743240356,0.002076124567474048,40,4045,0.06375,1002,9861
5,100,0.3,0.0,harm,hybrid,0.01,top_ranker_q1,0.1,1.0,0,0.7971221208572388,0.002051408798813643,40,4045,0.06375,1002,9861
5,100,0.3,0.0,harm,hybrid,0.01,top_ranker_q1,0.1,1.0,0,0.8090734481811523,0.0019649036085022244,40,4045,0.06375,1002,9861
5,100,0.3,0.0,harm,hybrid,0.01,top_ranker_q1,0.1,1.0,0,0.8210247755050659,0.0018413247652001976,40,4045,0.06375,1002,9861
5,100,0.3,0.0,harm,hybrid,0.01,top_ranker_q1,0.1,1.0,0,0.8329761028289795,0.0017671774592189818,40,4045,0.06375,1002,9861
5,100,0.3,0.0,harm,hybrid,0.01,top_ranker_q1,0.1,1.0,0,0.8449275493621826,0.0017053880375679682,40,4045,0.06375,1002,9861
5,100,0.3,0.0,harm,hybrid,0.01,top_ranker_q1,0.1,1.0,0,0.8568788766860962,0.0015818091942659419,40,4045,0.06375,1002,9861
5,100,0.3,0.0,harm,hybrid,0.01,top_ranker_q1,0.1,1.0,0,0.8688302040100098,0.0014953040039545232,40,4045,0.06375,1002,9861
5,100,0.3,0.0,harm,hybrid,0.01,top_ranker_q1,0.1,1.0,0,0.8807816505432129,0.001421156697973307,40,4045,0.06375,1002,9861
5,100,0.3,0.0,harm,hybrid,0.01,top_ranker_q1,0.1,1.0,0,0.8927329778671265,0.0013222936233316857,40,4045,0.06375,1002,9861
5,100,0.3,0.0,harm,hybrid,0.01,top_ranker_q1,0.1,1.0,0,0.90468430519104,0.0012852199703410774,40,4045,0.06375,1002,9861
5,100,0.3,0.0,harm,hybrid,0.01,top_ranker_q1,0.1,1.0,0,0.9166356325149536,0.0012110726643598615,40,4045,0.0625,1002,9861
5,100,0.3,0.0,harm,hybrid,0.01,top_ranker_q1,0.1,1.0,0,0.9285870790481567,0.0011492832427088483,40,4045,0.06,1002,9861
5,100,0.3,0.0,harm,hybrid,0.01,top_ranker_q1,0.1,1.0,0,0.9405384063720703,0.001013346515076619,40,4045,0.05,1002,9861
5,100,0.3,0.0,harm,hybrid,0.01,top_ranker_q1,0.1,1.0,0,0.9524897336959839,0.0008897676717745922,40,4045,0.043750000000000004,1002,9861
5,100,0.3,0.0,harm,hybrid,0.01,top_ranker_q1,0.1,1.0,0,0.9644410610198975,0.0007909045971329708,40,4045,0.034999999999999996,1002,9861
5,100,0.3,0.0,harm,hybrid,0.01,top_ranker_q1,0.1,1.0,0,0.9763925075531006,0.0006796836381611467,40,4045,0.026250000000000002,1002,9861
5,100,0.3,0.0,harm,hybrid,0.01,top_ranker_q1,0.1,1.0,0,0.9883438348770142,0.0005931784478497281,40,4045,0.02,1002,9861
5,100,0.3,0.0,harm,hybrid,0.01,top_ranker_q1,0.1,1.0,0,1.0002951622009277,0.0005561047948591201,40,4045,0.018750000000000003,1002,9861
5,100,0.3,0.0,harm,hybrid,0.01,top_ranker_q1,0.1,1.0,0,1.0122464895248413,0.000519031141868512,40,4045,0.01625,1002,9861
5,100,0.3,0.0,harm,hybrid,0.01,top_ranker_q1,0.1,1.0,0,1.0241979360580444,0.0004448838358872961,40,4045,0.01,1002,9861
5,100,0.3,0.0,harm,hybrid,0.01,top_ranker_q1,0.1,1.0,0,1.036149263381958,0.0003830944142362827,40,4045,0.00625,1002,9861
5,100,0.3,0.0,harm,hybrid,0.01,top_ranker_q1,0.1,1.0,0,1.0481005907058716,0.000333662876915472,40,4045,0.005,1002,9861
5,100,0.3,0.0,harm,hybrid,0.01,top_ranker_q1,0.1,1.0,0,1.0600520372390747,0.00029658922392486405,40,4045,0.00125,1002,9861
5,100,0.3,0.0,harm,hybrid,0.01,top_ranker_q1,0.1,1.0,0,1.0720033645629883,0.00029658922392486405,40,4045,0.00125,1002,9861
5,100,0.3,0.0,harm,hybrid,0.01,top_ranker_q1,0.1,1.0,0,1.0839546918869019,0.00029658922392486405,40,4045,0.00125,1002,9861
5,100,0.3,0.0,harm,hybrid,0.01,top_ranker_q1,0.1,1.0,0,1.095906138420105,0.00029658922392486405,40,4045,0.00125,1002,9861
5,100,0.3,0.0,harm,hybrid,0.01,top_ranker_q1,0.1,1.0,0,1.1078574657440186,0.00029658922392486405,40,4045,0.00125,1002,9861
5,100,0.3,0.0,harm,hybrid,0.01,top_ranker_q1,0.1,1.0,0,1.1198087930679321,0.0002842313395946614,40,4045,0.0,1002,9861
5,100,0.3,0.0,harm,hybrid,0.01,top_ranker_q1,0.1,1.0,0,1.1317601203918457,0.0002718734552644587,40,4045,0.0,1002,9861
5,100,0.3,0.0,harm,hybrid,0.01,top_ranker_q1,0.1,1.0,0,1.1437115669250488,0.000259515570934256,40,4045,0.0,1002,9861
5,100,0.3,0.0,harm,hybrid,0.01,top_ranker_q1,0.1,1.0,0,1.1556628942489624,0.000259515570934256,40,4045,0.0,1002,9861
5,100,0.3,0.0,harm,hybrid,0.01,top_ranker_q1,0.1,1.0,0,1.167614221572876,0.00024715768660405336,40,4045,0.0,1002,9861
5,100,0.3,0.0,harm,hybrid,0.01,top_ranker_q1,0.1,1.0,0,1.1795655488967896,0.00024715768660405336,40,4045,0.0,1002,9861
5,100,0.3,0.0,harm,hybrid,0.01,top_ranker_q1,0.1,1.0,0,1.1915169954299927,0.00024715768660405336,40,4045,0.0,1002,9861
5,100,0.3,0.0,harm,hybrid,0.01,top_ranker_q1,0.1,1.0,0,1.2034683227539062,0.00024715768660405336,40,4045,0.0,1002,9861
5,100,0.3,0.0,harm,hybrid,0.01,top_ranker_q1,0.1,1.0,0,1.2154196500778198,0.00024715768660405336,40,4045,0.0,1002,9861
5,100,0.3,0.0,harm,hybrid,0.01,top_ranker_q1,0.1,1.0,0,1.227371096611023,0.00024715768660405336,40,4045,0.0,1002,9861
5,100,0.3,0.0,harm,hybrid,0.01,top_ranker_q1,0.1,1.0,0,1.2393224239349365,0.00024715768660405336,40,4045,0.0,1002,9861
5,100,0.3,0.0,harm,hybrid,0.01,top_ranker_q1,0.1,1.0,0,1.25127375125885,0.00024715768660405336,40,4045,0.0,1002,9861
5,100,0.3,0.0,harm,hybrid,0.01,top_ranker_q1,0.1,1.0,0,1.2632250785827637,0.00024715768660405336,40,4045,0.0,1002,9861
6,100,0.3,0.0,harm,hybrid,0.01,top_ranker_q1,0.1,1.0,0,0.04609692096710205,0.003468279437176006,40,4050,0.11875,976,9592
6,100,0.3,0.0,harm,hybrid,0.01,top_ranker_q1,0.1,1.0,0,0.05876820534467697,0.003468279437176006,40,4050,0.11875,976,9592
6,100,0.3,0.0,harm,hybrid,0.01,top_ranker_q1,0.1,1.0,0,0.07143948972225189,0.003468279437176006,40,4050,0.11875,976,9592
6,100,0.3,0.0,harm,hybrid,0.01,top_ranker_q1,0.1,1.0,0,0.08411078155040741,0.003468279437176006,40,4050,0.11875,976,9592
6,100,0.3,0.0,harm,hybrid,0.01,top_ranker_q1,0.1,1.0,0,0.09678206592798233,0.003468279437176006,40,4050,0.11875,976,9592
6,100,0.3,0.0,harm,hybrid,0.01,top_ranker_q1,0.1,1.0,0,0.10945335030555725,0.003468279437176006,40,4050,0.11875,976,9592
6,100,0.3,0.0,harm,hybrid,0.01,top_ranker_q1,0.1,1.0,0,0.12212464213371277,0.003468279437176006,40,4050,0.11875,976,9592
6,100,0.3,0.0,harm,hybrid,0.01,top_ranker_q1,0.1,1.0,0,0.1347959339618683,0.003468279437176006,40,4050,0.11875,976,9592
6,100,0.3,0.0,harm,hybrid,0.01,top_ranker_q1,0.1,1.0,0,0.1474672108888626,0.003468279437176006,40,4050,0.11875,976,9592
6,100,0.3,0.0,harm,hybrid,0.01,top_ranker_q1,0.1,1.0,0,0.16013848781585693,0.003468279437176006,40,4050,0.11875,976,9592
6,100,0.3,0.0,harm,hybrid,0.01,top_ranker_q1,0.1,1.0,0,0.17280977964401245,0.0034559368057269805,40,4050,0.11750000000000001,976,9592
6,100,0.3,0.0,harm,hybrid,0.01,top_ranker_q1,0.1,1.0,0,0.18548107147216797,0.0034559368057269805,40,4050,0.11750000000000001,976,9592
6,100,0.3,0.0,harm,hybrid,0.01,top_ranker_q1,0.1,1.0,0,0.1981523633003235,0.0034559368057269805,40,4050,0.11750000000000001,976,9592
6,100,0.3,0.0,harm,hybrid,0.01,top_ranker_q1,0.1,1.0,0,0.2108236402273178,0.0034559368057269805,40,4050,0.11750000000000001,976,9592
6,100,0.3,0.0,harm,hybrid,0.01,top_ranker_q1,0.1,1.0,0,0.22349493205547333,0.0034559368057269805,40,4050,0.11750000000000001,976,9592
6,100,0.3,0.0,harm,hybrid,0.01,top_ranker_q1,0.1,1.0,0,0.23616620898246765,0.0034559368057269805,40,4050,0.11750000000000001,976,9592
6,100,0.3,0.0,harm,hybrid,0.01,top_ranker_q1,0.1,1.0,0,0.24883750081062317,0.0034559368057269805,40,4050,0.11750000000000001,976,9592
6,100,0.3,0.0,harm,hybrid,0.01,top_ranker_q1,0.1,1.0,0,0.2615087926387787,0.003443594174277956,40,4050,0.11625,976,9592
6,100,0.3,0.0,harm,hybrid,0.01,top_ranker_q1,0.1,1.0,0,0.2741800546646118,0.003443594174277956,40,4050,0.11625,976,9592
6,100,0.3,0.0,harm,hybrid,0.01,top_ranker_q1,0.1,1.0,0,0.28685134649276733,0.0034312515428289317,40,4050,0.11499999999999999,976,9592
6,100,0.3,0.0,harm,hybrid,0.01,top_ranker_q1,0.1,1.0,0,0.29952263832092285,0.0034312515428289317,40,4050,0.11499999999999999,976,9592
6,100,0.3,0.0,harm,hybrid,0.01,top_ranker_q1,0.1,1.0,0,0.31219393014907837,0.0034312515428289317,40,4050,0.11499999999999999,976,9592
6,100,0.3,0.0,harm,hybrid,0.01,top_ranker_q1,0.1,1.0,0,0.3248652219772339,0.0034312515428289317,40,4050,0.11499999999999999,976,9592
6,100,0.3,0.0,harm,hybrid,0.01,top_ranker_q1,0.1,1.0,0,0.3375365138053894,0.0034189089113799065,40,4050,0.11375000000000002,976,9592
6,100,0.3,0.0,harm,hybrid,0.01,top_ranker_q1,0.1,1.0,0,0.3502078056335449,0.0034189089113799065,40,4050,0.11375000000000002,976,9592
6,100,0.3,0.0,harm,hybrid,0.01,top_ranker_q1,0.1,1.0,0,0.36287906765937805,0.003394223648481857,40,4050,0.11375000000000002,976,9592
6,100,0.3,0.0,harm,hybrid,0.01,top_ranker_q1,0.1,1.0,0,0.37555035948753357,0.0033818810170328315,40,4050,0.11375000000000002,976,9592
6,100,0.3,0.0,harm,hybrid,0.01,top_ranker_q1,0.1,1.0,0,0.3882216513156891,0.0033695383855838063,40,4050,0.1125,976,9592
6,100,0.3,0.0,harm,hybrid,0.01,top_ranker_q1,0.1,1.0,0,0.4008929431438446,0.0033448531226857566,40,4050,0.11000000000000001,976,9592
6,100,0.3,0.0,harm,hybrid,0.01,top_ranker_q1,0.1,1.0,0,0.4135642349720001,0.003320167859787707,40,4050,0.10625,976,9592
6,100,0.3,0.0,harm,hybrid,0.01,top_ranker_q1,0.1,1.0,0,0.42623549699783325,0.003283139965440632,40,4050,0.10374999999999998,976,9592
6,100,0.3,0.0,harm,hybrid,0.01,top_ranker_q1,0.1,1.0,0,0.43890678882598877,0.003209084176746482,40,4050,0.09875,976,9592
6,100,0.3,0.0,harm,hybrid,0.01,top_ranker_q1,0.1,1.0,0,0.4515780806541443,0.003172056282399408,40,4050,0.0975,976,9592
6,100,0.3,0.0,harm,hybrid,0.01,top_ranker_q1,0.1,1.0,0,0.4642493724822998,0.0031597136509503828,40,4050,0.095,976,9592
6,100,0.3,0.0,harm,hybrid,0.01,top_ranker_q1,0.1,1.0,0,0.4769206643104553,0.0030733152308072085,40,4050,0.09375,976,9592
6,100,0.3,0.0,harm,hybrid,0.01,top_ranker_q1,0.1,1.0,0,0.48959192633628845,0.003011602073562083,40,4050,0.09,976,9592
6,100,0.3,0.0,harm,hybrid,0.01,top_ranker_q1,0.1,1.0,0,0.5022631883621216,0.0029498889163169584,40,4050,0.08375,976,9592
6,100,0.3,0.0,harm,hybrid,0.01,top_ranker_q1,0.1,1.0,0,0.5149345397949219,0.0029128610219698843,40,4050,0.08375,976,9592
6,100,0.3,0.0,harm,hybrid,0.01,top_ranker_q1,0.1,1.0,0,0.5276057720184326,0.002900518390520859,40,4050,0.08125,976,9592
6,100,0.3,0.0,harm,hybrid,0.01,top_ranker_q1,0.1,1.0,0,0.5402771234512329,0.002863490496173784,40,4050,0.08,976,9592
6,100,0.3,0.0,harm,hybrid,0.01,top_ranker_q1,0.1,1.0,0,0.5529483556747437,0.0028511478647247597,40,4050,0.08125,976,9592
6,100,0.3,0.0,harm,hybrid,0.01,top_ranker_q1,0.1,1.0,0,0.5656196475028992,0.002826462601826709,40,4050,0.08,976,9592
6,100,0.3,0.0,harm,hybrid,0.01,top_ranker_q1,0.1,1.0,0,0.5782909393310547,0.002789434707479635,40,4050,0.07875000000000001,976,9592
6,100,0.3,0.0,harm,hybrid,0.01,top_ranker_q1,0.1,1.0,0,0.5909622311592102,0.00275240681313256,40,4050,0.07750000000000001,976,9592
6,100,0.3,0.0,harm,hybrid,0.01,top_ranker_q1,0.1,1.0,0,0.6036335229873657,0.002740064181683535,40,4050,0.07750000000000001,976,9592
6,100,0.3,0.0,harm,hybrid,0.01,top_ranker_q1,0.1,1.0,0,0.6163048148155212,0.0026906936558874356,40,4050,0.07375000000000001,976,9592
6,100,0.3,0.0,harm,hybrid,0.01,top_ranker_q1,0.1,1.0,0,0.6289761066436768,0.002666008392989385,40,4050,0.07250000000000001,976,9592
6,100,0.3,0.0,harm,hybrid,0.01,top_ranker_q1,0.1,1.0,0,0.6416473984718323,0.002628980498642311,40,4050,0.07250000000000001,976,9592
6,100,0.3,0.0,harm,hybrid,0.01,top_ranker_q1,0.1,1.0,0,0.6543186902999878,0.002554924709948161,40,4050,0.07250000000000001,976,9592
6,100,0.3,0.0,harm,hybrid,0.01,top_ranker_q1,0.1,1.0,0,0.6669899225234985,0.0025302394470501114,40,4050,0.07250000000000001,976,9592
6,100,0.3,0.0,harm,hybrid,0.01,top_ranker_q1,0.1,1.0,0,0.679661214351654,0.0025055541841520618,40,4050,0.07250000000000001,976,9592
6,100,0.3,0.0,harm,hybrid,0.01,top_ranker_q1,0.1,1.0,0,0.6923325061798096,0.0025055541841520618,40,4050,0.07250000000000001,976,9592
6,100,0.3,0.0,harm,hybrid,0.01,top_ranker_q1,0.1,1.0,0,0.7050037980079651,0.0024932115527030365,40,4050,0.07250000000000001,976,9592
6,100,0.3,0.0,harm,hybrid,0.01,top_ranker_q1,0.1,1.0,0,0.7176750898361206,0.002468526289804987,40,4050,0.07250000000000001,976,9592
6,100,0.3,0.0,harm,hybrid,0.01,top_ranker_q1,0.1,1.0,0,0.7303463816642761,0.0024561836583559616,40,4050,0.07250000000000001,976,9592
6,100,0.3,0.0,harm,hybrid,0.01,top_ranker_q1,0.1,1.0,0,0.7430176734924316,0.0024191557640088866,40,4050,0.07250000000000001,976,9592
6,100,0.3,0.0,harm,hybrid,0.01,top_ranker_q1,0.1,1.0,0,0.7556889653205872,0.0023821278696618126,40,4050,0.07250000000000001,976,9592
6,100,0.3,0.0,harm,hybrid,0.01,top_ranker_q1,0.1,1.0,0,0.7683602571487427,0.0023327573438657124,40,4050,0.07250000000000001,976,9592
6,100,0.3,0.0,harm,hybrid,0.01,top_ranker_q1,0.1,1.0,0,0.7810315489768982,0.002283386818069612,40,4050,0.07250000000000001,976,9592
6,100,0.3,0.0,harm,hybrid,0.01,top_ranker_q1,0.1,1.0,0,0.7937027812004089,0.002234016292273513,40,4050,0.07250000000000001,976,9592
6,100,0.3,0.0,harm,hybrid,0.01,top_ranker_q1,0.1,1.0,0,0.8063740730285645,0.002196988397926438,40,4050,0.07250000000000001,976,9592
6,100,0.3,0.0,harm,hybrid,0.01,top_ranker_q1,0.1,1.0,0,0.81904536485672,0.0020859047148852135,40,4050,0.07250000000000001,976,9592
6,100,0.3,0.0,harm,hybrid,0.01,top_ranker_q1,0.1,1.0,0,0.8317166566848755,0.002061219451987164,40,4050,0.07250000000000001,976,9592
6,100,0.3,0.0,harm,hybrid,0.01,top_ranker_q1,0.1,1.0,0,0.844387948513031,0.0019377931374969142,40,4050,0.07250000000000001,976,9592
6,100,0.3,0.0,harm,hybrid,0.01,top_ranker_q1,0.1,1.0,0,0.8570592403411865,0.001863737348802765,40,4050,0.07250000000000001,976,9592
6,100,0.3,0.0,harm,hybrid,0.01,top_ranker_q1,0.1,1.0,0,0.869730532169342,0.001789681560108615,40,4050,0.07250000000000001,976,9592
6,100,0.3,0.0,harm,hybrid,0.01,top_ranker_q1,0.1,1.0,0,0.8824018239974976,0.0016662552456183659,40,4050,0.07250000000000001,976,9592
6,100,0.3,0.0,harm,hybrid,0.01,top_ranker_q1,0.1,1.0,0,0.8950731158256531,0.0015798568254751914,40,4050,0.07250000000000001,976,9592
6,100,0.3,0.0,harm,hybrid,0.01,top_ranker_q1,0.1,1.0,0,0.9077444076538086,0.001505801036781042,40,4050,0.07250000000000001,976,9592
6,100,0.3,0.0,harm,hybrid,0.01,top_ranker_q1,0.1,1.0,0,0.9204156994819641,0.0014317452480868923,40,4050,0.07250000000000001,976,9592
6,100,0.3,0.0,harm,hybrid,0.01,top_ranker_q1,0.1,1.0,0,0.9330869317054749,0.0014070599851888422,40,4050,0.07250000000000001,976,9592
6,100,0.3,0.0,harm,hybrid,0.01,top_ranker_q1,0.1,1.0,0,0.9457582235336304,0.0013083189335966429,40,4050,0.07,976,9592
6,100,0.3,0.0,harm,hybrid,0.01,top_ranker_q1,0.1,1.0,0,0.9584295153617859,0.0012095778820044435,40,4050,0.06625,976,9592
6,100,0.3,0.0,harm,hybrid,0.01,top_ranker_q1,0.1,1.0,0,0.9711008071899414,0.0010491236731671192,40,4050,0.058750000000000004,976,9592
6,100,0.3,0.0,harm,hybrid,0.01,top_ranker_q1,0.1,1.0,0,0.9837720990180969,0.0009256973586768698,40,4050,0.0475,976,9592
6,100,0.3,0.0,harm,hybrid,0.01,top_ranker_q1,0.1,1.0,0,0.9964433908462524,0.0007405578869414959,40,4050,0.035,976,9592
6,100,0.3,0.0,harm,hybrid,0.01,top_ranker_q1,0.1,1.0,0,1.0091147422790527,0.0006665020982473464,40,4050,0.028749999999999998,976,9592
6,100,0.3,0.0,harm,hybrid,0.01,top_ranker_q1,0.1,1.0,0,1.0217859745025635,0.0006047889410022217,40,4050,0.02375,976,9592
6,100,0.3,0.0,harm,hybrid,0.01,top_ranker_q1,0.1,1.0,0,1.0344572067260742,0.0004937052579609973,40,4050,0.0175,976,9592
6,100,0.3,0.0,harm,hybrid,0.01,top_ranker_q1,0.1,1.0,0,1.0471285581588745,0.00044433473216489756,40,4050,0.015,976,9592
6,100,0.3,0.0,harm,hybrid,0.01,top_ranker_q1,0.1,1.0,0,1.0597997903823853,0.00039496420636879785,40,4050,0.011250000000000001,976,9592
6,100,0.3,0.0,harm,hybrid,0.01,top_ranker_q1,0.1,1.0,0,1.0724711418151855,0.00037027894347074796,40,4050,0.01,976,9592
6,100,0.3,0.0,harm,hybrid,0.01,top_ranker_q1,0.1,1.0,0,1.0851423740386963,0.00037027894347074796,40,4050,0.01,976,9592
6,100,0.3,0.0,harm,hybrid,0.01,top_ranker_q1,0.1,1.0,0,1.0978137254714966,0.000357936312021723,40,4050,0.00875,976,9592
6,100,0.3,0.0,harm,hybrid,0.01,top_ranker_q1,0.1,1.0,0,1.1104849576950073,0.00029622315477659836,40,4050,0.0037500000000000007,976,9592
6,100,0.3,0.0,harm,hybrid,0.01,top_ranker_q1,0.1,1.0,0,1.1231563091278076,0.00029622315477659836,40,4050,0.0037500000000000007,976,9592
6,100,0.3,0.0,harm,hybrid,0.01,top_ranker_q1,0.1,1.0,0,1.1358275413513184,0.00029622315477659836,40,4050,0.0037500000000000007,976,9592
6,100,0.3,0.0,harm,hybrid,0.01,top_ranker_q1,0.1,1.0,0,1.148498773574829,0.0002715378918785485,40,4050,0.00125,976,9592
6,100,0.3,0.0,harm,hybrid,0.01,top_ranker_q1,0.1,1.0,0,1.1611701250076294,0.0002591952604295236,40,4050,0.0,976,9592
6,100,0.3,0.0,harm,hybrid,0.01,top_ranker_q1,0.1,1.0,0,1.1738413572311401,0.00024685262898049864,40,4050,0.0,976,9592
6,100,0.3,0.0,harm,hybrid,0.01,top_ranker_q1,0.1,1.0,0,1.1865127086639404,0.00024685262898049864,40,4050,0.0,976,9592
6,100,0.3,0.0,harm,hybrid,0.01,top_ranker_q1,0.1,1.0,0,1.1991839408874512,0.00024685262898049864,40,4050,0.0,976,9592
6,100,0.3,0.0,harm,hybrid,0.01,top_ranker_q1,0.1,1.0,0,1.2118552923202515,0.00024685262898049864,40,4050,0.0,976,9592
6,100,0.3,0.0,harm,hybrid,0.01,top_ranker_q1,0.1,1.0,0,1.2245265245437622,0.00024685262898049864,40,4050,0.0,976,9592
6,100,0.3,0.0,harm,hybrid,0.01,top_ranker_q1,0.1,1.0,0,1.2371978759765625,0.00024685262898049864,40,4050,0.0,976,9592
6,100,0.3,0.0,harm,hybrid,0.01,top_ranker_q1,0.1,1.0,0,1.2498691082000732,0.00024685262898049864,40,4050,0.0,976,9592
6,100,0.3,0.0,harm,hybrid,0.01,top_ranker_q1,0.1,1.0,0,1.2625404596328735,0.00024685262898049864,40,4050,0.0,976,9592
6,100,0.3,0.0,harm,hybrid,0.01,top_ranker_q1,0.1,1.0,0,1.2752116918563843,0.00024685262898049864,40,4050,0.0,976,9592
6,100,0.3,0.0,harm,hybrid,0.01,top_ranker_q1,0.1,1.0,0,1.287882924079895,0.00024685262898049864,40,4050,0.0,976,9592
6,100,0.3,0.0,harm,hybrid,0.01,top_ranker_q1,0.1,1.0,0,1.3005542755126953,0.00024685262898049864,40,4050,0.0,976,9592
7,100,0.3,0.0,harm,hybrid,0.01,top_ranker_q1,0.1,1.0,0,0.047112464904785156,0.0033579335793357938,40,4064,0.09875,988,9693
7,100,0.3,0.0,harm,hybrid,0.01,top_ranker_q1,0.1,1.0,0,0.06021270900964737,0.0033579335793357938,40,4064,0.09875,988,9693
7,100,0.3,0.0,harm,hybrid,0.01,top_ranker_q1,0.1,1.0,0,0.07331295311450958,0.0033579335793357938,40,4064,0.09875,988,9693
7,100,0.3,0.0,harm,hybrid,0.01,top_ranker_q1,0.1,1.0,0,0.0864131897687912,0.0033579335793357938,40,4064,0.09875,988,9693
7,100,0.3,0.0,harm,hybrid,0.01,top_ranker_q1,0.1,1.0,0,0.09951344132423401,0.003345633456334564,40,4064,0.0975,988,9693
7,100,0.3,0.0,harm,hybrid,0.01,top_ranker_q1,0.1,1.0,0,0.11261367797851562,0.003345633456334564,40,4064,0.0975,988,9693
7,100,0.3,0.0,harm,hybrid,0.01,top_ranker_q1,0.1,1.0,0,0.12571391463279724,0.003345633456334564,40,4064,0.0975,988,9693
7,100,0.3,0.0,harm,hybrid,0.01,top_ranker_q1,0.1,1.0,0,0.13881416618824005,0.003345633456334564,40,4064,0.0975,988,9693
7,100,0.3,0.0,harm,hybrid,0.01,top_ranker_q1,0.1,1.0,0,0.15191441774368286,0.003345633456334564,40,4064,0.0975,988,9693
7,100,0.3,0.0,harm,hybrid,0.01,top_ranker_q1,0.1,1.0,0,0.16501465439796448,0.003345633456334564,40,4064,0.0975,988,9693
7,100,0.3,0.0,harm,hybrid,0.01,top_ranker_q1,0.1,1.0,0,0.1781148910522461,0.003345633456334564,40,4064,0.0975,988,9693
7,100,0.3,0.0,harm,hybrid,0.01,top_ranker_q1,0.1,1.0,0,0.1912151426076889,0.003345633456334564,40,4064,0.0975,988,9693
7,100,0.3,0.0,harm,hybrid,0.01,top_ranker_q1,0.1,1.0,0,0.20431537926197052,0.003345633456334564,40,4064,0.0975,988,9693
7,100,0.3,0.0,harm,hybrid,0.01,top_ranker_q1,0.1,1.0,0,0.21741563081741333,0.003345633456334564,40,4064,0.0975,988,9693
7,100,0.3,0.0,harm,hybrid,0.01,top_ranker_q1,0.1,1.0,0,0.23051586747169495,0.003345633456334564,40,4064,0.0975,988,9693
7,100,0.3,0.0,harm,hybrid,0.01,top_ranker_q1,0.1,1.0,0,0.24361611902713776,0.003345633456334564,40,4064,0.0975,988,9693
7,100,0.3,0.0,harm,hybrid,0.01,top_ranker_q1,0.1,1.0,0,0.25671637058258057,0.0033333333333333335,40,4064,0.09625,988,9693
7,100,0.3,0.0,harm,hybrid,0.01,top_ranker_q1,0.1,1.0,0,0.2698165774345398,0.0033333333333333335,40,4064,0.09625,988,9693
7,100,0.3,0.0,harm,hybrid,0.01,top_ranker_q1,0.1,1.0,0,0.2829168438911438,0.0033333333333333335,40,4064,0.09625,988,9693
7,100,0.3,0.0,harm,hybrid,0.01,top_ranker_q1,0.1,1.0,0,0.2960170805454254,0.0033333333333333335,40,4064,0.09625,988,9693
7,100,0.3,0.0,harm,hybrid,0.01,top_ranker_q1,0.1,1.0,0,0.30911731719970703,0.0033210332103321034,40,4064,0.09625,988,9693
7,100,0.3,0.0,harm,hybrid,0.01,top_ranker_q1,0.1,1.0,0,0.32221758365631104,0.0033210332103321034,40,4064,0.09625,988,9693
7,100,0.3,0.0,harm,hybrid,0.01,top_ranker_q1,0.1,1.0,0,0.33531782031059265,0.0033210332103321034,40,4064,0.09625,988,9693
7,100,0.3,0.0,harm,hybrid,0.01,top_ranker_q1,0.1,1.0,0,0.34841805696487427,0.0033210332103321034,40,4064,0.09625,988,9693
7,100,0.3,0.0,harm,hybrid,0.01,top_ranker_q1,0.1,1.0,0,0.3615182936191559,0.0033210332103321034,40,4064,0.09625,988,9693
7,100,0.3,0.0,harm,hybrid,0.01,top_ranker_q1,0.1,1.0,0,0.3746185302734375,0.003296432964329643,40,4064,0.09375,988,9693
7,100,0.3,0.0,harm,hybrid,0.01,top_ranker_q1,0.1,1.0,0,0.3877187967300415,0.0032718327183271835,40,4064,0.0925,988,9693
7,100,0.3,0.0,harm,hybrid,0.01,top_ranker_q1,0.1,1.0,0,0.4008190333843231,0.003222632226322263,40,4064,0.09,988,9693
7,100,0.3,0.0,harm,hybrid,0.01,top_ranker_q1,0.1,1.0,0,0.41391927003860474,0.0031980319803198032,40,4064,0.09,988,9693
7,100,0.3,0.0,harm,hybrid,0.01,top_ranker_q1,0.1,1.0,0,0.42701950669288635,0.0031488314883148833,40,4064,0.08374999999999999,988,9693
7,100,0.3,0.0,harm,hybrid,0.01,top_ranker_q1,0.1,1.0,0,0.44011977314949036,0.0030996309963099633,40,4064,0.07875,988,9693
7,100,0.3,0.0,harm,hybrid,0.01,top_ranker_q1,0.1,1.0,0,0.453220009803772,0.0029889298892988936,40,4064,0.075,988,9693
7,100,0.3,0.0,harm,hybrid,0.01,top_ranker_q1,0.1,1.0,0,0.4663202464580536,0.002952029520295203,40,4064,0.0725,988,9693
7,100,0.3,0.0,harm,hybrid,0.01,top_ranker_q1,0.1,1.0,0,0.4794204831123352,0.002841328413284133,40,4064,0.06875,988,9693
7,100,0.3,0.0,harm,hybrid,0.01,top_ranker_q1,0.1,1.0,0,0.4925207197666168,0.002779827798277983,40,4064,0.0675,988,9693
7,100,0.3,0.0,harm,hybrid,0.01,top_ranker_q1,0.1,1.0,0,0.5056209564208984,0.002742927429274293,40,4064,0.06500000000000002,988,9693
7,100,0.3,0.0,harm,hybrid,0.01,top_ranker_q1,0.1,1.0,0,0.5187212228775024,0.002718327183271833,40,4064,0.06375,988,9693
7,100,0.3,0.0,harm,hybrid,0.01,top_ranker_q1,0.1,1.0,0,0.5318214893341064,0.002669126691266913,40,4064,0.06375,988,9693
7,100,0.3,0.0,harm,hybrid,0.01,top_ranker_q1,0.1,1.0,0,0.5449216961860657,0.002632226322263223,40,4064,0.06375,988,9693
7,100,0.3,0.0,harm,hybrid,0.01,top_ranker_q1,0.1,1.0,0,0.5580219626426697,0.002619926199261993,40,4064,0.06375,988,9693
7,100,0.3,0.0,harm,hybrid,0.01,top_ranker_q1,0.1,1.0,0,0.5711221694946289,0.002607626076260763,40,4064,0.0625,988,9693
7,100,0.3,0.0,harm,hybrid,0.01,top_ranker_q1,0.1,1.0,0,0.5842224359512329,0.0025584255842558425,40,4064,0.0625,988,9693
7,100,0.3,0.0,harm,hybrid,0.01,top_ranker_q1,0.1,1.0,0,0.5973227024078369,0.0025215252152521526,40,4064,0.06000000000000001,988,9693
7,100,0.3,0.0,harm,hybrid,0.01,top_ranker_q1,0.1,1.0,0,0.6104229092597961,0.0025092250922509225,40,4064,0.06000000000000001,988,9693
7,100,0.3,0.0,harm,hybrid,0.01,top_ranker_q1,0.1,1.0,0,0.6235231757164001,0.0024969249692496933,40,4064,0.05874999999999999,988,9693
7,100,0.3,0.0,harm,hybrid,0.01,top_ranker_q1,0.1,1.0,0,0.6366233825683594,0.0024969249692496933,40,4064,0.05874999999999999,988,9693
7,100,0.3,0.0,harm,hybrid,0.01,top_ranker_q1,0.1,1.0,0,0.6497236490249634,0.0024846248462484627,40,4064,0.05874999999999999,988,9693
7,100,0.3,0.0,harm,hybrid,0.01,top_ranker_q1,0.1,1.0,0,0.6628239154815674,0.0024477244772447724,40,4064,0.05874999999999999,988,9693
7,100,0.3,0.0,harm,hybrid,0.01,top_ranker_q1,0.1,1.0,0,0.6759241223335266,0.0024231242312423126,40,4064,0.05874999999999999,988,9693
7,100,0.3,0.0,harm,hybrid,0.01,top_ranker_q1,0.1,1.0,0,0.6890243887901306,0.0024108241082410825,40,4064,0.05874999999999999,988,9693
7,100,0.3,0.0,harm,hybrid,0.01,top_ranker_q1,0.1,1.0,0,0.7021245956420898,0.0023739237392373927,40,4064,0.05874999999999999,988,9693
7,100,0.3,0.0,harm,hybrid,0.01,top_ranker_q1,0.1,1.0,0,0.7152248620986938,0.002300123001230013,40,4064,0.05874999999999999,988,9693
7,100,0.3,0.0,harm,hybrid,0.01,top_ranker_q1,0.1,1.0,0,0.7283251285552979,0.0022755227552275522,40,4064,0.05874999999999999,988,9693
7,100,0.3,0.0,harm,hybrid,0.01,top_ranker_q1,0.1,1.0,0,0.7414253354072571,0.002250922509225093,40,4064,0.05874999999999999,988,9693
7,100,0.3,0.0,harm,hybrid,0.01,top_ranker_q1,0.1,1.0,0,0.7545256018638611,0.0022263222632226327,40,4064,0.05874999999999999,988,9693
7,100,0.3,0.0,harm,hybrid,0.01,top_ranker_q1,0.1,1.0,0,0.7676258683204651,0.002189421894218943,40,4064,0.05874999999999999,988,9693
7,100,0.3,0.0,harm,hybrid,0.01,top_ranker_q1,0.1,1.0,0,0.7807260751724243,0.0021648216482164826,40,4064,0.05874999999999999,988,9693
7,100,0.3,0.0,harm,hybrid,0.01,top_ranker_q1,0.1,1.0,0,0.7938263416290283,0.0021279212792127923,40,4064,0.05874999999999999,988,9693
7,100,0.3,0.0,harm,hybrid,0.01,top_ranker_q1,0.1,1.0,0,0.8069265484809875,0.002054120541205412,40,4064,0.05874999999999999,988,9693
7,100,0.3,0.0,harm,hybrid,0.01,top_ranker_q1,0.1,1.0,0,0.8200268149375916,0.0019434194341943418,40,4064,0.05874999999999999,988,9693
7,100,0.3,0.0,harm,hybrid,0.01,top_ranker_q1,0.1,1.0,0,0.8331270813941956,0.001869618696186962,40,4064,0.05874999999999999,988,9693
7,100,0.3,0.0,harm,hybrid,0.01,top_ranker_q1,0.1,1.0,0,0.8462272882461548,0.001820418204182042,40,4064,0.05874999999999999,988,9693
7,100,0.3,0.0,harm,hybrid,0.01,top_ranker_q1,0.1,1.0,0,0.8593275547027588,0.0017589175891758917,40,4064,0.05874999999999999,988,9693
7,100,0.3,0.0,harm,hybrid,0.01,top_ranker_q1,0.1,1.0,0,0.872427761554718,0.0017343173431734313,40,4064,0.05874999999999999,988,9693
7,100,0.3,0.0,harm,hybrid,0.01,top_ranker_q1,0.1,1.0,0,0.885528028011322,0.0016482164821648216,40,4064,0.05874999999999999,988,9693
7,100,0.3,0.0,harm,hybrid,0.01,top_ranker_q1,0.1,1.0,0,0.898628294467926,0.0015498154981549816,40,4064,0.05874999999999999,988,9693
7,100,0.3,0.0,harm,hybrid,0.01,top_ranker_q1,0.1,1.0,0,0.9117285013198853,0.0014883148831488313,40,4064,0.057499999999999996,988,9693
7,100,0.3,0.0,harm,hybrid,0.01,top_ranker_q1,0.1,1.0,0,0.9248287677764893,0.0013653136531365313,40,4064,0.057499999999999996,988,9693
7,100,0.3,0.0,harm,hybrid,0.01,top_ranker_q1,0.1,1.0,0,0.9379289746284485,0.0013161131611316111,40,4064,0.057499999999999996,988,9693
7,100,0.3,0.0,harm,hybrid,0.01,top_ranker_q1,0.1,1.0,0,0.9510292410850525,0.0012054120541205413,40,4064,0.05499999999999999,988,9693
7,100,0.3,0.0,harm,hybrid,0.01,top_ranker_q1,0.1,1.0,0,0.9641295075416565,0.0011439114391143912,40,4064,0.05375,988,9693
7,100,0.3,0.0,harm,hybrid,0.01,top_ranker_q1,0.1,1.0,0,0.9772297143936157,0.0009594095940959411,40,4064,0.04625,988,9693
7,100,0.3,0.0,harm,hybrid,0.01,top_ranker_q1,0.1,1.0,0,0.9903299808502197,0.0008487084870848708,40,4064,0.04,988,9693
7,100,0.3,0.0,harm,hybrid,0.01,top_ranker_q1,0.1,1.0,0,1.0034301280975342,0.0007626076260762607,40,4064,0.0375,988,9693
7,100,0.3,0.0,harm,hybrid,0.01,top_ranker_q1,0.1,1.0,0,1.0165305137634277,0.0006765067650676506,40,4064,0.03125,988,9693
7,100,0.3,0.0,harm,hybrid,0.01,top_ranker_q1,0.1,1.0,0,1.0296306610107422,0.0005658056580565805,40,4064,0.025,988,9693
7,100,0.3,0.0,harm,hybrid,0.01,top_ranker_q1,0.1,1.0,0,1.0427309274673462,0.00046740467404674045,40,4064,0.01875,988,9693
7,100,0.3,0.0,harm,hybrid,0.01,top_ranker_q1,0.1,1.0,0,1.0558311939239502,0.0004305043050430504,40,4064,0.01625,988,9693
7,100,0.3,0.0,harm,hybrid,0.01,top_ranker_q1,0.1,1.0,0,1.0689314603805542,0.00036900369003690036,40,4064,0.01125,988,9693
7,100,0.3,0.0,harm,hybrid,0.01,top_ranker_q1,0.1,1.0,0,1.0820317268371582,0.0003198031980319803,40,4064,0.0075000000000000015,988,9693
7,100,0.3,0.0,harm,hybrid,0.01,top_ranker_q1,0.1,1.0,0,1.0951318740844727,0.0003198031980319803,40,4064,0.0075000000000000015,988,9693
7,100,0.3,0.0,harm,hybrid,0.01,top_ranker_q1,0.1,1.0,0,1.1082321405410767,0.00027060270602706027,40,4064,0.0025,988,9693
7,100,0.3,0.0,harm,hybrid,0.01,top_ranker_q1,0.1,1.0,0,1.1213324069976807,0.00027060270602706027,40,4064,0.0025,988,9693
7,100,0.3,0.0,harm,hybrid,0.01,top_ranker_q1,0.1,1.0,0,1.1344326734542847,0.0002583025830258302,40,4064,0.00125,988,9693
7,100,0.3,0.0,harm,hybrid,0.01,top_ranker_q1,0.1,1.0,0,1.1475329399108887,0.0002583025830258302,40,4064,0.00125,988,9693
7,100,0.3,0.0,harm,hybrid,0.01,top_ranker_q1,0.1,1.0,0,1.1606330871582031,0.0002460024600246002,40,4064,0.0,988,9693
7,100,0.3,0.0,harm,hybrid,0.01,top_ranker_q1,0.1,1.0,0,1.1737333536148071,0.0002460024600246002,40,4064,0.0,988,9693
7,100,0.3,0.0,harm,hybrid,0.01,top_ranker_q1,0.1,1.0,0,1.1868336200714111,0.0002460024600246002,40,4064,0.0,988,9693
7,100,0.3,0.0,harm,hybrid,0.01,top_ranker_q1,0.1,1.0,0,1.1999338865280151,0.0002460024600246002,40,4064,0.0,988,9693
7,100,0.3,0.0,harm,hybrid,0.01,top_ranker_q1,0.1,1.0,0,1.2130341529846191,0.0002460024600246002,40,4064,0.0,988,9693
7,100,0.3,0.0,harm,hybrid,0.01,top_ranker_q1,0.1,1.0,0,1.2261343002319336,0.0002460024600246002,40,4064,0.0,988,9693
7,100,0.3,0.0,harm,hybrid,0.01,top_ranker_q1,0.1,1.0,0,1.2392345666885376,0.0002460024600246002,40,4064,0.0,988,9693
7,100,0.3,0.0,harm,hybrid,0.01,top_ranker_q1,0.1,1.0,0,1.2523348331451416,0.0002460024600246002,40,4064,0.0,988,9693
7,100,0.3,0.0,harm,hybrid,0.01,top_ranker_q1,0.1,1.0,0,1.2654350996017456,0.0002460024600246002,40,4064,0.0,988,9693
7,100,0.3,0.0,harm,hybrid,0.01,top_ranker_q1,0.1,1.0,0,1.2785353660583496,0.0002460024600246002,40,4064,0.0,988,9693
7,100,0.3,0.0,harm,hybrid,0.01,top_ranker_q1,0.1,1.0,0,1.291635513305664,0.0002460024600246002,40,4064,0.0,988,9693
7,100,0.3,0.0,harm,hybrid,0.01,top_ranker_q1,0.1,1.0,0,1.304735779762268,0.0002460024600246002,40,4064,0.0,988,9693
7,100,0.3,0.0,harm,hybrid,0.01,top_ranker_q1,0.1,1.0,0,1.317836046218872,0.0002460024600246002,40,4064,0.0,988,9693
7,100,0.3,0.0,harm,hybrid,0.01,top_ranker_q1,0.1,1.0,0,1.330936312675476,0.0002460024600246002,40,4064,0.0,988,9693
7,100,0.3,0.0,harm,hybrid,0.01,top_ranker_q1,0.1,1.0,0,1.34403657913208,0.0002460024600246002,40,4064,0.0,988,9693
8,100,0.3,0.0,harm,hybrid,0.01,top_ranker_q1,0.1,1.0,0,0.07922777533531189,0.0031273085446934246,40,4060,0.09375,977,9580
8,100,0.3,0.0,harm,hybrid,0.01,top_ranker_q1,0.1,1.0,0,0.0916549414396286,0.0031273085446934246,40,4060,0.09375,977,9580
8,100,0.3,0.0,harm,hybrid,0.01,top_ranker_q1,0.1,1.0,0,0.10408211499452591,0.0031273085446934246,40,4060,0.09375,977,9580
8,100,0.3,0.0,harm,hybrid,0.01,top_ranker_q1,0.1,1.0,0,0.11650928109884262,0.0031273085446934246,40,4060,0.09375,977,9580
8,100,0.3,0.0,harm,hybrid,0.01,top_ranker_q1,0.1,1.0,0,0.12893645465373993,0.0031273085446934246,40,4060,0.09375,977,9580
8,100,0.3,0.0,harm,hybrid,0.01,top_ranker_q1,0.1,1.0,0,0.14136362075805664,0.0031273085446934246,40,4060,0.09375,977,9580
8,100,0.3,0.0,harm,hybrid,0.01,top_ranker_q1,0.1,1.0,0,0.15379078686237335,0.0031273085446934246,40,4060,0.09375,977,9580
8,100,0.3,0.0,harm,hybrid,0.01,top_ranker_q1,0.1,1.0,0,0.16621795296669006,0.0031273085446934246,40,4060,0.09375,977,9580
8,100,0.3,0.0,harm,hybrid,0.01,top_ranker_q1,0.1,1.0,0,0.17864513397216797,0.0031149963063284904,40,4060,0.0925,977,9580
8,100,0.3,0.0,harm,hybrid,0.01,top_ranker_q1,0.1,1.0,0,0.1910722851753235,0.0031149963063284904,40,4060,0.0925,977,9580
8,100,0.3,0.0,harm,hybrid,0.01,top_ranker_q1,0.1,1.0,0,0.2034994661808014,0.0031149963063284904,40,4060,0.0925,977,9580
8,100,0.3,0.0,harm,hybrid,0.01,top_ranker_q1,0.1,1.0,0,0.2159266322851181,0.0031149963063284904,40,4060,0.0925,977,9580
8,100,0.3,0.0,harm,hybrid,0.01,top_ranker_q1,0.1,1.0,0,0.22835379838943481,0.0031149963063284904,40,4060,0.0925,977,9580
8,100,0.3,0.0,harm,hybrid,0.01,top_ranker_q1,0.1,1.0,0,0.24078096449375153,0.0031026840679635554,40,4060,0.09125000000000001,977,9580
8,100,0.3,0.0,harm,hybrid,0.01,top_ranker_q1,0.1,1.0,0,0.2532081604003906,0.0031026840679635554,40,4060,0.09125000000000001,977,9580
8,100,0.3,0.0,harm,hybrid,0.01,top_ranker_q1,0.1,1.0,0,0.26563531160354614,0.0031026840679635554,40,4060,0.09125000000000001,977,9580
8,100,0.3,0.0,harm,hybrid,0.01,top_ranker_q1,0.1,1.0,0,0.27806246280670166,0.0030780595912336863,40,4060,0.08875,977,9580
8,100,0.3,0.0,harm,hybrid,0.01,top_ranker_q1,0.1,1.0,0,0.29048964381217957,0.0030657473528687513,40,4060,0.0875,977,9580
8,100,0.3,0.0,harm,hybrid,0.01,top_ranker_q1,0.1,1.0,0,0.30291682481765747,0.003053435114503817,40,4060,0.08625000000000001,977,9580
8,100,0.3,0.0,harm,hybrid,0.01,top_ranker_q1,0.1,1.0,0,0.315343976020813,0.003053435114503817,40,4060,0.08625000000000001,977,9580
8,100,0.3,0.0,harm,hybrid,0.01,top_ranker_q1,0.1,1.0,0,0.3277711570262909,0.003053435114503817,40,4060,0.08625000000000001,977,9580
8,100,0.3,0.0,harm,hybrid,0.01,top_ranker_q1,0.1,1.0,0,0.3401983082294464,0.003053435114503817,40,4060,0.08625000000000001,977,9580
8,100,0.3,0.0,harm,hybrid,0.01,top_ranker_q1,0.1,1.0,0,0.3526254892349243,0.003028810637773947,40,4060,0.08499999999999999,977,9580
8,100,0.3,0.0,harm,hybrid,0.01,top_ranker_q1,0.1,1.0,0,0.3650526702404022,0.002979561684314209,40,4060,0.08499999999999999,977,9580
8,100,0.3,0.0,harm,hybrid,0.01,top_ranker_q1,0.1,1.0,0,0.37747982144355774,0.002979561684314209,40,4060,0.08499999999999999,977,9580
8,100,0.3,0.0,harm,hybrid,0.01,top_ranker_q1,0.1,1.0,0,0.38990700244903564,0.002967249445949274,40,4060,0.08374999999999999,977,9580
8,100,0.3,0.0,harm,hybrid,0.01,top_ranker_q1,0.1,1.0,0,0.40233415365219116,0.002942624969219404,40,4060,0.08,977,9580
8,100,0.3,0.0,harm,hybrid,0.01,top_ranker_q1,0.1,1.0,0,0.41476133465766907,0.002942624969219404,40,4060,0.08,977,9580
8,100,0.3,0.0,harm,hybrid,0.01,top_ranker_q1,0.1,1.0,0,0.427188515663147,0.002893376015759665,40,4060,0.07625000000000001,977,9580
8,100,0.3,0.0,harm,hybrid,0.01,top_ranker_q1,0.1,1.0,0,0.4396156668663025,0.0028195025855700566,40,4060,0.07250000000000001,977,9580
8,100,0.3,0.0,harm,hybrid,0.01,top_ranker_q1,0.1,1.0,0,0.4520428478717804,0.0027825658704752525,40,4060,0.07250000000000001,977,9580
8,100,0.3,0.0,harm,hybrid,0.01,top_ranker_q1,0.1,1.0,0,0.4644699990749359,0.0027333169170155134,40,4060,0.06625,977,9580
8,100,0.3,0.0,harm,hybrid,0.01,top_ranker_q1,0.1,1.0,0,0.4768971800804138,0.0027086924402856443,40,4060,0.06375,977,9580
8,100,0.3,0.0,harm,hybrid,0.01,top_ranker_q1,0.1,1.0,0,0.4893243610858917,0.0026963802019207084,40,4060,0.0625,977,9580
8,100,0.3,0.0,harm,hybrid,0.01,top_ranker_q1,0.1,1.0,0,0.5017515420913696,0.00267175572519084,40,4060,0.061250000000000006,977,9580
8,100,0.3,0.0,harm,hybrid,0.01,top_ranker_q1,0.1,1.0,0,0.5141786932945251,0.002659443486825905,40,4060,0.061250000000000006,977,9580
8,100,0.3,0.0,harm,hybrid,0.01,top_ranker_q1,0.1,1.0,0,0.5266058444976807,0.00264713124846097,40,4060,0.061250000000000006,977,9580
8,100,0.3,0.0,harm,hybrid,0.01,top_ranker_q1,0.1,1.0,0,0.539033055305481,0.0026225067717311,40,4060,0.06,977,9580
8,100,0.3,0.0,harm,hybrid,0.01,top_ranker_q1,0.1,1.0,0,0.5514602065086365,0.0026225067717311,40,4060,0.06,977,9580
8,100,0.3,0.0,harm,hybrid,0.01,top_ranker_q1,0.1,1.0,0,0.563887357711792,0.002597882295001232,40,4060,0.06,977,9580
8,100,0.3,0.0,harm,hybrid,0.01,top_ranker_q1,0.1,1.0,0,0.5763145685195923,0.002536321103176558,40,4060,0.058750000000000004,977,9580
8,100,0.3,0.0,harm,hybrid,0.01,top_ranker_q1,0.1,1.0,0,0.588741660118103,0.002524008864811623,40,4060,0.057499999999999996,977,9580
8,100,0.3,0.0,harm,hybrid,0.01,top_ranker_q1,0.1,1.0,0,0.6011688709259033,0.0025116966264466887,40,4060,0.057499999999999996,977,9580
8,100,0.3,0.0,harm,hybrid,0.01,top_ranker_q1,0.1,1.0,0,0.6135960817337036,0.0024624476729869487,40,4060,0.057499999999999996,977,9580
8,100,0.3,0.0,harm,hybrid,0.01,top_ranker_q1,0.1,1.0,0,0.6260231733322144,0.0024501354346220137,40,4060,0.057499999999999996,977,9580
8,100,0.3,0.0,harm,hybrid,0.01,top_ranker_q1,0.1,1.0,0,0.6384503841400146,0.0024501354346220137,40,4060,0.057499999999999996,977,9580
8,100,0.3,0.0,harm,hybrid,0.01,top_ranker_q1,0.1,1.0,0,0.6508775949478149,0.0024008864811622755,40,4060,0.057499999999999996,977,9580
8,100,0.3,0.0,harm,hybrid,0.01,top_ranker_q1,0.1,1.0,0,0.6633046865463257,0.0023639497660674713,40,4060,0.057499999999999996,977,9580
8,100,0.3,0.0,harm,hybrid,0.01,top_ranker_q1,0.1,1.0,0,0.675731897354126,0.0023393252893376014,40,4060,0.057499999999999996,977,9580
8,100,0.3,0.0,harm,hybrid,0.01,top_ranker_q1,0.1,1.0,0,0.6881591081619263,0.002277764097512928,40,4060,0.057499999999999996,977,9580
8,100,0.3,0.0,harm,hybrid,0.01,top_ranker_q1,0.1,1.0,0,0.700586199760437,0.002265451859147993,40,4060,0.057499999999999996,977,9580
8,100,0.3,0.0,harm,hybrid,0.01,top_ranker_q1,0.1,1.0,0,0.7130134105682373,0.00220389066732332,40,4060,0.057499999999999996,977,9580
8,100,0.3,0.0,harm,hybrid,0.01,top_ranker_q1,0.1,1.0,0,0.725440502166748,0.002166953952228515,40,4060,0.057499999999999996,977,9580
8,100,0.3,0.0,harm,hybrid,0.01,top_ranker_q1,0.1,1.0,0,0.7378677129745483,0.0021546417138635803,40,4060,0.057499999999999996,977,9580
8,100,0.3,0.0,harm,hybrid,0.01,top_ranker_q1,0.1,1.0,0,0.7502949237823486,0.0021423294754986453,40,4060,0.057499999999999996,977,9580
8,100,0.3,0.0,harm,hybrid,0.01,top_ranker_q1,0.1,1.0,0,0.7627220153808594,0.0020807682836739717,40,4060,0.057499999999999996,977,9580
8,100,0.3,0.0,harm,hybrid,0.01,top_ranker_q1,0.1,1.0,0,0.7751492261886597,0.0020315193302142326,40,4060,0.057499999999999996,977,9580
8,100,0.3,0.0,harm,hybrid,0.01,top_ranker_q1,0.1,1.0,0,0.78757643699646,0.002019207091849298,40,4060,0.057499999999999996,977,9580
8,100,0.3,0.0,harm,hybrid,0.01,top_ranker_q1,0.1,1.0,0,0.8000035285949707,0.0019822703767544943,40,4060,0.057499999999999996,977,9580
8,100,0.3,0.0,harm,hybrid,0.01,top_ranker_q1,0.1,1.0,0,0.812430739402771,0.0018837724698350159,40,4060,0.057499999999999996,977,9580
8,100,0.3,0.0,harm,hybrid,0.01,top_ranker_q1,0.1,1.0,0,0.8248579502105713,0.0017729623245506033,40,4060,0.057499999999999996,977,9580
8,100,0.3,0.0,harm,hybrid,0.01,top_ranker_q1,0.1,1.0,0,0.837285041809082,0.0016744644176311253,40,4060,0.057499999999999996,977,9580
8,100,0.3,0.0,harm,hybrid,0.01,top_ranker_q1,0.1,1.0,0,0.8497122526168823,0.0016375277025363212,40,4060,0.057499999999999996,977,9580
8,100,0.3,0.0,harm,hybrid,0.01,top_ranker_q1,0.1,1.0,0,0.8621394634246826,0.0016129032258064518,40,4060,0.057499999999999996,977,9580
8,100,0.3,0.0,harm,hybrid,0.01,top_ranker_q1,0.1,1.0,0,0.8745665550231934,0.0015513420339817782,40,4060,0.057499999999999996,977,9580
8,100,0.3,0.0,harm,hybrid,0.01,top_ranker_q1,0.1,1.0,0,0.8869937658309937,0.0014774686037921695,40,4060,0.057499999999999996,977,9580
8,100,0.3,0.0,harm,hybrid,0.01,top_ranker_q1,0.1,1.0,0,0.899420976638794,0.0014405318886973651,40,4060,0.057499999999999996,977,9580
8,100,0.3,0.0,harm,hybrid,0.01,top_ranker_q1,0.1,1.0,0,0.9118480682373047,0.0013420339817778874,40,4060,0.057499999999999996,977,9580
8,100,0.3,0.0,harm,hybrid,0.01,top_ranker_q1,0.1,1.0,0,0.924275279045105,0.001255848313223344,40,4060,0.057499999999999996,977,9580
8,100,0.3,0.0,harm,hybrid,0.01,top_ranker_q1,0.1,1.0,0,0.9367023706436157,0.0011573504063038661,40,4060,0.05625,977,9580
8,100,0.3,0.0,harm,hybrid,0.01,top_ranker_q1,0.1,1.0,0,0.949129581451416,0.001108101452844127,40,4060,0.05500000000000001,977,9580
8,100,0.3,0.0,harm,hybrid,0.01,top_ranker_q1,0.1,1.0,0,0.9615567922592163,0.001009603545924649,40,4060,0.052500000000000005,977,9580
8,100,0.3,0.0,harm,hybrid,0.01,top_ranker_q1,0.1,1.0,0,0.973983883857727,0.0008495444471804974,40,4060,0.04125,977,9580
8,100,0.3,0.0,harm,hybrid,0.01,top_ranker_q1,0.1,1.0,0,0.9864110946655273,0.0006648608717064763,40,4060,0.0325,977,9580
8,100,0.3,0.0,harm,hybrid,0.01,top_ranker_q1,0.1,1.0,0,0.9988383054733276,0.0005417384880571288,40,4060,0.02125,977,9580
8,100,0.3,0.0,harm,hybrid,0.01,top_ranker_q1,0.1,1.0,0,1.0112653970718384,0.00048017729623245505,40,4060,0.016250000000000004,977,9580
8,100,0.3,0.0,harm,hybrid,0.01,top_ranker_q1,0.1,1.0,0,1.0236926078796387,0.0004186161044077814,40,4060,0.0125,977,9580
8,100,0.3,0.0,harm,hybrid,0.01,top_ranker_q1,0.1,1.0,0,1.036119818687439,0.0003939916276779119,40,4060,0.01125,977,9580
8,100,0.3,0.0,harm,hybrid,0.01,top_ranker_q1,0.1,1.0,0,1.0485469102859497,0.00033243043585323814,40,4060,0.0075000000000000015,977,9580
8,100,0.3,0.0,harm,hybrid,0.01,top_ranker_q1,0.1,1.0,0,1.06097412109375,0.00033243043585323814,40,4060,0.0075000000000000015,977,9580
8,100,0.3,0.0,harm,hybrid,0.01,top_ranker_q1,0.1,1.0,0,1.0734013319015503,0.00030780595912336864,40,4060,0.00625,977,9580
8,100,0.3,0.0,harm,hybrid,0.01,top_ranker_q1,0.1,1.0,0,1.0858285427093506,0.0002954937207584339,40,4060,0.005,977,9580
8,100,0.3,0.0,harm,hybrid,0.01,top_ranker_q1,0.1,1.0,0,1.0982556343078613,0.0002954937207584339,40,4060,0.005,977,9580
8,100,0.3,0.0,harm,hybrid,0.01,top_ranker_q1,0.1,1.0,0,1.1106828451156616,0.00028318148239349914,40,4060,0.0037500000000000007,977,9580
8,100,0.3,0.0,harm,hybrid,0.01,top_ranker_q1,0.1,1.0,0,1.1231099367141724,0.00025855700566362964,40,4060,0.00125,977,9580
8,100,0.3,0.0,harm,hybrid,0.01,top_ranker_q1,0.1,1.0,0,1.1355371475219727,0.00025855700566362964,40,4060,0.00125,977,9580
8,100,0.3,0.0,harm,hybrid,0.01,top_ranker_q1,0.1,1.0,0,1.147964358329773,0.0002462447672986949,40,4060,0.0,977,9580
8,100,0.3,0.0,harm,hybrid,0.01,top_ranker_q1,0.1,1.0,0,1.1603914499282837,0.0002462447672986949,40,4060,0.0,977,9580
8,100,0.3,0.0,harm,hybrid,0.01,top_ranker_q1,0.1,1.0,0,1.172818660736084,0.0002462447672986949,40,4060,0.0,977,9580
8,100,0.3,0.0,harm,hybrid,0.01,top_ranker_q1,0.1,1.0,0,1.1852458715438843,0.0002462447672986949,40,4060,0.0,977,9580
8,100,0.3,0.0,harm,hybrid,0.01,top_ranker_q1,0.1,1.0,0,1.197672963142395,0.0002462447672986949,40,4060,0.0,977,9580
8,100,0.3,0.0,harm,hybrid,0.01,top_ranker_q1,0.1,1.0,0,1.2101001739501953,0.0002462447672986949,40,4060,0.0,977,9580
8,100,0.3,0.0,harm,hybrid,0.01,top_ranker_q1,0.1,1.0,0,1.2225273847579956,0.0002462447672986949,40,4060,0.0,977,9580
8,100,0.3,0.0,harm,hybrid,0.01,top_ranker_q1,0.1,1.0,0,1.2349544763565063,0.0002462447672986949,40,4060,0.0,977,9580
8,100,0.3,0.0,harm,hybrid,0.01,top_ranker_q1,0.1,1.0,0,1.2473816871643066,0.0002462447672986949,40,4060,0.0,977,9580
8,100,0.3,0.0,harm,hybrid,0.01,top_ranker_q1,0.1,1.0,0,1.259808897972107,0.0002462447672986949,40,4060,0.0,977,9580
8,100,0.3,0.0,harm,hybrid,0.01,top_ranker_q1,0.1,1.0,0,1.2722359895706177,0.0002462447672986949,40,4060,0.0,977,9580
8,100,0.3,0.0,harm,hybrid,0.01,top_ranker_q1,0.1,1.0,0,1.284663200378418,0.0002462447672986949,40,4060,0.0,977,9580
8,100,0.3,0.0,harm,hybrid,0.01,top_ranker_q1,0.1,1.0,0,1.2970904111862183,0.0002462447672986949,40,4060,0.0,977,9580
8,100,0.3,0.0,harm,hybrid,0.01,top_ranker_q1,0.1,1.0,0,1.309517502784729,0.0002462447672986949,40,4060,0.0,977,9580
9,100,0.3,0.0,harm,hybrid,0.01,top_ranker_q1,0.1,1.0,0,0.0,0.003355457227138643,40,4067,0.09875,1049,10307
9,100,0.3,0.0,harm,hybrid,0.01,top_ranker_q1,0.1,1.0,0,0.013008207082748413,0.003355457227138643,40,4067,0.09875,1049,10307
9,100,0.3,0.0,harm,hybrid,0.01,top_ranker_q1,0.1,1.0,0,0.026016414165496826,0.003355457227138643,40,4067,0.09875,1049,10307
9,100,0.3,0.0,harm,hybrid,0.01,top_ranker_q1,0.1,1.0,0,0.03902462124824524,0.003355457227138643,40,4067,0.09875,1049,10307
9,100,0.3,0.0,harm,hybrid,0.01,top_ranker_q1,0.1,1.0,0,0.05203282833099365,0.003355457227138643,40,4067,0.09875,1049,10307
9,100,0.3,0.0,harm,hybrid,0.01,top_ranker_q1,0.1,1.0,0,0.06504103541374207,0.003355457227138643,40,4067,0.09875,1049,10307
9,100,0.3,0.0,harm,hybrid,0.01,top_ranker_q1,0.1,1.0,0,0.07804924249649048,0.003355457227138643,40,4067,0.09875,1049,10307
9,100,0.3,0.0,harm,hybrid,0.01,top_ranker_q1,0.1,1.0,0,0.09105744957923889,0.003355457227138643,40,4067,0.09875,1049,10307
9,100,0.3,0.0,harm,hybrid,0.01,top_ranker_q1,0.1,1.0,0,0.1040656566619873,0.003355457227138643,40,4067,0.09875,1049,10307
9,100,0.3,0.0,harm,hybrid,0.01,top_ranker_q1,0.1,1.0,0,0.11707386374473572,0.003355457227138643,40,4067,0.09875,1049,10307
9,100,0.3,0.0,harm,hybrid,0.01,top_ranker_q1,0.1,1.0,0,0.13008207082748413,0.003355457227138643,40,4067,0.09875,1049,10307
9,100,0.3,0.0,harm,hybrid,0.01,top_ranker_q1,0.1,1.0,0,0.14309027791023254,0.003355457227138643,40,4067,0.09875,1049,10307
9,100,0.3,0.0,harm,hybrid,0.01,top_ranker_q1,0.1,1.0,0,0.15609848499298096,0.003355457227138643,40,4067,0.09875,1049,10307
9,100,0.3,0.0,harm,hybrid,0.01,top_ranker_q1,0.1,1.0,0,0.16910669207572937,0.003355457227138643,40,4067,0.09875,1049,10307
9,100,0.3,0.0,harm,hybrid,0.01,top_ranker_q1,0.1,1.0,0,0.18211489915847778,0.003343166175024582,40,4067,0.0975,1049,10307
9,100,0.3,0.0,harm,hybrid,0.01,top_ranker_q1,0.1,1.0,0,0.1951231062412262,0.003343166175024582,40,4067,0.0975,1049,10307
9,100,0.3,0.0,harm,hybrid,0.01,top_ranker_q1,0.1,1.0,0,0.2081313133239746,0.003343166175024582,40,4067,0.0975,1049,10307
9,100,0.3,0.0,harm,hybrid,0.01,top_ranker_q1,0.1,1.0,0,0.22113952040672302,0.003343166175024582,40,4067,0.0975,1049,10307
9,100,0.3,0.0,harm,hybrid,0.01,top_ranker_q1,0.1,1.0,0,0.23414772748947144,0.003343166175024582,40,4067,0.0975,1049,10307
9,100,0.3,0.0,harm,hybrid,0.01,top_ranker_q1,0.1,1.0,0,0.24715593457221985,0.003343166175024582,40,4067,0.0975,1049,10307
9,100,0.3,0.0,harm,hybrid,0.01,top_ranker_q1,0.1,1.0,0,0.26016414165496826,0.0033308751229105212,40,4067,0.09625,1049,10307
9,100,0.3,0.0,harm,hybrid,0.01,top_ranker_q1,0.1,1.0,0,0.2731723487377167,0.00331858407079646,40,4067,0.095,1049,10307
9,100,0.3,0.0,harm,hybrid,0.01,top_ranker_q1,0.1,1.0,0,0.2861805558204651,0.0033062930186823995,40,4067,0.09375,1049,10307
9,100,0.3,0.0,harm,hybrid,0.01,top_ranker_q1,0.1,1.0,0,0.2991887629032135,0.0033062930186823995,40,4067,0.09375,1049,10307
9,100,0.3,0.0,harm,hybrid,0.01,top_ranker_q1,0.1,1.0,0,0.3121969699859619,0.0032940019665683388,40,4067,0.09375,1049,10307
9,100,0.3,0.0,harm,hybrid,0.01,top_ranker_q1,0.1,1.0,0,0.3252051770687103,0.0032817109144542772,40,4067,0.0925,1049,10307
9,100,0.3,0.0,harm,hybrid,0.01,top_ranker_q1,0.1,1.0,0,0.33821338415145874,0.003269419862340216,40,4067,0.09125,1049,10307
9,100,0.3,0.0,harm,hybrid,0.01,top_ranker_q1,0.1,1.0,0,0.35122159123420715,0.003269419862340216,40,4067,0.09125,1049,10307
9,100,0.3,0.0,harm,hybrid,0.01,top_ranker_q1,0.1,1.0,0,0.36422979831695557,0.003269419862340216,40,4067,0.09125,1049,10307
9,100,0.3,0.0,harm,hybrid,0.01,top_ranker_q1,0.1,1.0,0,0.377238005399704,0.003244837758112095,40,4067,0.08875,1049,10307
9,100,0.3,0.0,harm,hybrid,0.01,top_ranker_q1,0.1,1.0,0,0.3902462124824524,0.0031956735496558504,40,4067,0.08499999999999999,1049,10307
9,100,0.3,0.0,harm,hybrid,0.01,top_ranker_q1,0.1,1.0,0,0.4032544195652008,0.0031833824975417892,40,4067,0.08625000000000001,1049,10307
9,100,0.3,0.0,harm,hybrid,0.01,top_ranker_q1,0.1,1.0,0,0.4162626266479492,0.003146509341199607,40,4067,0.08374999999999999,1049,10307
9,100,0.3,0.0,harm,hybrid,0.01,top_ranker_q1,0.1,1.0,0,0.42927083373069763,0.0030973451327433632,40,4067,0.07875000000000001,1049,10307
9,100,0.3,0.0,harm,hybrid,0.01,top_ranker_q1,0.1,1.0,0,0.44227904081344604,0.0030481809242871192,40,4067,0.07625,1049,10307
9,100,0.3,0.0,harm,hybrid,0.01,top_ranker_q1,0.1,1.0,0,0.45528724789619446,0.0029621435594886923,40,4067,0.07125000000000001,1049,10307
9,100,0.3,0.0,harm,hybrid,0.01,top_ranker_q1,0.1,1.0,0,0.46829545497894287,0.002912979351032448,40,4067,0.06875,1049,10307
9,100,0.3,0.0,harm,hybrid,0.01,top_ranker_q1,0.1,1.0,0,0.4813036620616913,0.0028515240904621437,40,4067,0.065,1049,10307
9,100,0.3,0.0,harm,hybrid,0.01,top_ranker_q1,0.1,1.0,0,0.4943118691444397,0.0027654867256637163,40,4067,0.06,1049,10307
9,100,0.3,0.0,harm,hybrid,0.01,top_ranker_q1,0.1,1.0,0,0.5073200464248657,0.0027163225172074728,40,4067,0.058750000000000004,1049,10307
9,100,0.3,0.0,harm,hybrid,0.01,top_ranker_q1,0.1,1.0,0,0.5203282833099365,0.0026425762045231074,40,4067,0.053750000000000006,1049,10307
9,100,0.3,0.0,harm,hybrid,0.01,top_ranker_q1,0.1,1.0,0,0.5333365201950073,0.002617994100294985,40,4067,0.052500000000000005,1049,10307
9,100,0.3,0.0,harm,hybrid,0.01,top_ranker_q1,0.1,1.0,0,0.5463446974754333,0.002617994100294985,40,4067,0.052500000000000005,1049,10307
9,100,0.3,0.0,harm,hybrid,0.01,top_ranker_q1,0.1,1.0,0,0.5593528747558594,0.0025565388397246805,40,4067,0.052500000000000005,1049,10307
9,100,0.3,0.0,harm,hybrid,0.01,top_ranker_q1,0.1,1.0,0,0.5723611116409302,0.0025565388397246805,40,4067,0.052500000000000005,1049,10307
9,100,0.3,0.0,harm,hybrid,0.01,top_ranker_q1,0.1,1.0,0,0.585369348526001,0.0025319567354965588,40,4067,0.052500000000000005,1049,10307
9,100,0.3,0.0,harm,hybrid,0.01,top_ranker_q1,0.1,1.0,0,0.598377525806427,0.0025196656833824977,40,4067,0.05125,1049,10307
9,100,0.3,0.0,harm,hybrid,0.01,top_ranker_q1,0.1,1.0,0,0.611385703086853,0.0025073746312684365,40,4067,0.05125,1049,10307
9,100,0.3,0.0,harm,hybrid,0.01,top_ranker_q1,0.1,1.0,0,0.6243939399719238,0.002507374631268436,40,4067,0.052500000000000005,1049,10307
9,100,0.3,0.0,harm,hybrid,0.01,top_ranker_q1,0.1,1.0,0,0.6374021768569946,0.0024705014749262537,40,4067,0.05125,1049,10307
9,100,0.3,0.0,harm,hybrid,0.01,top_ranker_q1,0.1,1.0,0,0.6504103541374207,0.0024582104228121925,40,4067,0.05125,1049,10307
9,100,0.3,0.0,harm,hybrid,0.01,top_ranker_q1,0.1,1.0,0,0.6634185314178467,0.002409046214355949,40,4067,0.05125,1049,10307
9,100,0.3,0.0,harm,hybrid,0.01,top_ranker_q1,0.1,1.0,0,0.6764267683029175,0.0023230088495575217,40,4067,0.05125,1049,10307
9,100,0.3,0.0,harm,hybrid,0.01,top_ranker_q1,0.1,1.0,0,0.6894350051879883,0.0022984267453294,40,4067,0.05125,1049,10307
9,100,0.3,0.0,harm,hybrid,0.01,top_ranker_q1,0.1,1.0,0,0.7024431824684143,0.002286135693215339,40,4067,0.05125,1049,10307
9,100,0.3,0.0,harm,hybrid,0.01,top_ranker_q1,0.1,1.0,0,0.7154513597488403,0.002261553588987217,40,4067,0.05125,1049,10307
9,100,0.3,0.0,harm,hybrid,0.01,top_ranker_q1,0.1,1.0,0,0.7284595966339111,0.0022246804326450345,40,4067,0.05125,1049,10307
9,100,0.3,0.0,harm,hybrid,0.01,top_ranker_q1,0.1,1.0,0,0.7414678335189819,0.0021632251720747294,40,4067,0.05125,1049,10307
9,100,0.3,0.0,harm,hybrid,0.01,top_ranker_q1,0.1,1.0,0,0.754476010799408,0.0021632251720747294,40,4067,0.05125,1049,10307
9,100,0.3,0.0,harm,hybrid,0.01,top_ranker_q1,0.1,1.0,0,0.767484188079834,0.0020894788593903636,40,4067,0.05125,1049,10307
9,100,0.3,0.0,harm,hybrid,0.01,top_ranker_q1,0.1,1.0,0,0.7804924249649048,0.002064896755162242,40,4067,0.05125,1049,10307
9,100,0.3,0.0,harm,hybrid,0.01,top_ranker_q1,0.1,1.0,0,0.7935006618499756,0.002028023598820059,40,4067,0.05125,1049,10307
9,100,0.3,0.0,harm,hybrid,0.01,top_ranker_q1,0.1,1.0,0,0.8065088391304016,0.0019542772861356936,40,4067,0.05125,1049,10307
9,100,0.3,0.0,harm,hybrid,0.01,top_ranker_q1,0.1,1.0,0,0.8195170164108276,0.0019051130776794494,40,4067,0.05125,1049,10307
9,100,0.3,0.0,harm,hybrid,0.01,top_ranker_q1,0.1,1.0,0,0.8325252532958984,0.0018436578171091445,40,4067,0.05125,1049,10307
9,100,0.3,0.0,harm,hybrid,0.01,top_ranker_q1,0.1,1.0,0,0.8455334901809692,0.0017576204523107178,40,4067,0.05125,1049,10307
9,100,0.3,0.0,harm,hybrid,0.01,top_ranker_q1,0.1,1.0,0,0.8585416674613953,0.001683874139626352,40,4067,0.05125,1049,10307
9,100,0.3,0.0,harm,hybrid,0.01,top_ranker_q1,0.1,1.0,0,0.8715498447418213,0.0016224188790560472,40,4067,0.05125,1049,10307
9,100,0.3,0.0,harm,hybrid,0.01,top_ranker_q1,0.1,1.0,0,0.8845580816268921,0.0015240904621435596,40,4067,0.05125,1049,10307
9,100,0.3,0.0,harm,hybrid,0.01,top_ranker_q1,0.1,1.0,0,0.8975663185119629,0.001438053097345133,40,4067,0.05125,1049,10307
9,100,0.3,0.0,harm,hybrid,0.01,top_ranker_q1,0.1,1.0,0,0.9105744957923889,0.0013274336283185843,40,4067,0.05125,1049,10307
9,100,0.3,0.0,harm,hybrid,0.01,top_ranker_q1,0.1,1.0,0,0.9235826730728149,0.0012782694198623405,40,4067,0.05125,1049,10307
9,100,0.3,0.0,harm,hybrid,0.01,top_ranker_q1,0.1,1.0,0,0.9365909099578857,0.0012045231071779745,40,4067,0.05,1049,10307
9,100,0.3,0.0,harm,hybrid,0.01,top_ranker_q1,0.1,1.0,0,0.9495991468429565,0.0011553588987217305,40,4067,0.05,1049,10307
9,100,0.3,0.0,harm,hybrid,0.01,top_ranker_q1,0.1,1.0,0,0.9626073241233826,0.0009832841691248771,40,4067,0.041249999999999995,1049,10307
9,100,0.3,0.0,harm,hybrid,0.01,top_ranker_q1,0.1,1.0,0,0.9756155014038086,0.0008357915437561456,40,4067,0.034999999999999996,1049,10307
9,100,0.3,0.0,harm,hybrid,0.01,top_ranker_q1,0.1,1.0,0,0.9886237382888794,0.0007497541789577187,40,4067,0.028750000000000005,1049,10307
9,100,0.3,0.0,harm,hybrid,0.01,top_ranker_q1,0.1,1.0,0,1.0016319751739502,0.0006391347099311701,40,4067,0.0225,1049,10307
9,100,0.3,0.0,harm,hybrid,0.01,top_ranker_q1,0.1,1.0,0,1.0146400928497314,0.0005408062930186825,40,4067,0.01875,1049,10307
9,100,0.3,0.0,harm,hybrid,0.01,top_ranker_q1,0.1,1.0,0,1.0276483297348022,0.0004424778761061947,40,4067,0.011250000000000001,1049,10307
9,100,0.3,0.0,harm,hybrid,0.01,top_ranker_q1,0.1,1.0,0,1.040656566619873,0.0004056047197640118,40,4067,0.008749999999999999,1049,10307
9,100,0.3,0.0,harm,hybrid,0.01,top_ranker_q1,0.1,1.0,0,1.0536648035049438,0.0003933136676499509,40,4067,0.0075000000000000015,1049,10307
9,100,0.3,0.0,harm,hybrid,0.01,top_ranker_q1,0.1,1.0,0,1.0666730403900146,0.00035644051130776796,40,4067,0.00625,1049,10307
9,100,0.3,0.0,harm,hybrid,0.01,top_ranker_q1,0.1,1.0,0,1.079681158065796,0.0003072763028515241,40,4067,0.0025,1049,10307
9,100,0.3,0.0,harm,hybrid,0.01,top_ranker_q1,0.1,1.0,0,1.0926893949508667,0.0002826941986234022,40,4067,0.00125,1049,10307
9,100,0.3,0.0,harm,hybrid,0.01,top_ranker_q1,0.1,1.0,0,1.1056976318359375,0.00027040314650934123,40,4067,0.00125,1049,10307
9,100,0.3,0.0,harm,hybrid,0.01,top_ranker_q1,0.1,1.0,0,1.1187057495117188,0.00027040314650934123,40,4067,0.00125,1049,10307
9,100,0.3,0.0,harm,hybrid,0.01,top_ranker_q1,0.1,1.0,0,1.1317139863967896,0.00025811209439528023,40,4067,0.0,1049,10307
9,100,0.3,0.0,harm,hybrid,0.01,top_ranker_q1,0.1,1.0,0,1.1447222232818604,0.00025811209439528023,40,4067,0.0,1049,10307
9,100,0.3,0.0,harm,hybrid,0.01,top_ranker_q1,0.1,1.0,0,1.1577304601669312,0.00025811209439528023,40,4067,0.0,1049,10307
9,100,0.3,0.0,harm,hybrid,0.01,top_ranker_q1,0.1,1.0,0,1.170738697052002,0.00025811209439528023,40,4067,0.0,1049,10307
9,100,0.3,0.0,harm,hybrid,0.01,top_ranker_q1,0.1,1.0,0,1.1837468147277832,0.00025811209439528023,40,4067,0.0,1049,10307
9,100,0.3,0.0,harm,hybrid,0.01,top_ranker_q1,0.1,1.0,0,1.196755051612854,0.00025811209439528023,40,4067,0.0,1049,10307
9,100,0.3,0.0,harm,hybrid,0.01,top_ranker_q1,0.1,1.0,0,1.2097632884979248,0.0002458210422812193,40,4067,0.0,1049,10307
9,100,0.3,0.0,harm,hybrid,0.01,top_ranker_q1,0.1,1.0,0,1.222771406173706,0.0002458210422812193,40,4067,0.0,1049,10307
9,100,0.3,0.0,harm,hybrid,0.01,top_ranker_q1,0.1,1.0,0,1.2357796430587769,0.0002458210422812193,40,4067,0.0,1049,10307
9,100,0.3,0.0,harm,hybrid,0.01,top_ranker_q1,0.1,1.0,0,1.2487878799438477,0.0002458210422812193,40,4067,0.0,1049,10307
9,100,0.3,0.0,harm,hybrid,0.01,top_ranker_q1,0.1,1.0,0,1.2617961168289185,0.0002458210422812193,40,4067,0.0,1049,10307
9,100,0.3,0.0,harm,hybrid,0.01,top_ranker_q1,0.1,1.0,0,1.2748043537139893,0.0002458210422812193,40,4067,0.0,1049,10307
9,100,0.3,0.0,harm,hybrid,0.01,top_ranker_q1,0.1,1.0,0,1.2878124713897705,0.0002458210422812193,40,4067,0.0,1049,10307
