run_id,epoch,base_harm,beta,score_type,conformal_method,Collective,Report Strategy,Report Fraction,likes_softmax_temperature,topk_n,gamma,calib_risk_adjusted,num_adv_users,calib_set_size,avg_harm_adv_raw,total_flagged_items,total_items_seen_by_adv_users
0,100,0.3,0.0,harm,hybrid,0.023,low_risk_q1,0.023,1.0,0,0.11756947636604309,0.009296296296296297,93,4049,0.30268817204301074,563,22588
0,100,0.3,0.0,harm,hybrid,0.023,low_risk_q1,0.023,1.0,0,0.12999893724918365,0.009296296296296297,93,4049,0.30268817204301074,563,22588
0,100,0.3,0.0,harm,hybrid,0.023,low_risk_q1,0.023,1.0,0,0.14242839813232422,0.009296296296296297,93,4049,0.30268817204301074,563,22588
0,100,0.3,0.0,harm,hybrid,0.023,low_risk_q1,0.023,1.0,0,0.1548578441143036,0.009296296296296297,93,4049,0.30268817204301074,563,22588
0,100,0.3,0.0,harm,hybrid,0.023,low_risk_q1,0.023,1.0,0,0.16728731989860535,0.009296296296296297,93,4049,0.30268817204301074,563,22588
0,100,0.3,0.0,harm,hybrid,0.023,low_risk_q1,0.023,1.0,0,0.17971676588058472,0.009296296296296297,93,4049,0.30268817204301074,563,22588
0,100,0.3,0.0,harm,hybrid,0.023,low_risk_q1,0.023,1.0,0,0.19214622676372528,0.009296296296296297,93,4049,0.30268817204301074,563,22588
0,100,0.3,0.0,harm,hybrid,0.023,low_risk_q1,0.023,1.0,0,0.20457568764686584,0.009296296296296297,93,4049,0.30268817204301074,563,22588
0,100,0.3,0.0,harm,hybrid,0.023,low_risk_q1,0.023,1.0,0,0.2170051485300064,0.009296296296296297,93,4049,0.30268817204301074,563,22588
0,100,0.3,0.0,harm,hybrid,0.023,low_risk_q1,0.023,1.0,0,0.22943460941314697,0.009296296296296297,93,4049,0.30268817204301074,563,22588
0,100,0.3,0.0,harm,hybrid,0.023,low_risk_q1,0.023,1.0,0,0.24186407029628754,0.009296296296296297,93,4049,0.30268817204301074,563,22588
0,100,0.3,0.0,harm,hybrid,0.023,low_risk_q1,0.023,1.0,0,0.2542935311794281,0.009283950617283952,93,4049,0.30268817204301074,563,22588
0,100,0.3,0.0,harm,hybrid,0.023,low_risk_q1,0.023,1.0,0,0.26672297716140747,0.009283950617283952,93,4049,0.30268817204301074,563,22588
0,100,0.3,0.0,harm,hybrid,0.023,low_risk_q1,0.023,1.0,0,0.27915245294570923,0.009283950617283952,93,4049,0.30268817204301074,563,22588
0,100,0.3,0.0,harm,hybrid,0.023,low_risk_q1,0.023,1.0,0,0.2915818989276886,0.009283950617283952,93,4049,0.30268817204301074,563,22588
0,100,0.3,0.0,harm,hybrid,0.023,low_risk_q1,0.023,1.0,0,0.30401134490966797,0.009271604938271606,93,4049,0.30268817204301074,563,22588
0,100,0.3,0.0,harm,hybrid,0.023,low_risk_q1,0.023,1.0,0,0.3164408206939697,0.009271604938271606,93,4049,0.30268817204301074,563,22588
0,100,0.3,0.0,harm,hybrid,0.023,low_risk_q1,0.023,1.0,0,0.3288702964782715,0.009271604938271606,93,4049,0.30268817204301074,563,22588
0,100,0.3,0.0,harm,hybrid,0.023,low_risk_q1,0.023,1.0,0,0.34129974246025085,0.009271604938271606,93,4049,0.30268817204301074,563,22588
0,100,0.3,0.0,harm,hybrid,0.023,low_risk_q1,0.023,1.0,0,0.3537291884422302,0.009271604938271606,93,4049,0.30268817204301074,563,22588
0,100,0.3,0.0,harm,hybrid,0.023,low_risk_q1,0.023,1.0,0,0.366158664226532,0.00925925925925926,93,4049,0.30268817204301074,563,22588
0,100,0.3,0.0,harm,hybrid,0.023,low_risk_q1,0.023,1.0,0,0.37858811020851135,0.00925925925925926,93,4049,0.30268817204301074,563,22588
0,100,0.3,0.0,harm,hybrid,0.023,low_risk_q1,0.023,1.0,0,0.3910175859928131,0.00925925925925926,93,4049,0.30268817204301074,563,22588
0,100,0.3,0.0,harm,hybrid,0.023,low_risk_q1,0.023,1.0,0,0.4034470319747925,0.00925925925925926,93,4049,0.30268817204301074,563,22588
0,100,0.3,0.0,harm,hybrid,0.023,low_risk_q1,0.023,1.0,0,0.41587647795677185,0.00925925925925926,93,4049,0.30268817204301074,563,22588
0,100,0.3,0.0,harm,hybrid,0.023,low_risk_q1,0.023,1.0,0,0.4283059537410736,0.009246913580246915,93,4049,0.30268817204301074,563,22588
0,100,0.3,0.0,harm,hybrid,0.023,low_risk_q1,0.023,1.0,0,0.440735399723053,0.009234567901234569,93,4049,0.3021505376344086,563,22588
0,100,0.3,0.0,harm,hybrid,0.023,low_risk_q1,0.023,1.0,0,0.45316487550735474,0.009185185185185187,93,4049,0.3016129032258064,563,22588
0,100,0.3,0.0,harm,hybrid,0.023,low_risk_q1,0.023,1.0,0,0.4655943214893341,0.009185185185185187,93,4049,0.3010752688172043,563,22588
0,100,0.3,0.0,harm,hybrid,0.023,low_risk_q1,0.023,1.0,0,0.47802379727363586,0.00917283950617284,93,4049,0.2994623655913979,563,22588
0,100,0.3,0.0,harm,hybrid,0.023,low_risk_q1,0.023,1.0,0,0.49045324325561523,0.009123456790123458,93,4049,0.30053763440860215,563,22588
0,100,0.3,0.0,harm,hybrid,0.023,low_risk_q1,0.023,1.0,0,0.502882719039917,0.009074074074074075,93,4049,0.3,563,22588
0,100,0.3,0.0,harm,hybrid,0.023,low_risk_q1,0.023,1.0,0,0.5153121948242188,0.009049382716049383,93,4049,0.29892473118279567,563,22588
0,100,0.3,0.0,harm,hybrid,0.023,low_risk_q1,0.023,1.0,0,0.5277416110038757,0.009012345679012346,93,4049,0.29731182795698924,563,22588
0,100,0.3,0.0,harm,hybrid,0.023,low_risk_q1,0.023,1.0,0,0.5401710867881775,0.00895061728395062,93,4049,0.2956989247311828,563,22588
0,100,0.3,0.0,harm,hybrid,0.023,low_risk_q1,0.023,1.0,0,0.5526005029678345,0.008925925925925927,93,4049,0.2946236559139785,563,22588
0,100,0.3,0.0,harm,hybrid,0.023,low_risk_q1,0.023,1.0,0,0.5650299787521362,0.008864197530864199,93,4049,0.29301075268817206,563,22588
0,100,0.3,0.0,harm,hybrid,0.023,low_risk_q1,0.023,1.0,0,0.577459454536438,0.008790123456790123,93,4049,0.2924731182795699,563,22588
0,100,0.3,0.0,harm,hybrid,0.023,low_risk_q1,0.023,1.0,0,0.5898889303207397,0.008765432098765433,93,4049,0.29139784946236563,563,22588
0,100,0.3,0.0,harm,hybrid,0.023,low_risk_q1,0.023,1.0,0,0.6023184061050415,0.008703703703703705,93,4049,0.29086021505376347,563,22588
0,100,0.3,0.0,harm,hybrid,0.023,low_risk_q1,0.023,1.0,0,0.6147478818893433,0.008654320987654321,93,4049,0.2887096774193548,563,22588
0,100,0.3,0.0,harm,hybrid,0.023,low_risk_q1,0.023,1.0,0,0.6271772384643555,0.008629629629629631,93,4049,0.28817204301075267,563,22588
0,100,0.3,0.0,harm,hybrid,0.023,low_risk_q1,0.023,1.0,0,0.6396067142486572,0.008555555555555558,93,4049,0.28655913978494624,563,22588
0,100,0.3,0.0,harm,hybrid,0.023,low_risk_q1,0.023,1.0,0,0.652036190032959,0.008543209876543209,93,4049,0.28655913978494624,563,22588
0,100,0.3,0.0,harm,hybrid,0.023,low_risk_q1,0.023,1.0,0,0.6644656658172607,0.008493827160493829,93,4049,0.28655913978494624,563,22588
0,100,0.3,0.0,harm,hybrid,0.023,low_risk_q1,0.023,1.0,0,0.6768951416015625,0.008493827160493827,93,4049,0.28655913978494624,563,22588
0,100,0.3,0.0,harm,hybrid,0.023,low_risk_q1,0.023,1.0,0,0.6893246173858643,0.00845679012345679,93,4049,0.28655913978494624,563,22588
0,100,0.3,0.0,harm,hybrid,0.023,low_risk_q1,0.023,1.0,0,0.701754093170166,0.008407407407407407,93,4049,0.28655913978494624,563,22588
0,100,0.3,0.0,harm,hybrid,0.023,low_risk_q1,0.023,1.0,0,0.7141834497451782,0.008395061728395064,93,4049,0.28655913978494624,563,22588
0,100,0.3,0.0,harm,hybrid,0.023,low_risk_q1,0.023,1.0,0,0.72661292552948,0.008382716049382717,93,4049,0.28655913978494624,563,22588
0,100,0.3,0.0,harm,hybrid,0.023,low_risk_q1,0.023,1.0,0,0.7390424013137817,0.00837037037037037,93,4049,0.28655913978494624,563,22588
0,100,0.3,0.0,harm,hybrid,0.023,low_risk_q1,0.023,1.0,0,0.7514718770980835,0.008358024691358025,93,4049,0.28655913978494624,563,22588
0,100,0.3,0.0,harm,hybrid,0.023,low_risk_q1,0.023,1.0,0,0.7639013528823853,0.008333333333333333,93,4049,0.28655913978494624,563,22588
0,100,0.3,0.0,harm,hybrid,0.023,low_risk_q1,0.023,1.0,0,0.776330828666687,0.008308641975308643,93,4049,0.28655913978494624,563,22588
0,100,0.3,0.0,harm,hybrid,0.023,low_risk_q1,0.023,1.0,0,0.7887603044509888,0.008271604938271606,93,4049,0.28655913978494624,563,22588
0,100,0.3,0.0,harm,hybrid,0.023,low_risk_q1,0.023,1.0,0,0.8011897802352905,0.008259259259259261,93,4049,0.28655913978494624,563,22588
0,100,0.3,0.0,harm,hybrid,0.023,low_risk_q1,0.023,1.0,0,0.8136191368103027,0.008222222222222223,93,4049,0.28655913978494624,563,22588
0,100,0.3,0.0,harm,hybrid,0.023,low_risk_q1,0.023,1.0,0,0.8260486125946045,0.008123456790123457,93,4049,0.28655913978494624,563,22588
0,100,0.3,0.0,harm,hybrid,0.023,low_risk_q1,0.023,1.0,0,0.8384780883789062,0.008037037037037039,93,4049,0.28655913978494624,563,22588
0,100,0.3,0.0,harm,hybrid,0.023,low_risk_q1,0.023,1.0,0,0.850907564163208,0.007987654320987655,93,4049,0.28655913978494624,563,22588
0,100,0.3,0.0,harm,hybrid,0.023,low_risk_q1,0.023,1.0,0,0.8633370399475098,0.007901234567901235,93,4049,0.28655913978494624,563,22588
0,100,0.3,0.0,harm,hybrid,0.023,low_risk_q1,0.023,1.0,0,0.8757665157318115,0.007851851851851853,93,4049,0.28655913978494624,563,22588
0,100,0.3,0.0,harm,hybrid,0.023,low_risk_q1,0.023,1.0,0,0.8881959915161133,0.007790123456790125,93,4049,0.28655913978494624,563,22588
0,100,0.3,0.0,harm,hybrid,0.023,low_risk_q1,0.023,1.0,0,0.9006253480911255,0.007703703703703703,93,4049,0.28655913978494624,563,22588
0,100,0.3,0.0,harm,hybrid,0.023,low_risk_q1,0.023,1.0,0,0.9130548238754272,0.007567901234567903,93,4049,0.28655913978494624,563,22588
0,100,0.3,0.0,harm,hybrid,0.023,low_risk_q1,0.023,1.0,0,0.925484299659729,0.007456790123456791,93,4049,0.28655913978494624,563,22588
0,100,0.3,0.0,harm,hybrid,0.023,low_risk_q1,0.023,1.0,0,0.9379137754440308,0.007407407407407408,93,4049,0.28655913978494624,563,22588
0,100,0.3,0.0,harm,hybrid,0.023,low_risk_q1,0.023,1.0,0,0.9503432512283325,0.00737037037037037,93,4049,0.28655913978494624,563,22588
0,100,0.3,0.0,harm,hybrid,0.023,low_risk_q1,0.023,1.0,0,0.9627727270126343,0.00728395061728395,93,4049,0.28655913978494624,563,22588
0,100,0.3,0.0,harm,hybrid,0.023,low_risk_q1,0.023,1.0,0,0.975202202796936,0.007234567901234568,93,4049,0.2860215053763441,563,22588
0,100,0.3,0.0,harm,hybrid,0.023,low_risk_q1,0.023,1.0,0,0.9876315593719482,0.007111111111111111,93,4049,0.2833333333333333,563,22588
0,100,0.3,0.0,harm,hybrid,0.023,low_risk_q1,0.023,1.0,0,1.00006103515625,0.006975308641975308,93,4049,0.2817204301075269,563,22588
0,100,0.3,0.0,harm,hybrid,0.023,low_risk_q1,0.023,1.0,0,1.0124905109405518,0.006802469135802469,93,4049,0.27741935483870966,563,22588
0,100,0.3,0.0,harm,hybrid,0.023,low_risk_q1,0.023,1.0,0,1.0249199867248535,0.006382716049382716,93,4049,0.25967741935483873,563,22588
0,100,0.3,0.0,harm,hybrid,0.023,low_risk_q1,0.023,1.0,0,1.0373494625091553,0.005617283950617284,93,4049,0.22795698924731186,563,22588
0,100,0.3,0.0,harm,hybrid,0.023,low_risk_q1,0.023,1.0,0,1.049778938293457,0.0047654320987654325,93,4049,0.19247311827956987,563,22588
0,100,0.3,0.0,harm,hybrid,0.023,low_risk_q1,0.023,1.0,0,1.0622084140777588,0.003901234567901235,93,4049,0.15591397849462368,563,22588
0,100,0.3,0.0,harm,hybrid,0.023,low_risk_q1,0.023,1.0,0,1.074637770652771,0.003012345679012346,93,4049,0.117741935483871,563,22588
0,100,0.3,0.0,harm,hybrid,0.023,low_risk_q1,0.023,1.0,0,1.0870672464370728,0.002234567901234568,93,4049,0.08387096774193548,563,22588
0,100,0.3,0.0,harm,hybrid,0.023,low_risk_q1,0.023,1.0,0,1.0994967222213745,0.0017530864197530863,93,4049,0.06397849462365592,563,22588
0,100,0.3,0.0,harm,hybrid,0.023,low_risk_q1,0.023,1.0,0,1.1119261980056763,0.0012469135802469138,93,4049,0.042473118279569885,563,22588
0,100,0.3,0.0,harm,hybrid,0.023,low_risk_q1,0.023,1.0,0,1.124355673789978,0.0009382716049382716,93,4049,0.029569892473118274,563,22588
0,100,0.3,0.0,harm,hybrid,0.023,low_risk_q1,0.023,1.0,0,1.1367850303649902,0.0007530864197530865,93,4049,0.021505376344086023,563,22588
0,100,0.3,0.0,harm,hybrid,0.023,low_risk_q1,0.023,1.0,0,1.149214506149292,0.0006049382716049384,93,4049,0.015053763440860214,563,22588
0,100,0.3,0.0,harm,hybrid,0.023,low_risk_q1,0.023,1.0,0,1.1616439819335938,0.0004814814814814815,93,4049,0.009677419354838708,563,22588
0,100,0.3,0.0,harm,hybrid,0.023,low_risk_q1,0.023,1.0,0,1.1740734577178955,0.0003333333333333333,93,4049,0.0032258064516129037,563,22588
0,100,0.3,0.0,harm,hybrid,0.023,low_risk_q1,0.023,1.0,0,1.1865029335021973,0.0002962962962962963,93,4049,0.0016129032258064518,563,22588
0,100,0.3,0.0,harm,hybrid,0.023,low_risk_q1,0.023,1.0,0,1.198932409286499,0.0002839506172839506,93,4049,0.001075268817204301,563,22588
0,100,0.3,0.0,harm,hybrid,0.023,low_risk_q1,0.023,1.0,0,1.2113618850708008,0.0002469135802469136,93,4049,0.0,563,22588
0,100,0.3,0.0,harm,hybrid,0.023,low_risk_q1,0.023,1.0,0,1.223791241645813,0.0002469135802469136,93,4049,0.0,563,22588
0,100,0.3,0.0,harm,hybrid,0.023,low_risk_q1,0.023,1.0,0,1.2362207174301147,0.0002469135802469136,93,4049,0.0,563,22588
0,100,0.3,0.0,harm,hybrid,0.023,low_risk_q1,0.023,1.0,0,1.2486501932144165,0.0002469135802469136,93,4049,0.0,563,22588
0,100,0.3,0.0,harm,hybrid,0.023,low_risk_q1,0.023,1.0,0,1.2610796689987183,0.0002469135802469136,93,4049,0.0,563,22588
0,100,0.3,0.0,harm,hybrid,0.023,low_risk_q1,0.023,1.0,0,1.27350914478302,0.0002469135802469136,93,4049,0.0,563,22588
0,100,0.3,0.0,harm,hybrid,0.023,low_risk_q1,0.023,1.0,0,1.2859386205673218,0.0002469135802469136,93,4049,0.0,563,22588
0,100,0.3,0.0,harm,hybrid,0.023,low_risk_q1,0.023,1.0,0,1.2983680963516235,0.0002469135802469136,93,4049,0.0,563,22588
0,100,0.3,0.0,harm,hybrid,0.023,low_risk_q1,0.023,1.0,0,1.3107974529266357,0.0002469135802469136,93,4049,0.0,563,22588
0,100,0.3,0.0,harm,hybrid,0.023,low_risk_q1,0.023,1.0,0,1.3232269287109375,0.0002469135802469136,93,4049,0.0,563,22588
0,100,0.3,0.0,harm,hybrid,0.023,low_risk_q1,0.023,1.0,0,1.3356564044952393,0.0002469135802469136,93,4049,0.0,563,22588
0,100,0.3,0.0,harm,hybrid,0.023,low_risk_q1,0.023,1.0,0,1.348085880279541,0.0002469135802469136,93,4049,0.0,563,22588
1,100,0.3,0.0,harm,hybrid,0.023,low_risk_q1,0.023,1.0,0,0.04140770435333252,0.009298892988929889,93,4064,0.30000000000000004,558,22496
1,100,0.3,0.0,harm,hybrid,0.023,low_risk_q1,0.023,1.0,0,0.05379550904035568,0.009298892988929889,93,4064,0.30000000000000004,558,22496
1,100,0.3,0.0,harm,hybrid,0.023,low_risk_q1,0.023,1.0,0,0.06618331372737885,0.009298892988929889,93,4064,0.30000000000000004,558,22496
1,100,0.3,0.0,harm,hybrid,0.023,low_risk_q1,0.023,1.0,0,0.07857111841440201,0.009298892988929889,93,4064,0.30000000000000004,558,22496
1,100,0.3,0.0,harm,hybrid,0.023,low_risk_q1,0.023,1.0,0,0.09095892310142517,0.009298892988929889,93,4064,0.30000000000000004,558,22496
1,100,0.3,0.0,harm,hybrid,0.023,low_risk_q1,0.023,1.0,0,0.10334672778844833,0.009298892988929889,93,4064,0.30000000000000004,558,22496
1,100,0.3,0.0,harm,hybrid,0.023,low_risk_q1,0.023,1.0,0,0.1157345324754715,0.009298892988929889,93,4064,0.30000000000000004,558,22496
1,100,0.3,0.0,harm,hybrid,0.023,low_risk_q1,0.023,1.0,0,0.12812232971191406,0.009298892988929889,93,4064,0.30000000000000004,558,22496
1,100,0.3,0.0,harm,hybrid,0.023,low_risk_q1,0.023,1.0,0,0.14051014184951782,0.009298892988929889,93,4064,0.30000000000000004,558,22496
1,100,0.3,0.0,harm,hybrid,0.023,low_risk_q1,0.023,1.0,0,0.15289795398712158,0.009298892988929889,93,4064,0.30000000000000004,558,22496
1,100,0.3,0.0,harm,hybrid,0.023,low_risk_q1,0.023,1.0,0,0.16528575122356415,0.009298892988929889,93,4064,0.30000000000000004,558,22496
1,100,0.3,0.0,harm,hybrid,0.023,low_risk_q1,0.023,1.0,0,0.1776735484600067,0.009298892988929889,93,4064,0.30000000000000004,558,22496
1,100,0.3,0.0,harm,hybrid,0.023,low_risk_q1,0.023,1.0,0,0.19006136059761047,0.009298892988929889,93,4064,0.30000000000000004,558,22496
1,100,0.3,0.0,harm,hybrid,0.023,low_risk_q1,0.023,1.0,0,0.20244917273521423,0.009298892988929889,93,4064,0.30000000000000004,558,22496
1,100,0.3,0.0,harm,hybrid,0.023,low_risk_q1,0.023,1.0,0,0.2148369699716568,0.009298892988929889,93,4064,0.30000000000000004,558,22496
1,100,0.3,0.0,harm,hybrid,0.023,low_risk_q1,0.023,1.0,0,0.22722476720809937,0.009298892988929889,93,4064,0.30000000000000004,558,22496
1,100,0.3,0.0,harm,hybrid,0.023,low_risk_q1,0.023,1.0,0,0.23961257934570312,0.009298892988929889,93,4064,0.30000000000000004,558,22496
1,100,0.3,0.0,harm,hybrid,0.023,low_risk_q1,0.023,1.0,0,0.2520003914833069,0.009298892988929889,93,4064,0.30000000000000004,558,22496
1,100,0.3,0.0,harm,hybrid,0.023,low_risk_q1,0.023,1.0,0,0.26438820362091064,0.009298892988929889,93,4064,0.30000000000000004,558,22496
1,100,0.3,0.0,harm,hybrid,0.023,low_risk_q1,0.023,1.0,0,0.276775985956192,0.009298892988929889,93,4064,0.30000000000000004,558,22496
1,100,0.3,0.0,harm,hybrid,0.023,low_risk_q1,0.023,1.0,0,0.2891637980937958,0.009298892988929889,93,4064,0.30000000000000004,558,22496
1,100,0.3,0.0,harm,hybrid,0.023,low_risk_q1,0.023,1.0,0,0.30155161023139954,0.009298892988929889,93,4064,0.30000000000000004,558,22496
1,100,0.3,0.0,harm,hybrid,0.023,low_risk_q1,0.023,1.0,0,0.3139393925666809,0.009298892988929889,93,4064,0.30000000000000004,558,22496
1,100,0.3,0.0,harm,hybrid,0.023,low_risk_q1,0.023,1.0,0,0.32632720470428467,0.009298892988929889,93,4064,0.30000000000000004,558,22496
1,100,0.3,0.0,harm,hybrid,0.023,low_risk_q1,0.023,1.0,0,0.3387150168418884,0.009298892988929889,93,4064,0.30000000000000004,558,22496
1,100,0.3,0.0,harm,hybrid,0.023,low_risk_q1,0.023,1.0,0,0.3511028289794922,0.009298892988929889,93,4064,0.30000000000000004,558,22496
1,100,0.3,0.0,harm,hybrid,0.023,low_risk_q1,0.023,1.0,0,0.36349064111709595,0.00927429274292743,93,4064,0.30000000000000004,558,22496
1,100,0.3,0.0,harm,hybrid,0.023,low_risk_q1,0.023,1.0,0,0.3758784234523773,0.0092619926199262,93,4064,0.30000000000000004,558,22496
1,100,0.3,0.0,harm,hybrid,0.023,low_risk_q1,0.023,1.0,0,0.3882662355899811,0.00924969249692497,93,4064,0.30000000000000004,558,22496
1,100,0.3,0.0,harm,hybrid,0.023,low_risk_q1,0.023,1.0,0,0.40065404772758484,0.00923739237392374,93,4064,0.2994623655913979,558,22496
1,100,0.3,0.0,harm,hybrid,0.023,low_risk_q1,0.023,1.0,0,0.4130418300628662,0.009175891758917589,93,4064,0.29677419354838713,558,22496
1,100,0.3,0.0,harm,hybrid,0.023,low_risk_q1,0.023,1.0,0,0.42542964220046997,0.009138991389913899,93,4064,0.2956989247311828,558,22496
1,100,0.3,0.0,harm,hybrid,0.023,low_risk_q1,0.023,1.0,0,0.43781745433807373,0.009052890528905289,93,4064,0.2940860215053764,558,22496
1,100,0.3,0.0,harm,hybrid,0.023,low_risk_q1,0.023,1.0,0,0.4502052664756775,0.009028290282902831,93,4064,0.2935483870967742,558,22496
1,100,0.3,0.0,harm,hybrid,0.023,low_risk_q1,0.023,1.0,0,0.46259307861328125,0.008991389913899138,93,4064,0.2935483870967742,558,22496
1,100,0.3,0.0,harm,hybrid,0.023,low_risk_q1,0.023,1.0,0,0.4749808609485626,0.00888068880688807,93,4064,0.2924731182795699,558,22496
1,100,0.3,0.0,harm,hybrid,0.023,low_risk_q1,0.023,1.0,0,0.4873686730861664,0.00879458794587946,93,4064,0.289247311827957,558,22496
1,100,0.3,0.0,harm,hybrid,0.023,low_risk_q1,0.023,1.0,0,0.49975648522377014,0.00872078720787208,93,4064,0.2849462365591398,558,22496
1,100,0.3,0.0,harm,hybrid,0.023,low_risk_q1,0.023,1.0,0,0.5121442675590515,0.008696186961869617,93,4064,0.2849462365591398,558,22496
1,100,0.3,0.0,harm,hybrid,0.023,low_risk_q1,0.023,1.0,0,0.5245320796966553,0.008573185731857318,93,4064,0.2801075268817204,558,22496
1,100,0.3,0.0,harm,hybrid,0.023,low_risk_q1,0.023,1.0,0,0.536919891834259,0.008487084870848708,93,4064,0.27741935483870966,558,22496
1,100,0.3,0.0,harm,hybrid,0.023,low_risk_q1,0.023,1.0,0,0.5493077039718628,0.0084009840098401,93,4064,0.27580645161290324,558,22496
1,100,0.3,0.0,harm,hybrid,0.023,low_risk_q1,0.023,1.0,0,0.5616955161094666,0.008351783517835179,93,4064,0.2747311827956989,558,22496
1,100,0.3,0.0,harm,hybrid,0.023,low_risk_q1,0.023,1.0,0,0.5740833282470703,0.008302583025830259,93,4064,0.2725806451612903,558,22496
1,100,0.3,0.0,harm,hybrid,0.023,low_risk_q1,0.023,1.0,0,0.5864710807800293,0.008142681426814269,93,4064,0.2698924731182796,558,22496
1,100,0.3,0.0,harm,hybrid,0.023,low_risk_q1,0.023,1.0,0,0.5988588929176331,0.008105781057810579,93,4064,0.267741935483871,558,22496
1,100,0.3,0.0,harm,hybrid,0.023,low_risk_q1,0.023,1.0,0,0.6112467050552368,0.008056580565805658,93,4064,0.2672043010752688,558,22496
1,100,0.3,0.0,harm,hybrid,0.023,low_risk_q1,0.023,1.0,0,0.6236345171928406,0.008044280442804428,93,4064,0.2672043010752688,558,22496
1,100,0.3,0.0,harm,hybrid,0.023,low_risk_q1,0.023,1.0,0,0.6360223293304443,0.008019680196801968,93,4064,0.2672043010752688,558,22496
1,100,0.3,0.0,harm,hybrid,0.023,low_risk_q1,0.023,1.0,0,0.6484101414680481,0.007995079950799507,93,4064,0.2672043010752688,558,22496
1,100,0.3,0.0,harm,hybrid,0.023,low_risk_q1,0.023,1.0,0,0.6607979536056519,0.007970479704797048,93,4064,0.2672043010752688,558,22496
1,100,0.3,0.0,harm,hybrid,0.023,low_risk_q1,0.023,1.0,0,0.6731857657432556,0.007945879458794589,93,4064,0.2672043010752688,558,22496
1,100,0.3,0.0,harm,hybrid,0.023,low_risk_q1,0.023,1.0,0,0.6855735778808594,0.007933579335793358,93,4064,0.2672043010752688,558,22496
1,100,0.3,0.0,harm,hybrid,0.023,low_risk_q1,0.023,1.0,0,0.6979613304138184,0.007896678966789668,93,4064,0.2672043010752688,558,22496
1,100,0.3,0.0,harm,hybrid,0.023,low_risk_q1,0.023,1.0,0,0.7103491425514221,0.007847478474784748,93,4064,0.2672043010752688,558,22496
1,100,0.3,0.0,harm,hybrid,0.023,low_risk_q1,0.023,1.0,0,0.7227369546890259,0.007822878228782287,93,4064,0.2672043010752688,558,22496
1,100,0.3,0.0,harm,hybrid,0.023,low_risk_q1,0.023,1.0,0,0.7351247668266296,0.007822878228782287,93,4064,0.2672043010752688,558,22496
1,100,0.3,0.0,harm,hybrid,0.023,low_risk_q1,0.023,1.0,0,0.7475125789642334,0.007749077490774908,93,4064,0.2672043010752688,558,22496
1,100,0.3,0.0,harm,hybrid,0.023,low_risk_q1,0.023,1.0,0,0.7599003911018372,0.007675276752767527,93,4064,0.2672043010752688,558,22496
1,100,0.3,0.0,harm,hybrid,0.023,low_risk_q1,0.023,1.0,0,0.7722882032394409,0.007601476014760147,93,4064,0.2672043010752688,558,22496
1,100,0.3,0.0,harm,hybrid,0.023,low_risk_q1,0.023,1.0,0,0.7846759557723999,0.0075645756457564575,93,4064,0.2672043010752688,558,22496
1,100,0.3,0.0,harm,hybrid,0.023,low_risk_q1,0.023,1.0,0,0.7970637679100037,0.007515375153751537,93,4064,0.2672043010752688,558,22496
1,100,0.3,0.0,harm,hybrid,0.023,low_risk_q1,0.023,1.0,0,0.8094515800476074,0.007453874538745387,93,4064,0.2672043010752688,558,22496
1,100,0.3,0.0,harm,hybrid,0.023,low_risk_q1,0.023,1.0,0,0.8218393921852112,0.007306273062730627,93,4064,0.2672043010752688,558,22496
1,100,0.3,0.0,harm,hybrid,0.023,low_risk_q1,0.023,1.0,0,0.8342272043228149,0.007195571955719557,93,4064,0.2672043010752688,558,22496
1,100,0.3,0.0,harm,hybrid,0.023,low_risk_q1,0.023,1.0,0,0.8466150164604187,0.007035670356703567,93,4064,0.2672043010752688,558,22496
1,100,0.3,0.0,harm,hybrid,0.023,low_risk_q1,0.023,1.0,0,0.8590028285980225,0.006949569495694957,93,4064,0.2672043010752688,558,22496
1,100,0.3,0.0,harm,hybrid,0.023,low_risk_q1,0.023,1.0,0,0.8713906407356262,0.0069126691266912675,93,4064,0.2672043010752688,558,22496
1,100,0.3,0.0,harm,hybrid,0.023,low_risk_q1,0.023,1.0,0,0.88377845287323,0.006863468634686347,93,4064,0.2672043010752688,558,22496
1,100,0.3,0.0,harm,hybrid,0.023,low_risk_q1,0.023,1.0,0,0.896166205406189,0.006765067650676506,93,4064,0.2661290322580645,558,22496
1,100,0.3,0.0,harm,hybrid,0.023,low_risk_q1,0.023,1.0,0,0.9085540175437927,0.006691266912669127,93,4064,0.2655913978494624,558,22496
1,100,0.3,0.0,harm,hybrid,0.023,low_risk_q1,0.023,1.0,0,0.9209418296813965,0.006506765067650676,93,4064,0.2623655913978495,558,22496
1,100,0.3,0.0,harm,hybrid,0.023,low_risk_q1,0.023,1.0,0,0.9333296418190002,0.006285362853628537,93,4064,0.25430107526881723,558,22496
1,100,0.3,0.0,harm,hybrid,0.023,low_risk_q1,0.023,1.0,0,0.945717453956604,0.005965559655596557,93,4064,0.2430107526881721,558,22496
1,100,0.3,0.0,harm,hybrid,0.023,low_risk_q1,0.023,1.0,0,0.9581052660942078,0.005387453874538746,93,4064,0.21935483870967745,558,22496
1,100,0.3,0.0,harm,hybrid,0.023,low_risk_q1,0.023,1.0,0,0.9704930782318115,0.004907749077490776,93,4064,0.19838709677419358,558,22496
1,100,0.3,0.0,harm,hybrid,0.023,low_risk_q1,0.023,1.0,0,0.9828808307647705,0.004268142681426815,93,4064,0.17204301075268819,558,22496
1,100,0.3,0.0,harm,hybrid,0.023,low_risk_q1,0.023,1.0,0,0.9952686429023743,0.0036162361623616234,93,4064,0.14408602150537636,558,22496
1,100,0.3,0.0,harm,hybrid,0.023,low_risk_q1,0.023,1.0,0,1.007656455039978,0.002804428044280443,93,4064,0.10967741935483873,558,22496
1,100,0.3,0.0,harm,hybrid,0.023,low_risk_q1,0.023,1.0,0,1.0200443267822266,0.0022263222632226323,93,4064,0.08440860215053764,558,22496
1,100,0.3,0.0,harm,hybrid,0.023,low_risk_q1,0.023,1.0,0,1.0324320793151855,0.0013776137761377612,93,4064,0.04838709677419355,558,22496
1,100,0.3,0.0,harm,hybrid,0.023,low_risk_q1,0.023,1.0,0,1.0448198318481445,0.0009594095940959411,93,4064,0.03010752688172043,558,22496
1,100,0.3,0.0,harm,hybrid,0.023,low_risk_q1,0.023,1.0,0,1.057207703590393,0.0007626076260762607,93,4064,0.021505376344086023,558,22496
1,100,0.3,0.0,harm,hybrid,0.023,low_risk_q1,0.023,1.0,0,1.069595456123352,0.0005904059040590406,93,4064,0.013978494623655914,558,22496
1,100,0.3,0.0,harm,hybrid,0.023,low_risk_q1,0.023,1.0,0,1.0819833278656006,0.00046740467404674045,93,4064,0.008602150537634409,558,22496
1,100,0.3,0.0,harm,hybrid,0.023,low_risk_q1,0.023,1.0,0,1.0943710803985596,0.00036900369003690036,93,4064,0.004838709677419356,558,22496
1,100,0.3,0.0,harm,hybrid,0.023,low_risk_q1,0.023,1.0,0,1.106758952140808,0.0003321033210332103,93,4064,0.003763440860215054,558,22496
1,100,0.3,0.0,harm,hybrid,0.023,low_risk_q1,0.023,1.0,0,1.119146704673767,0.00030750307503075026,93,4064,0.002688172043010753,558,22496
1,100,0.3,0.0,harm,hybrid,0.023,low_risk_q1,0.023,1.0,0,1.131534457206726,0.00029520295202952026,93,4064,0.002150537634408602,558,22496
1,100,0.3,0.0,harm,hybrid,0.023,low_risk_q1,0.023,1.0,0,1.1439223289489746,0.00027060270602706027,93,4064,0.001075268817204301,558,22496
1,100,0.3,0.0,harm,hybrid,0.023,low_risk_q1,0.023,1.0,0,1.1563100814819336,0.00027060270602706027,93,4064,0.001075268817204301,558,22496
1,100,0.3,0.0,harm,hybrid,0.023,low_risk_q1,0.023,1.0,0,1.1686979532241821,0.00027060270602706027,93,4064,0.001075268817204301,558,22496
1,100,0.3,0.0,harm,hybrid,0.023,low_risk_q1,0.023,1.0,0,1.1810857057571411,0.00027060270602706027,93,4064,0.001075268817204301,558,22496
1,100,0.3,0.0,harm,hybrid,0.023,low_risk_q1,0.023,1.0,0,1.1934735774993896,0.0002583025830258302,93,4064,0.0005376344086021505,558,22496
1,100,0.3,0.0,harm,hybrid,0.023,low_risk_q1,0.023,1.0,0,1.2058613300323486,0.0002583025830258302,93,4064,0.0005376344086021505,558,22496
1,100,0.3,0.0,harm,hybrid,0.023,low_risk_q1,0.023,1.0,0,1.2182492017745972,0.0002460024600246002,93,4064,0.0,558,22496
1,100,0.3,0.0,harm,hybrid,0.023,low_risk_q1,0.023,1.0,0,1.2306369543075562,0.0002460024600246002,93,4064,0.0,558,22496
1,100,0.3,0.0,harm,hybrid,0.023,low_risk_q1,0.023,1.0,0,1.2430247068405151,0.0002460024600246002,93,4064,0.0,558,22496
1,100,0.3,0.0,harm,hybrid,0.023,low_risk_q1,0.023,1.0,0,1.2554125785827637,0.0002460024600246002,93,4064,0.0,558,22496
1,100,0.3,0.0,harm,hybrid,0.023,low_risk_q1,0.023,1.0,0,1.2678003311157227,0.0002460024600246002,93,4064,0.0,558,22496
2,100,0.3,0.0,harm,hybrid,0.023,low_risk_q1,0.023,1.0,0,0.03058314323425293,0.009370388588293163,93,4065,0.3037634408602151,565,22848
2,100,0.3,0.0,harm,hybrid,0.023,low_risk_q1,0.023,1.0,0,0.04363076761364937,0.009370388588293163,93,4065,0.3037634408602151,565,22848
2,100,0.3,0.0,harm,hybrid,0.023,low_risk_q1,0.023,1.0,0,0.05667839199304581,0.009370388588293163,93,4065,0.3037634408602151,565,22848
2,100,0.3,0.0,harm,hybrid,0.023,low_risk_q1,0.023,1.0,0,0.06972602009773254,0.009370388588293163,93,4065,0.3037634408602151,565,22848
2,100,0.3,0.0,harm,hybrid,0.023,low_risk_q1,0.023,1.0,0,0.08277364075183868,0.009370388588293163,93,4065,0.3037634408602151,565,22848
2,100,0.3,0.0,harm,hybrid,0.023,low_risk_q1,0.023,1.0,0,0.09582126885652542,0.009370388588293163,93,4065,0.3037634408602151,565,22848
2,100,0.3,0.0,harm,hybrid,0.023,low_risk_q1,0.023,1.0,0,0.10886889696121216,0.009370388588293163,93,4065,0.3037634408602151,565,22848
2,100,0.3,0.0,harm,hybrid,0.023,low_risk_q1,0.023,1.0,0,0.1219165176153183,0.009370388588293163,93,4065,0.3037634408602151,565,22848
2,100,0.3,0.0,harm,hybrid,0.023,low_risk_q1,0.023,1.0,0,0.13496413826942444,0.009370388588293163,93,4065,0.3037634408602151,565,22848
2,100,0.3,0.0,harm,hybrid,0.023,low_risk_q1,0.023,1.0,0,0.14801177382469177,0.009370388588293163,93,4065,0.3037634408602151,565,22848
2,100,0.3,0.0,harm,hybrid,0.023,low_risk_q1,0.023,1.0,0,0.1610593944787979,0.009370388588293163,93,4065,0.3037634408602151,565,22848
2,100,0.3,0.0,harm,hybrid,0.023,low_risk_q1,0.023,1.0,0,0.17410701513290405,0.009370388588293163,93,4065,0.3037634408602151,565,22848
2,100,0.3,0.0,harm,hybrid,0.023,low_risk_q1,0.023,1.0,0,0.1871546506881714,0.009370388588293163,93,4065,0.3037634408602151,565,22848
2,100,0.3,0.0,harm,hybrid,0.023,low_risk_q1,0.023,1.0,0,0.20020227134227753,0.009370388588293163,93,4065,0.3037634408602151,565,22848
2,100,0.3,0.0,harm,hybrid,0.023,low_risk_q1,0.023,1.0,0,0.21324989199638367,0.009370388588293163,93,4065,0.3037634408602151,565,22848
2,100,0.3,0.0,harm,hybrid,0.023,low_risk_q1,0.023,1.0,0,0.226297527551651,0.009370388588293163,93,4065,0.3037634408602151,565,22848
2,100,0.3,0.0,harm,hybrid,0.023,low_risk_q1,0.023,1.0,0,0.23934514820575714,0.009370388588293163,93,4065,0.3037634408602151,565,22848
2,100,0.3,0.0,harm,hybrid,0.023,low_risk_q1,0.023,1.0,0,0.2523927688598633,0.009370388588293163,93,4065,0.3037634408602151,565,22848
2,100,0.3,0.0,harm,hybrid,0.023,low_risk_q1,0.023,1.0,0,0.2654404044151306,0.009370388588293163,93,4065,0.3037634408602151,565,22848
2,100,0.3,0.0,harm,hybrid,0.023,low_risk_q1,0.023,1.0,0,0.27848803997039795,0.009370388588293163,93,4065,0.3037634408602151,565,22848
2,100,0.3,0.0,harm,hybrid,0.023,low_risk_q1,0.023,1.0,0,0.2915356457233429,0.009370388588293163,93,4065,0.3037634408602151,565,22848
2,100,0.3,0.0,harm,hybrid,0.023,low_risk_q1,0.023,1.0,0,0.30458328127861023,0.009358091490408262,93,4065,0.3037634408602151,565,22848
2,100,0.3,0.0,harm,hybrid,0.023,low_risk_q1,0.023,1.0,0,0.3176308870315552,0.009358091490408262,93,4065,0.3037634408602151,565,22848
2,100,0.3,0.0,harm,hybrid,0.023,low_risk_q1,0.023,1.0,0,0.3306785225868225,0.009358091490408262,93,4065,0.3037634408602151,565,22848
2,100,0.3,0.0,harm,hybrid,0.023,low_risk_q1,0.023,1.0,0,0.34372615814208984,0.009358091490408262,93,4065,0.3037634408602151,565,22848
2,100,0.3,0.0,harm,hybrid,0.023,low_risk_q1,0.023,1.0,0,0.3567737638950348,0.009358091490408262,93,4065,0.3037634408602151,565,22848
2,100,0.3,0.0,harm,hybrid,0.023,low_risk_q1,0.023,1.0,0,0.3698213994503021,0.009358091490408262,93,4065,0.3037634408602151,565,22848
2,100,0.3,0.0,harm,hybrid,0.023,low_risk_q1,0.023,1.0,0,0.38286903500556946,0.009345794392523364,93,4065,0.3037634408602151,565,22848
2,100,0.3,0.0,harm,hybrid,0.023,low_risk_q1,0.023,1.0,0,0.3959166407585144,0.009321200196753565,93,4065,0.3037634408602151,565,22848
2,100,0.3,0.0,harm,hybrid,0.023,low_risk_q1,0.023,1.0,0,0.40896427631378174,0.009321200196753565,93,4065,0.3037634408602151,565,22848
2,100,0.3,0.0,harm,hybrid,0.023,low_risk_q1,0.023,1.0,0,0.4220119118690491,0.009284308903098868,93,4065,0.3037634408602151,565,22848
2,100,0.3,0.0,harm,hybrid,0.023,low_risk_q1,0.023,1.0,0,0.435059517621994,0.00924741760944417,93,4065,0.3037634408602151,565,22848
2,100,0.3,0.0,harm,hybrid,0.023,low_risk_q1,0.023,1.0,0,0.44810715317726135,0.00924741760944417,93,4065,0.3037634408602151,565,22848
2,100,0.3,0.0,harm,hybrid,0.023,low_risk_q1,0.023,1.0,0,0.4611547887325287,0.009222823413674372,93,4065,0.3037634408602151,565,22848
2,100,0.3,0.0,harm,hybrid,0.023,low_risk_q1,0.023,1.0,0,0.47420239448547363,0.009210526315789473,93,4065,0.30322580645161296,565,22848
2,100,0.3,0.0,harm,hybrid,0.023,low_risk_q1,0.023,1.0,0,0.48725003004074097,0.009173635022134774,93,4065,0.3026881720430108,565,22848
2,100,0.3,0.0,harm,hybrid,0.023,low_risk_q1,0.023,1.0,0,0.5002976655960083,0.009136743728480078,93,4065,0.3010752688172043,565,22848
2,100,0.3,0.0,harm,hybrid,0.023,low_risk_q1,0.023,1.0,0,0.5133452415466309,0.00909985243482538,93,4065,0.3010752688172043,565,22848
2,100,0.3,0.0,harm,hybrid,0.023,low_risk_q1,0.023,1.0,0,0.526392936706543,0.008989178553861287,93,4065,0.2978494623655914,565,22848
2,100,0.3,0.0,harm,hybrid,0.023,low_risk_q1,0.023,1.0,0,0.5394405126571655,0.008903098868666994,93,4065,0.29462365591397854,565,22848
2,100,0.3,0.0,harm,hybrid,0.023,low_risk_q1,0.023,1.0,0,0.5524881482124329,0.008841613379242498,93,4065,0.2935483870967742,565,22848
2,100,0.3,0.0,harm,hybrid,0.023,low_risk_q1,0.023,1.0,0,0.5655357837677002,0.0088047220855878,93,4065,0.2924731182795699,565,22848
2,100,0.3,0.0,harm,hybrid,0.023,low_risk_q1,0.023,1.0,0,0.5785834193229675,0.008718642400393507,93,4065,0.29086021505376347,565,22848
2,100,0.3,0.0,harm,hybrid,0.023,low_risk_q1,0.023,1.0,0,0.5916310548782349,0.008595671421544514,93,4065,0.28655913978494624,565,22848
2,100,0.3,0.0,harm,hybrid,0.023,low_risk_q1,0.023,1.0,0,0.6046786308288574,0.008558780127889817,93,4065,0.2860215053763441,565,22848
2,100,0.3,0.0,harm,hybrid,0.023,low_risk_q1,0.023,1.0,0,0.6177262663841248,0.008435809149040826,93,4065,0.28440860215053765,565,22848
2,100,0.3,0.0,harm,hybrid,0.023,low_risk_q1,0.023,1.0,0,0.6307739019393921,0.008386620757501228,93,4065,0.28279569892473116,565,22848
2,100,0.3,0.0,harm,hybrid,0.023,low_risk_q1,0.023,1.0,0,0.6438215374946594,0.008337432365961633,93,4065,0.2817204301075269,565,22848
2,100,0.3,0.0,harm,hybrid,0.023,low_risk_q1,0.023,1.0,0,0.6568691730499268,0.008325135268076734,93,4065,0.2817204301075269,565,22848
2,100,0.3,0.0,harm,hybrid,0.023,low_risk_q1,0.023,1.0,0,0.6699168086051941,0.008300541072306935,93,4065,0.2817204301075269,565,22848
2,100,0.3,0.0,harm,hybrid,0.023,low_risk_q1,0.023,1.0,0,0.6829643845558167,0.008263649778652238,93,4065,0.2817204301075269,565,22848
2,100,0.3,0.0,harm,hybrid,0.023,low_risk_q1,0.023,1.0,0,0.696012020111084,0.008226758484997541,93,4065,0.2817204301075269,565,22848
2,100,0.3,0.0,harm,hybrid,0.023,low_risk_q1,0.023,1.0,0,0.7090596556663513,0.008214461387112642,93,4065,0.2817204301075269,565,22848
2,100,0.3,0.0,harm,hybrid,0.023,low_risk_q1,0.023,1.0,0,0.7221072912216187,0.00818986719134284,93,4065,0.2817204301075269,565,22848
2,100,0.3,0.0,harm,hybrid,0.023,low_risk_q1,0.023,1.0,0,0.735154926776886,0.008152975897688144,93,4065,0.2817204301075269,565,22848
2,100,0.3,0.0,harm,hybrid,0.023,low_risk_q1,0.023,1.0,0,0.7482025623321533,0.008128381701918347,93,4065,0.2817204301075269,565,22848
2,100,0.3,0.0,harm,hybrid,0.023,low_risk_q1,0.023,1.0,0,0.7612501382827759,0.008091490408263648,93,4065,0.2817204301075269,565,22848
2,100,0.3,0.0,harm,hybrid,0.023,low_risk_q1,0.023,1.0,0,0.7742977738380432,0.008017707820954255,93,4065,0.2817204301075269,565,22848
2,100,0.3,0.0,harm,hybrid,0.023,low_risk_q1,0.023,1.0,0,0.7873454093933105,0.007968519429414659,93,4065,0.2817204301075269,565,22848
2,100,0.3,0.0,harm,hybrid,0.023,low_risk_q1,0.023,1.0,0,0.8003930449485779,0.00794392523364486,93,4065,0.2817204301075269,565,22848
2,100,0.3,0.0,harm,hybrid,0.023,low_risk_q1,0.023,1.0,0,0.8134406805038452,0.007857845548450565,93,4065,0.2817204301075269,565,22848
2,100,0.3,0.0,harm,hybrid,0.023,low_risk_q1,0.023,1.0,0,0.8264883160591125,0.00777176586325627,93,4065,0.2817204301075269,565,22848
2,100,0.3,0.0,harm,hybrid,0.023,low_risk_q1,0.023,1.0,0,0.8395358920097351,0.007734874569601574,93,4065,0.2817204301075269,565,22848
2,100,0.3,0.0,harm,hybrid,0.023,low_risk_q1,0.023,1.0,0,0.8525835275650024,0.007661091982292179,93,4065,0.2817204301075269,565,22848
2,100,0.3,0.0,harm,hybrid,0.023,low_risk_q1,0.023,1.0,0,0.8656311631202698,0.007525823905558288,93,4065,0.2817204301075269,565,22848
2,100,0.3,0.0,harm,hybrid,0.023,low_risk_q1,0.023,1.0,0,0.8786787986755371,0.007439744220363993,93,4065,0.2817204301075269,565,22848
2,100,0.3,0.0,harm,hybrid,0.023,low_risk_q1,0.023,1.0,0,0.8917264342308044,0.007304476143630102,93,4065,0.2817204301075269,565,22848
2,100,0.3,0.0,harm,hybrid,0.023,low_risk_q1,0.023,1.0,0,0.904774010181427,0.007230693556320707,93,4065,0.2817204301075269,565,22848
2,100,0.3,0.0,harm,hybrid,0.023,low_risk_q1,0.023,1.0,0,0.9178216457366943,0.007156910969011314,93,4065,0.2817204301075269,565,22848
2,100,0.3,0.0,harm,hybrid,0.023,low_risk_q1,0.023,1.0,0,0.9308692812919617,0.007083128381701917,93,4065,0.2817204301075269,565,22848
2,100,0.3,0.0,harm,hybrid,0.023,low_risk_q1,0.023,1.0,0,0.943916916847229,0.006997048696507624,93,4065,0.2817204301075269,565,22848
2,100,0.3,0.0,harm,hybrid,0.023,low_risk_q1,0.023,1.0,0,0.9569645524024963,0.00691096901131333,93,4065,0.28118279569892474,565,22848
2,100,0.3,0.0,harm,hybrid,0.023,low_risk_q1,0.023,1.0,0,0.9700121879577637,0.0067634038366945395,93,4065,0.27580645161290324,565,22848
2,100,0.3,0.0,harm,hybrid,0.023,low_risk_q1,0.023,1.0,0,0.9830597639083862,0.006554353172651254,93,4065,0.26827956989247315,565,22848
2,100,0.3,0.0,harm,hybrid,0.023,low_risk_q1,0.023,1.0,0,0.9961073994636536,0.00616084604033448,93,4065,0.25215053763440853,565,22848
2,100,0.3,0.0,harm,hybrid,0.023,low_risk_q1,0.023,1.0,0,1.009155035018921,0.005484505656665027,93,4065,0.22580645161290322,565,22848
2,100,0.3,0.0,harm,hybrid,0.023,low_risk_q1,0.023,1.0,0,1.022202730178833,0.004611411706837186,93,4065,0.18870967741935488,565,22848
2,100,0.3,0.0,harm,hybrid,0.023,low_risk_q1,0.023,1.0,0,1.0352503061294556,0.0038735858337432365,93,4065,0.1564516129032258,565,22848
2,100,0.3,0.0,harm,hybrid,0.023,low_risk_q1,0.023,1.0,0,1.0482978820800781,0.002926709296606001,93,4065,0.1155913978494624,565,22848
2,100,0.3,0.0,harm,hybrid,0.023,low_risk_q1,0.023,1.0,0,1.0613455772399902,0.002102803738317757,93,4065,0.07956989247311828,565,22848
2,100,0.3,0.0,harm,hybrid,0.023,low_risk_q1,0.023,1.0,0,1.0743931531906128,0.0016109198229217903,93,4065,0.058064516129032254,565,22848
2,100,0.3,0.0,harm,hybrid,0.023,low_risk_q1,0.023,1.0,0,1.087440848350525,0.0011805213969503198,93,4065,0.03924731182795699,565,22848
2,100,0.3,0.0,harm,hybrid,0.023,low_risk_q1,0.023,1.0,0,1.1004884243011475,0.0008484997540580423,93,4065,0.026344086021505373,565,22848
2,100,0.3,0.0,harm,hybrid,0.023,low_risk_q1,0.023,1.0,0,1.11353600025177,0.0006640432857845549,93,4065,0.01827956989247312,565,22848
2,100,0.3,0.0,harm,hybrid,0.023,low_risk_q1,0.023,1.0,0,1.1265836954116821,0.0005164781111657649,93,4065,0.011827956989247313,565,22848
2,100,0.3,0.0,harm,hybrid,0.023,low_risk_q1,0.023,1.0,0,1.1396312713623047,0.00047958681751106736,93,4065,0.01021505376344086,565,22848
2,100,0.3,0.0,harm,hybrid,0.023,low_risk_q1,0.023,1.0,0,1.1526789665222168,0.0003689129365469749,93,4065,0.005376344086021506,565,22848
2,100,0.3,0.0,harm,hybrid,0.023,low_risk_q1,0.023,1.0,0,1.1657265424728394,0.0003197245450073783,93,4065,0.0032258064516129037,565,22848
2,100,0.3,0.0,harm,hybrid,0.023,low_risk_q1,0.023,1.0,0,1.178774118423462,0.0002705361534677816,93,4065,0.001075268817204301,565,22848
2,100,0.3,0.0,harm,hybrid,0.023,low_risk_q1,0.023,1.0,0,1.191821813583374,0.00024594195769798326,93,4065,0.0,565,22848
2,100,0.3,0.0,harm,hybrid,0.023,low_risk_q1,0.023,1.0,0,1.2048693895339966,0.00024594195769798326,93,4065,0.0,565,22848
2,100,0.3,0.0,harm,hybrid,0.023,low_risk_q1,0.023,1.0,0,1.2179170846939087,0.00024594195769798326,93,4065,0.0,565,22848
2,100,0.3,0.0,harm,hybrid,0.023,low_risk_q1,0.023,1.0,0,1.2309646606445312,0.00024594195769798326,93,4065,0.0,565,22848
2,100,0.3,0.0,harm,hybrid,0.023,low_risk_q1,0.023,1.0,0,1.2440123558044434,0.00024594195769798326,93,4065,0.0,565,22848
2,100,0.3,0.0,harm,hybrid,0.023,low_risk_q1,0.023,1.0,0,1.257059931755066,0.00024594195769798326,93,4065,0.0,565,22848
2,100,0.3,0.0,harm,hybrid,0.023,low_risk_q1,0.023,1.0,0,1.2701075077056885,0.00024594195769798326,93,4065,0.0,565,22848
2,100,0.3,0.0,harm,hybrid,0.023,low_risk_q1,0.023,1.0,0,1.2831552028656006,0.00024594195769798326,93,4065,0.0,565,22848
2,100,0.3,0.0,harm,hybrid,0.023,low_risk_q1,0.023,1.0,0,1.2962027788162231,0.00024594195769798326,93,4065,0.0,565,22848
2,100,0.3,0.0,harm,hybrid,0.023,low_risk_q1,0.023,1.0,0,1.3092504739761353,0.00024594195769798326,93,4065,0.0,565,22848
2,100,0.3,0.0,harm,hybrid,0.023,low_risk_q1,0.023,1.0,0,1.3222980499267578,0.00024594195769798326,93,4065,0.0,565,22848
3,100,0.3,0.0,harm,hybrid,0.023,low_risk_q1,0.023,1.0,0,0.05018720030784607,0.009101012595702644,93,4048,0.30053763440860215,559,22661
3,100,0.3,0.0,harm,hybrid,0.023,low_risk_q1,0.023,1.0,0,0.06261549144983292,0.009101012595702644,93,4048,0.30053763440860215,559,22661
3,100,0.3,0.0,harm,hybrid,0.023,low_risk_q1,0.023,1.0,0,0.07504378259181976,0.009101012595702644,93,4048,0.30053763440860215,559,22661
3,100,0.3,0.0,harm,hybrid,0.023,low_risk_q1,0.023,1.0,0,0.08747208118438721,0.009101012595702644,93,4048,0.30053763440860215,559,22661
3,100,0.3,0.0,harm,hybrid,0.023,low_risk_q1,0.023,1.0,0,0.09990036487579346,0.009101012595702644,93,4048,0.30053763440860215,559,22661
3,100,0.3,0.0,harm,hybrid,0.023,low_risk_q1,0.023,1.0,0,0.1123286634683609,0.009101012595702644,93,4048,0.30053763440860215,559,22661
3,100,0.3,0.0,harm,hybrid,0.023,low_risk_q1,0.023,1.0,0,0.12475695461034775,0.009101012595702644,93,4048,0.30053763440860215,559,22661
3,100,0.3,0.0,harm,hybrid,0.023,low_risk_q1,0.023,1.0,0,0.1371852457523346,0.009101012595702644,93,4048,0.30053763440860215,559,22661
3,100,0.3,0.0,harm,hybrid,0.023,low_risk_q1,0.023,1.0,0,0.14961352944374084,0.009101012595702644,93,4048,0.30053763440860215,559,22661
3,100,0.3,0.0,harm,hybrid,0.023,low_risk_q1,0.023,1.0,0,0.1620418280363083,0.009101012595702644,93,4048,0.30053763440860215,559,22661
3,100,0.3,0.0,harm,hybrid,0.023,low_risk_q1,0.023,1.0,0,0.17447012662887573,0.009101012595702644,93,4048,0.30053763440860215,559,22661
3,100,0.3,0.0,harm,hybrid,0.023,low_risk_q1,0.023,1.0,0,0.18689841032028198,0.009101012595702644,93,4048,0.30053763440860215,559,22661
3,100,0.3,0.0,harm,hybrid,0.023,low_risk_q1,0.023,1.0,0,0.19932670891284943,0.009101012595702644,93,4048,0.30053763440860215,559,22661
3,100,0.3,0.0,harm,hybrid,0.023,low_risk_q1,0.023,1.0,0,0.21175499260425568,0.009101012595702644,93,4048,0.30053763440860215,559,22661
3,100,0.3,0.0,harm,hybrid,0.023,low_risk_q1,0.023,1.0,0,0.22418329119682312,0.009101012595702644,93,4048,0.30053763440860215,559,22661
3,100,0.3,0.0,harm,hybrid,0.023,low_risk_q1,0.023,1.0,0,0.23661157488822937,0.009101012595702644,93,4048,0.30053763440860215,559,22661
3,100,0.3,0.0,harm,hybrid,0.023,low_risk_q1,0.023,1.0,0,0.24903987348079681,0.009101012595702644,93,4048,0.30053763440860215,559,22661
3,100,0.3,0.0,harm,hybrid,0.023,low_risk_q1,0.023,1.0,0,0.26146817207336426,0.009101012595702644,93,4048,0.30053763440860215,559,22661
3,100,0.3,0.0,harm,hybrid,0.023,low_risk_q1,0.023,1.0,0,0.2738964557647705,0.009088663867621635,93,4048,0.30053763440860215,559,22661
3,100,0.3,0.0,harm,hybrid,0.023,low_risk_q1,0.023,1.0,0,0.28632473945617676,0.009088663867621635,93,4048,0.30053763440860215,559,22661
3,100,0.3,0.0,harm,hybrid,0.023,low_risk_q1,0.023,1.0,0,0.298753023147583,0.009088663867621635,93,4048,0.30053763440860215,559,22661
3,100,0.3,0.0,harm,hybrid,0.023,low_risk_q1,0.023,1.0,0,0.31118133664131165,0.009088663867621635,93,4048,0.30053763440860215,559,22661
3,100,0.3,0.0,harm,hybrid,0.023,low_risk_q1,0.023,1.0,0,0.3236096203327179,0.009088663867621635,93,4048,0.30053763440860215,559,22661
3,100,0.3,0.0,harm,hybrid,0.023,low_risk_q1,0.023,1.0,0,0.33603790402412415,0.009088663867621635,93,4048,0.30053763440860215,559,22661
3,100,0.3,0.0,harm,hybrid,0.023,low_risk_q1,0.023,1.0,0,0.3484662175178528,0.009088663867621635,93,4048,0.30053763440860215,559,22661
3,100,0.3,0.0,harm,hybrid,0.023,low_risk_q1,0.023,1.0,0,0.36089450120925903,0.009088663867621635,93,4048,0.30053763440860215,559,22661
3,100,0.3,0.0,harm,hybrid,0.023,low_risk_q1,0.023,1.0,0,0.3733227849006653,0.009076315139540627,93,4048,0.30053763440860215,559,22661
3,100,0.3,0.0,harm,hybrid,0.023,low_risk_q1,0.023,1.0,0,0.3857510983943939,0.009063966411459621,93,4048,0.30053763440860215,559,22661
3,100,0.3,0.0,harm,hybrid,0.023,low_risk_q1,0.023,1.0,0,0.39817938208580017,0.009051617683378612,93,4048,0.30053763440860215,559,22661
3,100,0.3,0.0,harm,hybrid,0.023,low_risk_q1,0.023,1.0,0,0.4106076657772064,0.009039268955297605,93,4048,0.30053763440860215,559,22661
3,100,0.3,0.0,harm,hybrid,0.023,low_risk_q1,0.023,1.0,0,0.42303594946861267,0.009039268955297605,93,4048,0.2994623655913978,559,22661
3,100,0.3,0.0,harm,hybrid,0.023,low_risk_q1,0.023,1.0,0,0.4354642629623413,0.00901457149913559,93,4048,0.2983870967741935,559,22661
3,100,0.3,0.0,harm,hybrid,0.023,low_risk_q1,0.023,1.0,0,0.44789254665374756,0.008989874042973576,93,4048,0.2978494623655914,559,22661
3,100,0.3,0.0,harm,hybrid,0.023,low_risk_q1,0.023,1.0,0,0.4603208303451538,0.008977525314892565,93,4048,0.2973118279569893,559,22661
3,100,0.3,0.0,harm,hybrid,0.023,low_risk_q1,0.023,1.0,0,0.47274914383888245,0.008952827858730552,93,4048,0.29623655913978497,559,22661
3,100,0.3,0.0,harm,hybrid,0.023,low_risk_q1,0.023,1.0,0,0.4851774275302887,0.00891578167448753,93,4048,0.29516129032258065,559,22661
3,100,0.3,0.0,harm,hybrid,0.023,low_risk_q1,0.023,1.0,0,0.49760571122169495,0.008866386762163496,93,4048,0.2940860215053763,559,22661
3,100,0.3,0.0,harm,hybrid,0.023,low_risk_q1,0.023,1.0,0,0.5100339651107788,0.008816991849839468,93,4048,0.29193548387096774,559,22661
3,100,0.3,0.0,harm,hybrid,0.023,low_risk_q1,0.023,1.0,0,0.5224623084068298,0.008718202025191406,93,4048,0.29086021505376347,559,22661
3,100,0.3,0.0,harm,hybrid,0.023,low_risk_q1,0.023,1.0,0,0.5348905920982361,0.008619412200543342,93,4048,0.2854838709677419,559,22661
3,100,0.3,0.0,harm,hybrid,0.023,low_risk_q1,0.023,1.0,0,0.5473188757896423,0.00853297110397629,93,4048,0.2833333333333333,559,22661
3,100,0.3,0.0,harm,hybrid,0.023,low_risk_q1,0.023,1.0,0,0.5597472190856934,0.008446530007409237,93,4048,0.2801075268817204,559,22661
3,100,0.3,0.0,harm,hybrid,0.023,low_risk_q1,0.023,1.0,0,0.5721755027770996,0.008372437638923192,93,4048,0.2779569892473118,559,22661
3,100,0.3,0.0,harm,hybrid,0.023,low_risk_q1,0.023,1.0,0,0.5846037864685059,0.008285996542356136,93,4048,0.27580645161290324,559,22661
3,100,0.3,0.0,harm,hybrid,0.023,low_risk_q1,0.023,1.0,0,0.5970320701599121,0.00827364781427513,93,4048,0.27580645161290324,559,22661
3,100,0.3,0.0,harm,hybrid,0.023,low_risk_q1,0.023,1.0,0,0.6094603538513184,0.008199555445789083,93,4048,0.2736559139784946,559,22661
3,100,0.3,0.0,harm,hybrid,0.023,low_risk_q1,0.023,1.0,0,0.6218886375427246,0.00817485798962707,93,4048,0.27311827956989243,559,22661
3,100,0.3,0.0,harm,hybrid,0.023,low_risk_q1,0.023,1.0,0,0.6343169212341309,0.008125463077303038,93,4048,0.27311827956989243,559,22661
3,100,0.3,0.0,harm,hybrid,0.023,low_risk_q1,0.023,1.0,0,0.6467452049255371,0.008113114349222031,93,4048,0.2725806451612903,559,22661
3,100,0.3,0.0,harm,hybrid,0.023,low_risk_q1,0.023,1.0,0,0.6591734886169434,0.008076068164979008,93,4048,0.2725806451612903,559,22661
3,100,0.3,0.0,harm,hybrid,0.023,low_risk_q1,0.023,1.0,0,0.6716017723083496,0.008063719436898,93,4048,0.2725806451612903,559,22661
3,100,0.3,0.0,harm,hybrid,0.023,low_risk_q1,0.023,1.0,0,0.6840300559997559,0.008039021980735984,93,4048,0.2725806451612903,559,22661
3,100,0.3,0.0,harm,hybrid,0.023,low_risk_q1,0.023,1.0,0,0.6964583396911621,0.007989627068411954,93,4048,0.2725806451612903,559,22661
3,100,0.3,0.0,harm,hybrid,0.023,low_risk_q1,0.023,1.0,0,0.7088866233825684,0.00795258088416893,93,4048,0.2725806451612903,559,22661
3,100,0.3,0.0,harm,hybrid,0.023,low_risk_q1,0.023,1.0,0,0.7213150262832642,0.0079031859718449,93,4048,0.2725806451612903,559,22661
3,100,0.3,0.0,harm,hybrid,0.023,low_risk_q1,0.023,1.0,0,0.7337433099746704,0.007853791059520871,93,4048,0.2725806451612903,559,22661
3,100,0.3,0.0,harm,hybrid,0.023,low_risk_q1,0.023,1.0,0,0.7461715936660767,0.007853791059520871,93,4048,0.2725806451612903,559,22661
3,100,0.3,0.0,harm,hybrid,0.023,low_risk_q1,0.023,1.0,0,0.7585998773574829,0.007804396147196839,93,4048,0.2725806451612903,559,22661
3,100,0.3,0.0,harm,hybrid,0.023,low_risk_q1,0.023,1.0,0,0.7710281610488892,0.007767349962953815,93,4048,0.2725806451612903,559,22661
3,100,0.3,0.0,harm,hybrid,0.023,low_risk_q1,0.023,1.0,0,0.7834564447402954,0.007656211410224746,93,4048,0.2725806451612903,559,22661
3,100,0.3,0.0,harm,hybrid,0.023,low_risk_q1,0.023,1.0,0,0.7958847284317017,0.007619165225981724,93,4048,0.2725806451612903,559,22661
3,100,0.3,0.0,harm,hybrid,0.023,low_risk_q1,0.023,1.0,0,0.8083130121231079,0.0075944677698197086,93,4048,0.2725806451612903,559,22661
3,100,0.3,0.0,harm,hybrid,0.023,low_risk_q1,0.023,1.0,0,0.8207412958145142,0.00753272412941467,93,4048,0.2725806451612903,559,22661
3,100,0.3,0.0,harm,hybrid,0.023,low_risk_q1,0.023,1.0,0,0.8331695795059204,0.007495677945171648,93,4048,0.2725806451612903,559,22661
3,100,0.3,0.0,harm,hybrid,0.023,low_risk_q1,0.023,1.0,0,0.8455978631973267,0.007470980489009633,93,4048,0.2725806451612903,559,22661
3,100,0.3,0.0,harm,hybrid,0.023,low_risk_q1,0.023,1.0,0,0.8580261468887329,0.0073351444801185465,93,4048,0.2725806451612903,559,22661
3,100,0.3,0.0,harm,hybrid,0.023,low_risk_q1,0.023,1.0,0,0.8704544305801392,0.007298098295875524,93,4048,0.2725806451612903,559,22661
3,100,0.3,0.0,harm,hybrid,0.023,low_risk_q1,0.023,1.0,0,0.8828827142715454,0.0072116571993084706,93,4048,0.2725806451612903,559,22661
3,100,0.3,0.0,harm,hybrid,0.023,low_risk_q1,0.023,1.0,0,0.8953111171722412,0.007149913558903434,93,4048,0.2725806451612903,559,22661
3,100,0.3,0.0,harm,hybrid,0.023,low_risk_q1,0.023,1.0,0,0.9077394008636475,0.00706347246233638,93,4048,0.2725806451612903,559,22661
3,100,0.3,0.0,harm,hybrid,0.023,low_risk_q1,0.023,1.0,0,0.9201676845550537,0.006964682637688319,93,4048,0.271505376344086,559,22661
3,100,0.3,0.0,harm,hybrid,0.023,low_risk_q1,0.023,1.0,0,0.93259596824646,0.006915287725364287,93,4048,0.271505376344086,559,22661
3,100,0.3,0.0,harm,hybrid,0.023,low_risk_q1,0.023,1.0,0,0.9450242519378662,0.006816497900716226,93,4048,0.271505376344086,559,22661
3,100,0.3,0.0,harm,hybrid,0.023,low_risk_q1,0.023,1.0,0,0.9574525356292725,0.006693010619906149,93,4048,0.26881720430107525,559,22661
3,100,0.3,0.0,harm,hybrid,0.023,low_risk_q1,0.023,1.0,0,0.9698808193206787,0.00653247715485305,93,4048,0.26505376344086023,559,22661
3,100,0.3,0.0,harm,hybrid,0.023,low_risk_q1,0.023,1.0,0,0.982309103012085,0.006236107680908866,93,4048,0.2553763440860215,559,22661
3,100,0.3,0.0,harm,hybrid,0.023,low_risk_q1,0.023,1.0,0,0.9947373867034912,0.0056680661891825145,93,4048,0.23225806451612901,559,22661
3,100,0.3,0.0,harm,hybrid,0.023,low_risk_q1,0.023,1.0,0,1.0071656703948975,0.005013583600889108,93,4048,0.20430107526881722,559,22661
3,100,0.3,0.0,harm,hybrid,0.023,low_risk_q1,0.023,1.0,0,1.0195939540863037,0.004359101012595702,93,4048,0.17580645161290323,559,22661
3,100,0.3,0.0,harm,hybrid,0.023,low_risk_q1,0.023,1.0,0,1.03202223777771,0.00353173623116819,93,4048,0.1403225806451613,559,22661
3,100,0.3,0.0,harm,hybrid,0.023,low_risk_q1,0.023,1.0,0,1.0444505214691162,0.0026796739935786612,93,4048,0.1053763440860215,559,22661
3,100,0.3,0.0,harm,hybrid,0.023,low_risk_q1,0.023,1.0,0,1.056878924369812,0.0018770066683131636,93,4048,0.07096774193548387,559,22661
3,100,0.3,0.0,harm,hybrid,0.023,low_risk_q1,0.023,1.0,0,1.0693072080612183,0.001432452457396888,93,4048,0.05161290322580644,559,22661
3,100,0.3,0.0,harm,hybrid,0.023,low_risk_q1,0.023,1.0,0,1.0817354917526245,0.0010619906149666586,93,4048,0.035483870967741936,559,22661
3,100,0.3,0.0,harm,hybrid,0.023,low_risk_q1,0.023,1.0,0,1.0941637754440308,0.0007409236848604594,93,4048,0.021505376344086023,559,22661
3,100,0.3,0.0,harm,hybrid,0.023,low_risk_q1,0.023,1.0,0,1.106592059135437,0.0006174364040503828,93,4048,0.016129032258064516,559,22661
3,100,0.3,0.0,harm,hybrid,0.023,low_risk_q1,0.023,1.0,0,1.1190203428268433,0.0004198567547542603,93,4048,0.00752688172043011,559,22661
3,100,0.3,0.0,harm,hybrid,0.023,low_risk_q1,0.023,1.0,0,1.1314486265182495,0.00039515929859224497,93,4048,0.006451612903225807,559,22661
3,100,0.3,0.0,harm,hybrid,0.023,low_risk_q1,0.023,1.0,0,1.1438769102096558,0.00038281057051123735,93,4048,0.0059139784946236566,559,22661
3,100,0.3,0.0,harm,hybrid,0.023,low_risk_q1,0.023,1.0,0,1.156305193901062,0.0002840207458631761,93,4048,0.0016129032258064518,559,22661
3,100,0.3,0.0,harm,hybrid,0.023,low_risk_q1,0.023,1.0,0,1.1687334775924683,0.0002840207458631761,93,4048,0.0016129032258064518,559,22661
3,100,0.3,0.0,harm,hybrid,0.023,low_risk_q1,0.023,1.0,0,1.1811617612838745,0.0002840207458631761,93,4048,0.0016129032258064518,559,22661
3,100,0.3,0.0,harm,hybrid,0.023,low_risk_q1,0.023,1.0,0,1.1935900449752808,0.0002840207458631761,93,4048,0.0016129032258064518,559,22661
3,100,0.3,0.0,harm,hybrid,0.023,low_risk_q1,0.023,1.0,0,1.2060184478759766,0.0002840207458631761,93,4048,0.0016129032258064518,559,22661
3,100,0.3,0.0,harm,hybrid,0.023,low_risk_q1,0.023,1.0,0,1.2184467315673828,0.0002716720177821684,93,4048,0.001075268817204301,559,22661
3,100,0.3,0.0,harm,hybrid,0.023,low_risk_q1,0.023,1.0,0,1.230875015258789,0.0002469745616201531,93,4048,0.0,559,22661
3,100,0.3,0.0,harm,hybrid,0.023,low_risk_q1,0.023,1.0,0,1.2433032989501953,0.0002469745616201531,93,4048,0.0,559,22661
3,100,0.3,0.0,harm,hybrid,0.023,low_risk_q1,0.023,1.0,0,1.2557315826416016,0.0002469745616201531,93,4048,0.0,559,22661
3,100,0.3,0.0,harm,hybrid,0.023,low_risk_q1,0.023,1.0,0,1.2681598663330078,0.0002469745616201531,93,4048,0.0,559,22661
3,100,0.3,0.0,harm,hybrid,0.023,low_risk_q1,0.023,1.0,0,1.280588150024414,0.0002469745616201531,93,4048,0.0,559,22661
4,100,0.3,0.0,harm,hybrid,0.023,low_risk_q1,0.023,1.0,0,0.12783026695251465,0.009139253029928272,92,4042,0.3021739130434783,556,22423
4,100,0.3,0.0,harm,hybrid,0.023,low_risk_q1,0.023,1.0,0,0.14074985682964325,0.009139253029928272,92,4042,0.3021739130434783,556,22423
4,100,0.3,0.0,harm,hybrid,0.023,low_risk_q1,0.023,1.0,0,0.15366944670677185,0.009139253029928272,92,4042,0.3021739130434783,556,22423
4,100,0.3,0.0,harm,hybrid,0.023,low_risk_q1,0.023,1.0,0,0.16658903658390045,0.009139253029928272,92,4042,0.3021739130434783,556,22423
4,100,0.3,0.0,harm,hybrid,0.023,low_risk_q1,0.023,1.0,0,0.17950862646102905,0.009139253029928272,92,4042,0.3021739130434783,556,22423
4,100,0.3,0.0,harm,hybrid,0.023,low_risk_q1,0.023,1.0,0,0.19242820143699646,0.009139253029928272,92,4042,0.3021739130434783,556,22423
4,100,0.3,0.0,harm,hybrid,0.023,low_risk_q1,0.023,1.0,0,0.20534780621528625,0.009139253029928272,92,4042,0.3021739130434783,556,22423
4,100,0.3,0.0,harm,hybrid,0.023,low_risk_q1,0.023,1.0,0,0.21826738119125366,0.009139253029928272,92,4042,0.3021739130434783,556,22423
4,100,0.3,0.0,harm,hybrid,0.023,low_risk_q1,0.023,1.0,0,0.23118698596954346,0.009139253029928272,92,4042,0.3021739130434783,556,22423
4,100,0.3,0.0,harm,hybrid,0.023,low_risk_q1,0.023,1.0,0,0.24410656094551086,0.009139253029928272,92,4042,0.3021739130434783,556,22423
4,100,0.3,0.0,harm,hybrid,0.023,low_risk_q1,0.023,1.0,0,0.25702613592147827,0.009139253029928272,92,4042,0.3021739130434783,556,22423
4,100,0.3,0.0,harm,hybrid,0.023,low_risk_q1,0.023,1.0,0,0.26994574069976807,0.009139253029928272,92,4042,0.3021739130434783,556,22423
4,100,0.3,0.0,harm,hybrid,0.023,low_risk_q1,0.023,1.0,0,0.28286534547805786,0.009139253029928272,92,4042,0.3021739130434783,556,22423
4,100,0.3,0.0,harm,hybrid,0.023,low_risk_q1,0.023,1.0,0,0.29578492045402527,0.009139253029928272,92,4042,0.3021739130434783,556,22423
4,100,0.3,0.0,harm,hybrid,0.023,low_risk_q1,0.023,1.0,0,0.3087044954299927,0.009139253029928272,92,4042,0.3021739130434783,556,22423
4,100,0.3,0.0,harm,hybrid,0.023,low_risk_q1,0.023,1.0,0,0.32162410020828247,0.009139253029928272,92,4042,0.3021739130434783,556,22423
4,100,0.3,0.0,harm,hybrid,0.023,low_risk_q1,0.023,1.0,0,0.33454370498657227,0.009139253029928272,92,4042,0.3021739130434783,556,22423
4,100,0.3,0.0,harm,hybrid,0.023,low_risk_q1,0.023,1.0,0,0.3474632799625397,0.009139253029928272,92,4042,0.3021739130434783,556,22423
4,100,0.3,0.0,harm,hybrid,0.023,low_risk_q1,0.023,1.0,0,0.3603828549385071,0.009139253029928272,92,4042,0.3021739130434783,556,22423
4,100,0.3,0.0,harm,hybrid,0.023,low_risk_q1,0.023,1.0,0,0.3733024597167969,0.009139253029928272,92,4042,0.3021739130434783,556,22423
4,100,0.3,0.0,harm,hybrid,0.023,low_risk_q1,0.023,1.0,0,0.3862220346927643,0.009139253029928272,92,4042,0.3021739130434783,556,22423
4,100,0.3,0.0,harm,hybrid,0.023,low_risk_q1,0.023,1.0,0,0.3991416394710541,0.009139253029928272,92,4042,0.3021739130434783,556,22423
4,100,0.3,0.0,harm,hybrid,0.023,low_risk_q1,0.023,1.0,0,0.4120612144470215,0.009126885975760573,92,4042,0.3021739130434783,556,22423
4,100,0.3,0.0,harm,hybrid,0.023,low_risk_q1,0.023,1.0,0,0.4249808192253113,0.009126885975760573,92,4042,0.3021739130434783,556,22423
4,100,0.3,0.0,harm,hybrid,0.023,low_risk_q1,0.023,1.0,0,0.4379003942012787,0.009126885975760573,92,4042,0.3021739130434783,556,22423
4,100,0.3,0.0,harm,hybrid,0.023,low_risk_q1,0.023,1.0,0,0.4508199989795685,0.009126885975760573,92,4042,0.3021739130434783,556,22423
4,100,0.3,0.0,harm,hybrid,0.023,low_risk_q1,0.023,1.0,0,0.4637395739555359,0.009126885975760573,92,4042,0.3021739130434783,556,22423
4,100,0.3,0.0,harm,hybrid,0.023,low_risk_q1,0.023,1.0,0,0.4766591787338257,0.009126885975760573,92,4042,0.3021739130434783,556,22423
4,100,0.3,0.0,harm,hybrid,0.023,low_risk_q1,0.023,1.0,0,0.4895787537097931,0.009126885975760573,92,4042,0.3021739130434783,556,22423
4,100,0.3,0.0,harm,hybrid,0.023,low_risk_q1,0.023,1.0,0,0.5024983882904053,0.009126885975760573,92,4042,0.3021739130434783,556,22423
4,100,0.3,0.0,harm,hybrid,0.023,low_risk_q1,0.023,1.0,0,0.5154179334640503,0.009114518921592877,92,4042,0.3021739130434783,556,22423
4,100,0.3,0.0,harm,hybrid,0.023,low_risk_q1,0.023,1.0,0,0.5283375382423401,0.00910215186742518,92,4042,0.3021739130434783,556,22423
4,100,0.3,0.0,harm,hybrid,0.023,low_risk_q1,0.023,1.0,0,0.5412571430206299,0.009077417759089787,92,4042,0.3021739130434783,556,22423
4,100,0.3,0.0,harm,hybrid,0.023,low_risk_q1,0.023,1.0,0,0.5541766881942749,0.009077417759089787,92,4042,0.3021739130434783,556,22423
4,100,0.3,0.0,harm,hybrid,0.023,low_risk_q1,0.023,1.0,0,0.5670962929725647,0.009040316596586693,92,4042,0.3016304347826087,556,22423
4,100,0.3,0.0,harm,hybrid,0.023,low_risk_q1,0.023,1.0,0,0.5800158977508545,0.009015582488251298,92,4042,0.3005434782608695,556,22423
4,100,0.3,0.0,harm,hybrid,0.023,low_risk_q1,0.023,1.0,0,0.5929354429244995,0.008990848379915905,92,4042,0.29891304347826086,556,22423
4,100,0.3,0.0,harm,hybrid,0.023,low_risk_q1,0.023,1.0,0,0.6058550477027893,0.00896611427158051,92,4042,0.3,556,22423
4,100,0.3,0.0,harm,hybrid,0.023,low_risk_q1,0.023,1.0,0,0.6187746524810791,0.008953747217412811,92,4042,0.29945652173913045,556,22423
4,100,0.3,0.0,harm,hybrid,0.023,low_risk_q1,0.023,1.0,0,0.6316942572593689,0.008891911946574325,92,4042,0.29891304347826086,556,22423
4,100,0.3,0.0,harm,hybrid,0.023,low_risk_q1,0.023,1.0,0,0.6446138024330139,0.008854810784071233,92,4042,0.29891304347826086,556,22423
4,100,0.3,0.0,harm,hybrid,0.023,low_risk_q1,0.023,1.0,0,0.6575334072113037,0.008805342567400447,92,4042,0.29836956521739133,556,22423
4,100,0.3,0.0,harm,hybrid,0.023,low_risk_q1,0.023,1.0,0,0.6704530119895935,0.00874350729656196,92,4042,0.2972826086956522,556,22423
4,100,0.3,0.0,harm,hybrid,0.023,low_risk_q1,0.023,1.0,0,0.6833726167678833,0.008718773188226565,92,4042,0.2967391304347826,556,22423
4,100,0.3,0.0,harm,hybrid,0.023,low_risk_q1,0.023,1.0,0,0.6962921619415283,0.00869403907989117,92,4042,0.2967391304347826,556,22423
4,100,0.3,0.0,harm,hybrid,0.023,low_risk_q1,0.023,1.0,0,0.7092117667198181,0.008681672025723473,92,4042,0.2967391304347826,556,22423
4,100,0.3,0.0,harm,hybrid,0.023,low_risk_q1,0.023,1.0,0,0.7221313714981079,0.008619836754884987,92,4042,0.296195652173913,556,22423
4,100,0.3,0.0,harm,hybrid,0.023,low_risk_q1,0.023,1.0,0,0.7350509762763977,0.008595102646549592,92,4042,0.296195652173913,556,22423
4,100,0.3,0.0,harm,hybrid,0.023,low_risk_q1,0.023,1.0,0,0.7479705214500427,0.008582735592381895,92,4042,0.296195652173913,556,22423
4,100,0.3,0.0,harm,hybrid,0.023,low_risk_q1,0.023,1.0,0,0.7608901262283325,0.008570368538214197,92,4042,0.296195652173913,556,22423
4,100,0.3,0.0,harm,hybrid,0.023,low_risk_q1,0.023,1.0,0,0.7738097310066223,0.008558001484046498,92,4042,0.296195652173913,556,22423
4,100,0.3,0.0,harm,hybrid,0.023,low_risk_q1,0.023,1.0,0,0.7867292761802673,0.008545634429878803,92,4042,0.296195652173913,556,22423
4,100,0.3,0.0,harm,hybrid,0.023,low_risk_q1,0.023,1.0,0,0.7996488809585571,0.00850853326737571,92,4042,0.296195652173913,556,22423
4,100,0.3,0.0,harm,hybrid,0.023,low_risk_q1,0.023,1.0,0,0.8125684857368469,0.008459065050704923,92,4042,0.296195652173913,556,22423
4,100,0.3,0.0,harm,hybrid,0.023,low_risk_q1,0.023,1.0,0,0.8254880905151367,0.008434330942369528,92,4042,0.296195652173913,556,22423
4,100,0.3,0.0,harm,hybrid,0.023,low_risk_q1,0.023,1.0,0,0.8384076356887817,0.00842196388820183,92,4042,0.296195652173913,556,22423
4,100,0.3,0.0,harm,hybrid,0.023,low_risk_q1,0.023,1.0,0,0.8513272404670715,0.008384862725698739,92,4042,0.296195652173913,556,22423
4,100,0.3,0.0,harm,hybrid,0.023,low_risk_q1,0.023,1.0,0,0.8642468452453613,0.008323027454860252,92,4042,0.296195652173913,556,22423
4,100,0.3,0.0,harm,hybrid,0.023,low_risk_q1,0.023,1.0,0,0.8771664500236511,0.00824882512985407,92,4042,0.296195652173913,556,22423
4,100,0.3,0.0,harm,hybrid,0.023,low_risk_q1,0.023,1.0,0,0.8900859951972961,0.008199356913183279,92,4042,0.296195652173913,556,22423
4,100,0.3,0.0,harm,hybrid,0.023,low_risk_q1,0.023,1.0,0,0.9030055999755859,0.008112787534009399,92,4042,0.296195652173913,556,22423
4,100,0.3,0.0,harm,hybrid,0.023,low_risk_q1,0.023,1.0,0,0.9159252047538757,0.008038585209003215,92,4042,0.296195652173913,556,22423
4,100,0.3,0.0,harm,hybrid,0.023,low_risk_q1,0.023,1.0,0,0.9288448095321655,0.008001484046500123,92,4042,0.296195652173913,556,22423
4,100,0.3,0.0,harm,hybrid,0.023,low_risk_q1,0.023,1.0,0,0.9417643547058105,0.007902547613158546,92,4042,0.296195652173913,556,22423
4,100,0.3,0.0,harm,hybrid,0.023,low_risk_q1,0.023,1.0,0,0.9546839594841003,0.007853079396487756,92,4042,0.296195652173913,556,22423
4,100,0.3,0.0,harm,hybrid,0.023,low_risk_q1,0.023,1.0,0,0.9676035642623901,0.007778877071481573,92,4042,0.296195652173913,556,22423
4,100,0.3,0.0,harm,hybrid,0.023,low_risk_q1,0.023,1.0,0,0.9805231094360352,0.00770467474647539,92,4042,0.296195652173913,556,22423
4,100,0.3,0.0,harm,hybrid,0.023,low_risk_q1,0.023,1.0,0,0.993442714214325,0.007630472421469207,92,4042,0.296195652173913,556,22423
4,100,0.3,0.0,harm,hybrid,0.023,low_risk_q1,0.023,1.0,0,1.0063623189926147,0.0075068018797922334,92,4042,0.296195652173913,556,22423
4,100,0.3,0.0,harm,hybrid,0.023,low_risk_q1,0.023,1.0,0,1.0192818641662598,0.007395498392282958,92,4042,0.296195652173913,556,22423
4,100,0.3,0.0,harm,hybrid,0.023,low_risk_q1,0.023,1.0,0,1.0322015285491943,0.00734603017561217,92,4042,0.296195652173913,556,22423
4,100,0.3,0.0,harm,hybrid,0.023,low_risk_q1,0.023,1.0,0,1.0451210737228394,0.0072347266881028945,92,4042,0.2929347826086957,556,22423
4,100,0.3,0.0,harm,hybrid,0.023,low_risk_q1,0.023,1.0,0,1.0580406188964844,0.007135790254761317,92,4042,0.2891304347826087,556,22423
4,100,0.3,0.0,harm,hybrid,0.023,low_risk_q1,0.023,1.0,0,1.070960283279419,0.0070244867672520405,92,4042,0.2864130434782609,556,22423
4,100,0.3,0.0,harm,hybrid,0.023,low_risk_q1,0.023,1.0,0,1.083879828453064,0.006789512738065794,92,4042,0.27771739130434786,556,22423
4,100,0.3,0.0,harm,hybrid,0.023,low_risk_q1,0.023,1.0,0,1.096799373626709,0.005985654217165472,92,4042,0.2445652173913043,556,22423
4,100,0.3,0.0,harm,hybrid,0.023,low_risk_q1,0.023,1.0,0,1.1097190380096436,0.005157061587929756,92,4042,0.21086956521739125,556,22423
4,100,0.3,0.0,harm,hybrid,0.023,low_risk_q1,0.023,1.0,0,1.1226387023925781,0.004279000742023251,92,4042,0.17282608695652177,556,22423
4,100,0.3,0.0,harm,hybrid,0.023,low_risk_q1,0.023,1.0,0,1.1355582475662231,0.0034627751669552313,92,4042,0.13695652173913042,556,22423
4,100,0.3,0.0,harm,hybrid,0.023,low_risk_q1,0.023,1.0,0,1.1484777927398682,0.002720751916893396,92,4042,0.1048913043478261,556,22423
4,100,0.3,0.0,harm,hybrid,0.023,low_risk_q1,0.023,1.0,0,1.1613973379135132,0.0017808558001484048,92,4042,0.06467391304347826,556,22423
4,100,0.3,0.0,harm,hybrid,0.023,low_risk_q1,0.023,1.0,0,1.1743170022964478,0.0012490724709374227,92,4042,0.042934782608695654,556,22423
4,100,0.3,0.0,harm,hybrid,0.023,low_risk_q1,0.023,1.0,0,1.1872365474700928,0.000828592629235716,92,4042,0.024999999999999998,556,22423
4,100,0.3,0.0,harm,hybrid,0.023,low_risk_q1,0.023,1.0,0,1.2001560926437378,0.0006059856542171655,92,4042,0.01576086956521739,556,22423
4,100,0.3,0.0,harm,hybrid,0.023,low_risk_q1,0.023,1.0,0,1.2130757570266724,0.00046994805837249573,92,4042,0.009782608695652175,556,22423
4,100,0.3,0.0,harm,hybrid,0.023,low_risk_q1,0.023,1.0,0,1.2259953022003174,0.0004204798417017067,92,4042,0.0076086956521739125,556,22423
4,100,0.3,0.0,harm,hybrid,0.023,low_risk_q1,0.023,1.0,0,1.238914966583252,0.0003339104625278259,92,4042,0.0038043478260869567,556,22423
4,100,0.3,0.0,harm,hybrid,0.023,low_risk_q1,0.023,1.0,0,1.251834511756897,0.0003091763541924314,92,4042,0.002717391304347826,556,22423
4,100,0.3,0.0,harm,hybrid,0.023,low_risk_q1,0.023,1.0,0,1.264754056930542,0.00028444224585703686,92,4042,0.001630434782608696,556,22423
4,100,0.3,0.0,harm,hybrid,0.023,low_risk_q1,0.023,1.0,0,1.2776737213134766,0.0002720751916893396,92,4042,0.0010869565217391304,556,22423
4,100,0.3,0.0,harm,hybrid,0.023,low_risk_q1,0.023,1.0,0,1.2905932664871216,0.00025970813752164234,92,4042,0.0005434782608695652,556,22423
4,100,0.3,0.0,harm,hybrid,0.023,low_risk_q1,0.023,1.0,0,1.3035128116607666,0.00025970813752164234,92,4042,0.0005434782608695652,556,22423
4,100,0.3,0.0,harm,hybrid,0.023,low_risk_q1,0.023,1.0,0,1.3164324760437012,0.00025970813752164234,92,4042,0.0005434782608695652,556,22423
4,100,0.3,0.0,harm,hybrid,0.023,low_risk_q1,0.023,1.0,0,1.3293520212173462,0.00025970813752164234,92,4042,0.0005434782608695652,556,22423
4,100,0.3,0.0,harm,hybrid,0.023,low_risk_q1,0.023,1.0,0,1.3422716856002808,0.0002473410833539451,92,4042,0.0,556,22423
4,100,0.3,0.0,harm,hybrid,0.023,low_risk_q1,0.023,1.0,0,1.3551912307739258,0.0002473410833539451,92,4042,0.0,556,22423
4,100,0.3,0.0,harm,hybrid,0.023,low_risk_q1,0.023,1.0,0,1.3681107759475708,0.0002473410833539451,92,4042,0.0,556,22423
4,100,0.3,0.0,harm,hybrid,0.023,low_risk_q1,0.023,1.0,0,1.3810304403305054,0.0002473410833539451,92,4042,0.0,556,22423
4,100,0.3,0.0,harm,hybrid,0.023,low_risk_q1,0.023,1.0,0,1.3939499855041504,0.0002473410833539451,92,4042,0.0,556,22423
4,100,0.3,0.0,harm,hybrid,0.023,low_risk_q1,0.023,1.0,0,1.4068695306777954,0.0002473410833539451,92,4042,0.0,556,22423
5,100,0.3,0.0,harm,hybrid,0.023,low_risk_q1,0.023,1.0,0,0.08004054427146912,0.009070687098368758,93,4045,0.30107526881720437,560,22669
5,100,0.3,0.0,harm,hybrid,0.023,low_risk_q1,0.023,1.0,0,0.09199190139770508,0.009070687098368758,93,4045,0.30107526881720437,560,22669
5,100,0.3,0.0,harm,hybrid,0.023,low_risk_q1,0.023,1.0,0,0.10394325852394104,0.009070687098368758,93,4045,0.30107526881720437,560,22669
5,100,0.3,0.0,harm,hybrid,0.023,low_risk_q1,0.023,1.0,0,0.1158946231007576,0.009070687098368758,93,4045,0.30107526881720437,560,22669
5,100,0.3,0.0,harm,hybrid,0.023,low_risk_q1,0.023,1.0,0,0.12784597277641296,0.009070687098368758,93,4045,0.30107526881720437,560,22669
5,100,0.3,0.0,harm,hybrid,0.023,low_risk_q1,0.023,1.0,0,0.13979732990264893,0.009070687098368758,93,4045,0.30107526881720437,560,22669
5,100,0.3,0.0,harm,hybrid,0.023,low_risk_q1,0.023,1.0,0,0.15174870193004608,0.009070687098368758,93,4045,0.30107526881720437,560,22669
5,100,0.3,0.0,harm,hybrid,0.023,low_risk_q1,0.023,1.0,0,0.16370005905628204,0.009070687098368758,93,4045,0.30107526881720437,560,22669
5,100,0.3,0.0,harm,hybrid,0.023,low_risk_q1,0.023,1.0,0,0.175651416182518,0.009070687098368758,93,4045,0.30107526881720437,560,22669
5,100,0.3,0.0,harm,hybrid,0.023,low_risk_q1,0.023,1.0,0,0.18760277330875397,0.009070687098368758,93,4045,0.30107526881720437,560,22669
5,100,0.3,0.0,harm,hybrid,0.023,low_risk_q1,0.023,1.0,0,0.19955413043498993,0.009070687098368758,93,4045,0.30107526881720437,560,22669
5,100,0.3,0.0,harm,hybrid,0.023,low_risk_q1,0.023,1.0,0,0.2115054875612259,0.009070687098368758,93,4045,0.30107526881720437,560,22669
5,100,0.3,0.0,harm,hybrid,0.023,low_risk_q1,0.023,1.0,0,0.22345685958862305,0.009070687098368758,93,4045,0.30107526881720437,560,22669
5,100,0.3,0.0,harm,hybrid,0.023,low_risk_q1,0.023,1.0,0,0.235408216714859,0.009070687098368758,93,4045,0.30107526881720437,560,22669
5,100,0.3,0.0,harm,hybrid,0.023,low_risk_q1,0.023,1.0,0,0.24735957384109497,0.009070687098368758,93,4045,0.30107526881720437,560,22669
5,100,0.3,0.0,harm,hybrid,0.023,low_risk_q1,0.023,1.0,0,0.25931093096733093,0.009070687098368758,93,4045,0.30107526881720437,560,22669
5,100,0.3,0.0,harm,hybrid,0.023,low_risk_q1,0.023,1.0,0,0.2712622880935669,0.009070687098368758,93,4045,0.30107526881720437,560,22669
5,100,0.3,0.0,harm,hybrid,0.023,low_risk_q1,0.023,1.0,0,0.28321364521980286,0.009070687098368758,93,4045,0.30107526881720437,560,22669
5,100,0.3,0.0,harm,hybrid,0.023,low_risk_q1,0.023,1.0,0,0.2951650023460388,0.009070687098368758,93,4045,0.30107526881720437,560,22669
5,100,0.3,0.0,harm,hybrid,0.023,low_risk_q1,0.023,1.0,0,0.3071163594722748,0.009070687098368758,93,4045,0.30107526881720437,560,22669
5,100,0.3,0.0,harm,hybrid,0.023,low_risk_q1,0.023,1.0,0,0.31906771659851074,0.009070687098368758,93,4045,0.30107526881720437,560,22669
5,100,0.3,0.0,harm,hybrid,0.023,low_risk_q1,0.023,1.0,0,0.3310190737247467,0.009058329214038556,93,4045,0.30107526881720437,560,22669
5,100,0.3,0.0,harm,hybrid,0.023,low_risk_q1,0.023,1.0,0,0.34297043085098267,0.009058329214038556,93,4045,0.30107526881720437,560,22669
5,100,0.3,0.0,harm,hybrid,0.023,low_risk_q1,0.023,1.0,0,0.35492178797721863,0.009058329214038556,93,4045,0.30107526881720437,560,22669
5,100,0.3,0.0,harm,hybrid,0.023,low_risk_q1,0.023,1.0,0,0.366873174905777,0.009058329214038556,93,4045,0.30107526881720437,560,22669
5,100,0.3,0.0,harm,hybrid,0.023,low_risk_q1,0.023,1.0,0,0.37882453203201294,0.009058329214038556,93,4045,0.30107526881720437,560,22669
5,100,0.3,0.0,harm,hybrid,0.023,low_risk_q1,0.023,1.0,0,0.3907758891582489,0.009045971329708353,93,4045,0.30107526881720437,560,22669
5,100,0.3,0.0,harm,hybrid,0.023,low_risk_q1,0.023,1.0,0,0.40272724628448486,0.009045971329708353,93,4045,0.30107526881720437,560,22669
5,100,0.3,0.0,harm,hybrid,0.023,low_risk_q1,0.023,1.0,0,0.4146786034107208,0.009033613445378149,93,4045,0.30107526881720437,560,22669
5,100,0.3,0.0,harm,hybrid,0.023,low_risk_q1,0.023,1.0,0,0.4266299605369568,0.009008897676717744,93,4045,0.3005376344086022,560,22669
5,100,0.3,0.0,harm,hybrid,0.023,low_risk_q1,0.023,1.0,0,0.43858131766319275,0.008984181908057338,93,4045,0.30000000000000004,560,22669
5,100,0.3,0.0,harm,hybrid,0.023,low_risk_q1,0.023,1.0,0,0.4505326747894287,0.008959466139396934,93,4045,0.2989247311827957,560,22669
5,100,0.3,0.0,harm,hybrid,0.023,low_risk_q1,0.023,1.0,0,0.4624840319156647,0.008922392486406326,93,4045,0.2983870967741936,560,22669
5,100,0.3,0.0,harm,hybrid,0.023,low_risk_q1,0.023,1.0,0,0.47443538904190063,0.00889767671774592,93,4045,0.29784946236559146,560,22669
5,100,0.3,0.0,harm,hybrid,0.023,low_risk_q1,0.023,1.0,0,0.4863867461681366,0.008811171527434502,93,4045,0.29569892473118287,560,22669
5,100,0.3,0.0,harm,hybrid,0.023,low_risk_q1,0.023,1.0,0,0.49833810329437256,0.008774097874443894,93,4045,0.29301075268817206,560,22669
5,100,0.3,0.0,harm,hybrid,0.023,low_risk_q1,0.023,1.0,0,0.5102894306182861,0.008675234799802273,93,4045,0.29086021505376347,560,22669
5,100,0.3,0.0,harm,hybrid,0.023,low_risk_q1,0.023,1.0,0,0.5222408175468445,0.008526940187839841,93,4045,0.2849462365591398,560,22669
5,100,0.3,0.0,harm,hybrid,0.023,low_risk_q1,0.023,1.0,0,0.5341922044754028,0.008366287691547205,93,4045,0.2795698924731183,560,22669
5,100,0.3,0.0,harm,hybrid,0.023,low_risk_q1,0.023,1.0,0,0.5461435317993164,0.008304498269896193,93,4045,0.2768817204301075,560,22669
5,100,0.3,0.0,harm,hybrid,0.023,low_risk_q1,0.023,1.0,0,0.55809485912323,0.008230350963914975,93,4045,0.2741935483870968,560,22669
5,100,0.3,0.0,harm,hybrid,0.023,low_risk_q1,0.023,1.0,0,0.5700463056564331,0.008143845773603556,93,4045,0.27096774193548384,560,22669
5,100,0.3,0.0,harm,hybrid,0.023,low_risk_q1,0.023,1.0,0,0.5819976329803467,0.00810677212061295,93,4045,0.2698924731182796,560,22669
5,100,0.3,0.0,harm,hybrid,0.023,low_risk_q1,0.023,1.0,0,0.5939489603042603,0.00805734058329214,93,4045,0.2688172043010753,560,22669
5,100,0.3,0.0,harm,hybrid,0.023,low_risk_q1,0.023,1.0,0,0.6059002876281738,0.00805734058329214,93,4045,0.26827956989247315,560,22669
5,100,0.3,0.0,harm,hybrid,0.023,low_risk_q1,0.023,1.0,0,0.617851734161377,0.008020266930301532,93,4045,0.267741935483871,560,22669
5,100,0.3,0.0,harm,hybrid,0.023,low_risk_q1,0.023,1.0,0,0.6298030614852905,0.007995551161641126,93,4045,0.26666666666666666,560,22669
5,100,0.3,0.0,harm,hybrid,0.023,low_risk_q1,0.023,1.0,0,0.6417543888092041,0.007983193277310924,93,4045,0.26666666666666666,560,22669
5,100,0.3,0.0,harm,hybrid,0.023,low_risk_q1,0.023,1.0,0,0.6537058353424072,0.007933761739990114,93,4045,0.26666666666666666,560,22669
5,100,0.3,0.0,harm,hybrid,0.023,low_risk_q1,0.023,1.0,0,0.6656571626663208,0.007921403855659911,93,4045,0.26666666666666666,560,22669
5,100,0.3,0.0,harm,hybrid,0.023,low_risk_q1,0.023,1.0,0,0.6776084899902344,0.007847256549678694,93,4045,0.26666666666666666,560,22669
5,100,0.3,0.0,harm,hybrid,0.023,low_risk_q1,0.023,1.0,0,0.689559817314148,0.007810182896688087,93,4045,0.26666666666666666,560,22669
5,100,0.3,0.0,harm,hybrid,0.023,low_risk_q1,0.023,1.0,0,0.7015112638473511,0.007760751359367276,93,4045,0.26666666666666666,560,22669
5,100,0.3,0.0,harm,hybrid,0.023,low_risk_q1,0.023,1.0,0,0.7134625911712646,0.00773603559070687,93,4045,0.26666666666666666,560,22669
5,100,0.3,0.0,harm,hybrid,0.023,low_risk_q1,0.023,1.0,0,0.7254139184951782,0.007674246169055857,93,4045,0.26666666666666666,560,22669
5,100,0.3,0.0,harm,hybrid,0.023,low_risk_q1,0.023,1.0,0,0.7373652458190918,0.00763717251606525,93,4045,0.26666666666666666,560,22669
5,100,0.3,0.0,harm,hybrid,0.023,low_risk_q1,0.023,1.0,0,0.7493166923522949,0.007624814631735047,93,4045,0.26666666666666666,560,22669
5,100,0.3,0.0,harm,hybrid,0.023,low_risk_q1,0.023,1.0,0,0.7612680196762085,0.007612456747404845,93,4045,0.26666666666666666,560,22669
5,100,0.3,0.0,harm,hybrid,0.023,low_risk_q1,0.023,1.0,0,0.7732193470001221,0.007563025210084034,93,4045,0.26666666666666666,560,22669
5,100,0.3,0.0,harm,hybrid,0.023,low_risk_q1,0.023,1.0,0,0.7851706743240356,0.007538309441423629,93,4045,0.26666666666666666,560,22669
5,100,0.3,0.0,harm,hybrid,0.023,low_risk_q1,0.023,1.0,0,0.7971221208572388,0.0075135936727632234,93,4045,0.26666666666666666,560,22669
5,100,0.3,0.0,harm,hybrid,0.023,low_risk_q1,0.023,1.0,0,0.8090734481811523,0.007427088482451805,93,4045,0.26666666666666666,560,22669
5,100,0.3,0.0,harm,hybrid,0.023,low_risk_q1,0.023,1.0,0,0.8210247755050659,0.007303509639149777,93,4045,0.26666666666666666,560,22669
5,100,0.3,0.0,harm,hybrid,0.023,low_risk_q1,0.023,1.0,0,0.8329761028289795,0.007229362333168562,93,4045,0.26666666666666666,560,22669
5,100,0.3,0.0,harm,hybrid,0.023,low_risk_q1,0.023,1.0,0,0.8449275493621826,0.007167572911517548,93,4045,0.26666666666666666,560,22669
5,100,0.3,0.0,harm,hybrid,0.023,low_risk_q1,0.023,1.0,0,0.8568788766860962,0.007043994068215521,93,4045,0.26666666666666666,560,22669
5,100,0.3,0.0,harm,hybrid,0.023,low_risk_q1,0.023,1.0,0,0.8688302040100098,0.006957488877904102,93,4045,0.26666666666666666,560,22669
5,100,0.3,0.0,harm,hybrid,0.023,low_risk_q1,0.023,1.0,0,0.8807816505432129,0.006883341571922887,93,4045,0.26666666666666666,560,22669
5,100,0.3,0.0,harm,hybrid,0.023,low_risk_q1,0.023,1.0,0,0.8927329778671265,0.006784478497281266,93,4045,0.26666666666666666,560,22669
5,100,0.3,0.0,harm,hybrid,0.023,low_risk_q1,0.023,1.0,0,0.90468430519104,0.006747404844290658,93,4045,0.26666666666666666,560,22669
5,100,0.3,0.0,harm,hybrid,0.023,low_risk_q1,0.023,1.0,0,0.9166356325149536,0.006636183885318833,93,4045,0.26451612903225813,560,22669
5,100,0.3,0.0,harm,hybrid,0.023,low_risk_q1,0.023,1.0,0,0.9285870790481567,0.006586752347998023,93,4045,0.2639784946236559,560,22669
5,100,0.3,0.0,harm,hybrid,0.023,low_risk_q1,0.023,1.0,0,0.9405384063720703,0.006438457736035591,93,4045,0.2591397849462366,560,22669
5,100,0.3,0.0,harm,hybrid,0.023,low_risk_q1,0.023,1.0,0,0.9524897336959839,0.006191300049431537,93,4045,0.2510752688172044,560,22669
5,100,0.3,0.0,harm,hybrid,0.023,low_risk_q1,0.023,1.0,0,0.9644410610198975,0.005981216015818093,93,4045,0.24247311827956985,560,22669
5,100,0.3,0.0,harm,hybrid,0.023,low_risk_q1,0.023,1.0,0,0.9763925075531006,0.005548690064260999,93,4045,0.2247311827956989,560,22669
5,100,0.3,0.0,harm,hybrid,0.023,low_risk_q1,0.023,1.0,0,0.9883438348770142,0.0050667325753830945,93,4045,0.20483870967741935,560,22669
5,100,0.3,0.0,harm,hybrid,0.023,low_risk_q1,0.023,1.0,0,1.0002951622009277,0.0042881858625803265,93,4045,0.17150537634408602,560,22669
5,100,0.3,0.0,harm,hybrid,0.023,low_risk_q1,0.023,1.0,0,1.0122464895248413,0.003274839347503707,93,4045,0.12795698924731183,560,22669
5,100,0.3,0.0,harm,hybrid,0.023,low_risk_q1,0.023,1.0,0,1.0241979360580444,0.0025951557093425604,93,4045,0.0989247311827957,560,22669
5,100,0.3,0.0,harm,hybrid,0.023,low_risk_q1,0.023,1.0,0,1.036149263381958,0.0019649036085022244,93,4045,0.07204301075268817,560,22669
5,100,0.3,0.0,harm,hybrid,0.023,low_risk_q1,0.023,1.0,0,1.0481005907058716,0.0014458724666337123,93,4045,0.05053763440860215,560,22669
5,100,0.3,0.0,harm,hybrid,0.023,low_risk_q1,0.023,1.0,0,1.0600520372390747,0.0010257043994068215,93,4045,0.03225806451612903,560,22669
5,100,0.3,0.0,harm,hybrid,0.023,low_risk_q1,0.023,1.0,0,1.0720033645629883,0.0007909045971329708,93,4045,0.022043010752688174,560,22669
5,100,0.3,0.0,harm,hybrid,0.023,low_risk_q1,0.023,1.0,0,1.0839546918869019,0.0006055363321799307,93,4045,0.013978494623655914,560,22669
5,100,0.3,0.0,harm,hybrid,0.023,low_risk_q1,0.023,1.0,0,1.095906138420105,0.0004943153732081067,93,4045,0.00913978494623656,560,22669
5,100,0.3,0.0,harm,hybrid,0.023,low_risk_q1,0.023,1.0,0,1.1078574657440186,0.00045724172021749875,93,4045,0.007526881720430108,560,22669
5,100,0.3,0.0,harm,hybrid,0.023,low_risk_q1,0.023,1.0,0,1.1198087930679321,0.0003954522985664854,93,4045,0.004838709677419355,560,22669
5,100,0.3,0.0,harm,hybrid,0.023,low_risk_q1,0.023,1.0,0,1.1317601203918457,0.00033366287691547207,93,4045,0.002688172043010753,560,22669
5,100,0.3,0.0,harm,hybrid,0.023,low_risk_q1,0.023,1.0,0,1.1437115669250488,0.0002718734552644587,93,4045,0.0005376344086021505,560,22669
5,100,0.3,0.0,harm,hybrid,0.023,low_risk_q1,0.023,1.0,0,1.1556628942489624,0.000259515570934256,93,4045,0.0,560,22669
5,100,0.3,0.0,harm,hybrid,0.023,low_risk_q1,0.023,1.0,0,1.167614221572876,0.00024715768660405336,93,4045,0.0,560,22669
5,100,0.3,0.0,harm,hybrid,0.023,low_risk_q1,0.023,1.0,0,1.1795655488967896,0.00024715768660405336,93,4045,0.0,560,22669
5,100,0.3,0.0,harm,hybrid,0.023,low_risk_q1,0.023,1.0,0,1.1915169954299927,0.00024715768660405336,93,4045,0.0,560,22669
5,100,0.3,0.0,harm,hybrid,0.023,low_risk_q1,0.023,1.0,0,1.2034683227539062,0.00024715768660405336,93,4045,0.0,560,22669
5,100,0.3,0.0,harm,hybrid,0.023,low_risk_q1,0.023,1.0,0,1.2154196500778198,0.00024715768660405336,93,4045,0.0,560,22669
5,100,0.3,0.0,harm,hybrid,0.023,low_risk_q1,0.023,1.0,0,1.227371096611023,0.00024715768660405336,93,4045,0.0,560,22669
5,100,0.3,0.0,harm,hybrid,0.023,low_risk_q1,0.023,1.0,0,1.2393224239349365,0.00024715768660405336,93,4045,0.0,560,22669
5,100,0.3,0.0,harm,hybrid,0.023,low_risk_q1,0.023,1.0,0,1.25127375125885,0.00024715768660405336,93,4045,0.0,560,22669
5,100,0.3,0.0,harm,hybrid,0.023,low_risk_q1,0.023,1.0,0,1.2632250785827637,0.00024715768660405336,93,4045,0.0,560,22669
6,100,0.3,0.0,harm,hybrid,0.023,low_risk_q1,0.023,1.0,0,0.04609692096710205,0.009096519377931373,93,4050,0.29731182795698924,553,22302
6,100,0.3,0.0,harm,hybrid,0.023,low_risk_q1,0.023,1.0,0,0.05876820534467697,0.009096519377931373,93,4050,0.29731182795698924,553,22302
6,100,0.3,0.0,harm,hybrid,0.023,low_risk_q1,0.023,1.0,0,0.07143948972225189,0.009096519377931373,93,4050,0.29731182795698924,553,22302
6,100,0.3,0.0,harm,hybrid,0.023,low_risk_q1,0.023,1.0,0,0.08411078155040741,0.009096519377931373,93,4050,0.29731182795698924,553,22302
6,100,0.3,0.0,harm,hybrid,0.023,low_risk_q1,0.023,1.0,0,0.09678206592798233,0.009096519377931373,93,4050,0.29731182795698924,553,22302
6,100,0.3,0.0,harm,hybrid,0.023,low_risk_q1,0.023,1.0,0,0.10945335030555725,0.009096519377931373,93,4050,0.29731182795698924,553,22302
6,100,0.3,0.0,harm,hybrid,0.023,low_risk_q1,0.023,1.0,0,0.12212464213371277,0.009096519377931373,93,4050,0.29731182795698924,553,22302
6,100,0.3,0.0,harm,hybrid,0.023,low_risk_q1,0.023,1.0,0,0.1347959339618683,0.009096519377931373,93,4050,0.29731182795698924,553,22302
6,100,0.3,0.0,harm,hybrid,0.023,low_risk_q1,0.023,1.0,0,0.1474672108888626,0.009096519377931373,93,4050,0.29731182795698924,553,22302
6,100,0.3,0.0,harm,hybrid,0.023,low_risk_q1,0.023,1.0,0,0.16013848781585693,0.009096519377931373,93,4050,0.29731182795698924,553,22302
6,100,0.3,0.0,harm,hybrid,0.023,low_risk_q1,0.023,1.0,0,0.17280977964401245,0.009096519377931373,93,4050,0.29731182795698924,553,22302
6,100,0.3,0.0,harm,hybrid,0.023,low_risk_q1,0.023,1.0,0,0.18548107147216797,0.009096519377931373,93,4050,0.29731182795698924,553,22302
6,100,0.3,0.0,harm,hybrid,0.023,low_risk_q1,0.023,1.0,0,0.1981523633003235,0.009096519377931373,93,4050,0.29731182795698924,553,22302
6,100,0.3,0.0,harm,hybrid,0.023,low_risk_q1,0.023,1.0,0,0.2108236402273178,0.009096519377931373,93,4050,0.29731182795698924,553,22302
6,100,0.3,0.0,harm,hybrid,0.023,low_risk_q1,0.023,1.0,0,0.22349493205547333,0.009096519377931373,93,4050,0.29731182795698924,553,22302
6,100,0.3,0.0,harm,hybrid,0.023,low_risk_q1,0.023,1.0,0,0.23616620898246765,0.009096519377931373,93,4050,0.29731182795698924,553,22302
6,100,0.3,0.0,harm,hybrid,0.023,low_risk_q1,0.023,1.0,0,0.24883750081062317,0.009096519377931373,93,4050,0.29731182795698924,553,22302
6,100,0.3,0.0,harm,hybrid,0.023,low_risk_q1,0.023,1.0,0,0.2615087926387787,0.009096519377931373,93,4050,0.29731182795698924,553,22302
6,100,0.3,0.0,harm,hybrid,0.023,low_risk_q1,0.023,1.0,0,0.2741800546646118,0.009096519377931373,93,4050,0.29731182795698924,553,22302
6,100,0.3,0.0,harm,hybrid,0.023,low_risk_q1,0.023,1.0,0,0.28685134649276733,0.009096519377931373,93,4050,0.29731182795698924,553,22302
6,100,0.3,0.0,harm,hybrid,0.023,low_risk_q1,0.023,1.0,0,0.29952263832092285,0.009096519377931373,93,4050,0.29731182795698924,553,22302
6,100,0.3,0.0,harm,hybrid,0.023,low_risk_q1,0.023,1.0,0,0.31219393014907837,0.009096519377931373,93,4050,0.29731182795698924,553,22302
6,100,0.3,0.0,harm,hybrid,0.023,low_risk_q1,0.023,1.0,0,0.3248652219772339,0.009096519377931373,93,4050,0.29731182795698924,553,22302
6,100,0.3,0.0,harm,hybrid,0.023,low_risk_q1,0.023,1.0,0,0.3375365138053894,0.009096519377931373,93,4050,0.29731182795698924,553,22302
6,100,0.3,0.0,harm,hybrid,0.023,low_risk_q1,0.023,1.0,0,0.3502078056335449,0.009096519377931373,93,4050,0.29731182795698924,553,22302
6,100,0.3,0.0,harm,hybrid,0.023,low_risk_q1,0.023,1.0,0,0.36287906765937805,0.009071834115033324,93,4050,0.29731182795698924,553,22302
6,100,0.3,0.0,harm,hybrid,0.023,low_risk_q1,0.023,1.0,0,0.37555035948753357,0.009059491483584299,93,4050,0.29731182795698924,553,22302
6,100,0.3,0.0,harm,hybrid,0.023,low_risk_q1,0.023,1.0,0,0.3882216513156891,0.009059491483584299,93,4050,0.29731182795698924,553,22302
6,100,0.3,0.0,harm,hybrid,0.023,low_risk_q1,0.023,1.0,0,0.4008929431438446,0.009059491483584299,93,4050,0.29731182795698924,553,22302
6,100,0.3,0.0,harm,hybrid,0.023,low_risk_q1,0.023,1.0,0,0.4135642349720001,0.009059491483584299,93,4050,0.29731182795698924,553,22302
6,100,0.3,0.0,harm,hybrid,0.023,low_risk_q1,0.023,1.0,0,0.42623549699783325,0.009059491483584299,93,4050,0.29731182795698924,553,22302
6,100,0.3,0.0,harm,hybrid,0.023,low_risk_q1,0.023,1.0,0,0.43890678882598877,0.009034806220686248,93,4050,0.29731182795698924,553,22302
6,100,0.3,0.0,harm,hybrid,0.023,low_risk_q1,0.023,1.0,0,0.4515780806541443,0.009022463589237225,93,4050,0.29731182795698924,553,22302
6,100,0.3,0.0,harm,hybrid,0.023,low_risk_q1,0.023,1.0,0,0.4642493724822998,0.009022463589237225,93,4050,0.29731182795698924,553,22302
6,100,0.3,0.0,harm,hybrid,0.023,low_risk_q1,0.023,1.0,0,0.4769206643104553,0.008973093063441124,93,4050,0.29731182795698924,553,22302
6,100,0.3,0.0,harm,hybrid,0.023,low_risk_q1,0.023,1.0,0,0.48959192633628845,0.008936065169094051,93,4050,0.29731182795698924,553,22302
6,100,0.3,0.0,harm,hybrid,0.023,low_risk_q1,0.023,1.0,0,0.5022631883621216,0.00888669464329795,93,4050,0.29569892473118276,553,22302
6,100,0.3,0.0,harm,hybrid,0.023,low_risk_q1,0.023,1.0,0,0.5149345397949219,0.008824981486052827,93,4050,0.2940860215053763,553,22302
6,100,0.3,0.0,harm,hybrid,0.023,low_risk_q1,0.023,1.0,0,0.5276057720184326,0.008750925697358677,93,4050,0.2903225806451613,553,22302
6,100,0.3,0.0,harm,hybrid,0.023,low_risk_q1,0.023,1.0,0,0.5402771234512329,0.008664527277215502,93,4050,0.28763440860215056,553,22302
6,100,0.3,0.0,harm,hybrid,0.023,low_risk_q1,0.023,1.0,0,0.5529483556747437,0.008590471488521352,93,4050,0.2849462365591398,553,22302
6,100,0.3,0.0,harm,hybrid,0.023,low_risk_q1,0.023,1.0,0,0.5656196475028992,0.008528758331276226,93,4050,0.2838709677419355,553,22302
6,100,0.3,0.0,harm,hybrid,0.023,low_risk_q1,0.023,1.0,0,0.5782909393310547,0.008479387805480128,93,4050,0.28279569892473116,553,22302
6,100,0.3,0.0,harm,hybrid,0.023,low_risk_q1,0.023,1.0,0,0.5909622311592102,0.008343618859540854,93,4050,0.27903225806451615,553,22302
6,100,0.3,0.0,harm,hybrid,0.023,low_risk_q1,0.023,1.0,0,0.6036335229873657,0.00830659096519378,93,4050,0.2763440860215054,553,22302
6,100,0.3,0.0,harm,hybrid,0.023,low_risk_q1,0.023,1.0,0,0.6163048148155212,0.008269563070846704,93,4050,0.2752688172043011,553,22302
6,100,0.3,0.0,harm,hybrid,0.023,low_risk_q1,0.023,1.0,0,0.6289761066436768,0.008220192545050605,93,4050,0.27419354838709675,553,22302
6,100,0.3,0.0,harm,hybrid,0.023,low_risk_q1,0.023,1.0,0,0.6416473984718323,0.008195507282152556,93,4050,0.27419354838709675,553,22302
6,100,0.3,0.0,harm,hybrid,0.023,low_risk_q1,0.023,1.0,0,0.6543186902999878,0.008121451493458404,93,4050,0.27419354838709675,553,22302
6,100,0.3,0.0,harm,hybrid,0.023,low_risk_q1,0.023,1.0,0,0.6669899225234985,0.008096766230560354,93,4050,0.27419354838709675,553,22302
6,100,0.3,0.0,harm,hybrid,0.023,low_risk_q1,0.023,1.0,0,0.679661214351654,0.008072080967662305,93,4050,0.27419354838709675,553,22302
6,100,0.3,0.0,harm,hybrid,0.023,low_risk_q1,0.023,1.0,0,0.6923325061798096,0.008072080967662305,93,4050,0.27419354838709675,553,22302
6,100,0.3,0.0,harm,hybrid,0.023,low_risk_q1,0.023,1.0,0,0.7050037980079651,0.00805973833621328,93,4050,0.27419354838709675,553,22302
6,100,0.3,0.0,harm,hybrid,0.023,low_risk_q1,0.023,1.0,0,0.7176750898361206,0.008035053073315231,93,4050,0.27419354838709675,553,22302
6,100,0.3,0.0,harm,hybrid,0.023,low_risk_q1,0.023,1.0,0,0.7303463816642761,0.008022710441866206,93,4050,0.27419354838709675,553,22302
6,100,0.3,0.0,harm,hybrid,0.023,low_risk_q1,0.023,1.0,0,0.7430176734924316,0.00798568254751913,93,4050,0.27419354838709675,553,22302
6,100,0.3,0.0,harm,hybrid,0.023,low_risk_q1,0.023,1.0,0,0.7556889653205872,0.007948654653172058,93,4050,0.27419354838709675,553,22302
6,100,0.3,0.0,harm,hybrid,0.023,low_risk_q1,0.023,1.0,0,0.7683602571487427,0.007899284127375956,93,4050,0.27419354838709675,553,22302
6,100,0.3,0.0,harm,hybrid,0.023,low_risk_q1,0.023,1.0,0,0.7810315489768982,0.007849913601579857,93,4050,0.27419354838709675,553,22302
6,100,0.3,0.0,harm,hybrid,0.023,low_risk_q1,0.023,1.0,0,0.7937027812004089,0.007800543075783756,93,4050,0.27419354838709675,553,22302
6,100,0.3,0.0,harm,hybrid,0.023,low_risk_q1,0.023,1.0,0,0.8063740730285645,0.007763515181436681,93,4050,0.27419354838709675,553,22302
6,100,0.3,0.0,harm,hybrid,0.023,low_risk_q1,0.023,1.0,0,0.81904536485672,0.007652431498395458,93,4050,0.27419354838709675,553,22302
6,100,0.3,0.0,harm,hybrid,0.023,low_risk_q1,0.023,1.0,0,0.8317166566848755,0.007627746235497408,93,4050,0.27419354838709675,553,22302
6,100,0.3,0.0,harm,hybrid,0.023,low_risk_q1,0.023,1.0,0,0.844387948513031,0.007504319921007158,93,4050,0.27419354838709675,553,22302
6,100,0.3,0.0,harm,hybrid,0.023,low_risk_q1,0.023,1.0,0,0.8570592403411865,0.007430264132313008,93,4050,0.27419354838709675,553,22302
6,100,0.3,0.0,harm,hybrid,0.023,low_risk_q1,0.023,1.0,0,0.869730532169342,0.007356208343618859,93,4050,0.27419354838709675,553,22302
6,100,0.3,0.0,harm,hybrid,0.023,low_risk_q1,0.023,1.0,0,0.8824018239974976,0.00723278202912861,93,4050,0.27419354838709675,553,22302
6,100,0.3,0.0,harm,hybrid,0.023,low_risk_q1,0.023,1.0,0,0.8950731158256531,0.007146383608985436,93,4050,0.27419354838709675,553,22302
6,100,0.3,0.0,harm,hybrid,0.023,low_risk_q1,0.023,1.0,0,0.9077444076538086,0.007072327820291285,93,4050,0.27419354838709675,553,22302
6,100,0.3,0.0,harm,hybrid,0.023,low_risk_q1,0.023,1.0,0,0.9204156994819641,0.006998272031597136,93,4050,0.27419354838709675,553,22302
6,100,0.3,0.0,harm,hybrid,0.023,low_risk_q1,0.023,1.0,0,0.9330869317054749,0.0069735867686990865,93,4050,0.27419354838709675,553,22302
6,100,0.3,0.0,harm,hybrid,0.023,low_risk_q1,0.023,1.0,0,0.9457582235336304,0.006887188348555912,93,4050,0.2736559139784946,553,22302
6,100,0.3,0.0,harm,hybrid,0.023,low_risk_q1,0.023,1.0,0,0.9584295153617859,0.006751419402616637,93,4050,0.2704301075268817,553,22302
6,100,0.3,0.0,harm,hybrid,0.023,low_risk_q1,0.023,1.0,0,0.9711008071899414,0.006492224142187114,93,4050,0.26290322580645165,553,22302
6,100,0.3,0.0,harm,hybrid,0.023,low_risk_q1,0.023,1.0,0,0.9837720990180969,0.0063194273019007655,93,4050,0.25591397849462366,553,22302
6,100,0.3,0.0,harm,hybrid,0.023,low_risk_q1,0.023,1.0,0,0.9964433908462524,0.005986176252777092,93,4050,0.24408602150537634,553,22302
6,100,0.3,0.0,harm,hybrid,0.023,low_risk_q1,0.023,1.0,0,1.0091147422790527,0.005492470994816094,93,4050,0.22311827956989247,553,22302
6,100,0.3,0.0,harm,hybrid,0.023,low_risk_q1,0.023,1.0,0,1.0217859745025635,0.004961737842508022,93,4050,0.20053763440860217,553,22302
6,100,0.3,0.0,harm,hybrid,0.023,low_risk_q1,0.023,1.0,0,1.0344572067260742,0.004097753641076278,93,4050,0.16451612903225807,553,22302
6,100,0.3,0.0,harm,hybrid,0.023,low_risk_q1,0.023,1.0,0,1.0471285581588745,0.0031103431251542826,93,4050,0.12258064516129033,553,22302
6,100,0.3,0.0,harm,hybrid,0.023,low_risk_q1,0.023,1.0,0,1.0597997903823853,0.002468526289804987,93,4050,0.09516129032258064,553,22302
6,100,0.3,0.0,harm,hybrid,0.023,low_risk_q1,0.023,1.0,0,1.0724711418151855,0.001863737348802765,93,4050,0.06935483870967742,553,22302
6,100,0.3,0.0,harm,hybrid,0.023,low_risk_q1,0.023,1.0,0,1.0851423740386963,0.0014070599851888422,93,4050,0.04946236559139785,553,22302
6,100,0.3,0.0,harm,hybrid,0.023,low_risk_q1,0.023,1.0,0,1.0978137254714966,0.0010491236731671192,93,4050,0.03387096774193548,553,22302
6,100,0.3,0.0,harm,hybrid,0.023,low_risk_q1,0.023,1.0,0,1.1104849576950073,0.0008392989385336955,93,4050,0.02526881720430107,553,22302
6,100,0.3,0.0,harm,hybrid,0.023,low_risk_q1,0.023,1.0,0,1.1231563091278076,0.000715872624043446,93,4050,0.01989247311827957,553,22302
6,100,0.3,0.0,harm,hybrid,0.023,low_risk_q1,0.023,1.0,0,1.1358275413513184,0.000530733152308072,93,4050,0.011827956989247313,553,22302
6,100,0.3,0.0,harm,hybrid,0.023,low_risk_q1,0.023,1.0,0,1.148498773574829,0.00039496420636879785,93,4050,0.0059139784946236566,553,22302
6,100,0.3,0.0,harm,hybrid,0.023,low_risk_q1,0.023,1.0,0,1.1611701250076294,0.0003455936805726981,93,4050,0.003763440860215054,553,22302
6,100,0.3,0.0,harm,hybrid,0.023,low_risk_q1,0.023,1.0,0,1.1738413572311401,0.00032090841767464824,93,4050,0.0032258064516129037,553,22302
6,100,0.3,0.0,harm,hybrid,0.023,low_risk_q1,0.023,1.0,0,1.1865127086639404,0.00028388052332757347,93,4050,0.0016129032258064518,553,22302
6,100,0.3,0.0,harm,hybrid,0.023,low_risk_q1,0.023,1.0,0,1.1991839408874512,0.0002715378918785485,93,4050,0.001075268817204301,553,22302
6,100,0.3,0.0,harm,hybrid,0.023,low_risk_q1,0.023,1.0,0,1.2118552923202515,0.0002715378918785485,93,4050,0.001075268817204301,553,22302
6,100,0.3,0.0,harm,hybrid,0.023,low_risk_q1,0.023,1.0,0,1.2245265245437622,0.0002591952604295236,93,4050,0.0005376344086021505,553,22302
6,100,0.3,0.0,harm,hybrid,0.023,low_risk_q1,0.023,1.0,0,1.2371978759765625,0.0002591952604295236,93,4050,0.0005376344086021505,553,22302
6,100,0.3,0.0,harm,hybrid,0.023,low_risk_q1,0.023,1.0,0,1.2498691082000732,0.00024685262898049864,93,4050,0.0,553,22302
6,100,0.3,0.0,harm,hybrid,0.023,low_risk_q1,0.023,1.0,0,1.2625404596328735,0.00024685262898049864,93,4050,0.0,553,22302
6,100,0.3,0.0,harm,hybrid,0.023,low_risk_q1,0.023,1.0,0,1.2752116918563843,0.00024685262898049864,93,4050,0.0,553,22302
6,100,0.3,0.0,harm,hybrid,0.023,low_risk_q1,0.023,1.0,0,1.287882924079895,0.00024685262898049864,93,4050,0.0,553,22302
6,100,0.3,0.0,harm,hybrid,0.023,low_risk_q1,0.023,1.0,0,1.3005542755126953,0.00024685262898049864,93,4050,0.0,553,22302
7,100,0.3,0.0,harm,hybrid,0.023,low_risk_q1,0.023,1.0,0,0.047112464904785156,0.009311193111931118,93,4064,0.30376344086021506,565,22852
7,100,0.3,0.0,harm,hybrid,0.023,low_risk_q1,0.023,1.0,0,0.06021270900964737,0.009311193111931118,93,4064,0.30376344086021506,565,22852
7,100,0.3,0.0,harm,hybrid,0.023,low_risk_q1,0.023,1.0,0,0.07331295311450958,0.009311193111931118,93,4064,0.30376344086021506,565,22852
7,100,0.3,0.0,harm,hybrid,0.023,low_risk_q1,0.023,1.0,0,0.0864131897687912,0.009311193111931118,93,4064,0.30376344086021506,565,22852
7,100,0.3,0.0,harm,hybrid,0.023,low_risk_q1,0.023,1.0,0,0.09951344132423401,0.009311193111931118,93,4064,0.30376344086021506,565,22852
7,100,0.3,0.0,harm,hybrid,0.023,low_risk_q1,0.023,1.0,0,0.11261367797851562,0.009311193111931118,93,4064,0.30376344086021506,565,22852
7,100,0.3,0.0,harm,hybrid,0.023,low_risk_q1,0.023,1.0,0,0.12571391463279724,0.009311193111931118,93,4064,0.30376344086021506,565,22852
7,100,0.3,0.0,harm,hybrid,0.023,low_risk_q1,0.023,1.0,0,0.13881416618824005,0.009311193111931118,93,4064,0.30376344086021506,565,22852
7,100,0.3,0.0,harm,hybrid,0.023,low_risk_q1,0.023,1.0,0,0.15191441774368286,0.009311193111931118,93,4064,0.30376344086021506,565,22852
7,100,0.3,0.0,harm,hybrid,0.023,low_risk_q1,0.023,1.0,0,0.16501465439796448,0.009311193111931118,93,4064,0.30376344086021506,565,22852
7,100,0.3,0.0,harm,hybrid,0.023,low_risk_q1,0.023,1.0,0,0.1781148910522461,0.009311193111931118,93,4064,0.30376344086021506,565,22852
7,100,0.3,0.0,harm,hybrid,0.023,low_risk_q1,0.023,1.0,0,0.1912151426076889,0.009311193111931118,93,4064,0.30376344086021506,565,22852
7,100,0.3,0.0,harm,hybrid,0.023,low_risk_q1,0.023,1.0,0,0.20431537926197052,0.009311193111931118,93,4064,0.30376344086021506,565,22852
7,100,0.3,0.0,harm,hybrid,0.023,low_risk_q1,0.023,1.0,0,0.21741563081741333,0.009311193111931118,93,4064,0.30376344086021506,565,22852
7,100,0.3,0.0,harm,hybrid,0.023,low_risk_q1,0.023,1.0,0,0.23051586747169495,0.009311193111931118,93,4064,0.30376344086021506,565,22852
7,100,0.3,0.0,harm,hybrid,0.023,low_risk_q1,0.023,1.0,0,0.24361611902713776,0.009311193111931118,93,4064,0.30376344086021506,565,22852
7,100,0.3,0.0,harm,hybrid,0.023,low_risk_q1,0.023,1.0,0,0.25671637058258057,0.009311193111931118,93,4064,0.30376344086021506,565,22852
7,100,0.3,0.0,harm,hybrid,0.023,low_risk_q1,0.023,1.0,0,0.2698165774345398,0.009311193111931118,93,4064,0.30376344086021506,565,22852
7,100,0.3,0.0,harm,hybrid,0.023,low_risk_q1,0.023,1.0,0,0.2829168438911438,0.009311193111931118,93,4064,0.30376344086021506,565,22852
7,100,0.3,0.0,harm,hybrid,0.023,low_risk_q1,0.023,1.0,0,0.2960170805454254,0.009311193111931118,93,4064,0.30376344086021506,565,22852
7,100,0.3,0.0,harm,hybrid,0.023,low_risk_q1,0.023,1.0,0,0.30911731719970703,0.009298892988929889,93,4064,0.30376344086021506,565,22852
7,100,0.3,0.0,harm,hybrid,0.023,low_risk_q1,0.023,1.0,0,0.32221758365631104,0.009298892988929889,93,4064,0.30376344086021506,565,22852
7,100,0.3,0.0,harm,hybrid,0.023,low_risk_q1,0.023,1.0,0,0.33531782031059265,0.009298892988929889,93,4064,0.30376344086021506,565,22852
7,100,0.3,0.0,harm,hybrid,0.023,low_risk_q1,0.023,1.0,0,0.34841805696487427,0.009298892988929889,93,4064,0.30376344086021506,565,22852
7,100,0.3,0.0,harm,hybrid,0.023,low_risk_q1,0.023,1.0,0,0.3615182936191559,0.009298892988929889,93,4064,0.30376344086021506,565,22852
7,100,0.3,0.0,harm,hybrid,0.023,low_risk_q1,0.023,1.0,0,0.3746185302734375,0.009298892988929889,93,4064,0.30376344086021506,565,22852
7,100,0.3,0.0,harm,hybrid,0.023,low_risk_q1,0.023,1.0,0,0.3877187967300415,0.00927429274292743,93,4064,0.30376344086021506,565,22852
7,100,0.3,0.0,harm,hybrid,0.023,low_risk_q1,0.023,1.0,0,0.4008190333843231,0.009261992619926199,93,4064,0.30376344086021506,565,22852
7,100,0.3,0.0,harm,hybrid,0.023,low_risk_q1,0.023,1.0,0,0.41391927003860474,0.00923739237392374,93,4064,0.30376344086021506,565,22852
7,100,0.3,0.0,harm,hybrid,0.023,low_risk_q1,0.023,1.0,0,0.42701950669288635,0.00923739237392374,93,4064,0.30376344086021506,565,22852
7,100,0.3,0.0,harm,hybrid,0.023,low_risk_q1,0.023,1.0,0,0.44011977314949036,0.00922509225092251,93,4064,0.30376344086021506,565,22852
7,100,0.3,0.0,harm,hybrid,0.023,low_risk_q1,0.023,1.0,0,0.453220009803772,0.009188191881918818,93,4064,0.30376344086021506,565,22852
7,100,0.3,0.0,harm,hybrid,0.023,low_risk_q1,0.023,1.0,0,0.4663202464580536,0.00916359163591636,93,4064,0.3026881720430108,565,22852
7,100,0.3,0.0,harm,hybrid,0.023,low_risk_q1,0.023,1.0,0,0.4794204831123352,0.00908979089790898,93,4064,0.3026881720430108,565,22852
7,100,0.3,0.0,harm,hybrid,0.023,low_risk_q1,0.023,1.0,0,0.4925207197666168,0.008991389913899138,93,4064,0.3021505376344086,565,22852
7,100,0.3,0.0,harm,hybrid,0.023,low_risk_q1,0.023,1.0,0,0.5056209564208984,0.00895448954489545,93,4064,0.30053763440860215,565,22852
7,100,0.3,0.0,harm,hybrid,0.023,low_risk_q1,0.023,1.0,0,0.5187212228775024,0.008929889298892988,93,4064,0.2994623655913978,565,22852
7,100,0.3,0.0,harm,hybrid,0.023,low_risk_q1,0.023,1.0,0,0.5318214893341064,0.008806888068880688,93,4064,0.2973118279569893,565,22852
7,100,0.3,0.0,harm,hybrid,0.023,low_risk_q1,0.023,1.0,0,0.5449216961860657,0.008745387453874537,93,4064,0.2956989247311828,565,22852
7,100,0.3,0.0,harm,hybrid,0.023,low_risk_q1,0.023,1.0,0,0.5580219626426697,0.008659286592865929,93,4064,0.2903225806451613,565,22852
7,100,0.3,0.0,harm,hybrid,0.023,low_risk_q1,0.023,1.0,0,0.5711221694946289,0.008548585485854859,93,4064,0.28978494623655915,565,22852
7,100,0.3,0.0,harm,hybrid,0.023,low_risk_q1,0.023,1.0,0,0.5842224359512329,0.008474784747847477,93,4064,0.28655913978494624,565,22852
7,100,0.3,0.0,harm,hybrid,0.023,low_risk_q1,0.023,1.0,0,0.5973227024078369,0.00841328413284133,93,4064,0.28548387096774197,565,22852
7,100,0.3,0.0,harm,hybrid,0.023,low_risk_q1,0.023,1.0,0,0.6104229092597961,0.008388683886838867,93,4064,0.2838709677419355,565,22852
7,100,0.3,0.0,harm,hybrid,0.023,low_risk_q1,0.023,1.0,0,0.6235231757164001,0.008327183271832718,93,4064,0.2817204301075269,565,22852
7,100,0.3,0.0,harm,hybrid,0.023,low_risk_q1,0.023,1.0,0,0.6366233825683594,0.008327183271832718,93,4064,0.28118279569892474,565,22852
7,100,0.3,0.0,harm,hybrid,0.023,low_risk_q1,0.023,1.0,0,0.6497236490249634,0.008302583025830259,93,4064,0.2806451612903226,565,22852
7,100,0.3,0.0,harm,hybrid,0.023,low_risk_q1,0.023,1.0,0,0.6628239154815674,0.008241082410824108,93,4064,0.2795698924731183,565,22852
7,100,0.3,0.0,harm,hybrid,0.023,low_risk_q1,0.023,1.0,0,0.6759241223335266,0.008216482164821647,93,4064,0.2795698924731183,565,22852
7,100,0.3,0.0,harm,hybrid,0.023,low_risk_q1,0.023,1.0,0,0.6890243887901306,0.008204182041820418,93,4064,0.2795698924731183,565,22852
7,100,0.3,0.0,harm,hybrid,0.023,low_risk_q1,0.023,1.0,0,0.7021245956420898,0.008167281672816728,93,4064,0.2795698924731183,565,22852
7,100,0.3,0.0,harm,hybrid,0.023,low_risk_q1,0.023,1.0,0,0.7152248620986938,0.008093480934809348,93,4064,0.2795698924731183,565,22852
7,100,0.3,0.0,harm,hybrid,0.023,low_risk_q1,0.023,1.0,0,0.7283251285552979,0.008068880688806889,93,4064,0.2795698924731183,565,22852
7,100,0.3,0.0,harm,hybrid,0.023,low_risk_q1,0.023,1.0,0,0.7414253354072571,0.008044280442804428,93,4064,0.2795698924731183,565,22852
7,100,0.3,0.0,harm,hybrid,0.023,low_risk_q1,0.023,1.0,0,0.7545256018638611,0.008019680196801968,93,4064,0.2795698924731183,565,22852
7,100,0.3,0.0,harm,hybrid,0.023,low_risk_q1,0.023,1.0,0,0.7676258683204651,0.007982779827798278,93,4064,0.2795698924731183,565,22852
7,100,0.3,0.0,harm,hybrid,0.023,low_risk_q1,0.023,1.0,0,0.7807260751724243,0.007958179581795817,93,4064,0.2795698924731183,565,22852
7,100,0.3,0.0,harm,hybrid,0.023,low_risk_q1,0.023,1.0,0,0.7938263416290283,0.007921279212792127,93,4064,0.2795698924731183,565,22852
7,100,0.3,0.0,harm,hybrid,0.023,low_risk_q1,0.023,1.0,0,0.8069265484809875,0.007847478474784748,93,4064,0.2795698924731183,565,22852
7,100,0.3,0.0,harm,hybrid,0.023,low_risk_q1,0.023,1.0,0,0.8200268149375916,0.007736777367773678,93,4064,0.2795698924731183,565,22852
7,100,0.3,0.0,harm,hybrid,0.023,low_risk_q1,0.023,1.0,0,0.8331270813941956,0.007662976629766297,93,4064,0.2795698924731183,565,22852
7,100,0.3,0.0,harm,hybrid,0.023,low_risk_q1,0.023,1.0,0,0.8462272882461548,0.007613776137761376,93,4064,0.2795698924731183,565,22852
7,100,0.3,0.0,harm,hybrid,0.023,low_risk_q1,0.023,1.0,0,0.8593275547027588,0.007552275522755228,93,4064,0.2795698924731183,565,22852
7,100,0.3,0.0,harm,hybrid,0.023,low_risk_q1,0.023,1.0,0,0.872427761554718,0.007527675276752768,93,4064,0.2795698924731183,565,22852
7,100,0.3,0.0,harm,hybrid,0.023,low_risk_q1,0.023,1.0,0,0.885528028011322,0.007441574415744158,93,4064,0.2795698924731183,565,22852
7,100,0.3,0.0,harm,hybrid,0.023,low_risk_q1,0.023,1.0,0,0.898628294467926,0.007343173431734318,93,4064,0.2795698924731183,565,22852
7,100,0.3,0.0,harm,hybrid,0.023,low_risk_q1,0.023,1.0,0,0.9117285013198853,0.007293972939729398,93,4064,0.2795698924731183,565,22852
7,100,0.3,0.0,harm,hybrid,0.023,low_risk_q1,0.023,1.0,0,0.9248287677764893,0.0071709717097170975,93,4064,0.2795698924731183,565,22852
7,100,0.3,0.0,harm,hybrid,0.023,low_risk_q1,0.023,1.0,0,0.9379289746284485,0.007121771217712177,93,4064,0.2795698924731183,565,22852
7,100,0.3,0.0,harm,hybrid,0.023,low_risk_q1,0.023,1.0,0,0.9510292410850525,0.007035670356703567,93,4064,0.2795698924731183,565,22852
7,100,0.3,0.0,harm,hybrid,0.023,low_risk_q1,0.023,1.0,0,0.9641295075416565,0.0069126691266912675,93,4064,0.2763440860215054,565,22852
7,100,0.3,0.0,harm,hybrid,0.023,low_risk_q1,0.023,1.0,0,0.9772297143936157,0.006642066420664207,93,4064,0.2682795698924732,565,22852
7,100,0.3,0.0,harm,hybrid,0.023,low_risk_q1,0.023,1.0,0,0.9903299808502197,0.006285362853628537,93,4064,0.2548387096774194,565,22852
7,100,0.3,0.0,harm,hybrid,0.023,low_risk_q1,0.023,1.0,0,1.0034301280975342,0.005867158671586716,93,4064,0.23924731182795703,565,22852
7,100,0.3,0.0,harm,hybrid,0.023,low_risk_q1,0.023,1.0,0,1.0165305137634277,0.005252152521525216,93,4064,0.2134408602150538,565,22852
7,100,0.3,0.0,harm,hybrid,0.023,low_risk_q1,0.023,1.0,0,1.0296306610107422,0.004501845018450185,93,4064,0.18279569892473121,565,22852
7,100,0.3,0.0,harm,hybrid,0.023,low_risk_q1,0.023,1.0,0,1.0427309274673462,0.003530135301353014,93,4064,0.14193548387096774,565,22852
7,100,0.3,0.0,harm,hybrid,0.023,low_risk_q1,0.023,1.0,0,1.0558311939239502,0.0027306273062730627,93,4064,0.10752688172043011,565,22852
7,100,0.3,0.0,harm,hybrid,0.023,low_risk_q1,0.023,1.0,0,1.0689314603805542,0.002041820418204182,93,4064,0.07795698924731183,565,22852
7,100,0.3,0.0,harm,hybrid,0.023,low_risk_q1,0.023,1.0,0,1.0820317268371582,0.0014268142681426814,93,4064,0.05161290322580645,565,22852
7,100,0.3,0.0,harm,hybrid,0.023,low_risk_q1,0.023,1.0,0,1.0951318740844727,0.0009840098400984009,93,4064,0.03225806451612903,565,22852
7,100,0.3,0.0,harm,hybrid,0.023,low_risk_q1,0.023,1.0,0,1.1082321405410767,0.0007626076260762607,93,4064,0.022580645161290325,565,22852
7,100,0.3,0.0,harm,hybrid,0.023,low_risk_q1,0.023,1.0,0,1.1213324069976807,0.0005904059040590405,93,4064,0.01505376344086022,565,22852
7,100,0.3,0.0,harm,hybrid,0.023,low_risk_q1,0.023,1.0,0,1.1344326734542847,0.00047970479704797044,93,4064,0.010215053763440863,565,22852
7,100,0.3,0.0,harm,hybrid,0.023,low_risk_q1,0.023,1.0,0,1.1475329399108887,0.00034440344403444036,93,4064,0.004301075268817204,565,22852
7,100,0.3,0.0,harm,hybrid,0.023,low_risk_q1,0.023,1.0,0,1.1606330871582031,0.00029520295202952026,93,4064,0.002150537634408602,565,22852
7,100,0.3,0.0,harm,hybrid,0.023,low_risk_q1,0.023,1.0,0,1.1737333536148071,0.0002460024600246002,93,4064,0.0,565,22852
7,100,0.3,0.0,harm,hybrid,0.023,low_risk_q1,0.023,1.0,0,1.1868336200714111,0.0002460024600246002,93,4064,0.0,565,22852
7,100,0.3,0.0,harm,hybrid,0.023,low_risk_q1,0.023,1.0,0,1.1999338865280151,0.0002460024600246002,93,4064,0.0,565,22852
7,100,0.3,0.0,harm,hybrid,0.023,low_risk_q1,0.023,1.0,0,1.2130341529846191,0.0002460024600246002,93,4064,0.0,565,22852
7,100,0.3,0.0,harm,hybrid,0.023,low_risk_q1,0.023,1.0,0,1.2261343002319336,0.0002460024600246002,93,4064,0.0,565,22852
7,100,0.3,0.0,harm,hybrid,0.023,low_risk_q1,0.023,1.0,0,1.2392345666885376,0.0002460024600246002,93,4064,0.0,565,22852
7,100,0.3,0.0,harm,hybrid,0.023,low_risk_q1,0.023,1.0,0,1.2523348331451416,0.0002460024600246002,93,4064,0.0,565,22852
7,100,0.3,0.0,harm,hybrid,0.023,low_risk_q1,0.023,1.0,0,1.2654350996017456,0.0002460024600246002,93,4064,0.0,565,22852
7,100,0.3,0.0,harm,hybrid,0.023,low_risk_q1,0.023,1.0,0,1.2785353660583496,0.0002460024600246002,93,4064,0.0,565,22852
7,100,0.3,0.0,harm,hybrid,0.023,low_risk_q1,0.023,1.0,0,1.291635513305664,0.0002460024600246002,93,4064,0.0,565,22852
7,100,0.3,0.0,harm,hybrid,0.023,low_risk_q1,0.023,1.0,0,1.304735779762268,0.0002460024600246002,93,4064,0.0,565,22852
7,100,0.3,0.0,harm,hybrid,0.023,low_risk_q1,0.023,1.0,0,1.317836046218872,0.0002460024600246002,93,4064,0.0,565,22852
7,100,0.3,0.0,harm,hybrid,0.023,low_risk_q1,0.023,1.0,0,1.330936312675476,0.0002460024600246002,93,4064,0.0,565,22852
7,100,0.3,0.0,harm,hybrid,0.023,low_risk_q1,0.023,1.0,0,1.34403657913208,0.0002460024600246002,93,4064,0.0,565,22852
8,100,0.3,0.0,harm,hybrid,0.023,low_risk_q1,0.023,1.0,0,0.07922777533531189,0.008975621768037427,93,4060,0.2956989247311828,550,22286
8,100,0.3,0.0,harm,hybrid,0.023,low_risk_q1,0.023,1.0,0,0.0916549414396286,0.008975621768037427,93,4060,0.2956989247311828,550,22286
8,100,0.3,0.0,harm,hybrid,0.023,low_risk_q1,0.023,1.0,0,0.10408211499452591,0.008975621768037427,93,4060,0.2956989247311828,550,22286
8,100,0.3,0.0,harm,hybrid,0.023,low_risk_q1,0.023,1.0,0,0.11650928109884262,0.008975621768037427,93,4060,0.2956989247311828,550,22286
8,100,0.3,0.0,harm,hybrid,0.023,low_risk_q1,0.023,1.0,0,0.12893645465373993,0.008975621768037427,93,4060,0.2956989247311828,550,22286
8,100,0.3,0.0,harm,hybrid,0.023,low_risk_q1,0.023,1.0,0,0.14136362075805664,0.008975621768037427,93,4060,0.2956989247311828,550,22286
8,100,0.3,0.0,harm,hybrid,0.023,low_risk_q1,0.023,1.0,0,0.15379078686237335,0.008975621768037427,93,4060,0.2956989247311828,550,22286
8,100,0.3,0.0,harm,hybrid,0.023,low_risk_q1,0.023,1.0,0,0.16621795296669006,0.008975621768037427,93,4060,0.2956989247311828,550,22286
8,100,0.3,0.0,harm,hybrid,0.023,low_risk_q1,0.023,1.0,0,0.17864513397216797,0.008975621768037427,93,4060,0.2956989247311828,550,22286
8,100,0.3,0.0,harm,hybrid,0.023,low_risk_q1,0.023,1.0,0,0.1910722851753235,0.008975621768037427,93,4060,0.2956989247311828,550,22286
8,100,0.3,0.0,harm,hybrid,0.023,low_risk_q1,0.023,1.0,0,0.2034994661808014,0.008975621768037427,93,4060,0.2956989247311828,550,22286
8,100,0.3,0.0,harm,hybrid,0.023,low_risk_q1,0.023,1.0,0,0.2159266322851181,0.008975621768037427,93,4060,0.2956989247311828,550,22286
8,100,0.3,0.0,harm,hybrid,0.023,low_risk_q1,0.023,1.0,0,0.22835379838943481,0.008975621768037427,93,4060,0.2956989247311828,550,22286
8,100,0.3,0.0,harm,hybrid,0.023,low_risk_q1,0.023,1.0,0,0.24078096449375153,0.008975621768037427,93,4060,0.2956989247311828,550,22286
8,100,0.3,0.0,harm,hybrid,0.023,low_risk_q1,0.023,1.0,0,0.2532081604003906,0.008975621768037427,93,4060,0.2956989247311828,550,22286
8,100,0.3,0.0,harm,hybrid,0.023,low_risk_q1,0.023,1.0,0,0.26563531160354614,0.008975621768037427,93,4060,0.2956989247311828,550,22286
8,100,0.3,0.0,harm,hybrid,0.023,low_risk_q1,0.023,1.0,0,0.27806246280670166,0.008975621768037427,93,4060,0.2956989247311828,550,22286
8,100,0.3,0.0,harm,hybrid,0.023,low_risk_q1,0.023,1.0,0,0.29048964381217957,0.008975621768037427,93,4060,0.2956989247311828,550,22286
8,100,0.3,0.0,harm,hybrid,0.023,low_risk_q1,0.023,1.0,0,0.30291682481765747,0.008975621768037427,93,4060,0.2956989247311828,550,22286
8,100,0.3,0.0,harm,hybrid,0.023,low_risk_q1,0.023,1.0,0,0.315343976020813,0.008975621768037427,93,4060,0.2956989247311828,550,22286
8,100,0.3,0.0,harm,hybrid,0.023,low_risk_q1,0.023,1.0,0,0.3277711570262909,0.008975621768037427,93,4060,0.2956989247311828,550,22286
8,100,0.3,0.0,harm,hybrid,0.023,low_risk_q1,0.023,1.0,0,0.3401983082294464,0.008975621768037427,93,4060,0.2956989247311828,550,22286
8,100,0.3,0.0,harm,hybrid,0.023,low_risk_q1,0.023,1.0,0,0.3526254892349243,0.008963309529672493,93,4060,0.2956989247311828,550,22286
8,100,0.3,0.0,harm,hybrid,0.023,low_risk_q1,0.023,1.0,0,0.3650526702404022,0.00892637281457769,93,4060,0.2956989247311828,550,22286
8,100,0.3,0.0,harm,hybrid,0.023,low_risk_q1,0.023,1.0,0,0.37747982144355774,0.00892637281457769,93,4060,0.2956989247311828,550,22286
8,100,0.3,0.0,harm,hybrid,0.023,low_risk_q1,0.023,1.0,0,0.38990700244903564,0.00892637281457769,93,4060,0.2956989247311828,550,22286
8,100,0.3,0.0,harm,hybrid,0.023,low_risk_q1,0.023,1.0,0,0.40233415365219116,0.00892637281457769,93,4060,0.2956989247311828,550,22286
8,100,0.3,0.0,harm,hybrid,0.023,low_risk_q1,0.023,1.0,0,0.41476133465766907,0.00892637281457769,93,4060,0.2956989247311828,550,22286
8,100,0.3,0.0,harm,hybrid,0.023,low_risk_q1,0.023,1.0,0,0.427188515663147,0.00890174833784782,93,4060,0.2956989247311828,550,22286
8,100,0.3,0.0,harm,hybrid,0.023,low_risk_q1,0.023,1.0,0,0.4396156668663025,0.008864811622753016,93,4060,0.29516129032258065,550,22286
8,100,0.3,0.0,harm,hybrid,0.023,low_risk_q1,0.023,1.0,0,0.4520428478717804,0.008827874907658212,93,4060,0.2935483870967742,550,22286
8,100,0.3,0.0,harm,hybrid,0.023,low_risk_q1,0.023,1.0,0,0.4644699990749359,0.008803250430928342,93,4060,0.29301075268817206,550,22286
8,100,0.3,0.0,harm,hybrid,0.023,low_risk_q1,0.023,1.0,0,0.4768971800804138,0.008766313715833538,93,4060,0.29139784946236563,550,22286
8,100,0.3,0.0,harm,hybrid,0.023,low_risk_q1,0.023,1.0,0,0.4893243610858917,0.008680128047278994,93,4060,0.2887096774193548,550,22286
8,100,0.3,0.0,harm,hybrid,0.023,low_risk_q1,0.023,1.0,0,0.5017515420913696,0.00861856685545432,93,4060,0.2860215053763441,550,22286
8,100,0.3,0.0,harm,hybrid,0.023,low_risk_q1,0.023,1.0,0,0.5141786932945251,0.008470819995075103,93,4060,0.282258064516129,550,22286
8,100,0.3,0.0,harm,hybrid,0.023,low_risk_q1,0.023,1.0,0,0.5266058444976807,0.00840925880325043,93,4060,0.2801075268817204,550,22286
8,100,0.3,0.0,harm,hybrid,0.023,low_risk_q1,0.023,1.0,0,0.539033055305481,0.008323073134695887,93,4060,0.2752688172043011,550,22286
8,100,0.3,0.0,harm,hybrid,0.023,low_risk_q1,0.023,1.0,0,0.5514602065086365,0.008261511942871216,93,4060,0.271505376344086,550,22286
8,100,0.3,0.0,harm,hybrid,0.023,low_risk_q1,0.023,1.0,0,0.563887357711792,0.0081507017975868,93,4060,0.26881720430107525,550,22286
8,100,0.3,0.0,harm,hybrid,0.023,low_risk_q1,0.023,1.0,0,0.5763145685195923,0.008113765082491996,93,4060,0.26881720430107525,550,22286
8,100,0.3,0.0,harm,hybrid,0.023,low_risk_q1,0.023,1.0,0,0.588741660118103,0.008089140605762128,93,4060,0.26774193548387093,550,22286
8,100,0.3,0.0,harm,hybrid,0.023,low_risk_q1,0.023,1.0,0,0.6011688709259033,0.008076828367397192,93,4060,0.26774193548387093,550,22286
8,100,0.3,0.0,harm,hybrid,0.023,low_risk_q1,0.023,1.0,0,0.6135960817337036,0.008027579413937454,93,4060,0.26774193548387093,550,22286
8,100,0.3,0.0,harm,hybrid,0.023,low_risk_q1,0.023,1.0,0,0.6260231733322144,0.00799064269884265,93,4060,0.26666666666666666,550,22286
8,100,0.3,0.0,harm,hybrid,0.023,low_risk_q1,0.023,1.0,0,0.6384503841400146,0.007978330460477714,93,4060,0.2661290322580645,550,22286
8,100,0.3,0.0,harm,hybrid,0.023,low_risk_q1,0.023,1.0,0,0.6508775949478149,0.007929081507017975,93,4060,0.2661290322580645,550,22286
8,100,0.3,0.0,harm,hybrid,0.023,low_risk_q1,0.023,1.0,0,0.6633046865463257,0.007892144791923171,93,4060,0.2661290322580645,550,22286
8,100,0.3,0.0,harm,hybrid,0.023,low_risk_q1,0.023,1.0,0,0.675731897354126,0.007855208076828367,93,4060,0.2661290322580645,550,22286
8,100,0.3,0.0,harm,hybrid,0.023,low_risk_q1,0.023,1.0,0,0.6881591081619263,0.007818271361733561,93,4060,0.2661290322580645,550,22286
8,100,0.3,0.0,harm,hybrid,0.023,low_risk_q1,0.023,1.0,0,0.700586199760437,0.007805959123368627,93,4060,0.2661290322580645,550,22286
8,100,0.3,0.0,harm,hybrid,0.023,low_risk_q1,0.023,1.0,0,0.7130134105682373,0.007744397931543953,93,4060,0.2661290322580645,550,22286
8,100,0.3,0.0,harm,hybrid,0.023,low_risk_q1,0.023,1.0,0,0.725440502166748,0.007695148978084216,93,4060,0.2661290322580645,550,22286
8,100,0.3,0.0,harm,hybrid,0.023,low_risk_q1,0.023,1.0,0,0.7378677129745483,0.007682836739719281,93,4060,0.2661290322580645,550,22286
8,100,0.3,0.0,harm,hybrid,0.023,low_risk_q1,0.023,1.0,0,0.7502949237823486,0.007658212262989412,93,4060,0.2661290322580645,550,22286
8,100,0.3,0.0,harm,hybrid,0.023,low_risk_q1,0.023,1.0,0,0.7627220153808594,0.0076089633095296726,93,4060,0.2661290322580645,550,22286
8,100,0.3,0.0,harm,hybrid,0.023,low_risk_q1,0.023,1.0,0,0.7751492261886597,0.0075597143560699335,93,4060,0.2661290322580645,550,22286
8,100,0.3,0.0,harm,hybrid,0.023,low_risk_q1,0.023,1.0,0,0.78757643699646,0.007547402117704998,93,4060,0.2661290322580645,550,22286
8,100,0.3,0.0,harm,hybrid,0.023,low_risk_q1,0.023,1.0,0,0.8000035285949707,0.007510465402610194,93,4060,0.2661290322580645,550,22286
8,100,0.3,0.0,harm,hybrid,0.023,low_risk_q1,0.023,1.0,0,0.812430739402771,0.007411967495690716,93,4060,0.2661290322580645,550,22286
8,100,0.3,0.0,harm,hybrid,0.023,low_risk_q1,0.023,1.0,0,0.8248579502105713,0.007301157350406303,93,4060,0.2661290322580645,550,22286
8,100,0.3,0.0,harm,hybrid,0.023,low_risk_q1,0.023,1.0,0,0.837285041809082,0.0072026594434868255,93,4060,0.2661290322580645,550,22286
8,100,0.3,0.0,harm,hybrid,0.023,low_risk_q1,0.023,1.0,0,0.8497122526168823,0.007165722728392021,93,4060,0.2661290322580645,550,22286
8,100,0.3,0.0,harm,hybrid,0.023,low_risk_q1,0.023,1.0,0,0.8621394634246826,0.007141098251662151,93,4060,0.2661290322580645,550,22286
8,100,0.3,0.0,harm,hybrid,0.023,low_risk_q1,0.023,1.0,0,0.8745665550231934,0.007079537059837478,93,4060,0.2661290322580645,550,22286
8,100,0.3,0.0,harm,hybrid,0.023,low_risk_q1,0.023,1.0,0,0.8869937658309937,0.00700566362964787,93,4060,0.2661290322580645,550,22286
8,100,0.3,0.0,harm,hybrid,0.023,low_risk_q1,0.023,1.0,0,0.899420976638794,0.006968726914553064,93,4060,0.2661290322580645,550,22286
8,100,0.3,0.0,harm,hybrid,0.023,low_risk_q1,0.023,1.0,0,0.9118480682373047,0.006870229007633587,93,4060,0.2661290322580645,550,22286
8,100,0.3,0.0,harm,hybrid,0.023,low_risk_q1,0.023,1.0,0,0.924275279045105,0.006784043339079044,93,4060,0.2661290322580645,550,22286
8,100,0.3,0.0,harm,hybrid,0.023,low_risk_q1,0.023,1.0,0,0.9367023706436157,0.006697857670524501,93,4060,0.2661290322580645,550,22286
8,100,0.3,0.0,harm,hybrid,0.023,low_risk_q1,0.023,1.0,0,0.949129581451416,0.006636296478699827,93,4060,0.2650537634408602,550,22286
8,100,0.3,0.0,harm,hybrid,0.023,low_risk_q1,0.023,1.0,0,0.9615567922592163,0.006463925141590741,93,4060,0.26075268817204306,550,22286
8,100,0.3,0.0,harm,hybrid,0.023,low_risk_q1,0.023,1.0,0,0.973983883857727,0.006008372322088154,93,4060,0.24301075268817202,550,22286
8,100,0.3,0.0,harm,hybrid,0.023,low_risk_q1,0.023,1.0,0,0.9864110946655273,0.005565131740950504,93,4060,0.2279569892473118,550,22286
8,100,0.3,0.0,harm,hybrid,0.023,low_risk_q1,0.023,1.0,0,0.9988383054733276,0.004863334154149224,93,4060,0.1978494623655914,550,22286
8,100,0.3,0.0,harm,hybrid,0.023,low_risk_q1,0.023,1.0,0,1.0112653970718384,0.004149224328983009,93,4060,0.16720430107526882,550,22286
8,100,0.3,0.0,harm,hybrid,0.023,low_risk_q1,0.023,1.0,0,1.0236926078796387,0.003336616596897316,93,4060,0.13279569892473117,550,22286
8,100,0.3,0.0,harm,hybrid,0.023,low_risk_q1,0.023,1.0,0,1.036119818687439,0.0027825658704752525,93,4060,0.10913978494623656,550,22286
8,100,0.3,0.0,harm,hybrid,0.023,low_risk_q1,0.023,1.0,0,1.0485469102859497,0.002228515144053189,93,4060,0.0860215053763441,550,22286
8,100,0.3,0.0,harm,hybrid,0.023,low_risk_q1,0.023,1.0,0,1.06097412109375,0.001785274562915538,93,4060,0.06666666666666667,550,22286
8,100,0.3,0.0,harm,hybrid,0.023,low_risk_q1,0.023,1.0,0,1.0734013319015503,0.0013420339817778871,93,4060,0.04784946236559138,550,22286
8,100,0.3,0.0,harm,hybrid,0.023,low_risk_q1,0.023,1.0,0,1.0858285427093506,0.0009726668308298449,93,4060,0.03172043010752688,550,22286
8,100,0.3,0.0,harm,hybrid,0.023,low_risk_q1,0.023,1.0,0,1.0982556343078613,0.0007879832553558237,93,4060,0.023655913978494616,550,22286
8,100,0.3,0.0,harm,hybrid,0.023,low_risk_q1,0.023,1.0,0,1.1106828451156616,0.0005786752031519331,93,4060,0.014516129032258065,550,22286
8,100,0.3,0.0,harm,hybrid,0.023,low_risk_q1,0.023,1.0,0,1.1231099367141724,0.00048017729623245505,93,4060,0.010215053763440863,550,22286
8,100,0.3,0.0,harm,hybrid,0.023,low_risk_q1,0.023,1.0,0,1.1355371475219727,0.0003939916276779118,93,4060,0.006451612903225807,550,22286
8,100,0.3,0.0,harm,hybrid,0.023,low_risk_q1,0.023,1.0,0,1.147964358329773,0.00034474267421817287,93,4060,0.004301075268817204,550,22286
8,100,0.3,0.0,harm,hybrid,0.023,low_risk_q1,0.023,1.0,0,1.1603914499282837,0.00032011819748830337,93,4060,0.0032258064516129037,550,22286
8,100,0.3,0.0,harm,hybrid,0.023,low_risk_q1,0.023,1.0,0,1.172818660736084,0.0002954937207584339,93,4060,0.002150537634408602,550,22286
8,100,0.3,0.0,harm,hybrid,0.023,low_risk_q1,0.023,1.0,0,1.1852458715438843,0.00025855700566362964,93,4060,0.0005376344086021505,550,22286
8,100,0.3,0.0,harm,hybrid,0.023,low_risk_q1,0.023,1.0,0,1.197672963142395,0.00025855700566362964,93,4060,0.0005376344086021505,550,22286
8,100,0.3,0.0,harm,hybrid,0.023,low_risk_q1,0.023,1.0,0,1.2101001739501953,0.0002462447672986949,93,4060,0.0,550,22286
8,100,0.3,0.0,harm,hybrid,0.023,low_risk_q1,0.023,1.0,0,1.2225273847579956,0.0002462447672986949,93,4060,0.0,550,22286
8,100,0.3,0.0,harm,hybrid,0.023,low_risk_q1,0.023,1.0,0,1.2349544763565063,0.0002462447672986949,93,4060,0.0,550,22286
8,100,0.3,0.0,harm,hybrid,0.023,low_risk_q1,0.023,1.0,0,1.2473816871643066,0.0002462447672986949,93,4060,0.0,550,22286
8,100,0.3,0.0,harm,hybrid,0.023,low_risk_q1,0.023,1.0,0,1.259808897972107,0.0002462447672986949,93,4060,0.0,550,22286
8,100,0.3,0.0,harm,hybrid,0.023,low_risk_q1,0.023,1.0,0,1.2722359895706177,0.0002462447672986949,93,4060,0.0,550,22286
8,100,0.3,0.0,harm,hybrid,0.023,low_risk_q1,0.023,1.0,0,1.284663200378418,0.0002462447672986949,93,4060,0.0,550,22286
8,100,0.3,0.0,harm,hybrid,0.023,low_risk_q1,0.023,1.0,0,1.2970904111862183,0.0002462447672986949,93,4060,0.0,550,22286
8,100,0.3,0.0,harm,hybrid,0.023,low_risk_q1,0.023,1.0,0,1.309517502784729,0.0002462447672986949,93,4060,0.0,550,22286
9,100,0.3,0.0,harm,hybrid,0.023,low_risk_q1,0.023,1.0,0,0.0,0.009439528023598818,93,4067,0.30913978494623656,575,23247
9,100,0.3,0.0,harm,hybrid,0.023,low_risk_q1,0.023,1.0,0,0.013008207082748413,0.009439528023598818,93,4067,0.30913978494623656,575,23247
9,100,0.3,0.0,harm,hybrid,0.023,low_risk_q1,0.023,1.0,0,0.026016414165496826,0.009439528023598818,93,4067,0.30913978494623656,575,23247
9,100,0.3,0.0,harm,hybrid,0.023,low_risk_q1,0.023,1.0,0,0.03902462124824524,0.009439528023598818,93,4067,0.30913978494623656,575,23247
9,100,0.3,0.0,harm,hybrid,0.023,low_risk_q1,0.023,1.0,0,0.05203282833099365,0.009439528023598818,93,4067,0.30913978494623656,575,23247
9,100,0.3,0.0,harm,hybrid,0.023,low_risk_q1,0.023,1.0,0,0.06504103541374207,0.009439528023598818,93,4067,0.30913978494623656,575,23247
9,100,0.3,0.0,harm,hybrid,0.023,low_risk_q1,0.023,1.0,0,0.07804924249649048,0.009439528023598818,93,4067,0.30913978494623656,575,23247
9,100,0.3,0.0,harm,hybrid,0.023,low_risk_q1,0.023,1.0,0,0.09105744957923889,0.009439528023598818,93,4067,0.30913978494623656,575,23247
9,100,0.3,0.0,harm,hybrid,0.023,low_risk_q1,0.023,1.0,0,0.1040656566619873,0.009439528023598818,93,4067,0.30913978494623656,575,23247
9,100,0.3,0.0,harm,hybrid,0.023,low_risk_q1,0.023,1.0,0,0.11707386374473572,0.009439528023598818,93,4067,0.30913978494623656,575,23247
9,100,0.3,0.0,harm,hybrid,0.023,low_risk_q1,0.023,1.0,0,0.13008207082748413,0.009439528023598818,93,4067,0.30913978494623656,575,23247
9,100,0.3,0.0,harm,hybrid,0.023,low_risk_q1,0.023,1.0,0,0.14309027791023254,0.009439528023598818,93,4067,0.30913978494623656,575,23247
9,100,0.3,0.0,harm,hybrid,0.023,low_risk_q1,0.023,1.0,0,0.15609848499298096,0.009439528023598818,93,4067,0.30913978494623656,575,23247
9,100,0.3,0.0,harm,hybrid,0.023,low_risk_q1,0.023,1.0,0,0.16910669207572937,0.009439528023598818,93,4067,0.30913978494623656,575,23247
9,100,0.3,0.0,harm,hybrid,0.023,low_risk_q1,0.023,1.0,0,0.18211489915847778,0.009439528023598818,93,4067,0.30913978494623656,575,23247
9,100,0.3,0.0,harm,hybrid,0.023,low_risk_q1,0.023,1.0,0,0.1951231062412262,0.009439528023598818,93,4067,0.30913978494623656,575,23247
9,100,0.3,0.0,harm,hybrid,0.023,low_risk_q1,0.023,1.0,0,0.2081313133239746,0.009439528023598818,93,4067,0.30913978494623656,575,23247
9,100,0.3,0.0,harm,hybrid,0.023,low_risk_q1,0.023,1.0,0,0.22113952040672302,0.009439528023598818,93,4067,0.30913978494623656,575,23247
9,100,0.3,0.0,harm,hybrid,0.023,low_risk_q1,0.023,1.0,0,0.23414772748947144,0.009439528023598818,93,4067,0.30913978494623656,575,23247
9,100,0.3,0.0,harm,hybrid,0.023,low_risk_q1,0.023,1.0,0,0.24715593457221985,0.009439528023598818,93,4067,0.30913978494623656,575,23247
9,100,0.3,0.0,harm,hybrid,0.023,low_risk_q1,0.023,1.0,0,0.26016414165496826,0.009439528023598818,93,4067,0.30913978494623656,575,23247
9,100,0.3,0.0,harm,hybrid,0.023,low_risk_q1,0.023,1.0,0,0.2731723487377167,0.009439528023598818,93,4067,0.30913978494623656,575,23247
9,100,0.3,0.0,harm,hybrid,0.023,low_risk_q1,0.023,1.0,0,0.2861805558204651,0.009439528023598818,93,4067,0.30913978494623656,575,23247
9,100,0.3,0.0,harm,hybrid,0.023,low_risk_q1,0.023,1.0,0,0.2991887629032135,0.009439528023598818,93,4067,0.30913978494623656,575,23247
9,100,0.3,0.0,harm,hybrid,0.023,low_risk_q1,0.023,1.0,0,0.3121969699859619,0.009427236971484758,93,4067,0.30913978494623656,575,23247
9,100,0.3,0.0,harm,hybrid,0.023,low_risk_q1,0.023,1.0,0,0.3252051770687103,0.009427236971484758,93,4067,0.30913978494623656,575,23247
9,100,0.3,0.0,harm,hybrid,0.023,low_risk_q1,0.023,1.0,0,0.33821338415145874,0.009427236971484758,93,4067,0.30913978494623656,575,23247
9,100,0.3,0.0,harm,hybrid,0.023,low_risk_q1,0.023,1.0,0,0.35122159123420715,0.009427236971484758,93,4067,0.30913978494623656,575,23247
9,100,0.3,0.0,harm,hybrid,0.023,low_risk_q1,0.023,1.0,0,0.36422979831695557,0.009427236971484758,93,4067,0.30913978494623656,575,23247
9,100,0.3,0.0,harm,hybrid,0.023,low_risk_q1,0.023,1.0,0,0.377238005399704,0.009427236971484758,93,4067,0.30913978494623656,575,23247
9,100,0.3,0.0,harm,hybrid,0.023,low_risk_q1,0.023,1.0,0,0.3902462124824524,0.009414945919370697,93,4067,0.30913978494623656,575,23247
9,100,0.3,0.0,harm,hybrid,0.023,low_risk_q1,0.023,1.0,0,0.4032544195652008,0.009390363815142577,93,4067,0.30913978494623656,575,23247
9,100,0.3,0.0,harm,hybrid,0.023,low_risk_q1,0.023,1.0,0,0.4162626266479492,0.009390363815142577,93,4067,0.30913978494623656,575,23247
9,100,0.3,0.0,harm,hybrid,0.023,low_risk_q1,0.023,1.0,0,0.42927083373069763,0.009365781710914454,93,4067,0.30913978494623656,575,23247
9,100,0.3,0.0,harm,hybrid,0.023,low_risk_q1,0.023,1.0,0,0.44227904081344604,0.009316617502458211,93,4067,0.3080645161290323,575,23247
9,100,0.3,0.0,harm,hybrid,0.023,low_risk_q1,0.023,1.0,0,0.45528724789619446,0.009255162241887905,93,4067,0.30698924731182803,575,23247
9,100,0.3,0.0,harm,hybrid,0.023,low_risk_q1,0.023,1.0,0,0.46829545497894287,0.009193706981317601,93,4067,0.30537634408602155,575,23247
9,100,0.3,0.0,harm,hybrid,0.023,low_risk_q1,0.023,1.0,0,0.4813036620616913,0.009132251720747298,93,4067,0.30322580645161296,575,23247
9,100,0.3,0.0,harm,hybrid,0.023,low_risk_q1,0.023,1.0,0,0.4943118691444397,0.009033923303834807,93,4067,0.3005376344086022,575,23247
9,100,0.3,0.0,harm,hybrid,0.023,low_risk_q1,0.023,1.0,0,0.5073200464248657,0.008972468043264504,93,4067,0.30000000000000004,575,23247
9,100,0.3,0.0,harm,hybrid,0.023,low_risk_q1,0.023,1.0,0,0.5203282833099365,0.008911012782694199,93,4067,0.2989247311827957,575,23247
9,100,0.3,0.0,harm,hybrid,0.023,low_risk_q1,0.023,1.0,0,0.5333365201950073,0.00882497541789577,93,4067,0.2956989247311828,575,23247
9,100,0.3,0.0,harm,hybrid,0.023,low_risk_q1,0.023,1.0,0,0.5463446974754333,0.008775811209439528,93,4067,0.2924731182795699,575,23247
9,100,0.3,0.0,harm,hybrid,0.023,low_risk_q1,0.023,1.0,0,0.5593528747558594,0.008665191740412978,93,4067,0.2903225806451613,575,23247
9,100,0.3,0.0,harm,hybrid,0.023,low_risk_q1,0.023,1.0,0,0.5723611116409302,0.008591445427728614,93,4067,0.2865591397849463,575,23247
9,100,0.3,0.0,harm,hybrid,0.023,low_risk_q1,0.023,1.0,0,0.585369348526001,0.00852999016715831,93,4067,0.28440860215053765,575,23247
9,100,0.3,0.0,harm,hybrid,0.023,low_risk_q1,0.023,1.0,0,0.598377525806427,0.008456243854473943,93,4067,0.28279569892473116,575,23247
9,100,0.3,0.0,harm,hybrid,0.023,low_risk_q1,0.023,1.0,0,0.611385703086853,0.008394788593903637,93,4067,0.28118279569892474,575,23247
9,100,0.3,0.0,harm,hybrid,0.023,low_risk_q1,0.023,1.0,0,0.6243939399719238,0.008382497541789578,93,4067,0.2801075268817204,575,23247
9,100,0.3,0.0,harm,hybrid,0.023,low_risk_q1,0.023,1.0,0,0.6374021768569946,0.008345624385447394,93,4067,0.27956989247311825,575,23247
9,100,0.3,0.0,harm,hybrid,0.023,low_risk_q1,0.023,1.0,0,0.6504103541374207,0.008333333333333333,93,4067,0.27956989247311825,575,23247
9,100,0.3,0.0,harm,hybrid,0.023,low_risk_q1,0.023,1.0,0,0.6634185314178467,0.00828416912487709,93,4067,0.27956989247311825,575,23247
9,100,0.3,0.0,harm,hybrid,0.023,low_risk_q1,0.023,1.0,0,0.6764267683029175,0.008198131760078662,93,4067,0.27956989247311825,575,23247
9,100,0.3,0.0,harm,hybrid,0.023,low_risk_q1,0.023,1.0,0,0.6894350051879883,0.008173549655850541,93,4067,0.27956989247311825,575,23247
9,100,0.3,0.0,harm,hybrid,0.023,low_risk_q1,0.023,1.0,0,0.7024431824684143,0.00816125860373648,93,4067,0.27956989247311825,575,23247
9,100,0.3,0.0,harm,hybrid,0.023,low_risk_q1,0.023,1.0,0,0.7154513597488403,0.008136676499508355,93,4067,0.27956989247311825,575,23247
9,100,0.3,0.0,harm,hybrid,0.023,low_risk_q1,0.023,1.0,0,0.7284595966339111,0.008099803343166175,93,4067,0.27956989247311825,575,23247
9,100,0.3,0.0,harm,hybrid,0.023,low_risk_q1,0.023,1.0,0,0.7414678335189819,0.00803834808259587,93,4067,0.27956989247311825,575,23247
9,100,0.3,0.0,harm,hybrid,0.023,low_risk_q1,0.023,1.0,0,0.754476010799408,0.00803834808259587,93,4067,0.27956989247311825,575,23247
9,100,0.3,0.0,harm,hybrid,0.023,low_risk_q1,0.023,1.0,0,0.767484188079834,0.007964601769911504,93,4067,0.27956989247311825,575,23247
9,100,0.3,0.0,harm,hybrid,0.023,low_risk_q1,0.023,1.0,0,0.7804924249649048,0.007940019665683383,93,4067,0.27956989247311825,575,23247
9,100,0.3,0.0,harm,hybrid,0.023,low_risk_q1,0.023,1.0,0,0.7935006618499756,0.0079031465093412,93,4067,0.27956989247311825,575,23247
9,100,0.3,0.0,harm,hybrid,0.023,low_risk_q1,0.023,1.0,0,0.8065088391304016,0.007829400196656833,93,4067,0.27956989247311825,575,23247
9,100,0.3,0.0,harm,hybrid,0.023,low_risk_q1,0.023,1.0,0,0.8195170164108276,0.007780235988200591,93,4067,0.27956989247311825,575,23247
9,100,0.3,0.0,harm,hybrid,0.023,low_risk_q1,0.023,1.0,0,0.8325252532958984,0.0077187807276302865,93,4067,0.27956989247311825,575,23247
9,100,0.3,0.0,harm,hybrid,0.023,low_risk_q1,0.023,1.0,0,0.8455334901809692,0.007632743362831858,93,4067,0.27956989247311825,575,23247
9,100,0.3,0.0,harm,hybrid,0.023,low_risk_q1,0.023,1.0,0,0.8585416674613953,0.0075589970501474925,93,4067,0.27956989247311825,575,23247
9,100,0.3,0.0,harm,hybrid,0.023,low_risk_q1,0.023,1.0,0,0.8715498447418213,0.007497541789577188,93,4067,0.27956989247311825,575,23247
9,100,0.3,0.0,harm,hybrid,0.023,low_risk_q1,0.023,1.0,0,0.8845580816268921,0.007399213372664701,93,4067,0.27956989247311825,575,23247
9,100,0.3,0.0,harm,hybrid,0.023,low_risk_q1,0.023,1.0,0,0.8975663185119629,0.007313176007866274,93,4067,0.27956989247311825,575,23247
9,100,0.3,0.0,harm,hybrid,0.023,low_risk_q1,0.023,1.0,0,0.9105744957923889,0.007202556538839725,93,4067,0.27956989247311825,575,23247
9,100,0.3,0.0,harm,hybrid,0.023,low_risk_q1,0.023,1.0,0,0.9235826730728149,0.007153392330383482,93,4067,0.27956989247311825,575,23247
9,100,0.3,0.0,harm,hybrid,0.023,low_risk_q1,0.023,1.0,0,0.9365909099578857,0.0070919370698131765,93,4067,0.27956989247311825,575,23247
9,100,0.3,0.0,harm,hybrid,0.023,low_risk_q1,0.023,1.0,0,0.9495991468429565,0.007030481809242871,93,4067,0.27903225806451615,575,23247
9,100,0.3,0.0,harm,hybrid,0.023,low_risk_q1,0.023,1.0,0,0.9626073241233826,0.006821533923303835,93,4067,0.27365591397849465,575,23247
9,100,0.3,0.0,harm,hybrid,0.023,low_risk_q1,0.023,1.0,0,0.9756155014038086,0.006600294985250738,93,4067,0.26774193548387093,575,23247
9,100,0.3,0.0,harm,hybrid,0.023,low_risk_q1,0.023,1.0,0,0.9886237382888794,0.006145526057030482,93,4067,0.24892473118279568,575,23247
9,100,0.3,0.0,harm,hybrid,0.023,low_risk_q1,0.023,1.0,0,1.0016319751739502,0.005641592920353983,93,4067,0.2290322580645161,575,23247
9,100,0.3,0.0,harm,hybrid,0.023,low_risk_q1,0.023,1.0,0,1.0146400928497314,0.004916420845624386,93,4067,0.19999999999999998,575,23247
9,100,0.3,0.0,harm,hybrid,0.023,low_risk_q1,0.023,1.0,0,1.0276483297348022,0.004043756145526057,93,4067,0.16236559139784945,575,23247
9,100,0.3,0.0,harm,hybrid,0.023,low_risk_q1,0.023,1.0,0,1.040656566619873,0.0030481809242871192,93,4067,0.11935483870967739,575,23247
9,100,0.3,0.0,harm,hybrid,0.023,low_risk_q1,0.023,1.0,0,1.0536648035049438,0.0024213372664700097,93,4067,0.09193548387096777,575,23247
9,100,0.3,0.0,harm,hybrid,0.023,low_risk_q1,0.023,1.0,0,1.0666730403900146,0.001708456243854474,93,4067,0.061827956989247305,575,23247
9,100,0.3,0.0,harm,hybrid,0.023,low_risk_q1,0.023,1.0,0,1.079681158065796,0.0010570304818092427,93,4067,0.03333333333333333,575,23247
9,100,0.3,0.0,harm,hybrid,0.023,low_risk_q1,0.023,1.0,0,1.0926893949508667,0.0008357915437561456,93,4067,0.024731182795698917,575,23247
9,100,0.3,0.0,harm,hybrid,0.023,low_risk_q1,0.023,1.0,0,1.1056976318359375,0.000663716814159292,93,4067,0.017741935483870968,575,23247
9,100,0.3,0.0,harm,hybrid,0.023,low_risk_q1,0.023,1.0,0,1.1187057495117188,0.0005408062930186825,93,4067,0.012365591397849462,575,23247
9,100,0.3,0.0,harm,hybrid,0.023,low_risk_q1,0.023,1.0,0,1.1317139863967896,0.0004424778761061947,93,4067,0.008064516129032258,575,23247
9,100,0.3,0.0,harm,hybrid,0.023,low_risk_q1,0.023,1.0,0,1.1447222232818604,0.00035644051130776796,93,4067,0.004301075268817204,575,23247
9,100,0.3,0.0,harm,hybrid,0.023,low_risk_q1,0.023,1.0,0,1.1577304601669312,0.0002949852507374631,93,4067,0.0016129032258064518,575,23247
9,100,0.3,0.0,harm,hybrid,0.023,low_risk_q1,0.023,1.0,0,1.170738697052002,0.0002826941986234022,93,4067,0.001075268817204301,575,23247
9,100,0.3,0.0,harm,hybrid,0.023,low_risk_q1,0.023,1.0,0,1.1837468147277832,0.00027040314650934123,93,4067,0.0005376344086021505,575,23247
9,100,0.3,0.0,harm,hybrid,0.023,low_risk_q1,0.023,1.0,0,1.196755051612854,0.00025811209439528023,93,4067,0.0,575,23247
9,100,0.3,0.0,harm,hybrid,0.023,low_risk_q1,0.023,1.0,0,1.2097632884979248,0.0002458210422812193,93,4067,0.0,575,23247
9,100,0.3,0.0,harm,hybrid,0.023,low_risk_q1,0.023,1.0,0,1.222771406173706,0.0002458210422812193,93,4067,0.0,575,23247
9,100,0.3,0.0,harm,hybrid,0.023,low_risk_q1,0.023,1.0,0,1.2357796430587769,0.0002458210422812193,93,4067,0.0,575,23247
9,100,0.3,0.0,harm,hybrid,0.023,low_risk_q1,0.023,1.0,0,1.2487878799438477,0.0002458210422812193,93,4067,0.0,575,23247
9,100,0.3,0.0,harm,hybrid,0.023,low_risk_q1,0.023,1.0,0,1.2617961168289185,0.0002458210422812193,93,4067,0.0,575,23247
9,100,0.3,0.0,harm,hybrid,0.023,low_risk_q1,0.023,1.0,0,1.2748043537139893,0.0002458210422812193,93,4067,0.0,575,23247
9,100,0.3,0.0,harm,hybrid,0.023,low_risk_q1,0.023,1.0,0,1.2878124713897705,0.0002458210422812193,93,4067,0.0,575,23247
