run_id,epoch,base_harm,beta,score_type,conformal_method,Collective,Report Strategy,Report Fraction,likes_softmax_temperature,topk_n,gamma,calib_risk_adjusted,num_adv_users,calib_set_size,avg_harm_adv_raw,total_flagged_items,total_items_seen_by_adv_users
0,100,0.3,0.0,harm,hybrid,0.01,random,0.1,1.0,0,0.11756947636604309,0.0034074074074074076,40,4049,0.10375000000000001,994,9740
0,100,0.3,0.0,harm,hybrid,0.01,random,0.1,1.0,0,0.12999893724918365,0.0034074074074074076,40,4049,0.10375000000000001,994,9740
0,100,0.3,0.0,harm,hybrid,0.01,random,0.1,1.0,0,0.14242839813232422,0.0034074074074074076,40,4049,0.10375000000000001,994,9740
0,100,0.3,0.0,harm,hybrid,0.01,random,0.1,1.0,0,0.1548578441143036,0.0034074074074074076,40,4049,0.10375000000000001,994,9740
0,100,0.3,0.0,harm,hybrid,0.01,random,0.1,1.0,0,0.16728731989860535,0.0034074074074074076,40,4049,0.10375000000000001,994,9740
0,100,0.3,0.0,harm,hybrid,0.01,random,0.1,1.0,0,0.17971676588058472,0.0034074074074074076,40,4049,0.10375000000000001,994,9740
0,100,0.3,0.0,harm,hybrid,0.01,random,0.1,1.0,0,0.19214622676372528,0.0033950617283950617,40,4049,0.10250000000000001,994,9740
0,100,0.3,0.0,harm,hybrid,0.01,random,0.1,1.0,0,0.20457568764686584,0.0033950617283950617,40,4049,0.10250000000000001,994,9740
0,100,0.3,0.0,harm,hybrid,0.01,random,0.1,1.0,0,0.2170051485300064,0.0033950617283950617,40,4049,0.10250000000000001,994,9740
0,100,0.3,0.0,harm,hybrid,0.01,random,0.1,1.0,0,0.22943460941314697,0.0033827160493827163,40,4049,0.10125000000000002,994,9740
0,100,0.3,0.0,harm,hybrid,0.01,random,0.1,1.0,0,0.24186407029628754,0.0033827160493827163,40,4049,0.10125000000000002,994,9740
0,100,0.3,0.0,harm,hybrid,0.01,random,0.1,1.0,0,0.2542935311794281,0.0033580246913580253,40,4049,0.1,994,9740
0,100,0.3,0.0,harm,hybrid,0.01,random,0.1,1.0,0,0.26672297716140747,0.0033580246913580253,40,4049,0.1,994,9740
0,100,0.3,0.0,harm,hybrid,0.01,random,0.1,1.0,0,0.27915245294570923,0.0033580246913580253,40,4049,0.1,994,9740
0,100,0.3,0.0,harm,hybrid,0.01,random,0.1,1.0,0,0.2915818989276886,0.0033580246913580253,40,4049,0.1,994,9740
0,100,0.3,0.0,harm,hybrid,0.01,random,0.1,1.0,0,0.30401134490966797,0.003345679012345679,40,4049,0.1,994,9740
0,100,0.3,0.0,harm,hybrid,0.01,random,0.1,1.0,0,0.3164408206939697,0.003345679012345679,40,4049,0.1,994,9740
0,100,0.3,0.0,harm,hybrid,0.01,random,0.1,1.0,0,0.3288702964782715,0.0033209876543209877,40,4049,0.0975,994,9740
0,100,0.3,0.0,harm,hybrid,0.01,random,0.1,1.0,0,0.34129974246025085,0.003308641975308642,40,4049,0.09625,994,9740
0,100,0.3,0.0,harm,hybrid,0.01,random,0.1,1.0,0,0.3537291884422302,0.003271604938271605,40,4049,0.0925,994,9740
0,100,0.3,0.0,harm,hybrid,0.01,random,0.1,1.0,0,0.366158664226532,0.0032469135802469136,40,4049,0.09125000000000001,994,9740
0,100,0.3,0.0,harm,hybrid,0.01,random,0.1,1.0,0,0.37858811020851135,0.0032469135802469136,40,4049,0.09125000000000001,994,9740
0,100,0.3,0.0,harm,hybrid,0.01,random,0.1,1.0,0,0.3910175859928131,0.0032469135802469136,40,4049,0.09125000000000001,994,9740
0,100,0.3,0.0,harm,hybrid,0.01,random,0.1,1.0,0,0.4034470319747925,0.0032345679012345686,40,4049,0.09,994,9740
0,100,0.3,0.0,harm,hybrid,0.01,random,0.1,1.0,0,0.41587647795677185,0.0032222222222222227,40,4049,0.08875,994,9740
0,100,0.3,0.0,harm,hybrid,0.01,random,0.1,1.0,0,0.4283059537410736,0.0032098765432098763,40,4049,0.08875,994,9740
0,100,0.3,0.0,harm,hybrid,0.01,random,0.1,1.0,0,0.440735399723053,0.0031975308641975305,40,4049,0.0875,994,9740
0,100,0.3,0.0,harm,hybrid,0.01,random,0.1,1.0,0,0.45316487550735474,0.003160493827160494,40,4049,0.08625000000000001,994,9740
0,100,0.3,0.0,harm,hybrid,0.01,random,0.1,1.0,0,0.4655943214893341,0.003148148148148148,40,4049,0.085,994,9740
0,100,0.3,0.0,harm,hybrid,0.01,random,0.1,1.0,0,0.47802379727363586,0.0031111111111111114,40,4049,0.08,994,9740
0,100,0.3,0.0,harm,hybrid,0.01,random,0.1,1.0,0,0.49045324325561523,0.003074074074074074,40,4049,0.08125,994,9740
0,100,0.3,0.0,harm,hybrid,0.01,random,0.1,1.0,0,0.502882719039917,0.0030493827160493828,40,4049,0.07875000000000001,994,9740
0,100,0.3,0.0,harm,hybrid,0.01,random,0.1,1.0,0,0.5153121948242188,0.003012345679012346,40,4049,0.08000000000000002,994,9740
0,100,0.3,0.0,harm,hybrid,0.01,random,0.1,1.0,0,0.5277416110038757,0.0029259259259259264,40,4049,0.07375000000000001,994,9740
0,100,0.3,0.0,harm,hybrid,0.01,random,0.1,1.0,0,0.5401710867881775,0.0028888888888888888,40,4049,0.07125000000000001,994,9740
0,100,0.3,0.0,harm,hybrid,0.01,random,0.1,1.0,0,0.5526005029678345,0.0028765432098765433,40,4049,0.0675,994,9740
0,100,0.3,0.0,harm,hybrid,0.01,random,0.1,1.0,0,0.5650299787521362,0.002814814814814815,40,4049,0.065,994,9740
0,100,0.3,0.0,harm,hybrid,0.01,random,0.1,1.0,0,0.577459454536438,0.0027654320987654324,40,4049,0.065,994,9740
0,100,0.3,0.0,harm,hybrid,0.01,random,0.1,1.0,0,0.5898889303207397,0.0027407407407407406,40,4049,0.0625,994,9740
0,100,0.3,0.0,harm,hybrid,0.01,random,0.1,1.0,0,0.6023184061050415,0.002679012345679012,40,4049,0.061250000000000006,994,9740
0,100,0.3,0.0,harm,hybrid,0.01,random,0.1,1.0,0,0.6147478818893433,0.002666666666666667,40,4049,0.061250000000000006,994,9740
0,100,0.3,0.0,harm,hybrid,0.01,random,0.1,1.0,0,0.6271772384643555,0.002654320987654321,40,4049,0.061250000000000006,994,9740
0,100,0.3,0.0,harm,hybrid,0.01,random,0.1,1.0,0,0.6396067142486572,0.002617283950617284,40,4049,0.061250000000000006,994,9740
0,100,0.3,0.0,harm,hybrid,0.01,random,0.1,1.0,0,0.652036190032959,0.002604938271604938,40,4049,0.061250000000000006,994,9740
0,100,0.3,0.0,harm,hybrid,0.01,random,0.1,1.0,0,0.6644656658172607,0.002555555555555556,40,4049,0.061250000000000006,994,9740
0,100,0.3,0.0,harm,hybrid,0.01,random,0.1,1.0,0,0.6768951416015625,0.0025555555555555557,40,4049,0.061250000000000006,994,9740
0,100,0.3,0.0,harm,hybrid,0.01,random,0.1,1.0,0,0.6893246173858643,0.002518518518518519,40,4049,0.061250000000000006,994,9740
0,100,0.3,0.0,harm,hybrid,0.01,random,0.1,1.0,0,0.701754093170166,0.00245679012345679,40,4049,0.061250000000000006,994,9740
0,100,0.3,0.0,harm,hybrid,0.01,random,0.1,1.0,0,0.7141834497451782,0.00245679012345679,40,4049,0.061250000000000006,994,9740
0,100,0.3,0.0,harm,hybrid,0.01,random,0.1,1.0,0,0.72661292552948,0.002444444444444444,40,4049,0.061250000000000006,994,9740
0,100,0.3,0.0,harm,hybrid,0.01,random,0.1,1.0,0,0.7390424013137817,0.002432098765432099,40,4049,0.061250000000000006,994,9740
0,100,0.3,0.0,harm,hybrid,0.01,random,0.1,1.0,0,0.7514718770980835,0.0024197530864197535,40,4049,0.061250000000000006,994,9740
0,100,0.3,0.0,harm,hybrid,0.01,random,0.1,1.0,0,0.7639013528823853,0.0023950617283950613,40,4049,0.061250000000000006,994,9740
0,100,0.3,0.0,harm,hybrid,0.01,random,0.1,1.0,0,0.776330828666687,0.0023703703703703708,40,4049,0.061250000000000006,994,9740
0,100,0.3,0.0,harm,hybrid,0.01,random,0.1,1.0,0,0.7887603044509888,0.0023333333333333335,40,4049,0.061250000000000006,994,9740
0,100,0.3,0.0,harm,hybrid,0.01,random,0.1,1.0,0,0.8011897802352905,0.002320987654320987,40,4049,0.061250000000000006,994,9740
0,100,0.3,0.0,harm,hybrid,0.01,random,0.1,1.0,0,0.8136191368103027,0.002283950617283951,40,4049,0.061250000000000006,994,9740
0,100,0.3,0.0,harm,hybrid,0.01,random,0.1,1.0,0,0.8260486125946045,0.0021851851851851854,40,4049,0.061250000000000006,994,9740
0,100,0.3,0.0,harm,hybrid,0.01,random,0.1,1.0,0,0.8384780883789062,0.0020987654320987655,40,4049,0.061250000000000006,994,9740
0,100,0.3,0.0,harm,hybrid,0.01,random,0.1,1.0,0,0.850907564163208,0.002049382716049383,40,4049,0.061250000000000006,994,9740
0,100,0.3,0.0,harm,hybrid,0.01,random,0.1,1.0,0,0.8633370399475098,0.0019629629629629632,40,4049,0.061250000000000006,994,9740
0,100,0.3,0.0,harm,hybrid,0.01,random,0.1,1.0,0,0.8757665157318115,0.0019135802469135805,40,4049,0.061250000000000006,994,9740
0,100,0.3,0.0,harm,hybrid,0.01,random,0.1,1.0,0,0.8881959915161133,0.001851851851851852,40,4049,0.061250000000000006,994,9740
0,100,0.3,0.0,harm,hybrid,0.01,random,0.1,1.0,0,0.9006253480911255,0.0017654320987654322,40,4049,0.061250000000000006,994,9740
0,100,0.3,0.0,harm,hybrid,0.01,random,0.1,1.0,0,0.9130548238754272,0.0016296296296296295,40,4049,0.061250000000000006,994,9740
0,100,0.3,0.0,harm,hybrid,0.01,random,0.1,1.0,0,0.925484299659729,0.0015185185185185187,40,4049,0.061250000000000006,994,9740
0,100,0.3,0.0,harm,hybrid,0.01,random,0.1,1.0,0,0.9379137754440308,0.0014691358024691355,40,4049,0.061250000000000006,994,9740
0,100,0.3,0.0,harm,hybrid,0.01,random,0.1,1.0,0,0.9503432512283325,0.001419753086419753,40,4049,0.06,994,9740
0,100,0.3,0.0,harm,hybrid,0.01,random,0.1,1.0,0,0.9627727270126343,0.0013333333333333335,40,4049,0.06,994,9740
0,100,0.3,0.0,harm,hybrid,0.01,random,0.1,1.0,0,0.975202202796936,0.0012962962962962965,40,4049,0.06,994,9740
0,100,0.3,0.0,harm,hybrid,0.01,random,0.1,1.0,0,0.9876315593719482,0.0012098765432098767,40,4049,0.05750000000000001,994,9740
0,100,0.3,0.0,harm,hybrid,0.01,random,0.1,1.0,0,1.00006103515625,0.0010493827160493827,40,4049,0.05249999999999999,994,9740
0,100,0.3,0.0,harm,hybrid,0.01,random,0.1,1.0,0,1.0124905109405518,0.0009012345679012348,40,4049,0.045000000000000005,994,9740
0,100,0.3,0.0,harm,hybrid,0.01,random,0.1,1.0,0,1.0249199867248535,0.0007654320987654322,40,4049,0.03375,994,9740
0,100,0.3,0.0,harm,hybrid,0.01,random,0.1,1.0,0,1.0373494625091553,0.0006913580246913581,40,4049,0.03,994,9740
0,100,0.3,0.0,harm,hybrid,0.01,random,0.1,1.0,0,1.049778938293457,0.0005679012345679013,40,4049,0.0225,994,9740
0,100,0.3,0.0,harm,hybrid,0.01,random,0.1,1.0,0,1.0622084140777588,0.0004814814814814815,40,4049,0.01625,994,9740
0,100,0.3,0.0,harm,hybrid,0.01,random,0.1,1.0,0,1.074637770652771,0.00044444444444444447,40,4049,0.013750000000000002,994,9740
0,100,0.3,0.0,harm,hybrid,0.01,random,0.1,1.0,0,1.0870672464370728,0.00039506172839506176,40,4049,0.008749999999999999,994,9740
0,100,0.3,0.0,harm,hybrid,0.01,random,0.1,1.0,0,1.0994967222213745,0.0003703703703703704,40,4049,0.008749999999999999,994,9740
0,100,0.3,0.0,harm,hybrid,0.01,random,0.1,1.0,0,1.1119261980056763,0.0003209876543209877,40,4049,0.005,994,9740
0,100,0.3,0.0,harm,hybrid,0.01,random,0.1,1.0,0,1.124355673789978,0.0002962962962962963,40,4049,0.0037500000000000007,994,9740
0,100,0.3,0.0,harm,hybrid,0.01,random,0.1,1.0,0,1.1367850303649902,0.00027160493827160494,40,4049,0.00125,994,9740
0,100,0.3,0.0,harm,hybrid,0.01,random,0.1,1.0,0,1.149214506149292,0.00027160493827160494,40,4049,0.00125,994,9740
0,100,0.3,0.0,harm,hybrid,0.01,random,0.1,1.0,0,1.1616439819335938,0.00027160493827160494,40,4049,0.00125,994,9740
0,100,0.3,0.0,harm,hybrid,0.01,random,0.1,1.0,0,1.1740734577178955,0.00025925925925925926,40,4049,0.0,994,9740
0,100,0.3,0.0,harm,hybrid,0.01,random,0.1,1.0,0,1.1865029335021973,0.00025925925925925926,40,4049,0.0,994,9740
0,100,0.3,0.0,harm,hybrid,0.01,random,0.1,1.0,0,1.198932409286499,0.00025925925925925926,40,4049,0.0,994,9740
0,100,0.3,0.0,harm,hybrid,0.01,random,0.1,1.0,0,1.2113618850708008,0.0002469135802469136,40,4049,0.0,994,9740
0,100,0.3,0.0,harm,hybrid,0.01,random,0.1,1.0,0,1.223791241645813,0.0002469135802469136,40,4049,0.0,994,9740
0,100,0.3,0.0,harm,hybrid,0.01,random,0.1,1.0,0,1.2362207174301147,0.0002469135802469136,40,4049,0.0,994,9740
0,100,0.3,0.0,harm,hybrid,0.01,random,0.1,1.0,0,1.2486501932144165,0.0002469135802469136,40,4049,0.0,994,9740
0,100,0.3,0.0,harm,hybrid,0.01,random,0.1,1.0,0,1.2610796689987183,0.0002469135802469136,40,4049,0.0,994,9740
0,100,0.3,0.0,harm,hybrid,0.01,random,0.1,1.0,0,1.27350914478302,0.0002469135802469136,40,4049,0.0,994,9740
0,100,0.3,0.0,harm,hybrid,0.01,random,0.1,1.0,0,1.2859386205673218,0.0002469135802469136,40,4049,0.0,994,9740
0,100,0.3,0.0,harm,hybrid,0.01,random,0.1,1.0,0,1.2983680963516235,0.0002469135802469136,40,4049,0.0,994,9740
0,100,0.3,0.0,harm,hybrid,0.01,random,0.1,1.0,0,1.3107974529266357,0.0002469135802469136,40,4049,0.0,994,9740
0,100,0.3,0.0,harm,hybrid,0.01,random,0.1,1.0,0,1.3232269287109375,0.0002469135802469136,40,4049,0.0,994,9740
0,100,0.3,0.0,harm,hybrid,0.01,random,0.1,1.0,0,1.3356564044952393,0.0002469135802469136,40,4049,0.0,994,9740
0,100,0.3,0.0,harm,hybrid,0.01,random,0.1,1.0,0,1.348085880279541,0.0002469135802469136,40,4049,0.0,994,9740
1,100,0.3,0.0,harm,hybrid,0.01,random,0.1,1.0,0,0.04140770435333252,0.003468634686346864,40,4064,0.10375000000000001,987,9695
1,100,0.3,0.0,harm,hybrid,0.01,random,0.1,1.0,0,0.05379550904035568,0.003468634686346864,40,4064,0.10375000000000001,987,9695
1,100,0.3,0.0,harm,hybrid,0.01,random,0.1,1.0,0,0.06618331372737885,0.003468634686346864,40,4064,0.10375000000000001,987,9695
1,100,0.3,0.0,harm,hybrid,0.01,random,0.1,1.0,0,0.07857111841440201,0.003468634686346864,40,4064,0.10375000000000001,987,9695
1,100,0.3,0.0,harm,hybrid,0.01,random,0.1,1.0,0,0.09095892310142517,0.003468634686346864,40,4064,0.10375000000000001,987,9695
1,100,0.3,0.0,harm,hybrid,0.01,random,0.1,1.0,0,0.10334672778844833,0.003468634686346864,40,4064,0.10375000000000001,987,9695
1,100,0.3,0.0,harm,hybrid,0.01,random,0.1,1.0,0,0.1157345324754715,0.003468634686346864,40,4064,0.10375000000000001,987,9695
1,100,0.3,0.0,harm,hybrid,0.01,random,0.1,1.0,0,0.12812232971191406,0.003468634686346864,40,4064,0.10375000000000001,987,9695
1,100,0.3,0.0,harm,hybrid,0.01,random,0.1,1.0,0,0.14051014184951782,0.003468634686346864,40,4064,0.10375000000000001,987,9695
1,100,0.3,0.0,harm,hybrid,0.01,random,0.1,1.0,0,0.15289795398712158,0.003468634686346864,40,4064,0.10375000000000001,987,9695
1,100,0.3,0.0,harm,hybrid,0.01,random,0.1,1.0,0,0.16528575122356415,0.003468634686346864,40,4064,0.10375000000000001,987,9695
1,100,0.3,0.0,harm,hybrid,0.01,random,0.1,1.0,0,0.1776735484600067,0.003468634686346864,40,4064,0.10375000000000001,987,9695
1,100,0.3,0.0,harm,hybrid,0.01,random,0.1,1.0,0,0.19006136059761047,0.003468634686346864,40,4064,0.10375000000000001,987,9695
1,100,0.3,0.0,harm,hybrid,0.01,random,0.1,1.0,0,0.20244917273521423,0.003468634686346864,40,4064,0.10375000000000001,987,9695
1,100,0.3,0.0,harm,hybrid,0.01,random,0.1,1.0,0,0.2148369699716568,0.003468634686346864,40,4064,0.10375000000000001,987,9695
1,100,0.3,0.0,harm,hybrid,0.01,random,0.1,1.0,0,0.22722476720809937,0.003468634686346864,40,4064,0.10375000000000001,987,9695
1,100,0.3,0.0,harm,hybrid,0.01,random,0.1,1.0,0,0.23961257934570312,0.003468634686346864,40,4064,0.10375000000000001,987,9695
1,100,0.3,0.0,harm,hybrid,0.01,random,0.1,1.0,0,0.2520003914833069,0.0034563345633456337,40,4064,0.10250000000000001,987,9695
1,100,0.3,0.0,harm,hybrid,0.01,random,0.1,1.0,0,0.26438820362091064,0.0034563345633456337,40,4064,0.10250000000000001,987,9695
1,100,0.3,0.0,harm,hybrid,0.01,random,0.1,1.0,0,0.276775985956192,0.0034440344403444036,40,4064,0.10125000000000002,987,9695
1,100,0.3,0.0,harm,hybrid,0.01,random,0.1,1.0,0,0.2891637980937958,0.0034440344403444036,40,4064,0.10125000000000002,987,9695
1,100,0.3,0.0,harm,hybrid,0.01,random,0.1,1.0,0,0.30155161023139954,0.0034194341943419434,40,4064,0.1,987,9695
1,100,0.3,0.0,harm,hybrid,0.01,random,0.1,1.0,0,0.3139393925666809,0.0034071340713407133,40,4064,0.09875,987,9695
1,100,0.3,0.0,harm,hybrid,0.01,random,0.1,1.0,0,0.32632720470428467,0.003394833948339484,40,4064,0.0975,987,9695
1,100,0.3,0.0,harm,hybrid,0.01,random,0.1,1.0,0,0.3387150168418884,0.0033702337023370234,40,4064,0.095,987,9695
1,100,0.3,0.0,harm,hybrid,0.01,random,0.1,1.0,0,0.3511028289794922,0.0033579335793357933,40,4064,0.09375,987,9695
1,100,0.3,0.0,harm,hybrid,0.01,random,0.1,1.0,0,0.36349064111709595,0.0033210332103321034,40,4064,0.0925,987,9695
1,100,0.3,0.0,harm,hybrid,0.01,random,0.1,1.0,0,0.3758784234523773,0.0032841328413284136,40,4064,0.09125,987,9695
1,100,0.3,0.0,harm,hybrid,0.01,random,0.1,1.0,0,0.3882662355899811,0.0032595325953259533,40,4064,0.08875,987,9695
1,100,0.3,0.0,harm,hybrid,0.01,random,0.1,1.0,0,0.40065404772758484,0.003210332103321034,40,4064,0.08374999999999999,987,9695
1,100,0.3,0.0,harm,hybrid,0.01,random,0.1,1.0,0,0.4130418300628662,0.0031980319803198032,40,4064,0.08374999999999999,987,9695
1,100,0.3,0.0,harm,hybrid,0.01,random,0.1,1.0,0,0.42542964220046997,0.0031488314883148833,40,4064,0.0775,987,9695
1,100,0.3,0.0,harm,hybrid,0.01,random,0.1,1.0,0,0.43781745433807373,0.0030750307503075035,40,4064,0.075,987,9695
1,100,0.3,0.0,harm,hybrid,0.01,random,0.1,1.0,0,0.4502052664756775,0.0030381303813038136,40,4064,0.075,987,9695
1,100,0.3,0.0,harm,hybrid,0.01,random,0.1,1.0,0,0.46259307861328125,0.0030012300123001233,40,4064,0.07375000000000001,987,9695
1,100,0.3,0.0,harm,hybrid,0.01,random,0.1,1.0,0,0.4749808609485626,0.002890528905289053,40,4064,0.06999999999999999,987,9695
1,100,0.3,0.0,harm,hybrid,0.01,random,0.1,1.0,0,0.4873686730861664,0.0028536285362853633,40,4064,0.0675,987,9695
1,100,0.3,0.0,harm,hybrid,0.01,random,0.1,1.0,0,0.49975648522377014,0.002841328413284133,40,4064,0.0675,987,9695
1,100,0.3,0.0,harm,hybrid,0.01,random,0.1,1.0,0,0.5121442675590515,0.002841328413284133,40,4064,0.0675,987,9695
1,100,0.3,0.0,harm,hybrid,0.01,random,0.1,1.0,0,0.5245320796966553,0.0027921279212792137,40,4064,0.06625,987,9695
1,100,0.3,0.0,harm,hybrid,0.01,random,0.1,1.0,0,0.536919891834259,0.002779827798277983,40,4064,0.065,987,9695
1,100,0.3,0.0,harm,hybrid,0.01,random,0.1,1.0,0,0.5493077039718628,0.002718327183271833,40,4064,0.06375,987,9695
1,100,0.3,0.0,harm,hybrid,0.01,random,0.1,1.0,0,0.5616955161094666,0.0026937269372693724,40,4064,0.0625,987,9695
1,100,0.3,0.0,harm,hybrid,0.01,random,0.1,1.0,0,0.5740833282470703,0.002656826568265683,40,4064,0.061250000000000006,987,9695
1,100,0.3,0.0,harm,hybrid,0.01,random,0.1,1.0,0,0.5864710807800293,0.0025830258302583027,40,4064,0.06000000000000001,987,9695
1,100,0.3,0.0,harm,hybrid,0.01,random,0.1,1.0,0,0.5988588929176331,0.002570725707257073,40,4064,0.06000000000000001,987,9695
1,100,0.3,0.0,harm,hybrid,0.01,random,0.1,1.0,0,0.6112467050552368,0.0025215252152521526,40,4064,0.06000000000000001,987,9695
1,100,0.3,0.0,harm,hybrid,0.01,random,0.1,1.0,0,0.6236345171928406,0.0025215252152521526,40,4064,0.06000000000000001,987,9695
1,100,0.3,0.0,harm,hybrid,0.01,random,0.1,1.0,0,0.6360223293304443,0.0024969249692496924,40,4064,0.06000000000000001,987,9695
1,100,0.3,0.0,harm,hybrid,0.01,random,0.1,1.0,0,0.6484101414680481,0.002472324723247233,40,4064,0.06000000000000001,987,9695
1,100,0.3,0.0,harm,hybrid,0.01,random,0.1,1.0,0,0.6607979536056519,0.0024477244772447724,40,4064,0.06000000000000001,987,9695
1,100,0.3,0.0,harm,hybrid,0.01,random,0.1,1.0,0,0.6731857657432556,0.0024231242312423126,40,4064,0.06000000000000001,987,9695
1,100,0.3,0.0,harm,hybrid,0.01,random,0.1,1.0,0,0.6855735778808594,0.0024108241082410825,40,4064,0.06000000000000001,987,9695
1,100,0.3,0.0,harm,hybrid,0.01,random,0.1,1.0,0,0.6979613304138184,0.0023739237392373927,40,4064,0.06000000000000001,987,9695
1,100,0.3,0.0,harm,hybrid,0.01,random,0.1,1.0,0,0.7103491425514221,0.0023247232472324722,40,4064,0.06000000000000001,987,9695
1,100,0.3,0.0,harm,hybrid,0.01,random,0.1,1.0,0,0.7227369546890259,0.0023001230012300125,40,4064,0.06000000000000001,987,9695
1,100,0.3,0.0,harm,hybrid,0.01,random,0.1,1.0,0,0.7351247668266296,0.0023001230012300125,40,4064,0.06000000000000001,987,9695
1,100,0.3,0.0,harm,hybrid,0.01,random,0.1,1.0,0,0.7475125789642334,0.0022263222632226327,40,4064,0.06000000000000001,987,9695
1,100,0.3,0.0,harm,hybrid,0.01,random,0.1,1.0,0,0.7599003911018372,0.002152521525215252,40,4064,0.06000000000000001,987,9695
1,100,0.3,0.0,harm,hybrid,0.01,random,0.1,1.0,0,0.7722882032394409,0.002078720787207872,40,4064,0.06000000000000001,987,9695
1,100,0.3,0.0,harm,hybrid,0.01,random,0.1,1.0,0,0.7846759557723999,0.002041820418204182,40,4064,0.06000000000000001,987,9695
1,100,0.3,0.0,harm,hybrid,0.01,random,0.1,1.0,0,0.7970637679100037,0.001992619926199262,40,4064,0.06000000000000001,987,9695
1,100,0.3,0.0,harm,hybrid,0.01,random,0.1,1.0,0,0.8094515800476074,0.0019311193111931117,40,4064,0.06000000000000001,987,9695
1,100,0.3,0.0,harm,hybrid,0.01,random,0.1,1.0,0,0.8218393921852112,0.0017835178351783517,40,4064,0.06000000000000001,987,9695
1,100,0.3,0.0,harm,hybrid,0.01,random,0.1,1.0,0,0.8342272043228149,0.0016728167281672816,40,4064,0.06000000000000001,987,9695
1,100,0.3,0.0,harm,hybrid,0.01,random,0.1,1.0,0,0.8466150164604187,0.0015129151291512915,40,4064,0.06000000000000001,987,9695
1,100,0.3,0.0,harm,hybrid,0.01,random,0.1,1.0,0,0.8590028285980225,0.0014268142681426817,40,4064,0.06000000000000001,987,9695
1,100,0.3,0.0,harm,hybrid,0.01,random,0.1,1.0,0,0.8713906407356262,0.0013899138991389913,40,4064,0.06000000000000001,987,9695
1,100,0.3,0.0,harm,hybrid,0.01,random,0.1,1.0,0,0.88377845287323,0.0013407134071340714,40,4064,0.06000000000000001,987,9695
1,100,0.3,0.0,harm,hybrid,0.01,random,0.1,1.0,0,0.896166205406189,0.0012669126691266914,40,4064,0.06000000000000001,987,9695
1,100,0.3,0.0,harm,hybrid,0.01,random,0.1,1.0,0,0.9085540175437927,0.001180811808118081,40,4064,0.057499999999999996,987,9695
1,100,0.3,0.0,harm,hybrid,0.01,random,0.1,1.0,0,0.9209418296813965,0.001045510455104551,40,4064,0.05500000000000001,987,9695
1,100,0.3,0.0,harm,hybrid,0.01,random,0.1,1.0,0,0.9333296418190002,0.0009594095940959409,40,4064,0.05,987,9695
1,100,0.3,0.0,harm,hybrid,0.01,random,0.1,1.0,0,0.945717453956604,0.0007872078720787207,40,4064,0.03875,987,9695
1,100,0.3,0.0,harm,hybrid,0.01,random,0.1,1.0,0,0.9581052660942078,0.0006888068880688807,40,4064,0.0325,987,9695
1,100,0.3,0.0,harm,hybrid,0.01,random,0.1,1.0,0,0.9704930782318115,0.0006642066420664207,40,4064,0.030000000000000006,987,9695
1,100,0.3,0.0,harm,hybrid,0.01,random,0.1,1.0,0,0.9828808307647705,0.0005289052890528904,40,4064,0.02,987,9695
1,100,0.3,0.0,harm,hybrid,0.01,random,0.1,1.0,0,0.9952686429023743,0.0004920049200492004,40,4064,0.017499999999999998,987,9695
1,100,0.3,0.0,harm,hybrid,0.01,random,0.1,1.0,0,1.007656455039978,0.00044280442804428045,40,4064,0.015000000000000003,987,9695
1,100,0.3,0.0,harm,hybrid,0.01,random,0.1,1.0,0,1.0200443267822266,0.00040590405904059035,40,4064,0.011250000000000001,987,9695
1,100,0.3,0.0,harm,hybrid,0.01,random,0.1,1.0,0,1.0324320793151855,0.0003321033210332103,40,4064,0.00625,987,9695
1,100,0.3,0.0,harm,hybrid,0.01,random,0.1,1.0,0,1.0448198318481445,0.00030750307503075026,40,4064,0.0037500000000000007,987,9695
1,100,0.3,0.0,harm,hybrid,0.01,random,0.1,1.0,0,1.057207703590393,0.00030750307503075026,40,4064,0.0037500000000000007,987,9695
1,100,0.3,0.0,harm,hybrid,0.01,random,0.1,1.0,0,1.069595456123352,0.00029520295202952026,40,4064,0.0025,987,9695
1,100,0.3,0.0,harm,hybrid,0.01,random,0.1,1.0,0,1.0819833278656006,0.00029520295202952026,40,4064,0.0025,987,9695
1,100,0.3,0.0,harm,hybrid,0.01,random,0.1,1.0,0,1.0943710803985596,0.00028290282902829027,40,4064,0.0025,987,9695
1,100,0.3,0.0,harm,hybrid,0.01,random,0.1,1.0,0,1.106758952140808,0.0002460024600246002,40,4064,0.0,987,9695
1,100,0.3,0.0,harm,hybrid,0.01,random,0.1,1.0,0,1.119146704673767,0.0002460024600246002,40,4064,0.0,987,9695
1,100,0.3,0.0,harm,hybrid,0.01,random,0.1,1.0,0,1.131534457206726,0.0002460024600246002,40,4064,0.0,987,9695
1,100,0.3,0.0,harm,hybrid,0.01,random,0.1,1.0,0,1.1439223289489746,0.0002460024600246002,40,4064,0.0,987,9695
1,100,0.3,0.0,harm,hybrid,0.01,random,0.1,1.0,0,1.1563100814819336,0.0002460024600246002,40,4064,0.0,987,9695
1,100,0.3,0.0,harm,hybrid,0.01,random,0.1,1.0,0,1.1686979532241821,0.0002460024600246002,40,4064,0.0,987,9695
1,100,0.3,0.0,harm,hybrid,0.01,random,0.1,1.0,0,1.1810857057571411,0.0002460024600246002,40,4064,0.0,987,9695
1,100,0.3,0.0,harm,hybrid,0.01,random,0.1,1.0,0,1.1934735774993896,0.0002460024600246002,40,4064,0.0,987,9695
1,100,0.3,0.0,harm,hybrid,0.01,random,0.1,1.0,0,1.2058613300323486,0.0002460024600246002,40,4064,0.0,987,9695
1,100,0.3,0.0,harm,hybrid,0.01,random,0.1,1.0,0,1.2182492017745972,0.0002460024600246002,40,4064,0.0,987,9695
1,100,0.3,0.0,harm,hybrid,0.01,random,0.1,1.0,0,1.2306369543075562,0.0002460024600246002,40,4064,0.0,987,9695
1,100,0.3,0.0,harm,hybrid,0.01,random,0.1,1.0,0,1.2430247068405151,0.0002460024600246002,40,4064,0.0,987,9695
1,100,0.3,0.0,harm,hybrid,0.01,random,0.1,1.0,0,1.2554125785827637,0.0002460024600246002,40,4064,0.0,987,9695
1,100,0.3,0.0,harm,hybrid,0.01,random,0.1,1.0,0,1.2678003311157227,0.0002460024600246002,40,4064,0.0,987,9695
2,100,0.3,0.0,harm,hybrid,0.01,random,0.1,1.0,0,0.03058314323425293,0.0032341367437284806,40,4065,0.07875,1001,9841
2,100,0.3,0.0,harm,hybrid,0.01,random,0.1,1.0,0,0.04363076761364937,0.0032341367437284806,40,4065,0.07875,1001,9841
2,100,0.3,0.0,harm,hybrid,0.01,random,0.1,1.0,0,0.05667839199304581,0.0032341367437284806,40,4065,0.07875,1001,9841
2,100,0.3,0.0,harm,hybrid,0.01,random,0.1,1.0,0,0.06972602009773254,0.0032341367437284806,40,4065,0.07875,1001,9841
2,100,0.3,0.0,harm,hybrid,0.01,random,0.1,1.0,0,0.08277364075183868,0.0032341367437284806,40,4065,0.07875,1001,9841
2,100,0.3,0.0,harm,hybrid,0.01,random,0.1,1.0,0,0.09582126885652542,0.0032341367437284806,40,4065,0.07875,1001,9841
2,100,0.3,0.0,harm,hybrid,0.01,random,0.1,1.0,0,0.10886889696121216,0.0032341367437284806,40,4065,0.07875,1001,9841
2,100,0.3,0.0,harm,hybrid,0.01,random,0.1,1.0,0,0.1219165176153183,0.0032341367437284806,40,4065,0.07875,1001,9841
2,100,0.3,0.0,harm,hybrid,0.01,random,0.1,1.0,0,0.13496413826942444,0.0032341367437284806,40,4065,0.07875,1001,9841
2,100,0.3,0.0,harm,hybrid,0.01,random,0.1,1.0,0,0.14801177382469177,0.0032341367437284806,40,4065,0.07875,1001,9841
2,100,0.3,0.0,harm,hybrid,0.01,random,0.1,1.0,0,0.1610593944787979,0.0032341367437284806,40,4065,0.07875,1001,9841
2,100,0.3,0.0,harm,hybrid,0.01,random,0.1,1.0,0,0.17410701513290405,0.0032341367437284806,40,4065,0.07875,1001,9841
2,100,0.3,0.0,harm,hybrid,0.01,random,0.1,1.0,0,0.1871546506881714,0.0032341367437284806,40,4065,0.07875,1001,9841
2,100,0.3,0.0,harm,hybrid,0.01,random,0.1,1.0,0,0.20020227134227753,0.0032341367437284806,40,4065,0.07875,1001,9841
2,100,0.3,0.0,harm,hybrid,0.01,random,0.1,1.0,0,0.21324989199638367,0.0032341367437284806,40,4065,0.07875,1001,9841
2,100,0.3,0.0,harm,hybrid,0.01,random,0.1,1.0,0,0.226297527551651,0.0032218396458435815,40,4065,0.07749999999999999,1001,9841
2,100,0.3,0.0,harm,hybrid,0.01,random,0.1,1.0,0,0.23934514820575714,0.0032218396458435815,40,4065,0.07749999999999999,1001,9841
2,100,0.3,0.0,harm,hybrid,0.01,random,0.1,1.0,0,0.2523927688598633,0.0032218396458435815,40,4065,0.07749999999999999,1001,9841
2,100,0.3,0.0,harm,hybrid,0.01,random,0.1,1.0,0,0.2654404044151306,0.0032095425479586816,40,4065,0.07749999999999999,1001,9841
2,100,0.3,0.0,harm,hybrid,0.01,random,0.1,1.0,0,0.27848803997039795,0.0032095425479586816,40,4065,0.07749999999999999,1001,9841
2,100,0.3,0.0,harm,hybrid,0.01,random,0.1,1.0,0,0.2915356457233429,0.0032095425479586816,40,4065,0.07749999999999999,1001,9841
2,100,0.3,0.0,harm,hybrid,0.01,random,0.1,1.0,0,0.30458328127861023,0.0031726512543039844,40,4065,0.075,1001,9841
2,100,0.3,0.0,harm,hybrid,0.01,random,0.1,1.0,0,0.3176308870315552,0.0031726512543039844,40,4065,0.075,1001,9841
2,100,0.3,0.0,harm,hybrid,0.01,random,0.1,1.0,0,0.3306785225868225,0.0031726512543039844,40,4065,0.07375000000000001,1001,9841
2,100,0.3,0.0,harm,hybrid,0.01,random,0.1,1.0,0,0.34372615814208984,0.0031111657648794887,40,4065,0.06875,1001,9841
2,100,0.3,0.0,harm,hybrid,0.01,random,0.1,1.0,0,0.3567737638950348,0.0030988686669945896,40,4065,0.0675,1001,9841
2,100,0.3,0.0,harm,hybrid,0.01,random,0.1,1.0,0,0.3698213994503021,0.0030988686669945896,40,4065,0.0675,1001,9841
2,100,0.3,0.0,harm,hybrid,0.01,random,0.1,1.0,0,0.38286903500556946,0.0030742744712247906,40,4065,0.06625,1001,9841
2,100,0.3,0.0,harm,hybrid,0.01,random,0.1,1.0,0,0.3959166407585144,0.0030373831775700934,40,4065,0.065,1001,9841
2,100,0.3,0.0,harm,hybrid,0.01,random,0.1,1.0,0,0.40896427631378174,0.0030373831775700934,40,4065,0.065,1001,9841
2,100,0.3,0.0,harm,hybrid,0.01,random,0.1,1.0,0,0.4220119118690491,0.0029881947860304968,40,4065,0.06375,1001,9841
2,100,0.3,0.0,harm,hybrid,0.01,random,0.1,1.0,0,0.435059517621994,0.0029513034923757996,40,4065,0.06375,1001,9841
2,100,0.3,0.0,harm,hybrid,0.01,random,0.1,1.0,0,0.44810715317726135,0.0029390063944909,40,4065,0.0625,1001,9841
2,100,0.3,0.0,harm,hybrid,0.01,random,0.1,1.0,0,0.4611547887325287,0.002902115100836203,40,4065,0.061250000000000006,1001,9841
2,100,0.3,0.0,harm,hybrid,0.01,random,0.1,1.0,0,0.47420239448547363,0.0028283325135268077,40,4065,0.053750000000000006,1001,9841
2,100,0.3,0.0,harm,hybrid,0.01,random,0.1,1.0,0,0.48725003004074097,0.0027791441219872115,40,4065,0.051250000000000004,1001,9841
2,100,0.3,0.0,harm,hybrid,0.01,random,0.1,1.0,0,0.5002976655960083,0.002766847024102312,40,4065,0.051250000000000004,1001,9841
2,100,0.3,0.0,harm,hybrid,0.01,random,0.1,1.0,0,0.5133452415466309,0.002693064436792917,40,4065,0.0475,1001,9841
2,100,0.3,0.0,harm,hybrid,0.01,random,0.1,1.0,0,0.526392936706543,0.0026561731431382195,40,4065,0.04375,1001,9841
2,100,0.3,0.0,harm,hybrid,0.01,random,0.1,1.0,0,0.5394405126571655,0.002606984751598623,40,4065,0.0425,1001,9841
2,100,0.3,0.0,harm,hybrid,0.01,random,0.1,1.0,0,0.5524881482124329,0.0025823905558288243,40,4065,0.0425,1001,9841
2,100,0.3,0.0,harm,hybrid,0.01,random,0.1,1.0,0,0.5655357837677002,0.002557796360059026,40,4065,0.0425,1001,9841
2,100,0.3,0.0,harm,hybrid,0.01,random,0.1,1.0,0,0.5785834193229675,0.0025209050664043286,40,4065,0.0425,1001,9841
2,100,0.3,0.0,harm,hybrid,0.01,random,0.1,1.0,0,0.5916310548782349,0.0024963108706345305,40,4065,0.0425,1001,9841
2,100,0.3,0.0,harm,hybrid,0.01,random,0.1,1.0,0,0.6046786308288574,0.0024348253812100347,40,4065,0.0425,1001,9841
2,100,0.3,0.0,harm,hybrid,0.01,random,0.1,1.0,0,0.6177262663841248,0.002373339891785539,40,4065,0.0425,1001,9841
2,100,0.3,0.0,harm,hybrid,0.01,random,0.1,1.0,0,0.6307739019393921,0.002373339891785539,40,4065,0.0425,1001,9841
2,100,0.3,0.0,harm,hybrid,0.01,random,0.1,1.0,0,0.6438215374946594,0.002336448598130841,40,4065,0.0425,1001,9841
2,100,0.3,0.0,harm,hybrid,0.01,random,0.1,1.0,0,0.6568691730499268,0.002324151500245942,40,4065,0.0425,1001,9841
2,100,0.3,0.0,harm,hybrid,0.01,random,0.1,1.0,0,0.6699168086051941,0.0022995573044761438,40,4065,0.0425,1001,9841
2,100,0.3,0.0,harm,hybrid,0.01,random,0.1,1.0,0,0.6829643845558167,0.0022626660108214457,40,4065,0.0425,1001,9841
2,100,0.3,0.0,harm,hybrid,0.01,random,0.1,1.0,0,0.696012020111084,0.002225774717166749,40,4065,0.0425,1001,9841
2,100,0.3,0.0,harm,hybrid,0.01,random,0.1,1.0,0,0.7090596556663513,0.0022134776192818495,40,4065,0.0425,1001,9841
2,100,0.3,0.0,harm,hybrid,0.01,random,0.1,1.0,0,0.7221072912216187,0.0021888834235120514,40,4065,0.0425,1001,9841
2,100,0.3,0.0,harm,hybrid,0.01,random,0.1,1.0,0,0.735154926776886,0.0021519921298573537,40,4065,0.0425,1001,9841
2,100,0.3,0.0,harm,hybrid,0.01,random,0.1,1.0,0,0.7482025623321533,0.002127397934087555,40,4065,0.0425,1001,9841
2,100,0.3,0.0,harm,hybrid,0.01,random,0.1,1.0,0,0.7612501382827759,0.0020905066404328576,40,4065,0.0425,1001,9841
2,100,0.3,0.0,harm,hybrid,0.01,random,0.1,1.0,0,0.7742977738380432,0.0020167240531234628,40,4065,0.0425,1001,9841
2,100,0.3,0.0,harm,hybrid,0.01,random,0.1,1.0,0,0.7873454093933105,0.001967535661583866,40,4065,0.0425,1001,9841
2,100,0.3,0.0,harm,hybrid,0.01,random,0.1,1.0,0,0.8003930449485779,0.0019429414658140676,40,4065,0.0425,1001,9841
2,100,0.3,0.0,harm,hybrid,0.01,random,0.1,1.0,0,0.8134406805038452,0.0018568617806197737,40,4065,0.0425,1001,9841
2,100,0.3,0.0,harm,hybrid,0.01,random,0.1,1.0,0,0.8264883160591125,0.0017707820954254798,40,4065,0.0425,1001,9841
2,100,0.3,0.0,harm,hybrid,0.01,random,0.1,1.0,0,0.8395358920097351,0.0017338908017707822,40,4065,0.0425,1001,9841
2,100,0.3,0.0,harm,hybrid,0.01,random,0.1,1.0,0,0.8525835275650024,0.001660108214461387,40,4065,0.0425,1001,9841
2,100,0.3,0.0,harm,hybrid,0.01,random,0.1,1.0,0,0.8656311631202698,0.0015248401377274965,40,4065,0.0425,1001,9841
2,100,0.3,0.0,harm,hybrid,0.01,random,0.1,1.0,0,0.8786787986755371,0.0014387604525332022,40,4065,0.0425,1001,9841
2,100,0.3,0.0,harm,hybrid,0.01,random,0.1,1.0,0,0.8917264342308044,0.0013034923757993117,40,4065,0.0425,1001,9841
2,100,0.3,0.0,harm,hybrid,0.01,random,0.1,1.0,0,0.904774010181427,0.0012297097884899164,40,4065,0.0425,1001,9841
2,100,0.3,0.0,harm,hybrid,0.01,random,0.1,1.0,0,0.9178216457366943,0.0011559272011805214,40,4065,0.0425,1001,9841
2,100,0.3,0.0,harm,hybrid,0.01,random,0.1,1.0,0,0.9308692812919617,0.0010821446138711264,40,4065,0.0425,1001,9841
2,100,0.3,0.0,harm,hybrid,0.01,random,0.1,1.0,0,0.943916916847229,0.0009960649286768323,40,4065,0.0425,1001,9841
2,100,0.3,0.0,harm,hybrid,0.01,random,0.1,1.0,0,0.9569645524024963,0.0009099852434825382,40,4065,0.041249999999999995,1001,9841
2,100,0.3,0.0,harm,hybrid,0.01,random,0.1,1.0,0,0.9700121879577637,0.0008607968519429416,40,4065,0.03875000000000001,1001,9841
2,100,0.3,0.0,harm,hybrid,0.01,random,0.1,1.0,0,0.9830597639083862,0.0007870142646335465,40,4065,0.036250000000000004,1001,9841
2,100,0.3,0.0,harm,hybrid,0.01,random,0.1,1.0,0,0.9961073994636536,0.0006640432857845549,40,4065,0.026250000000000002,1001,9841
2,100,0.3,0.0,harm,hybrid,0.01,random,0.1,1.0,0,1.009155035018921,0.0005410723069355632,40,4065,0.02,1001,9841
2,100,0.3,0.0,harm,hybrid,0.01,random,0.1,1.0,0,1.022202730178833,0.00044269552385636985,40,4065,0.013750000000000002,1001,9841
2,100,0.3,0.0,harm,hybrid,0.01,random,0.1,1.0,0,1.0352503061294556,0.00040580423020167235,40,4065,0.01,1001,9841
2,100,0.3,0.0,harm,hybrid,0.01,random,0.1,1.0,0,1.0482978820800781,0.0003689129365469749,40,4065,0.0075000000000000015,1001,9841
2,100,0.3,0.0,harm,hybrid,0.01,random,0.1,1.0,0,1.0613455772399902,0.00033202164289227744,40,4065,0.005,1001,9841
2,100,0.3,0.0,harm,hybrid,0.01,random,0.1,1.0,0,1.0743931531906128,0.0003197245450073783,40,4065,0.0037500000000000007,1001,9841
2,100,0.3,0.0,harm,hybrid,0.01,random,0.1,1.0,0,1.087440848350525,0.0003197245450073783,40,4065,0.0037500000000000007,1001,9841
2,100,0.3,0.0,harm,hybrid,0.01,random,0.1,1.0,0,1.1004884243011475,0.00024594195769798326,40,4065,0.0,1001,9841
2,100,0.3,0.0,harm,hybrid,0.01,random,0.1,1.0,0,1.11353600025177,0.00024594195769798326,40,4065,0.0,1001,9841
2,100,0.3,0.0,harm,hybrid,0.01,random,0.1,1.0,0,1.1265836954116821,0.00024594195769798326,40,4065,0.0,1001,9841
2,100,0.3,0.0,harm,hybrid,0.01,random,0.1,1.0,0,1.1396312713623047,0.00024594195769798326,40,4065,0.0,1001,9841
2,100,0.3,0.0,harm,hybrid,0.01,random,0.1,1.0,0,1.1526789665222168,0.00024594195769798326,40,4065,0.0,1001,9841
2,100,0.3,0.0,harm,hybrid,0.01,random,0.1,1.0,0,1.1657265424728394,0.00024594195769798326,40,4065,0.0,1001,9841
2,100,0.3,0.0,harm,hybrid,0.01,random,0.1,1.0,0,1.178774118423462,0.00024594195769798326,40,4065,0.0,1001,9841
2,100,0.3,0.0,harm,hybrid,0.01,random,0.1,1.0,0,1.191821813583374,0.00024594195769798326,40,4065,0.0,1001,9841
2,100,0.3,0.0,harm,hybrid,0.01,random,0.1,1.0,0,1.2048693895339966,0.00024594195769798326,40,4065,0.0,1001,9841
2,100,0.3,0.0,harm,hybrid,0.01,random,0.1,1.0,0,1.2179170846939087,0.00024594195769798326,40,4065,0.0,1001,9841
2,100,0.3,0.0,harm,hybrid,0.01,random,0.1,1.0,0,1.2309646606445312,0.00024594195769798326,40,4065,0.0,1001,9841
2,100,0.3,0.0,harm,hybrid,0.01,random,0.1,1.0,0,1.2440123558044434,0.00024594195769798326,40,4065,0.0,1001,9841
2,100,0.3,0.0,harm,hybrid,0.01,random,0.1,1.0,0,1.257059931755066,0.00024594195769798326,40,4065,0.0,1001,9841
2,100,0.3,0.0,harm,hybrid,0.01,random,0.1,1.0,0,1.2701075077056885,0.00024594195769798326,40,4065,0.0,1001,9841
2,100,0.3,0.0,harm,hybrid,0.01,random,0.1,1.0,0,1.2831552028656006,0.00024594195769798326,40,4065,0.0,1001,9841
2,100,0.3,0.0,harm,hybrid,0.01,random,0.1,1.0,0,1.2962027788162231,0.00024594195769798326,40,4065,0.0,1001,9841
2,100,0.3,0.0,harm,hybrid,0.01,random,0.1,1.0,0,1.3092504739761353,0.00024594195769798326,40,4065,0.0,1001,9841
2,100,0.3,0.0,harm,hybrid,0.01,random,0.1,1.0,0,1.3222980499267578,0.00024594195769798326,40,4065,0.0,1001,9841
3,100,0.3,0.0,harm,hybrid,0.01,random,0.1,1.0,0,0.05018720030784607,0.0032971103976290445,40,4048,0.11125,1027,10085
3,100,0.3,0.0,harm,hybrid,0.01,random,0.1,1.0,0,0.06261549144983292,0.0032971103976290445,40,4048,0.11125,1027,10085
3,100,0.3,0.0,harm,hybrid,0.01,random,0.1,1.0,0,0.07504378259181976,0.0032971103976290445,40,4048,0.11125,1027,10085
3,100,0.3,0.0,harm,hybrid,0.01,random,0.1,1.0,0,0.08747208118438721,0.0032971103976290445,40,4048,0.11125,1027,10085
3,100,0.3,0.0,harm,hybrid,0.01,random,0.1,1.0,0,0.09990036487579346,0.0032971103976290445,40,4048,0.11125,1027,10085
3,100,0.3,0.0,harm,hybrid,0.01,random,0.1,1.0,0,0.1123286634683609,0.0032971103976290445,40,4048,0.11125,1027,10085
3,100,0.3,0.0,harm,hybrid,0.01,random,0.1,1.0,0,0.12475695461034775,0.0032971103976290445,40,4048,0.11125,1027,10085
3,100,0.3,0.0,harm,hybrid,0.01,random,0.1,1.0,0,0.1371852457523346,0.0032971103976290445,40,4048,0.11125,1027,10085
3,100,0.3,0.0,harm,hybrid,0.01,random,0.1,1.0,0,0.14961352944374084,0.0032971103976290445,40,4048,0.11125,1027,10085
3,100,0.3,0.0,harm,hybrid,0.01,random,0.1,1.0,0,0.1620418280363083,0.0032971103976290445,40,4048,0.11125,1027,10085
3,100,0.3,0.0,harm,hybrid,0.01,random,0.1,1.0,0,0.17447012662887573,0.0032971103976290445,40,4048,0.11125,1027,10085
3,100,0.3,0.0,harm,hybrid,0.01,random,0.1,1.0,0,0.18689841032028198,0.0032971103976290445,40,4048,0.11125,1027,10085
3,100,0.3,0.0,harm,hybrid,0.01,random,0.1,1.0,0,0.19932670891284943,0.0032971103976290445,40,4048,0.11125,1027,10085
3,100,0.3,0.0,harm,hybrid,0.01,random,0.1,1.0,0,0.21175499260425568,0.0032971103976290445,40,4048,0.11125,1027,10085
3,100,0.3,0.0,harm,hybrid,0.01,random,0.1,1.0,0,0.22418329119682312,0.0032971103976290445,40,4048,0.11125,1027,10085
3,100,0.3,0.0,harm,hybrid,0.01,random,0.1,1.0,0,0.23661157488822937,0.0032971103976290445,40,4048,0.11125,1027,10085
3,100,0.3,0.0,harm,hybrid,0.01,random,0.1,1.0,0,0.24903987348079681,0.0032971103976290445,40,4048,0.11125,1027,10085
3,100,0.3,0.0,harm,hybrid,0.01,random,0.1,1.0,0,0.26146817207336426,0.003284761669548037,40,4048,0.11000000000000001,1027,10085
3,100,0.3,0.0,harm,hybrid,0.01,random,0.1,1.0,0,0.2738964557647705,0.003272412941467029,40,4048,0.11000000000000001,1027,10085
3,100,0.3,0.0,harm,hybrid,0.01,random,0.1,1.0,0,0.28632473945617676,0.003272412941467029,40,4048,0.11000000000000001,1027,10085
3,100,0.3,0.0,harm,hybrid,0.01,random,0.1,1.0,0,0.298753023147583,0.003260064213386021,40,4048,0.10874999999999999,1027,10085
3,100,0.3,0.0,harm,hybrid,0.01,random,0.1,1.0,0,0.31118133664131165,0.003260064213386021,40,4048,0.10874999999999999,1027,10085
3,100,0.3,0.0,harm,hybrid,0.01,random,0.1,1.0,0,0.3236096203327179,0.0032477154853050136,40,4048,0.10874999999999999,1027,10085
3,100,0.3,0.0,harm,hybrid,0.01,random,0.1,1.0,0,0.33603790402412415,0.0032477154853050136,40,4048,0.1075,1027,10085
3,100,0.3,0.0,harm,hybrid,0.01,random,0.1,1.0,0,0.3484662175178528,0.0032353667572240065,40,4048,0.10625,1027,10085
3,100,0.3,0.0,harm,hybrid,0.01,random,0.1,1.0,0,0.36089450120925903,0.0032230180291429986,40,4048,0.10625,1027,10085
3,100,0.3,0.0,harm,hybrid,0.01,random,0.1,1.0,0,0.3733227849006653,0.003198320572980983,40,4048,0.10375000000000001,1027,10085
3,100,0.3,0.0,harm,hybrid,0.01,random,0.1,1.0,0,0.3857510983943939,0.0031489256606569527,40,4048,0.1,1027,10085
3,100,0.3,0.0,harm,hybrid,0.01,random,0.1,1.0,0,0.39817938208580017,0.0030995307483329218,40,4048,0.09624999999999999,1027,10085
3,100,0.3,0.0,harm,hybrid,0.01,random,0.1,1.0,0,0.4106076657772064,0.0030871820202519142,40,4048,0.095,1027,10085
3,100,0.3,0.0,harm,hybrid,0.01,random,0.1,1.0,0,0.42303594946861267,0.0030501358360088913,40,4048,0.09124999999999998,1027,10085
3,100,0.3,0.0,harm,hybrid,0.01,random,0.1,1.0,0,0.4354642629623413,0.0030377871079278838,40,4048,0.09124999999999998,1027,10085
3,100,0.3,0.0,harm,hybrid,0.01,random,0.1,1.0,0,0.44789254665374756,0.0029760434675228454,40,4048,0.08499999999999999,1027,10085
3,100,0.3,0.0,harm,hybrid,0.01,random,0.1,1.0,0,0.4603208303451538,0.002938997283279822,40,4048,0.08249999999999999,1027,10085
3,100,0.3,0.0,harm,hybrid,0.01,random,0.1,1.0,0,0.47274914383888245,0.002926648555198815,40,4048,0.08125,1027,10085
3,100,0.3,0.0,harm,hybrid,0.01,random,0.1,1.0,0,0.4851774275302887,0.002901951099036799,40,4048,0.08,1027,10085
3,100,0.3,0.0,harm,hybrid,0.01,random,0.1,1.0,0,0.49760571122169495,0.002877253642874784,40,4048,0.08,1027,10085
3,100,0.3,0.0,harm,hybrid,0.01,random,0.1,1.0,0,0.5100339651107788,0.002852556186712769,40,4048,0.07375,1027,10085
3,100,0.3,0.0,harm,hybrid,0.01,random,0.1,1.0,0,0.5224623084068298,0.002778463818226723,40,4048,0.0725,1027,10085
3,100,0.3,0.0,harm,hybrid,0.01,random,0.1,1.0,0,0.5348905920982361,0.002729068905902692,40,4048,0.06875,1027,10085
3,100,0.3,0.0,harm,hybrid,0.01,random,0.1,1.0,0,0.5473188757896423,0.0026796739935786612,40,4048,0.06625,1027,10085
3,100,0.3,0.0,harm,hybrid,0.01,random,0.1,1.0,0,0.5597472190856934,0.002630279081254631,40,4048,0.06375,1027,10085
3,100,0.3,0.0,harm,hybrid,0.01,random,0.1,1.0,0,0.5721755027770996,0.002593232897011608,40,4048,0.06499999999999999,1027,10085
3,100,0.3,0.0,harm,hybrid,0.01,random,0.1,1.0,0,0.5846037864685059,0.0025685354408495928,40,4048,0.06375,1027,10085
3,100,0.3,0.0,harm,hybrid,0.01,random,0.1,1.0,0,0.5970320701599121,0.0025438379846875773,40,4048,0.06375,1027,10085
3,100,0.3,0.0,harm,hybrid,0.01,random,0.1,1.0,0,0.6094603538513184,0.002519140528525562,40,4048,0.0625,1027,10085
3,100,0.3,0.0,harm,hybrid,0.01,random,0.1,1.0,0,0.6218886375427246,0.002506791800444554,40,4048,0.0625,1027,10085
3,100,0.3,0.0,harm,hybrid,0.01,random,0.1,1.0,0,0.6343169212341309,0.0024573968881205235,40,4048,0.0625,1027,10085
3,100,0.3,0.0,harm,hybrid,0.01,random,0.1,1.0,0,0.6467452049255371,0.0024573968881205235,40,4048,0.0625,1027,10085
3,100,0.3,0.0,harm,hybrid,0.01,random,0.1,1.0,0,0.6591734886169434,0.002420350703877501,40,4048,0.0625,1027,10085
3,100,0.3,0.0,harm,hybrid,0.01,random,0.1,1.0,0,0.6716017723083496,0.002408001975796493,40,4048,0.0625,1027,10085
3,100,0.3,0.0,harm,hybrid,0.01,random,0.1,1.0,0,0.6840300559997559,0.0023833045196344775,40,4048,0.0625,1027,10085
3,100,0.3,0.0,harm,hybrid,0.01,random,0.1,1.0,0,0.6964583396911621,0.0023339096073104466,40,4048,0.0625,1027,10085
3,100,0.3,0.0,harm,hybrid,0.01,random,0.1,1.0,0,0.7088866233825684,0.0022968634230674245,40,4048,0.0625,1027,10085
3,100,0.3,0.0,harm,hybrid,0.01,random,0.1,1.0,0,0.7213150262832642,0.002247468510743393,40,4048,0.0625,1027,10085
3,100,0.3,0.0,harm,hybrid,0.01,random,0.1,1.0,0,0.7337433099746704,0.0021980735984193627,40,4048,0.0625,1027,10085
3,100,0.3,0.0,harm,hybrid,0.01,random,0.1,1.0,0,0.7461715936660767,0.0021980735984193627,40,4048,0.0625,1027,10085
3,100,0.3,0.0,harm,hybrid,0.01,random,0.1,1.0,0,0.7585998773574829,0.0021486786860953322,40,4048,0.0625,1027,10085
3,100,0.3,0.0,harm,hybrid,0.01,random,0.1,1.0,0,0.7710281610488892,0.0021116325018523093,40,4048,0.0625,1027,10085
3,100,0.3,0.0,harm,hybrid,0.01,random,0.1,1.0,0,0.7834564447402954,0.0020004939491232404,40,4048,0.0625,1027,10085
3,100,0.3,0.0,harm,hybrid,0.01,random,0.1,1.0,0,0.7958847284317017,0.0019634477648802174,40,4048,0.0625,1027,10085
3,100,0.3,0.0,harm,hybrid,0.01,random,0.1,1.0,0,0.8083130121231079,0.0019387503087182024,40,4048,0.0625,1027,10085
3,100,0.3,0.0,harm,hybrid,0.01,random,0.1,1.0,0,0.8207412958145142,0.0018770066683131636,40,4048,0.0625,1027,10085
3,100,0.3,0.0,harm,hybrid,0.01,random,0.1,1.0,0,0.8331695795059204,0.001839960484070141,40,4048,0.0625,1027,10085
3,100,0.3,0.0,harm,hybrid,0.01,random,0.1,1.0,0,0.8455978631973267,0.0018152630279081256,40,4048,0.0625,1027,10085
3,100,0.3,0.0,harm,hybrid,0.01,random,0.1,1.0,0,0.8580261468887329,0.0016794270190170412,40,4048,0.0625,1027,10085
3,100,0.3,0.0,harm,hybrid,0.01,random,0.1,1.0,0,0.8704544305801392,0.0016423808347740183,40,4048,0.0625,1027,10085
3,100,0.3,0.0,harm,hybrid,0.01,random,0.1,1.0,0,0.8828827142715454,0.0015559397382069648,40,4048,0.0625,1027,10085
3,100,0.3,0.0,harm,hybrid,0.01,random,0.1,1.0,0,0.8953111171722412,0.001481847369720919,40,4048,0.06124999999999999,1027,10085
3,100,0.3,0.0,harm,hybrid,0.01,random,0.1,1.0,0,0.9077394008636475,0.0013830575450728575,40,4048,0.06,1027,10085
3,100,0.3,0.0,harm,hybrid,0.01,random,0.1,1.0,0,0.9201676845550537,0.0012966164485058041,40,4048,0.058750000000000004,1027,10085
3,100,0.3,0.0,harm,hybrid,0.01,random,0.1,1.0,0,0.93259596824646,0.0012101753519387502,40,4048,0.05499999999999999,1027,10085
3,100,0.3,0.0,harm,hybrid,0.01,random,0.1,1.0,0,0.9450242519378662,0.0010866880711286738,40,4048,0.052500000000000005,1027,10085
3,100,0.3,0.0,harm,hybrid,0.01,random,0.1,1.0,0,0.9574525356292725,0.00100024697456162,40,4048,0.05,1027,10085
3,100,0.3,0.0,harm,hybrid,0.01,random,0.1,1.0,0,0.9698808193206787,0.0008520622375895283,40,4048,0.042499999999999996,1027,10085
3,100,0.3,0.0,harm,hybrid,0.01,random,0.1,1.0,0,0.982309103012085,0.0007285749567794517,40,4048,0.0375,1027,10085
3,100,0.3,0.0,harm,hybrid,0.01,random,0.1,1.0,0,0.9947373867034912,0.0005927389478883674,40,4048,0.027500000000000004,1027,10085
3,100,0.3,0.0,harm,hybrid,0.01,random,0.1,1.0,0,1.0071656703948975,0.0004939491232403062,40,4048,0.01875,1027,10085
3,100,0.3,0.0,harm,hybrid,0.01,random,0.1,1.0,0,1.0195939540863037,0.0004569029389972833,40,4048,0.015000000000000003,1027,10085
3,100,0.3,0.0,harm,hybrid,0.01,random,0.1,1.0,0,1.03202223777771,0.00043220548283526793,40,4048,0.0125,1027,10085
3,100,0.3,0.0,harm,hybrid,0.01,random,0.1,1.0,0,1.0444505214691162,0.0003457643862682144,40,4048,0.008749999999999999,1027,10085
3,100,0.3,0.0,harm,hybrid,0.01,random,0.1,1.0,0,1.056878924369812,0.00032106693010619904,40,4048,0.0075000000000000015,1027,10085
3,100,0.3,0.0,harm,hybrid,0.01,random,0.1,1.0,0,1.0693072080612183,0.00029636947394418375,40,4048,0.005,1027,10085
3,100,0.3,0.0,harm,hybrid,0.01,random,0.1,1.0,0,1.0817354917526245,0.0002716720177821684,40,4048,0.0025,1027,10085
3,100,0.3,0.0,harm,hybrid,0.01,random,0.1,1.0,0,1.0941637754440308,0.0002716720177821684,40,4048,0.0025,1027,10085
3,100,0.3,0.0,harm,hybrid,0.01,random,0.1,1.0,0,1.106592059135437,0.0002716720177821684,40,4048,0.0025,1027,10085
3,100,0.3,0.0,harm,hybrid,0.01,random,0.1,1.0,0,1.1190203428268433,0.0002593232897011608,40,4048,0.00125,1027,10085
3,100,0.3,0.0,harm,hybrid,0.01,random,0.1,1.0,0,1.1314486265182495,0.0002593232897011608,40,4048,0.00125,1027,10085
3,100,0.3,0.0,harm,hybrid,0.01,random,0.1,1.0,0,1.1438769102096558,0.0002593232897011608,40,4048,0.00125,1027,10085
3,100,0.3,0.0,harm,hybrid,0.01,random,0.1,1.0,0,1.156305193901062,0.0002593232897011608,40,4048,0.00125,1027,10085
3,100,0.3,0.0,harm,hybrid,0.01,random,0.1,1.0,0,1.1687334775924683,0.0002593232897011608,40,4048,0.00125,1027,10085
3,100,0.3,0.0,harm,hybrid,0.01,random,0.1,1.0,0,1.1811617612838745,0.0002593232897011608,40,4048,0.00125,1027,10085
3,100,0.3,0.0,harm,hybrid,0.01,random,0.1,1.0,0,1.1935900449752808,0.0002593232897011608,40,4048,0.00125,1027,10085
3,100,0.3,0.0,harm,hybrid,0.01,random,0.1,1.0,0,1.2060184478759766,0.0002593232897011608,40,4048,0.00125,1027,10085
3,100,0.3,0.0,harm,hybrid,0.01,random,0.1,1.0,0,1.2184467315673828,0.0002593232897011608,40,4048,0.00125,1027,10085
3,100,0.3,0.0,harm,hybrid,0.01,random,0.1,1.0,0,1.230875015258789,0.0002469745616201531,40,4048,0.0,1027,10085
3,100,0.3,0.0,harm,hybrid,0.01,random,0.1,1.0,0,1.2433032989501953,0.0002469745616201531,40,4048,0.0,1027,10085
3,100,0.3,0.0,harm,hybrid,0.01,random,0.1,1.0,0,1.2557315826416016,0.0002469745616201531,40,4048,0.0,1027,10085
3,100,0.3,0.0,harm,hybrid,0.01,random,0.1,1.0,0,1.2681598663330078,0.0002469745616201531,40,4048,0.0,1027,10085
3,100,0.3,0.0,harm,hybrid,0.01,random,0.1,1.0,0,1.280588150024414,0.0002469745616201531,40,4048,0.0,1027,10085
4,100,0.3,0.0,harm,hybrid,0.01,random,0.1,1.0,0,0.12783026695251465,0.003524610437793718,40,4042,0.125,962,9449
4,100,0.3,0.0,harm,hybrid,0.01,random,0.1,1.0,0,0.14074985682964325,0.003524610437793718,40,4042,0.125,962,9449
4,100,0.3,0.0,harm,hybrid,0.01,random,0.1,1.0,0,0.15366944670677185,0.003524610437793718,40,4042,0.125,962,9449
4,100,0.3,0.0,harm,hybrid,0.01,random,0.1,1.0,0,0.16658903658390045,0.003524610437793718,40,4042,0.125,962,9449
4,100,0.3,0.0,harm,hybrid,0.01,random,0.1,1.0,0,0.17950862646102905,0.003524610437793718,40,4042,0.125,962,9449
4,100,0.3,0.0,harm,hybrid,0.01,random,0.1,1.0,0,0.19242820143699646,0.003524610437793718,40,4042,0.125,962,9449
4,100,0.3,0.0,harm,hybrid,0.01,random,0.1,1.0,0,0.20534780621528625,0.003524610437793718,40,4042,0.125,962,9449
4,100,0.3,0.0,harm,hybrid,0.01,random,0.1,1.0,0,0.21826738119125366,0.003524610437793718,40,4042,0.125,962,9449
4,100,0.3,0.0,harm,hybrid,0.01,random,0.1,1.0,0,0.23118698596954346,0.003524610437793718,40,4042,0.125,962,9449
4,100,0.3,0.0,harm,hybrid,0.01,random,0.1,1.0,0,0.24410656094551086,0.003524610437793718,40,4042,0.125,962,9449
4,100,0.3,0.0,harm,hybrid,0.01,random,0.1,1.0,0,0.25702613592147827,0.003524610437793718,40,4042,0.125,962,9449
4,100,0.3,0.0,harm,hybrid,0.01,random,0.1,1.0,0,0.26994574069976807,0.003524610437793718,40,4042,0.125,962,9449
4,100,0.3,0.0,harm,hybrid,0.01,random,0.1,1.0,0,0.28286534547805786,0.003524610437793718,40,4042,0.125,962,9449
4,100,0.3,0.0,harm,hybrid,0.01,random,0.1,1.0,0,0.29578492045402527,0.003524610437793718,40,4042,0.125,962,9449
4,100,0.3,0.0,harm,hybrid,0.01,random,0.1,1.0,0,0.3087044954299927,0.003524610437793718,40,4042,0.125,962,9449
4,100,0.3,0.0,harm,hybrid,0.01,random,0.1,1.0,0,0.32162410020828247,0.003524610437793718,40,4042,0.125,962,9449
4,100,0.3,0.0,harm,hybrid,0.01,random,0.1,1.0,0,0.33454370498657227,0.003524610437793718,40,4042,0.125,962,9449
4,100,0.3,0.0,harm,hybrid,0.01,random,0.1,1.0,0,0.3474632799625397,0.003524610437793718,40,4042,0.125,962,9449
4,100,0.3,0.0,harm,hybrid,0.01,random,0.1,1.0,0,0.3603828549385071,0.0035122433836260207,40,4042,0.12374999999999999,962,9449
4,100,0.3,0.0,harm,hybrid,0.01,random,0.1,1.0,0,0.3733024597167969,0.0035122433836260207,40,4042,0.12374999999999999,962,9449
4,100,0.3,0.0,harm,hybrid,0.01,random,0.1,1.0,0,0.3862220346927643,0.0035122433836260207,40,4042,0.12374999999999999,962,9449
4,100,0.3,0.0,harm,hybrid,0.01,random,0.1,1.0,0,0.3991416394710541,0.003499876329458323,40,4042,0.12250000000000001,962,9449
4,100,0.3,0.0,harm,hybrid,0.01,random,0.1,1.0,0,0.4120612144470215,0.003487509275290626,40,4042,0.12250000000000001,962,9449
4,100,0.3,0.0,harm,hybrid,0.01,random,0.1,1.0,0,0.4249808192253113,0.003487509275290626,40,4042,0.12250000000000001,962,9449
4,100,0.3,0.0,harm,hybrid,0.01,random,0.1,1.0,0,0.4379003942012787,0.003475142221122929,40,4042,0.12125,962,9449
4,100,0.3,0.0,harm,hybrid,0.01,random,0.1,1.0,0,0.4508199989795685,0.0034627751669552313,40,4042,0.12,962,9449
4,100,0.3,0.0,harm,hybrid,0.01,random,0.1,1.0,0,0.4637395739555359,0.0034380410586198375,40,4042,0.11750000000000001,962,9449
4,100,0.3,0.0,harm,hybrid,0.01,random,0.1,1.0,0,0.4766591787338257,0.00342567400445214,40,4042,0.11499999999999999,962,9449
4,100,0.3,0.0,harm,hybrid,0.01,random,0.1,1.0,0,0.4895787537097931,0.0033885728419490477,40,4042,0.1125,962,9449
4,100,0.3,0.0,harm,hybrid,0.01,random,0.1,1.0,0,0.5024983882904053,0.0033762057877813507,40,4042,0.11125,962,9449
4,100,0.3,0.0,harm,hybrid,0.01,random,0.1,1.0,0,0.5154179334640503,0.003363838733613654,40,4042,0.11125,962,9449
4,100,0.3,0.0,harm,hybrid,0.01,random,0.1,1.0,0,0.5283375382423401,0.003326737571110562,40,4042,0.10875000000000001,962,9449
4,100,0.3,0.0,harm,hybrid,0.01,random,0.1,1.0,0,0.5412571430206299,0.003277269354439773,40,4042,0.10625,962,9449
4,100,0.3,0.0,harm,hybrid,0.01,random,0.1,1.0,0,0.5541766881942749,0.003240168191936681,40,4042,0.1025,962,9449
4,100,0.3,0.0,harm,hybrid,0.01,random,0.1,1.0,0,0.5670962929725647,0.0032030670294335892,40,4042,0.1,962,9449
4,100,0.3,0.0,harm,hybrid,0.01,random,0.1,1.0,0,0.5800158977508545,0.0031783329210981945,40,4042,0.09875,962,9449
4,100,0.3,0.0,harm,hybrid,0.01,random,0.1,1.0,0,0.5929354429244995,0.003128864704427406,40,4042,0.09624999999999999,962,9449
4,100,0.3,0.0,harm,hybrid,0.01,random,0.1,1.0,0,0.6058550477027893,0.003128864704427406,40,4042,0.09624999999999999,962,9449
4,100,0.3,0.0,harm,hybrid,0.01,random,0.1,1.0,0,0.6187746524810791,0.003091763541924314,40,4042,0.095,962,9449
4,100,0.3,0.0,harm,hybrid,0.01,random,0.1,1.0,0,0.6316942572593689,0.0030422953252535246,40,4042,0.0925,962,9449
4,100,0.3,0.0,harm,hybrid,0.01,random,0.1,1.0,0,0.6446138024330139,0.0030175612169181304,40,4042,0.09375,962,9449
4,100,0.3,0.0,harm,hybrid,0.01,random,0.1,1.0,0,0.6575334072113037,0.0029557259460796445,40,4042,0.0925,962,9449
4,100,0.3,0.0,harm,hybrid,0.01,random,0.1,1.0,0,0.6704530119895935,0.00293099183774425,40,4042,0.0925,962,9449
4,100,0.3,0.0,harm,hybrid,0.01,random,0.1,1.0,0,0.6833726167678833,0.002906257729408855,40,4042,0.0925,962,9449
4,100,0.3,0.0,harm,hybrid,0.01,random,0.1,1.0,0,0.6962921619415283,0.0028815236210734604,40,4042,0.0925,962,9449
4,100,0.3,0.0,harm,hybrid,0.01,random,0.1,1.0,0,0.7092117667198181,0.0028691565669057635,40,4042,0.0925,962,9449
4,100,0.3,0.0,harm,hybrid,0.01,random,0.1,1.0,0,0.7221313714981079,0.002819688350234974,40,4042,0.0925,962,9449
4,100,0.3,0.0,harm,hybrid,0.01,random,0.1,1.0,0,0.7350509762763977,0.00279495424189958,40,4042,0.0925,962,9449
4,100,0.3,0.0,harm,hybrid,0.01,random,0.1,1.0,0,0.7479705214500427,0.0027825871877318826,40,4042,0.0925,962,9449
4,100,0.3,0.0,harm,hybrid,0.01,random,0.1,1.0,0,0.7608901262283325,0.0027702201335641856,40,4042,0.0925,962,9449
4,100,0.3,0.0,harm,hybrid,0.01,random,0.1,1.0,0,0.7738097310066223,0.002757853079396488,40,4042,0.0925,962,9449
4,100,0.3,0.0,harm,hybrid,0.01,random,0.1,1.0,0,0.7867292761802673,0.002745486025228791,40,4042,0.0925,962,9449
4,100,0.3,0.0,harm,hybrid,0.01,random,0.1,1.0,0,0.7996488809585571,0.002708384862725699,40,4042,0.0925,962,9449
4,100,0.3,0.0,harm,hybrid,0.01,random,0.1,1.0,0,0.8125684857368469,0.00265891664605491,40,4042,0.0925,962,9449
4,100,0.3,0.0,harm,hybrid,0.01,random,0.1,1.0,0,0.8254880905151367,0.0026341825377195157,40,4042,0.0925,962,9449
4,100,0.3,0.0,harm,hybrid,0.01,random,0.1,1.0,0,0.8384076356887817,0.002621815483551819,40,4042,0.0925,962,9449
4,100,0.3,0.0,harm,hybrid,0.01,random,0.1,1.0,0,0.8513272404670715,0.0025847143210487268,40,4042,0.0925,962,9449
4,100,0.3,0.0,harm,hybrid,0.01,random,0.1,1.0,0,0.8642468452453613,0.002522879050210241,40,4042,0.0925,962,9449
4,100,0.3,0.0,harm,hybrid,0.01,random,0.1,1.0,0,0.8771664500236511,0.002448676725204057,40,4042,0.0925,962,9449
4,100,0.3,0.0,harm,hybrid,0.01,random,0.1,1.0,0,0.8900859951972961,0.0023992085085332675,40,4042,0.0925,962,9449
4,100,0.3,0.0,harm,hybrid,0.01,random,0.1,1.0,0,0.9030055999755859,0.002312639129359387,40,4042,0.0925,962,9449
4,100,0.3,0.0,harm,hybrid,0.01,random,0.1,1.0,0,0.9159252047538757,0.0022384368043532033,40,4042,0.0925,962,9449
4,100,0.3,0.0,harm,hybrid,0.01,random,0.1,1.0,0,0.9288448095321655,0.0022013356418501117,40,4042,0.0925,962,9449
4,100,0.3,0.0,harm,hybrid,0.01,random,0.1,1.0,0,0.9417643547058105,0.0021023992085085334,40,4042,0.0925,962,9449
4,100,0.3,0.0,harm,hybrid,0.01,random,0.1,1.0,0,0.9546839594841003,0.0020529309918377444,40,4042,0.0925,962,9449
4,100,0.3,0.0,harm,hybrid,0.01,random,0.1,1.0,0,0.9676035642623901,0.001978728666831561,40,4042,0.0925,962,9449
4,100,0.3,0.0,harm,hybrid,0.01,random,0.1,1.0,0,0.9805231094360352,0.0019045263418253772,40,4042,0.0925,962,9449
4,100,0.3,0.0,harm,hybrid,0.01,random,0.1,1.0,0,0.993442714214325,0.001830324016819194,40,4042,0.0925,962,9449
4,100,0.3,0.0,harm,hybrid,0.01,random,0.1,1.0,0,1.0063623189926147,0.0017066534751422214,40,4042,0.0925,962,9449
4,100,0.3,0.0,harm,hybrid,0.01,random,0.1,1.0,0,1.0192818641662598,0.0015706158792975515,40,4042,0.09000000000000001,962,9449
4,100,0.3,0.0,harm,hybrid,0.01,random,0.1,1.0,0,1.0322015285491943,0.001496413554291368,40,4042,0.08750000000000001,962,9449
4,100,0.3,0.0,harm,hybrid,0.01,random,0.1,1.0,0,1.0451210737228394,0.0013851100667820926,40,4042,0.08,962,9449
4,100,0.3,0.0,harm,hybrid,0.01,random,0.1,1.0,0,1.0580406188964844,0.0012985406876082118,40,4042,0.07250000000000001,962,9449
4,100,0.3,0.0,harm,hybrid,0.01,random,0.1,1.0,0,1.070960283279419,0.0011254019292604503,40,4042,0.061250000000000006,962,9449
4,100,0.3,0.0,harm,hybrid,0.01,random,0.1,1.0,0,1.083879828453064,0.0010140984417511749,40,4042,0.053750000000000006,962,9449
4,100,0.3,0.0,harm,hybrid,0.01,random,0.1,1.0,0,1.096799373626709,0.0008038585209003215,40,4042,0.0375,962,9449
4,100,0.3,0.0,harm,hybrid,0.01,random,0.1,1.0,0,1.1097190380096436,0.0006554538708879545,40,4042,0.028750000000000005,962,9449
4,100,0.3,0.0,harm,hybrid,0.01,random,0.1,1.0,0,1.1226387023925781,0.0005812515458817711,40,4042,0.022500000000000003,962,9449
4,100,0.3,0.0,harm,hybrid,0.01,random,0.1,1.0,0,1.1355582475662231,0.0005194162750432848,40,4042,0.016249999999999997,962,9449
4,100,0.3,0.0,harm,hybrid,0.01,random,0.1,1.0,0,1.1484777927398682,0.0005070492208755874,40,4042,0.016249999999999997,962,9449
4,100,0.3,0.0,harm,hybrid,0.01,random,0.1,1.0,0,1.1613973379135132,0.0004328468958694039,40,4042,0.011250000000000001,962,9449
4,100,0.3,0.0,harm,hybrid,0.01,random,0.1,1.0,0,1.1743170022964478,0.00034627751669552315,40,4042,0.00625,962,9449
4,100,0.3,0.0,harm,hybrid,0.01,random,0.1,1.0,0,1.1872365474700928,0.0003339104625278259,40,4042,0.00625,962,9449
4,100,0.3,0.0,harm,hybrid,0.01,random,0.1,1.0,0,1.2001560926437378,0.00028444224585703686,40,4042,0.0037500000000000007,962,9449
4,100,0.3,0.0,harm,hybrid,0.01,random,0.1,1.0,0,1.2130757570266724,0.00028444224585703686,40,4042,0.0037500000000000007,962,9449
4,100,0.3,0.0,harm,hybrid,0.01,random,0.1,1.0,0,1.2259953022003174,0.00028444224585703686,40,4042,0.0037500000000000007,962,9449
4,100,0.3,0.0,harm,hybrid,0.01,random,0.1,1.0,0,1.238914966583252,0.0002720751916893396,40,4042,0.0025,962,9449
4,100,0.3,0.0,harm,hybrid,0.01,random,0.1,1.0,0,1.251834511756897,0.00025970813752164234,40,4042,0.00125,962,9449
4,100,0.3,0.0,harm,hybrid,0.01,random,0.1,1.0,0,1.264754056930542,0.00025970813752164234,40,4042,0.00125,962,9449
4,100,0.3,0.0,harm,hybrid,0.01,random,0.1,1.0,0,1.2776737213134766,0.00025970813752164234,40,4042,0.00125,962,9449
4,100,0.3,0.0,harm,hybrid,0.01,random,0.1,1.0,0,1.2905932664871216,0.0002473410833539451,40,4042,0.0,962,9449
4,100,0.3,0.0,harm,hybrid,0.01,random,0.1,1.0,0,1.3035128116607666,0.0002473410833539451,40,4042,0.0,962,9449
4,100,0.3,0.0,harm,hybrid,0.01,random,0.1,1.0,0,1.3164324760437012,0.0002473410833539451,40,4042,0.0,962,9449
4,100,0.3,0.0,harm,hybrid,0.01,random,0.1,1.0,0,1.3293520212173462,0.0002473410833539451,40,4042,0.0,962,9449
4,100,0.3,0.0,harm,hybrid,0.01,random,0.1,1.0,0,1.3422716856002808,0.0002473410833539451,40,4042,0.0,962,9449
4,100,0.3,0.0,harm,hybrid,0.01,random,0.1,1.0,0,1.3551912307739258,0.0002473410833539451,40,4042,0.0,962,9449
4,100,0.3,0.0,harm,hybrid,0.01,random,0.1,1.0,0,1.3681107759475708,0.0002473410833539451,40,4042,0.0,962,9449
4,100,0.3,0.0,harm,hybrid,0.01,random,0.1,1.0,0,1.3810304403305054,0.0002473410833539451,40,4042,0.0,962,9449
4,100,0.3,0.0,harm,hybrid,0.01,random,0.1,1.0,0,1.3939499855041504,0.0002473410833539451,40,4042,0.0,962,9449
4,100,0.3,0.0,harm,hybrid,0.01,random,0.1,1.0,0,1.4068695306777954,0.0002473410833539451,40,4042,0.0,962,9449
5,100,0.3,0.0,harm,hybrid,0.01,random,0.1,1.0,0,0.08004054427146912,0.0034602076124567475,40,4045,0.12875,1020,10026
5,100,0.3,0.0,harm,hybrid,0.01,random,0.1,1.0,0,0.09199190139770508,0.0034602076124567475,40,4045,0.12875,1020,10026
5,100,0.3,0.0,harm,hybrid,0.01,random,0.1,1.0,0,0.10394325852394104,0.0034602076124567475,40,4045,0.12875,1020,10026
5,100,0.3,0.0,harm,hybrid,0.01,random,0.1,1.0,0,0.1158946231007576,0.0034602076124567475,40,4045,0.12875,1020,10026
5,100,0.3,0.0,harm,hybrid,0.01,random,0.1,1.0,0,0.12784597277641296,0.0034602076124567475,40,4045,0.12875,1020,10026
5,100,0.3,0.0,harm,hybrid,0.01,random,0.1,1.0,0,0.13979732990264893,0.0034602076124567475,40,4045,0.12875,1020,10026
5,100,0.3,0.0,harm,hybrid,0.01,random,0.1,1.0,0,0.15174870193004608,0.0034602076124567475,40,4045,0.12875,1020,10026
5,100,0.3,0.0,harm,hybrid,0.01,random,0.1,1.0,0,0.16370005905628204,0.0034602076124567475,40,4045,0.12875,1020,10026
5,100,0.3,0.0,harm,hybrid,0.01,random,0.1,1.0,0,0.175651416182518,0.0034602076124567475,40,4045,0.12875,1020,10026
5,100,0.3,0.0,harm,hybrid,0.01,random,0.1,1.0,0,0.18760277330875397,0.0034478497281265445,40,4045,0.1275,1020,10026
5,100,0.3,0.0,harm,hybrid,0.01,random,0.1,1.0,0,0.19955413043498993,0.0034478497281265445,40,4045,0.1275,1020,10026
5,100,0.3,0.0,harm,hybrid,0.01,random,0.1,1.0,0,0.2115054875612259,0.0034478497281265445,40,4045,0.1275,1020,10026
5,100,0.3,0.0,harm,hybrid,0.01,random,0.1,1.0,0,0.22345685958862305,0.0034478497281265445,40,4045,0.1275,1020,10026
5,100,0.3,0.0,harm,hybrid,0.01,random,0.1,1.0,0,0.235408216714859,0.0034478497281265445,40,4045,0.1275,1020,10026
5,100,0.3,0.0,harm,hybrid,0.01,random,0.1,1.0,0,0.24735957384109497,0.0034478497281265445,40,4045,0.1275,1020,10026
5,100,0.3,0.0,harm,hybrid,0.01,random,0.1,1.0,0,0.25931093096733093,0.0034478497281265445,40,4045,0.1275,1020,10026
5,100,0.3,0.0,harm,hybrid,0.01,random,0.1,1.0,0,0.2712622880935669,0.0034478497281265445,40,4045,0.1275,1020,10026
5,100,0.3,0.0,harm,hybrid,0.01,random,0.1,1.0,0,0.28321364521980286,0.0034478497281265445,40,4045,0.1275,1020,10026
5,100,0.3,0.0,harm,hybrid,0.01,random,0.1,1.0,0,0.2951650023460388,0.0034478497281265445,40,4045,0.1275,1020,10026
5,100,0.3,0.0,harm,hybrid,0.01,random,0.1,1.0,0,0.3071163594722748,0.0034478497281265445,40,4045,0.1275,1020,10026
5,100,0.3,0.0,harm,hybrid,0.01,random,0.1,1.0,0,0.31906771659851074,0.0034354918437963424,40,4045,0.12625000000000003,1020,10026
5,100,0.3,0.0,harm,hybrid,0.01,random,0.1,1.0,0,0.3310190737247467,0.0034107760751359373,40,4045,0.12500000000000003,1020,10026
5,100,0.3,0.0,harm,hybrid,0.01,random,0.1,1.0,0,0.34297043085098267,0.0033984181908057335,40,4045,0.12375,1020,10026
5,100,0.3,0.0,harm,hybrid,0.01,random,0.1,1.0,0,0.35492178797721863,0.0033984181908057335,40,4045,0.12375,1020,10026
5,100,0.3,0.0,harm,hybrid,0.01,random,0.1,1.0,0,0.366873174905777,0.0033860603064755313,40,4045,0.12250000000000001,1020,10026
5,100,0.3,0.0,harm,hybrid,0.01,random,0.1,1.0,0,0.37882453203201294,0.0033860603064755313,40,4045,0.12125,1020,10026
5,100,0.3,0.0,harm,hybrid,0.01,random,0.1,1.0,0,0.3907758891582489,0.0033366287691547203,40,4045,0.12,1020,10026
5,100,0.3,0.0,harm,hybrid,0.01,random,0.1,1.0,0,0.40272724628448486,0.0033366287691547203,40,4045,0.11875,1020,10026
5,100,0.3,0.0,harm,hybrid,0.01,random,0.1,1.0,0,0.4146786034107208,0.00328719723183391,40,4045,0.11500000000000002,1020,10026
5,100,0.3,0.0,harm,hybrid,0.01,random,0.1,1.0,0,0.4266299605369568,0.003213049925852694,40,4045,0.11125,1020,10026
5,100,0.3,0.0,harm,hybrid,0.01,random,0.1,1.0,0,0.43858131766319275,0.003188334157192288,40,4045,0.10874999999999999,1020,10026
5,100,0.3,0.0,harm,hybrid,0.01,random,0.1,1.0,0,0.4505326747894287,0.0031512605042016808,40,4045,0.10500000000000001,1020,10026
5,100,0.3,0.0,harm,hybrid,0.01,random,0.1,1.0,0,0.4624840319156647,0.0031018289668808697,40,4045,0.1025,1020,10026
5,100,0.3,0.0,harm,hybrid,0.01,random,0.1,1.0,0,0.47443538904190063,0.0030647553138902625,40,4045,0.1,1020,10026
5,100,0.3,0.0,harm,hybrid,0.01,random,0.1,1.0,0,0.4863867461681366,0.0029906080079090463,40,4045,0.0925,1020,10026
5,100,0.3,0.0,harm,hybrid,0.01,random,0.1,1.0,0,0.49833810329437256,0.0029782501235788433,40,4045,0.09125,1020,10026
5,100,0.3,0.0,harm,hybrid,0.01,random,0.1,1.0,0,0.5102894306182861,0.002904102817597627,40,4045,0.08875,1020,10026
5,100,0.3,0.0,harm,hybrid,0.01,random,0.1,1.0,0,0.5222408175468445,0.002854671280276817,40,4045,0.08499999999999999,1020,10026
5,100,0.3,0.0,harm,hybrid,0.01,random,0.1,1.0,0,0.5341922044754028,0.0027805239742956,40,4045,0.08249999999999999,1020,10026
5,100,0.3,0.0,harm,hybrid,0.01,random,0.1,1.0,0,0.5461435317993164,0.002755808205635195,40,4045,0.08,1020,10026
5,100,0.3,0.0,harm,hybrid,0.01,random,0.1,1.0,0,0.55809485912323,0.0027434503213049927,40,4045,0.08125,1020,10026
5,100,0.3,0.0,harm,hybrid,0.01,random,0.1,1.0,0,0.5700463056564331,0.0027310924369747898,40,4045,0.08,1020,10026
5,100,0.3,0.0,harm,hybrid,0.01,random,0.1,1.0,0,0.5819976329803467,0.0027187345526445868,40,4045,0.08,1020,10026
5,100,0.3,0.0,harm,hybrid,0.01,random,0.1,1.0,0,0.5939489603042603,0.0027187345526445868,40,4045,0.08,1020,10026
5,100,0.3,0.0,harm,hybrid,0.01,random,0.1,1.0,0,0.6059002876281738,0.0027187345526445868,40,4045,0.08,1020,10026
5,100,0.3,0.0,harm,hybrid,0.01,random,0.1,1.0,0,0.617851734161377,0.0026940187839841817,40,4045,0.08,1020,10026
5,100,0.3,0.0,harm,hybrid,0.01,random,0.1,1.0,0,0.6298030614852905,0.0026940187839841817,40,4045,0.08,1020,10026
5,100,0.3,0.0,harm,hybrid,0.01,random,0.1,1.0,0,0.6417543888092041,0.0026816608996539796,40,4045,0.08,1020,10026
5,100,0.3,0.0,harm,hybrid,0.01,random,0.1,1.0,0,0.6537058353424072,0.0026322293623331685,40,4045,0.08,1020,10026
5,100,0.3,0.0,harm,hybrid,0.01,random,0.1,1.0,0,0.6656571626663208,0.0026198714780029655,40,4045,0.08,1020,10026
5,100,0.3,0.0,harm,hybrid,0.01,random,0.1,1.0,0,0.6776084899902344,0.0025457241720217494,40,4045,0.08,1020,10026
5,100,0.3,0.0,harm,hybrid,0.01,random,0.1,1.0,0,0.689559817314148,0.002508650519031142,40,4045,0.08,1020,10026
5,100,0.3,0.0,harm,hybrid,0.01,random,0.1,1.0,0,0.7015112638473511,0.002459218981710331,40,4045,0.08,1020,10026
5,100,0.3,0.0,harm,hybrid,0.01,random,0.1,1.0,0,0.7134625911712646,0.002434503213049926,40,4045,0.08,1020,10026
5,100,0.3,0.0,harm,hybrid,0.01,random,0.1,1.0,0,0.7254139184951782,0.002372713791398913,40,4045,0.08,1020,10026
5,100,0.3,0.0,harm,hybrid,0.01,random,0.1,1.0,0,0.7373652458190918,0.0023356401384083047,40,4045,0.08,1020,10026
5,100,0.3,0.0,harm,hybrid,0.01,random,0.1,1.0,0,0.7493166923522949,0.0023232822540781017,40,4045,0.08,1020,10026
5,100,0.3,0.0,harm,hybrid,0.01,random,0.1,1.0,0,0.7612680196762085,0.0023109243697478988,40,4045,0.08,1020,10026
5,100,0.3,0.0,harm,hybrid,0.01,random,0.1,1.0,0,0.7732193470001221,0.0022614928324270886,40,4045,0.08,1020,10026
5,100,0.3,0.0,harm,hybrid,0.01,random,0.1,1.0,0,0.7851706743240356,0.0022367770637666835,40,4045,0.08,1020,10026
5,100,0.3,0.0,harm,hybrid,0.01,random,0.1,1.0,0,0.7971221208572388,0.0022120612951062784,40,4045,0.08,1020,10026
5,100,0.3,0.0,harm,hybrid,0.01,random,0.1,1.0,0,0.8090734481811523,0.0021255561047948592,40,4045,0.08,1020,10026
5,100,0.3,0.0,harm,hybrid,0.01,random,0.1,1.0,0,0.8210247755050659,0.002001977261492832,40,4045,0.08,1020,10026
5,100,0.3,0.0,harm,hybrid,0.01,random,0.1,1.0,0,0.8329761028289795,0.0019278299555116163,40,4045,0.08,1020,10026
5,100,0.3,0.0,harm,hybrid,0.01,random,0.1,1.0,0,0.8449275493621826,0.0018660405338606029,40,4045,0.08,1020,10026
5,100,0.3,0.0,harm,hybrid,0.01,random,0.1,1.0,0,0.8568788766860962,0.0017424616905585763,40,4045,0.08,1020,10026
5,100,0.3,0.0,harm,hybrid,0.01,random,0.1,1.0,0,0.8688302040100098,0.0016559565002471578,40,4045,0.08,1020,10026
5,100,0.3,0.0,harm,hybrid,0.01,random,0.1,1.0,0,0.8807816505432129,0.0015818091942659417,40,4045,0.08,1020,10026
5,100,0.3,0.0,harm,hybrid,0.01,random,0.1,1.0,0,0.8927329778671265,0.0014705882352941176,40,4045,0.07875000000000001,1020,10026
5,100,0.3,0.0,harm,hybrid,0.01,random,0.1,1.0,0,0.90468430519104,0.0014087988136431044,40,4045,0.07625000000000001,1020,10026
5,100,0.3,0.0,harm,hybrid,0.01,random,0.1,1.0,0,0.9166356325149536,0.0012975778546712802,40,4045,0.07125000000000001,1020,10026
5,100,0.3,0.0,harm,hybrid,0.01,random,0.1,1.0,0,0.9285870790481567,0.001235788433020267,40,4045,0.06875,1020,10026
5,100,0.3,0.0,harm,hybrid,0.01,random,0.1,1.0,0,0.9405384063720703,0.001087493821057835,40,4045,0.057499999999999996,1020,10026
5,100,0.3,0.0,harm,hybrid,0.01,random,0.1,1.0,0,0.9524897336959839,0.0009515570934256056,40,4045,0.05,1020,10026
5,100,0.3,0.0,harm,hybrid,0.01,random,0.1,1.0,0,0.9644410610198975,0.0008403361344537816,40,4045,0.04,1020,10026
5,100,0.3,0.0,harm,hybrid,0.01,random,0.1,1.0,0,0.9763925075531006,0.0007785467128027681,40,4045,0.036250000000000004,1020,10026
5,100,0.3,0.0,harm,hybrid,0.01,random,0.1,1.0,0,0.9883438348770142,0.0007291151754819575,40,4045,0.03375,1020,10026
5,100,0.3,0.0,harm,hybrid,0.01,random,0.1,1.0,0,1.0002951622009277,0.0006178942165101334,40,4045,0.025,1020,10026
5,100,0.3,0.0,harm,hybrid,0.01,random,0.1,1.0,0,1.0122464895248413,0.0005684626791893228,40,4045,0.02125,1020,10026
5,100,0.3,0.0,harm,hybrid,0.01,random,0.1,1.0,0,1.0241979360580444,0.00048195748887790407,40,4045,0.013750000000000002,1020,10026
5,100,0.3,0.0,harm,hybrid,0.01,random,0.1,1.0,0,1.036149263381958,0.0004325259515570934,40,4045,0.01125,1020,10026
5,100,0.3,0.0,harm,hybrid,0.01,random,0.1,1.0,0,1.0481005907058716,0.00034602076124567473,40,4045,0.00625,1020,10026
5,100,0.3,0.0,harm,hybrid,0.01,random,0.1,1.0,0,1.0600520372390747,0.00032130499258526936,40,4045,0.0037500000000000007,1020,10026
5,100,0.3,0.0,harm,hybrid,0.01,random,0.1,1.0,0,1.0720033645629883,0.0003089471082550667,40,4045,0.0025,1020,10026
5,100,0.3,0.0,harm,hybrid,0.01,random,0.1,1.0,0,1.0839546918869019,0.00029658922392486405,40,4045,0.00125,1020,10026
5,100,0.3,0.0,harm,hybrid,0.01,random,0.1,1.0,0,1.095906138420105,0.0002842313395946614,40,4045,0.0,1020,10026
5,100,0.3,0.0,harm,hybrid,0.01,random,0.1,1.0,0,1.1078574657440186,0.0002842313395946614,40,4045,0.0,1020,10026
5,100,0.3,0.0,harm,hybrid,0.01,random,0.1,1.0,0,1.1198087930679321,0.0002842313395946614,40,4045,0.0,1020,10026
5,100,0.3,0.0,harm,hybrid,0.01,random,0.1,1.0,0,1.1317601203918457,0.0002718734552644587,40,4045,0.0,1020,10026
5,100,0.3,0.0,harm,hybrid,0.01,random,0.1,1.0,0,1.1437115669250488,0.000259515570934256,40,4045,0.0,1020,10026
5,100,0.3,0.0,harm,hybrid,0.01,random,0.1,1.0,0,1.1556628942489624,0.000259515570934256,40,4045,0.0,1020,10026
5,100,0.3,0.0,harm,hybrid,0.01,random,0.1,1.0,0,1.167614221572876,0.00024715768660405336,40,4045,0.0,1020,10026
5,100,0.3,0.0,harm,hybrid,0.01,random,0.1,1.0,0,1.1795655488967896,0.00024715768660405336,40,4045,0.0,1020,10026
5,100,0.3,0.0,harm,hybrid,0.01,random,0.1,1.0,0,1.1915169954299927,0.00024715768660405336,40,4045,0.0,1020,10026
5,100,0.3,0.0,harm,hybrid,0.01,random,0.1,1.0,0,1.2034683227539062,0.00024715768660405336,40,4045,0.0,1020,10026
5,100,0.3,0.0,harm,hybrid,0.01,random,0.1,1.0,0,1.2154196500778198,0.00024715768660405336,40,4045,0.0,1020,10026
5,100,0.3,0.0,harm,hybrid,0.01,random,0.1,1.0,0,1.227371096611023,0.00024715768660405336,40,4045,0.0,1020,10026
5,100,0.3,0.0,harm,hybrid,0.01,random,0.1,1.0,0,1.2393224239349365,0.00024715768660405336,40,4045,0.0,1020,10026
5,100,0.3,0.0,harm,hybrid,0.01,random,0.1,1.0,0,1.25127375125885,0.00024715768660405336,40,4045,0.0,1020,10026
5,100,0.3,0.0,harm,hybrid,0.01,random,0.1,1.0,0,1.2632250785827637,0.00024715768660405336,40,4045,0.0,1020,10026
6,100,0.3,0.0,harm,hybrid,0.01,random,0.1,1.0,0,0.04609692096710205,0.003517649962972106,40,4050,0.12375,998,9816
6,100,0.3,0.0,harm,hybrid,0.01,random,0.1,1.0,0,0.05876820534467697,0.003517649962972106,40,4050,0.12375,998,9816
6,100,0.3,0.0,harm,hybrid,0.01,random,0.1,1.0,0,0.07143948972225189,0.003517649962972106,40,4050,0.12375,998,9816
6,100,0.3,0.0,harm,hybrid,0.01,random,0.1,1.0,0,0.08411078155040741,0.003517649962972106,40,4050,0.12375,998,9816
6,100,0.3,0.0,harm,hybrid,0.01,random,0.1,1.0,0,0.09678206592798233,0.003517649962972106,40,4050,0.12375,998,9816
6,100,0.3,0.0,harm,hybrid,0.01,random,0.1,1.0,0,0.10945335030555725,0.003517649962972106,40,4050,0.12375,998,9816
6,100,0.3,0.0,harm,hybrid,0.01,random,0.1,1.0,0,0.12212464213371277,0.003517649962972106,40,4050,0.12375,998,9816
6,100,0.3,0.0,harm,hybrid,0.01,random,0.1,1.0,0,0.1347959339618683,0.003517649962972106,40,4050,0.12375,998,9816
6,100,0.3,0.0,harm,hybrid,0.01,random,0.1,1.0,0,0.1474672108888626,0.003517649962972106,40,4050,0.12375,998,9816
6,100,0.3,0.0,harm,hybrid,0.01,random,0.1,1.0,0,0.16013848781585693,0.003517649962972106,40,4050,0.12375,998,9816
6,100,0.3,0.0,harm,hybrid,0.01,random,0.1,1.0,0,0.17280977964401245,0.003517649962972106,40,4050,0.12375,998,9816
6,100,0.3,0.0,harm,hybrid,0.01,random,0.1,1.0,0,0.18548107147216797,0.003517649962972106,40,4050,0.12375,998,9816
6,100,0.3,0.0,harm,hybrid,0.01,random,0.1,1.0,0,0.1981523633003235,0.003517649962972106,40,4050,0.12375,998,9816
6,100,0.3,0.0,harm,hybrid,0.01,random,0.1,1.0,0,0.2108236402273178,0.0035053073315230807,40,4050,0.12250000000000001,998,9816
6,100,0.3,0.0,harm,hybrid,0.01,random,0.1,1.0,0,0.22349493205547333,0.0035053073315230807,40,4050,0.12250000000000001,998,9816
6,100,0.3,0.0,harm,hybrid,0.01,random,0.1,1.0,0,0.23616620898246765,0.0035053073315230807,40,4050,0.12250000000000001,998,9816
6,100,0.3,0.0,harm,hybrid,0.01,random,0.1,1.0,0,0.24883750081062317,0.0035053073315230807,40,4050,0.12250000000000001,998,9816
6,100,0.3,0.0,harm,hybrid,0.01,random,0.1,1.0,0,0.2615087926387787,0.0035053073315230807,40,4050,0.12250000000000001,998,9816
6,100,0.3,0.0,harm,hybrid,0.01,random,0.1,1.0,0,0.2741800546646118,0.0035053073315230807,40,4050,0.12250000000000001,998,9816
6,100,0.3,0.0,harm,hybrid,0.01,random,0.1,1.0,0,0.28685134649276733,0.0035053073315230807,40,4050,0.12250000000000001,998,9816
6,100,0.3,0.0,harm,hybrid,0.01,random,0.1,1.0,0,0.29952263832092285,0.0034929647000740555,40,4050,0.12125000000000001,998,9816
6,100,0.3,0.0,harm,hybrid,0.01,random,0.1,1.0,0,0.31219393014907837,0.003480622068625031,40,4050,0.12000000000000002,998,9816
6,100,0.3,0.0,harm,hybrid,0.01,random,0.1,1.0,0,0.3248652219772339,0.003480622068625031,40,4050,0.12000000000000002,998,9816
6,100,0.3,0.0,harm,hybrid,0.01,random,0.1,1.0,0,0.3375365138053894,0.003480622068625031,40,4050,0.12000000000000002,998,9816
6,100,0.3,0.0,harm,hybrid,0.01,random,0.1,1.0,0,0.3502078056335449,0.003468279437176006,40,4050,0.11875,998,9816
6,100,0.3,0.0,harm,hybrid,0.01,random,0.1,1.0,0,0.36287906765937805,0.0034189089113799065,40,4050,0.11625,998,9816
6,100,0.3,0.0,harm,hybrid,0.01,random,0.1,1.0,0,0.37555035948753357,0.003394223648481857,40,4050,0.11499999999999999,998,9816
6,100,0.3,0.0,harm,hybrid,0.01,random,0.1,1.0,0,0.3882216513156891,0.0033695383855838063,40,4050,0.1125,998,9816
6,100,0.3,0.0,harm,hybrid,0.01,random,0.1,1.0,0,0.4008929431438446,0.0033448531226857566,40,4050,0.11125,998,9816
6,100,0.3,0.0,harm,hybrid,0.01,random,0.1,1.0,0,0.4135642349720001,0.0033325104912367313,40,4050,0.10750000000000001,998,9816
6,100,0.3,0.0,harm,hybrid,0.01,random,0.1,1.0,0,0.42623549699783325,0.0033078252283386816,40,4050,0.10500000000000001,998,9816
6,100,0.3,0.0,harm,hybrid,0.01,random,0.1,1.0,0,0.43890678882598877,0.003209084176746482,40,4050,0.09875,998,9816
6,100,0.3,0.0,harm,hybrid,0.01,random,0.1,1.0,0,0.4515780806541443,0.003172056282399408,40,4050,0.09625000000000002,998,9816
6,100,0.3,0.0,harm,hybrid,0.01,random,0.1,1.0,0,0.4642493724822998,0.0031597136509503828,40,4050,0.095,998,9816
6,100,0.3,0.0,harm,hybrid,0.01,random,0.1,1.0,0,0.4769206643104553,0.0030609725993581824,40,4050,0.0925,998,9816
6,100,0.3,0.0,harm,hybrid,0.01,random,0.1,1.0,0,0.48959192633628845,0.003011602073562083,40,4050,0.09,998,9816
6,100,0.3,0.0,harm,hybrid,0.01,random,0.1,1.0,0,0.5022631883621216,0.002986916810664034,40,4050,0.08875000000000001,998,9816
6,100,0.3,0.0,harm,hybrid,0.01,random,0.1,1.0,0,0.5149345397949219,0.0029252036534189096,40,4050,0.085,998,9816
6,100,0.3,0.0,harm,hybrid,0.01,random,0.1,1.0,0,0.5276057720184326,0.002863490496173785,40,4050,0.08,998,9816
6,100,0.3,0.0,harm,hybrid,0.01,random,0.1,1.0,0,0.5402771234512329,0.002826462601826709,40,4050,0.0775,998,9816
6,100,0.3,0.0,harm,hybrid,0.01,random,0.1,1.0,0,0.5529483556747437,0.0028388052332757345,40,4050,0.07875,998,9816
6,100,0.3,0.0,harm,hybrid,0.01,random,0.1,1.0,0,0.5656196475028992,0.002814119970377685,40,4050,0.07875,998,9816
6,100,0.3,0.0,harm,hybrid,0.01,random,0.1,1.0,0,0.5782909393310547,0.002789434707479635,40,4050,0.07875,998,9816
6,100,0.3,0.0,harm,hybrid,0.01,random,0.1,1.0,0,0.5909622311592102,0.0027524068131325593,40,4050,0.0775,998,9816
6,100,0.3,0.0,harm,hybrid,0.01,random,0.1,1.0,0,0.6036335229873657,0.0027277215502345105,40,4050,0.07625,998,9816
6,100,0.3,0.0,harm,hybrid,0.01,random,0.1,1.0,0,0.6163048148155212,0.0027153789187854853,40,4050,0.07625,998,9816
6,100,0.3,0.0,harm,hybrid,0.01,random,0.1,1.0,0,0.6289761066436768,0.0026906936558874356,40,4050,0.07625,998,9816
6,100,0.3,0.0,harm,hybrid,0.01,random,0.1,1.0,0,0.6416473984718323,0.002666008392989385,40,4050,0.07625,998,9816
6,100,0.3,0.0,harm,hybrid,0.01,random,0.1,1.0,0,0.6543186902999878,0.002591952604295236,40,4050,0.07625,998,9816
6,100,0.3,0.0,harm,hybrid,0.01,random,0.1,1.0,0,0.6669899225234985,0.0025672673413971855,40,4050,0.07625,998,9816
6,100,0.3,0.0,harm,hybrid,0.01,random,0.1,1.0,0,0.679661214351654,0.002542582078499136,40,4050,0.07625,998,9816
6,100,0.3,0.0,harm,hybrid,0.01,random,0.1,1.0,0,0.6923325061798096,0.002542582078499136,40,4050,0.07625,998,9816
6,100,0.3,0.0,harm,hybrid,0.01,random,0.1,1.0,0,0.7050037980079651,0.0025302394470501114,40,4050,0.07625,998,9816
6,100,0.3,0.0,harm,hybrid,0.01,random,0.1,1.0,0,0.7176750898361206,0.0025055541841520618,40,4050,0.07625,998,9816
6,100,0.3,0.0,harm,hybrid,0.01,random,0.1,1.0,0,0.7303463816642761,0.0024932115527030365,40,4050,0.07625,998,9816
6,100,0.3,0.0,harm,hybrid,0.01,random,0.1,1.0,0,0.7430176734924316,0.0024561836583559616,40,4050,0.07625,998,9816
6,100,0.3,0.0,harm,hybrid,0.01,random,0.1,1.0,0,0.7556889653205872,0.0024191557640088866,40,4050,0.07625,998,9816
6,100,0.3,0.0,harm,hybrid,0.01,random,0.1,1.0,0,0.7683602571487427,0.0023697852382127873,40,4050,0.07625,998,9816
6,100,0.3,0.0,harm,hybrid,0.01,random,0.1,1.0,0,0.7810315489768982,0.002320414712416687,40,4050,0.07625,998,9816
6,100,0.3,0.0,harm,hybrid,0.01,random,0.1,1.0,0,0.7937027812004089,0.0022710441866205877,40,4050,0.07625,998,9816
6,100,0.3,0.0,harm,hybrid,0.01,random,0.1,1.0,0,0.8063740730285645,0.002234016292273513,40,4050,0.07625,998,9816
6,100,0.3,0.0,harm,hybrid,0.01,random,0.1,1.0,0,0.81904536485672,0.0021229326092322884,40,4050,0.07625,998,9816
6,100,0.3,0.0,harm,hybrid,0.01,random,0.1,1.0,0,0.8317166566848755,0.0020982473463342383,40,4050,0.07625,998,9816
6,100,0.3,0.0,harm,hybrid,0.01,random,0.1,1.0,0,0.844387948513031,0.0019748210318439896,40,4050,0.07625,998,9816
6,100,0.3,0.0,harm,hybrid,0.01,random,0.1,1.0,0,0.8570592403411865,0.0019007652431498397,40,4050,0.07625,998,9816
6,100,0.3,0.0,harm,hybrid,0.01,random,0.1,1.0,0,0.869730532169342,0.00182670945445569,40,4050,0.07625,998,9816
6,100,0.3,0.0,harm,hybrid,0.01,random,0.1,1.0,0,0.8824018239974976,0.0017032831399654408,40,4050,0.07625,998,9816
6,100,0.3,0.0,harm,hybrid,0.01,random,0.1,1.0,0,0.8950731158256531,0.001604542088373241,40,4050,0.075,998,9816
6,100,0.3,0.0,harm,hybrid,0.01,random,0.1,1.0,0,0.9077444076538086,0.0015181436682300668,40,4050,0.07375000000000001,998,9816
6,100,0.3,0.0,harm,hybrid,0.01,random,0.1,1.0,0,0.9204156994819641,0.0014440878795359173,40,4050,0.07375000000000001,998,9816
6,100,0.3,0.0,harm,hybrid,0.01,random,0.1,1.0,0,0.9330869317054749,0.0014194026166378672,40,4050,0.07375000000000001,998,9816
6,100,0.3,0.0,harm,hybrid,0.01,random,0.1,1.0,0,0.9457582235336304,0.001320661565045668,40,4050,0.07125000000000001,998,9816
6,100,0.3,0.0,harm,hybrid,0.01,random,0.1,1.0,0,0.9584295153617859,0.0011972352505554185,40,4050,0.065,998,9816
6,100,0.3,0.0,harm,hybrid,0.01,random,0.1,1.0,0,0.9711008071899414,0.0010491236731671192,40,4050,0.058750000000000004,998,9816
6,100,0.3,0.0,harm,hybrid,0.01,random,0.1,1.0,0,0.9837720990180969,0.0009627252530239448,40,4050,0.05125,998,9816
6,100,0.3,0.0,harm,hybrid,0.01,random,0.1,1.0,0,0.9964433908462524,0.0008269563070846704,40,4050,0.04375,998,9816
6,100,0.3,0.0,harm,hybrid,0.01,random,0.1,1.0,0,1.0091147422790527,0.000715872624043446,40,4050,0.03375,998,9816
6,100,0.3,0.0,harm,hybrid,0.01,random,0.1,1.0,0,1.0217859745025635,0.0006541594667983214,40,4050,0.028750000000000005,998,9816
6,100,0.3,0.0,harm,hybrid,0.01,random,0.1,1.0,0,1.0344572067260742,0.0005307331523080721,40,4050,0.021249999999999998,998,9816
6,100,0.3,0.0,harm,hybrid,0.01,random,0.1,1.0,0,1.0471285581588745,0.00044433473216489756,40,4050,0.015,998,9816
6,100,0.3,0.0,harm,hybrid,0.01,random,0.1,1.0,0,1.0597997903823853,0.0004073068378178228,40,4050,0.0125,998,9816
6,100,0.3,0.0,harm,hybrid,0.01,random,0.1,1.0,0,1.0724711418151855,0.0003826215749197729,40,4050,0.01125,998,9816
6,100,0.3,0.0,harm,hybrid,0.01,random,0.1,1.0,0,1.0851423740386963,0.000357936312021723,40,4050,0.00875,998,9816
6,100,0.3,0.0,harm,hybrid,0.01,random,0.1,1.0,0,1.0978137254714966,0.0003455936805726981,40,4050,0.0075000000000000015,998,9816
6,100,0.3,0.0,harm,hybrid,0.01,random,0.1,1.0,0,1.1104849576950073,0.0003085657862256233,40,4050,0.005,998,9816
6,100,0.3,0.0,harm,hybrid,0.01,random,0.1,1.0,0,1.1231563091278076,0.0003085657862256233,40,4050,0.005,998,9816
6,100,0.3,0.0,harm,hybrid,0.01,random,0.1,1.0,0,1.1358275413513184,0.00029622315477659836,40,4050,0.0037500000000000007,998,9816
6,100,0.3,0.0,harm,hybrid,0.01,random,0.1,1.0,0,1.148498773574829,0.00029622315477659836,40,4050,0.0037500000000000007,998,9816
6,100,0.3,0.0,harm,hybrid,0.01,random,0.1,1.0,0,1.1611701250076294,0.0002715378918785485,40,4050,0.00125,998,9816
6,100,0.3,0.0,harm,hybrid,0.01,random,0.1,1.0,0,1.1738413572311401,0.0002591952604295236,40,4050,0.00125,998,9816
6,100,0.3,0.0,harm,hybrid,0.01,random,0.1,1.0,0,1.1865127086639404,0.0002591952604295236,40,4050,0.00125,998,9816
6,100,0.3,0.0,harm,hybrid,0.01,random,0.1,1.0,0,1.1991839408874512,0.0002591952604295236,40,4050,0.00125,998,9816
6,100,0.3,0.0,harm,hybrid,0.01,random,0.1,1.0,0,1.2118552923202515,0.0002591952604295236,40,4050,0.00125,998,9816
6,100,0.3,0.0,harm,hybrid,0.01,random,0.1,1.0,0,1.2245265245437622,0.00024685262898049864,40,4050,0.0,998,9816
6,100,0.3,0.0,harm,hybrid,0.01,random,0.1,1.0,0,1.2371978759765625,0.00024685262898049864,40,4050,0.0,998,9816
6,100,0.3,0.0,harm,hybrid,0.01,random,0.1,1.0,0,1.2498691082000732,0.00024685262898049864,40,4050,0.0,998,9816
6,100,0.3,0.0,harm,hybrid,0.01,random,0.1,1.0,0,1.2625404596328735,0.00024685262898049864,40,4050,0.0,998,9816
6,100,0.3,0.0,harm,hybrid,0.01,random,0.1,1.0,0,1.2752116918563843,0.00024685262898049864,40,4050,0.0,998,9816
6,100,0.3,0.0,harm,hybrid,0.01,random,0.1,1.0,0,1.287882924079895,0.00024685262898049864,40,4050,0.0,998,9816
6,100,0.3,0.0,harm,hybrid,0.01,random,0.1,1.0,0,1.3005542755126953,0.00024685262898049864,40,4050,0.0,998,9816
7,100,0.3,0.0,harm,hybrid,0.01,random,0.1,1.0,0,0.047112464904785156,0.003357933579335794,40,4064,0.1,989,9717
7,100,0.3,0.0,harm,hybrid,0.01,random,0.1,1.0,0,0.06021270900964737,0.003357933579335794,40,4064,0.1,989,9717
7,100,0.3,0.0,harm,hybrid,0.01,random,0.1,1.0,0,0.07331295311450958,0.003357933579335794,40,4064,0.1,989,9717
7,100,0.3,0.0,harm,hybrid,0.01,random,0.1,1.0,0,0.0864131897687912,0.003357933579335794,40,4064,0.1,989,9717
7,100,0.3,0.0,harm,hybrid,0.01,random,0.1,1.0,0,0.09951344132423401,0.003357933579335794,40,4064,0.1,989,9717
7,100,0.3,0.0,harm,hybrid,0.01,random,0.1,1.0,0,0.11261367797851562,0.003357933579335794,40,4064,0.1,989,9717
7,100,0.3,0.0,harm,hybrid,0.01,random,0.1,1.0,0,0.12571391463279724,0.003357933579335794,40,4064,0.1,989,9717
7,100,0.3,0.0,harm,hybrid,0.01,random,0.1,1.0,0,0.13881416618824005,0.003357933579335794,40,4064,0.1,989,9717
7,100,0.3,0.0,harm,hybrid,0.01,random,0.1,1.0,0,0.15191441774368286,0.003357933579335794,40,4064,0.1,989,9717
7,100,0.3,0.0,harm,hybrid,0.01,random,0.1,1.0,0,0.16501465439796448,0.003357933579335794,40,4064,0.1,989,9717
7,100,0.3,0.0,harm,hybrid,0.01,random,0.1,1.0,0,0.1781148910522461,0.003357933579335794,40,4064,0.1,989,9717
7,100,0.3,0.0,harm,hybrid,0.01,random,0.1,1.0,0,0.1912151426076889,0.003357933579335794,40,4064,0.1,989,9717
7,100,0.3,0.0,harm,hybrid,0.01,random,0.1,1.0,0,0.20431537926197052,0.003357933579335794,40,4064,0.1,989,9717
7,100,0.3,0.0,harm,hybrid,0.01,random,0.1,1.0,0,0.21741563081741333,0.003357933579335794,40,4064,0.1,989,9717
7,100,0.3,0.0,harm,hybrid,0.01,random,0.1,1.0,0,0.23051586747169495,0.003357933579335794,40,4064,0.1,989,9717
7,100,0.3,0.0,harm,hybrid,0.01,random,0.1,1.0,0,0.24361611902713776,0.003357933579335794,40,4064,0.1,989,9717
7,100,0.3,0.0,harm,hybrid,0.01,random,0.1,1.0,0,0.25671637058258057,0.003357933579335794,40,4064,0.1,989,9717
7,100,0.3,0.0,harm,hybrid,0.01,random,0.1,1.0,0,0.2698165774345398,0.003357933579335794,40,4064,0.1,989,9717
7,100,0.3,0.0,harm,hybrid,0.01,random,0.1,1.0,0,0.2829168438911438,0.003357933579335794,40,4064,0.1,989,9717
7,100,0.3,0.0,harm,hybrid,0.01,random,0.1,1.0,0,0.2960170805454254,0.003357933579335794,40,4064,0.1,989,9717
7,100,0.3,0.0,harm,hybrid,0.01,random,0.1,1.0,0,0.30911731719970703,0.0033087330873308738,40,4064,0.09625,989,9717
7,100,0.3,0.0,harm,hybrid,0.01,random,0.1,1.0,0,0.32221758365631104,0.0033087330873308738,40,4064,0.09625,989,9717
7,100,0.3,0.0,harm,hybrid,0.01,random,0.1,1.0,0,0.33531782031059265,0.0033087330873308738,40,4064,0.09625,989,9717
7,100,0.3,0.0,harm,hybrid,0.01,random,0.1,1.0,0,0.34841805696487427,0.0032964329643296437,40,4064,0.095,989,9717
7,100,0.3,0.0,harm,hybrid,0.01,random,0.1,1.0,0,0.3615182936191559,0.003284132841328414,40,4064,0.09375,989,9717
7,100,0.3,0.0,harm,hybrid,0.01,random,0.1,1.0,0,0.3746185302734375,0.0032718327183271835,40,4064,0.0925,989,9717
7,100,0.3,0.0,harm,hybrid,0.01,random,0.1,1.0,0,0.3877187967300415,0.0032472324723247237,40,4064,0.0925,989,9717
7,100,0.3,0.0,harm,hybrid,0.01,random,0.1,1.0,0,0.4008190333843231,0.0032226322263222635,40,4064,0.09125000000000001,989,9717
7,100,0.3,0.0,harm,hybrid,0.01,random,0.1,1.0,0,0.41391927003860474,0.0031488314883148833,40,4064,0.08625000000000001,989,9717
7,100,0.3,0.0,harm,hybrid,0.01,random,0.1,1.0,0,0.42701950669288635,0.0031488314883148833,40,4064,0.08625000000000001,989,9717
7,100,0.3,0.0,harm,hybrid,0.01,random,0.1,1.0,0,0.44011977314949036,0.003136531365313653,40,4064,0.08625000000000001,989,9717
7,100,0.3,0.0,harm,hybrid,0.01,random,0.1,1.0,0,0.453220009803772,0.0030504305043050437,40,4064,0.08125,989,9717
7,100,0.3,0.0,harm,hybrid,0.01,random,0.1,1.0,0,0.4663202464580536,0.0030258302583025835,40,4064,0.08125,989,9717
7,100,0.3,0.0,harm,hybrid,0.01,random,0.1,1.0,0,0.4794204831123352,0.0029643296432964334,40,4064,0.08125,989,9717
7,100,0.3,0.0,harm,hybrid,0.01,random,0.1,1.0,0,0.4925207197666168,0.002878228782287823,40,4064,0.08,989,9717
7,100,0.3,0.0,harm,hybrid,0.01,random,0.1,1.0,0,0.5056209564208984,0.002829028290282903,40,4064,0.07375000000000001,989,9717
7,100,0.3,0.0,harm,hybrid,0.01,random,0.1,1.0,0,0.5187212228775024,0.0027675276752767526,40,4064,0.07125000000000001,989,9717
7,100,0.3,0.0,harm,hybrid,0.01,random,0.1,1.0,0,0.5318214893341064,0.002718327183271833,40,4064,0.06999999999999999,989,9717
7,100,0.3,0.0,harm,hybrid,0.01,random,0.1,1.0,0,0.5449216961860657,0.002644526445264453,40,4064,0.06625,989,9717
7,100,0.3,0.0,harm,hybrid,0.01,random,0.1,1.0,0,0.5580219626426697,0.0026322263222632227,40,4064,0.06625,989,9717
7,100,0.3,0.0,harm,hybrid,0.01,random,0.1,1.0,0,0.5711221694946289,0.0026199261992619926,40,4064,0.065,989,9717
7,100,0.3,0.0,harm,hybrid,0.01,random,0.1,1.0,0,0.5842224359512329,0.0025707257072570726,40,4064,0.065,989,9717
7,100,0.3,0.0,harm,hybrid,0.01,random,0.1,1.0,0,0.5973227024078369,0.0025461254612546133,40,4064,0.06375,989,9717
7,100,0.3,0.0,harm,hybrid,0.01,random,0.1,1.0,0,0.6104229092597961,0.0025338253382533827,40,4064,0.06375,989,9717
7,100,0.3,0.0,harm,hybrid,0.01,random,0.1,1.0,0,0.6235231757164001,0.0025338253382533827,40,4064,0.06375,989,9717
7,100,0.3,0.0,harm,hybrid,0.01,random,0.1,1.0,0,0.6366233825683594,0.0025338253382533827,40,4064,0.06375,989,9717
7,100,0.3,0.0,harm,hybrid,0.01,random,0.1,1.0,0,0.6497236490249634,0.0025215252152521526,40,4064,0.06375,989,9717
7,100,0.3,0.0,harm,hybrid,0.01,random,0.1,1.0,0,0.6628239154815674,0.002472324723247233,40,4064,0.0625,989,9717
7,100,0.3,0.0,harm,hybrid,0.01,random,0.1,1.0,0,0.6759241223335266,0.002447724477244773,40,4064,0.0625,989,9717
7,100,0.3,0.0,harm,hybrid,0.01,random,0.1,1.0,0,0.6890243887901306,0.0024354243542435428,40,4064,0.0625,989,9717
7,100,0.3,0.0,harm,hybrid,0.01,random,0.1,1.0,0,0.7021245956420898,0.0023985239852398524,40,4064,0.0625,989,9717
7,100,0.3,0.0,harm,hybrid,0.01,random,0.1,1.0,0,0.7152248620986938,0.0023247232472324722,40,4064,0.0625,989,9717
7,100,0.3,0.0,harm,hybrid,0.01,random,0.1,1.0,0,0.7283251285552979,0.0023001230012300125,40,4064,0.0625,989,9717
7,100,0.3,0.0,harm,hybrid,0.01,random,0.1,1.0,0,0.7414253354072571,0.0022755227552275522,40,4064,0.0625,989,9717
7,100,0.3,0.0,harm,hybrid,0.01,random,0.1,1.0,0,0.7545256018638611,0.0022509225092250925,40,4064,0.0625,989,9717
7,100,0.3,0.0,harm,hybrid,0.01,random,0.1,1.0,0,0.7676258683204651,0.002214022140221402,40,4064,0.0625,989,9717
7,100,0.3,0.0,harm,hybrid,0.01,random,0.1,1.0,0,0.7807260751724243,0.0021894218942189424,40,4064,0.0625,989,9717
7,100,0.3,0.0,harm,hybrid,0.01,random,0.1,1.0,0,0.7938263416290283,0.002152521525215252,40,4064,0.0625,989,9717
7,100,0.3,0.0,harm,hybrid,0.01,random,0.1,1.0,0,0.8069265484809875,0.0020787207872078723,40,4064,0.0625,989,9717
7,100,0.3,0.0,harm,hybrid,0.01,random,0.1,1.0,0,0.8200268149375916,0.0019680196801968018,40,4064,0.0625,989,9717
7,100,0.3,0.0,harm,hybrid,0.01,random,0.1,1.0,0,0.8331270813941956,0.0018942189421894218,40,4064,0.0625,989,9717
7,100,0.3,0.0,harm,hybrid,0.01,random,0.1,1.0,0,0.8462272882461548,0.0018450184501845018,40,4064,0.0625,989,9717
7,100,0.3,0.0,harm,hybrid,0.01,random,0.1,1.0,0,0.8593275547027588,0.0017835178351783517,40,4064,0.0625,989,9717
7,100,0.3,0.0,harm,hybrid,0.01,random,0.1,1.0,0,0.872427761554718,0.0017589175891758917,40,4064,0.0625,989,9717
7,100,0.3,0.0,harm,hybrid,0.01,random,0.1,1.0,0,0.885528028011322,0.0016728167281672816,40,4064,0.0625,989,9717
7,100,0.3,0.0,harm,hybrid,0.01,random,0.1,1.0,0,0.898628294467926,0.0015744157441574414,40,4064,0.0625,989,9717
7,100,0.3,0.0,harm,hybrid,0.01,random,0.1,1.0,0,0.9117285013198853,0.0015252152521525214,40,4064,0.0625,989,9717
7,100,0.3,0.0,harm,hybrid,0.01,random,0.1,1.0,0,0.9248287677764893,0.0014022140221402212,40,4064,0.0625,989,9717
7,100,0.3,0.0,harm,hybrid,0.01,random,0.1,1.0,0,0.9379289746284485,0.0013407134071340714,40,4064,0.061250000000000006,989,9717
7,100,0.3,0.0,harm,hybrid,0.01,random,0.1,1.0,0,0.9510292410850525,0.001230012300123001,40,4064,0.058750000000000004,989,9717
7,100,0.3,0.0,harm,hybrid,0.01,random,0.1,1.0,0,0.9641295075416565,0.0011808118081180813,40,4064,0.058750000000000004,989,9717
7,100,0.3,0.0,harm,hybrid,0.01,random,0.1,1.0,0,0.9772297143936157,0.001020910209102091,40,4064,0.052500000000000005,989,9717
7,100,0.3,0.0,harm,hybrid,0.01,random,0.1,1.0,0,0.9903299808502197,0.0009102091020910209,40,4064,0.04625,989,9717
7,100,0.3,0.0,harm,hybrid,0.01,random,0.1,1.0,0,1.0034301280975342,0.0007380073800738007,40,4064,0.034999999999999996,989,9717
7,100,0.3,0.0,harm,hybrid,0.01,random,0.1,1.0,0,1.0165305137634277,0.0006519065190651906,40,4064,0.028750000000000005,989,9717
7,100,0.3,0.0,harm,hybrid,0.01,random,0.1,1.0,0,1.0296306610107422,0.00047970479704797044,40,4064,0.01625,989,9717
7,100,0.3,0.0,harm,hybrid,0.01,random,0.1,1.0,0,1.0427309274673462,0.0003936039360393604,40,4064,0.01125,989,9717
7,100,0.3,0.0,harm,hybrid,0.01,random,0.1,1.0,0,1.0558311939239502,0.00034440344403444036,40,4064,0.0075000000000000015,989,9717
7,100,0.3,0.0,harm,hybrid,0.01,random,0.1,1.0,0,1.0689314603805542,0.00028290282902829027,40,4064,0.0025,989,9717
7,100,0.3,0.0,harm,hybrid,0.01,random,0.1,1.0,0,1.0820317268371582,0.0002583025830258302,40,4064,0.00125,989,9717
7,100,0.3,0.0,harm,hybrid,0.01,random,0.1,1.0,0,1.0951318740844727,0.0002583025830258302,40,4064,0.00125,989,9717
7,100,0.3,0.0,harm,hybrid,0.01,random,0.1,1.0,0,1.1082321405410767,0.0002583025830258302,40,4064,0.00125,989,9717
7,100,0.3,0.0,harm,hybrid,0.01,random,0.1,1.0,0,1.1213324069976807,0.0002583025830258302,40,4064,0.00125,989,9717
7,100,0.3,0.0,harm,hybrid,0.01,random,0.1,1.0,0,1.1344326734542847,0.0002583025830258302,40,4064,0.00125,989,9717
7,100,0.3,0.0,harm,hybrid,0.01,random,0.1,1.0,0,1.1475329399108887,0.0002460024600246002,40,4064,0.0,989,9717
7,100,0.3,0.0,harm,hybrid,0.01,random,0.1,1.0,0,1.1606330871582031,0.0002460024600246002,40,4064,0.0,989,9717
7,100,0.3,0.0,harm,hybrid,0.01,random,0.1,1.0,0,1.1737333536148071,0.0002460024600246002,40,4064,0.0,989,9717
7,100,0.3,0.0,harm,hybrid,0.01,random,0.1,1.0,0,1.1868336200714111,0.0002460024600246002,40,4064,0.0,989,9717
7,100,0.3,0.0,harm,hybrid,0.01,random,0.1,1.0,0,1.1999338865280151,0.0002460024600246002,40,4064,0.0,989,9717
7,100,0.3,0.0,harm,hybrid,0.01,random,0.1,1.0,0,1.2130341529846191,0.0002460024600246002,40,4064,0.0,989,9717
7,100,0.3,0.0,harm,hybrid,0.01,random,0.1,1.0,0,1.2261343002319336,0.0002460024600246002,40,4064,0.0,989,9717
7,100,0.3,0.0,harm,hybrid,0.01,random,0.1,1.0,0,1.2392345666885376,0.0002460024600246002,40,4064,0.0,989,9717
7,100,0.3,0.0,harm,hybrid,0.01,random,0.1,1.0,0,1.2523348331451416,0.0002460024600246002,40,4064,0.0,989,9717
7,100,0.3,0.0,harm,hybrid,0.01,random,0.1,1.0,0,1.2654350996017456,0.0002460024600246002,40,4064,0.0,989,9717
7,100,0.3,0.0,harm,hybrid,0.01,random,0.1,1.0,0,1.2785353660583496,0.0002460024600246002,40,4064,0.0,989,9717
7,100,0.3,0.0,harm,hybrid,0.01,random,0.1,1.0,0,1.291635513305664,0.0002460024600246002,40,4064,0.0,989,9717
7,100,0.3,0.0,harm,hybrid,0.01,random,0.1,1.0,0,1.304735779762268,0.0002460024600246002,40,4064,0.0,989,9717
7,100,0.3,0.0,harm,hybrid,0.01,random,0.1,1.0,0,1.317836046218872,0.0002460024600246002,40,4064,0.0,989,9717
7,100,0.3,0.0,harm,hybrid,0.01,random,0.1,1.0,0,1.330936312675476,0.0002460024600246002,40,4064,0.0,989,9717
7,100,0.3,0.0,harm,hybrid,0.01,random,0.1,1.0,0,1.34403657913208,0.0002460024600246002,40,4064,0.0,989,9717
8,100,0.3,0.0,harm,hybrid,0.01,random,0.1,1.0,0,0.07922777533531189,0.0030903718295986213,40,4060,0.0875,1032,10149
8,100,0.3,0.0,harm,hybrid,0.01,random,0.1,1.0,0,0.0916549414396286,0.0030903718295986213,40,4060,0.0875,1032,10149
8,100,0.3,0.0,harm,hybrid,0.01,random,0.1,1.0,0,0.10408211499452591,0.0030903718295986213,40,4060,0.0875,1032,10149
8,100,0.3,0.0,harm,hybrid,0.01,random,0.1,1.0,0,0.11650928109884262,0.0030903718295986213,40,4060,0.0875,1032,10149
8,100,0.3,0.0,harm,hybrid,0.01,random,0.1,1.0,0,0.12893645465373993,0.0030903718295986213,40,4060,0.0875,1032,10149
8,100,0.3,0.0,harm,hybrid,0.01,random,0.1,1.0,0,0.14136362075805664,0.0030903718295986213,40,4060,0.0875,1032,10149
8,100,0.3,0.0,harm,hybrid,0.01,random,0.1,1.0,0,0.15379078686237335,0.0030903718295986213,40,4060,0.0875,1032,10149
8,100,0.3,0.0,harm,hybrid,0.01,random,0.1,1.0,0,0.16621795296669006,0.0030780595912336863,40,4060,0.08625000000000001,1032,10149
8,100,0.3,0.0,harm,hybrid,0.01,random,0.1,1.0,0,0.17864513397216797,0.0030780595912336863,40,4060,0.08625000000000001,1032,10149
8,100,0.3,0.0,harm,hybrid,0.01,random,0.1,1.0,0,0.1910722851753235,0.0030780595912336863,40,4060,0.08625000000000001,1032,10149
8,100,0.3,0.0,harm,hybrid,0.01,random,0.1,1.0,0,0.2034994661808014,0.0030780595912336863,40,4060,0.08625000000000001,1032,10149
8,100,0.3,0.0,harm,hybrid,0.01,random,0.1,1.0,0,0.2159266322851181,0.0030780595912336863,40,4060,0.08625000000000001,1032,10149
8,100,0.3,0.0,harm,hybrid,0.01,random,0.1,1.0,0,0.22835379838943481,0.0030780595912336863,40,4060,0.08625000000000001,1032,10149
8,100,0.3,0.0,harm,hybrid,0.01,random,0.1,1.0,0,0.24078096449375153,0.0030780595912336863,40,4060,0.08625000000000001,1032,10149
8,100,0.3,0.0,harm,hybrid,0.01,random,0.1,1.0,0,0.2532081604003906,0.0030780595912336863,40,4060,0.08625000000000001,1032,10149
8,100,0.3,0.0,harm,hybrid,0.01,random,0.1,1.0,0,0.26563531160354614,0.0030780595912336863,40,4060,0.08625000000000001,1032,10149
8,100,0.3,0.0,harm,hybrid,0.01,random,0.1,1.0,0,0.27806246280670166,0.0030780595912336863,40,4060,0.08625000000000001,1032,10149
8,100,0.3,0.0,harm,hybrid,0.01,random,0.1,1.0,0,0.29048964381217957,0.0030657473528687513,40,4060,0.08499999999999999,1032,10149
8,100,0.3,0.0,harm,hybrid,0.01,random,0.1,1.0,0,0.30291682481765747,0.003053435114503817,40,4060,0.08499999999999999,1032,10149
8,100,0.3,0.0,harm,hybrid,0.01,random,0.1,1.0,0,0.315343976020813,0.003053435114503817,40,4060,0.08374999999999999,1032,10149
8,100,0.3,0.0,harm,hybrid,0.01,random,0.1,1.0,0,0.3277711570262909,0.003041122876138882,40,4060,0.08375,1032,10149
8,100,0.3,0.0,harm,hybrid,0.01,random,0.1,1.0,0,0.3401983082294464,0.003053435114503817,40,4060,0.08375,1032,10149
8,100,0.3,0.0,harm,hybrid,0.01,random,0.1,1.0,0,0.3526254892349243,0.003028810637773947,40,4060,0.08249999999999999,1032,10149
8,100,0.3,0.0,harm,hybrid,0.01,random,0.1,1.0,0,0.3650526702404022,0.003004186161044078,40,4060,0.08249999999999999,1032,10149
8,100,0.3,0.0,harm,hybrid,0.01,random,0.1,1.0,0,0.37747982144355774,0.002979561684314209,40,4060,0.08125,1032,10149
8,100,0.3,0.0,harm,hybrid,0.01,random,0.1,1.0,0,0.38990700244903564,0.002979561684314209,40,4060,0.08125,1032,10149
8,100,0.3,0.0,harm,hybrid,0.01,random,0.1,1.0,0,0.40233415365219116,0.002979561684314209,40,4060,0.08,1032,10149
8,100,0.3,0.0,harm,hybrid,0.01,random,0.1,1.0,0,0.41476133465766907,0.002942624969219405,40,4060,0.0775,1032,10149
8,100,0.3,0.0,harm,hybrid,0.01,random,0.1,1.0,0,0.427188515663147,0.0028810637773947307,40,4060,0.07375000000000001,1032,10149
8,100,0.3,0.0,harm,hybrid,0.01,random,0.1,1.0,0,0.4396156668663025,0.0028318148239349916,40,4060,0.0725,1032,10149
8,100,0.3,0.0,harm,hybrid,0.01,random,0.1,1.0,0,0.4520428478717804,0.0028071903472051225,40,4060,0.07,1032,10149
8,100,0.3,0.0,harm,hybrid,0.01,random,0.1,1.0,0,0.4644699990749359,0.0027948781088401875,40,4060,0.06875,1032,10149
8,100,0.3,0.0,harm,hybrid,0.01,random,0.1,1.0,0,0.4768971800804138,0.0027456291553804484,40,4060,0.0675,1032,10149
8,100,0.3,0.0,harm,hybrid,0.01,random,0.1,1.0,0,0.4893243610858917,0.0026963802019207084,40,4060,0.06,1032,10149
8,100,0.3,0.0,harm,hybrid,0.01,random,0.1,1.0,0,0.5017515420913696,0.0026840679635557734,40,4060,0.05874999999999999,1032,10149
8,100,0.3,0.0,harm,hybrid,0.01,random,0.1,1.0,0,0.5141786932945251,0.002622506771731101,40,4060,0.05500000000000001,1032,10149
8,100,0.3,0.0,harm,hybrid,0.01,random,0.1,1.0,0,0.5266058444976807,0.002610194533366166,40,4060,0.05500000000000001,1032,10149
8,100,0.3,0.0,harm,hybrid,0.01,random,0.1,1.0,0,0.539033055305481,0.002597882295001232,40,4060,0.05500000000000001,1032,10149
8,100,0.3,0.0,harm,hybrid,0.01,random,0.1,1.0,0,0.5514602065086365,0.002597882295001232,40,4060,0.05500000000000001,1032,10149
8,100,0.3,0.0,harm,hybrid,0.01,random,0.1,1.0,0,0.563887357711792,0.002573257818271361,40,4060,0.05500000000000001,1032,10149
8,100,0.3,0.0,harm,hybrid,0.01,random,0.1,1.0,0,0.5763145685195923,0.002511696626446688,40,4060,0.053750000000000006,1032,10149
8,100,0.3,0.0,harm,hybrid,0.01,random,0.1,1.0,0,0.588741660118103,0.002499384388081753,40,4060,0.052500000000000005,1032,10149
8,100,0.3,0.0,harm,hybrid,0.01,random,0.1,1.0,0,0.6011688709259033,0.0024870721497168187,40,4060,0.052500000000000005,1032,10149
8,100,0.3,0.0,harm,hybrid,0.01,random,0.1,1.0,0,0.6135960817337036,0.0024378231962570787,40,4060,0.052500000000000005,1032,10149
8,100,0.3,0.0,harm,hybrid,0.01,random,0.1,1.0,0,0.6260231733322144,0.0024255109578921455,40,4060,0.052500000000000005,1032,10149
8,100,0.3,0.0,harm,hybrid,0.01,random,0.1,1.0,0,0.6384503841400146,0.0024255109578921455,40,4060,0.052500000000000005,1032,10149
8,100,0.3,0.0,harm,hybrid,0.01,random,0.1,1.0,0,0.6508775949478149,0.0023762620044324063,40,4060,0.052500000000000005,1032,10149
8,100,0.3,0.0,harm,hybrid,0.01,random,0.1,1.0,0,0.6633046865463257,0.0023393252893376014,40,4060,0.052500000000000005,1032,10149
8,100,0.3,0.0,harm,hybrid,0.01,random,0.1,1.0,0,0.675731897354126,0.0023147008126077322,40,4060,0.052500000000000005,1032,10149
8,100,0.3,0.0,harm,hybrid,0.01,random,0.1,1.0,0,0.6881591081619263,0.002265451859147993,40,4060,0.052500000000000005,1032,10149
8,100,0.3,0.0,harm,hybrid,0.01,random,0.1,1.0,0,0.700586199760437,0.002240827382418123,40,4060,0.052500000000000005,1032,10149
8,100,0.3,0.0,harm,hybrid,0.01,random,0.1,1.0,0,0.7130134105682373,0.002191578428958385,40,4060,0.052500000000000005,1032,10149
8,100,0.3,0.0,harm,hybrid,0.01,random,0.1,1.0,0,0.725440502166748,0.0021423294754986458,40,4060,0.052500000000000005,1032,10149
8,100,0.3,0.0,harm,hybrid,0.01,random,0.1,1.0,0,0.7378677129745483,0.0021300172371337108,40,4060,0.052500000000000005,1032,10149
8,100,0.3,0.0,harm,hybrid,0.01,random,0.1,1.0,0,0.7502949237823486,0.002117704998768776,40,4060,0.052500000000000005,1032,10149
8,100,0.3,0.0,harm,hybrid,0.01,random,0.1,1.0,0,0.7627220153808594,0.0020561438069441025,40,4060,0.052500000000000005,1032,10149
8,100,0.3,0.0,harm,hybrid,0.01,random,0.1,1.0,0,0.7751492261886597,0.0020068948534843634,40,4060,0.052500000000000005,1032,10149
8,100,0.3,0.0,harm,hybrid,0.01,random,0.1,1.0,0,0.78757643699646,0.0019945826151194284,40,4060,0.052500000000000005,1032,10149
8,100,0.3,0.0,harm,hybrid,0.01,random,0.1,1.0,0,0.8000035285949707,0.0019576459000246243,40,4060,0.052500000000000005,1032,10149
8,100,0.3,0.0,harm,hybrid,0.01,random,0.1,1.0,0,0.812430739402771,0.0018591479931051465,40,4060,0.052500000000000005,1032,10149
8,100,0.3,0.0,harm,hybrid,0.01,random,0.1,1.0,0,0.8248579502105713,0.0017483378478207337,40,4060,0.052500000000000005,1032,10149
8,100,0.3,0.0,harm,hybrid,0.01,random,0.1,1.0,0,0.837285041809082,0.001649839940901256,40,4060,0.052500000000000005,1032,10149
8,100,0.3,0.0,harm,hybrid,0.01,random,0.1,1.0,0,0.8497122526168823,0.0016129032258064516,40,4060,0.052500000000000005,1032,10149
8,100,0.3,0.0,harm,hybrid,0.01,random,0.1,1.0,0,0.8621394634246826,0.0015882787490765823,40,4060,0.052500000000000005,1032,10149
8,100,0.3,0.0,harm,hybrid,0.01,random,0.1,1.0,0,0.8745665550231934,0.0015267175572519082,40,4060,0.052500000000000005,1032,10149
8,100,0.3,0.0,harm,hybrid,0.01,random,0.1,1.0,0,0.8869937658309937,0.0014528441270623,40,4060,0.052500000000000005,1032,10149
8,100,0.3,0.0,harm,hybrid,0.01,random,0.1,1.0,0,0.899420976638794,0.0014159074119674958,40,4060,0.052500000000000005,1032,10149
8,100,0.3,0.0,harm,hybrid,0.01,random,0.1,1.0,0,0.9118480682373047,0.0013174095050480176,40,4060,0.052500000000000005,1032,10149
8,100,0.3,0.0,harm,hybrid,0.01,random,0.1,1.0,0,0.924275279045105,0.0012312238364934744,40,4060,0.052500000000000005,1032,10149
8,100,0.3,0.0,harm,hybrid,0.01,random,0.1,1.0,0,0.9367023706436157,0.0011450381679389316,40,4060,0.052500000000000005,1032,10149
8,100,0.3,0.0,harm,hybrid,0.01,random,0.1,1.0,0,0.949129581451416,0.0010588524993843881,40,4060,0.0475,1032,10149
8,100,0.3,0.0,harm,hybrid,0.01,random,0.1,1.0,0,0.9615567922592163,0.0009234178773701059,40,4060,0.04125,1032,10149
8,100,0.3,0.0,harm,hybrid,0.01,random,0.1,1.0,0,0.973983883857727,0.0008126077320856931,40,4060,0.035,1032,10149
8,100,0.3,0.0,harm,hybrid,0.01,random,0.1,1.0,0,0.9864110946655273,0.000677173110071411,40,4060,0.0325,1032,10149
8,100,0.3,0.0,harm,hybrid,0.01,random,0.1,1.0,0,0.9988383054733276,0.0006279241566116721,40,4060,0.028750000000000005,1032,10149
8,100,0.3,0.0,harm,hybrid,0.01,random,0.1,1.0,0,1.0112653970718384,0.0005417384880571288,40,4060,0.02125,1032,10149
8,100,0.3,0.0,harm,hybrid,0.01,random,0.1,1.0,0,1.0236926078796387,0.0004555528195025856,40,4060,0.01625,1032,10149
8,100,0.3,0.0,harm,hybrid,0.01,random,0.1,1.0,0,1.036119818687439,0.0004186161044077814,40,4060,0.013750000000000002,1032,10149
8,100,0.3,0.0,harm,hybrid,0.01,random,0.1,1.0,0,1.0485469102859497,0.00034474267421817287,40,4060,0.008749999999999999,1032,10149
8,100,0.3,0.0,harm,hybrid,0.01,random,0.1,1.0,0,1.06097412109375,0.00034474267421817287,40,4060,0.008749999999999999,1032,10149
8,100,0.3,0.0,harm,hybrid,0.01,random,0.1,1.0,0,1.0734013319015503,0.00030780595912336864,40,4060,0.00625,1032,10149
8,100,0.3,0.0,harm,hybrid,0.01,random,0.1,1.0,0,1.0858285427093506,0.0002954937207584339,40,4060,0.005,1032,10149
8,100,0.3,0.0,harm,hybrid,0.01,random,0.1,1.0,0,1.0982556343078613,0.0002708692440285644,40,4060,0.0025,1032,10149
8,100,0.3,0.0,harm,hybrid,0.01,random,0.1,1.0,0,1.1106828451156616,0.0002708692440285644,40,4060,0.0025,1032,10149
8,100,0.3,0.0,harm,hybrid,0.01,random,0.1,1.0,0,1.1231099367141724,0.00025855700566362964,40,4060,0.00125,1032,10149
8,100,0.3,0.0,harm,hybrid,0.01,random,0.1,1.0,0,1.1355371475219727,0.00025855700566362964,40,4060,0.00125,1032,10149
8,100,0.3,0.0,harm,hybrid,0.01,random,0.1,1.0,0,1.147964358329773,0.00025855700566362964,40,4060,0.00125,1032,10149
8,100,0.3,0.0,harm,hybrid,0.01,random,0.1,1.0,0,1.1603914499282837,0.00025855700566362964,40,4060,0.00125,1032,10149
8,100,0.3,0.0,harm,hybrid,0.01,random,0.1,1.0,0,1.172818660736084,0.00025855700566362964,40,4060,0.00125,1032,10149
8,100,0.3,0.0,harm,hybrid,0.01,random,0.1,1.0,0,1.1852458715438843,0.0002462447672986949,40,4060,0.0,1032,10149
8,100,0.3,0.0,harm,hybrid,0.01,random,0.1,1.0,0,1.197672963142395,0.0002462447672986949,40,4060,0.0,1032,10149
8,100,0.3,0.0,harm,hybrid,0.01,random,0.1,1.0,0,1.2101001739501953,0.0002462447672986949,40,4060,0.0,1032,10149
8,100,0.3,0.0,harm,hybrid,0.01,random,0.1,1.0,0,1.2225273847579956,0.0002462447672986949,40,4060,0.0,1032,10149
8,100,0.3,0.0,harm,hybrid,0.01,random,0.1,1.0,0,1.2349544763565063,0.0002462447672986949,40,4060,0.0,1032,10149
8,100,0.3,0.0,harm,hybrid,0.01,random,0.1,1.0,0,1.2473816871643066,0.0002462447672986949,40,4060,0.0,1032,10149
8,100,0.3,0.0,harm,hybrid,0.01,random,0.1,1.0,0,1.259808897972107,0.0002462447672986949,40,4060,0.0,1032,10149
8,100,0.3,0.0,harm,hybrid,0.01,random,0.1,1.0,0,1.2722359895706177,0.0002462447672986949,40,4060,0.0,1032,10149
8,100,0.3,0.0,harm,hybrid,0.01,random,0.1,1.0,0,1.284663200378418,0.0002462447672986949,40,4060,0.0,1032,10149
8,100,0.3,0.0,harm,hybrid,0.01,random,0.1,1.0,0,1.2970904111862183,0.0002462447672986949,40,4060,0.0,1032,10149
8,100,0.3,0.0,harm,hybrid,0.01,random,0.1,1.0,0,1.309517502784729,0.0002462447672986949,40,4060,0.0,1032,10149
9,100,0.3,0.0,harm,hybrid,0.01,random,0.1,1.0,0,0.0,0.00331858407079646,40,4067,0.09375,1004,9861
9,100,0.3,0.0,harm,hybrid,0.01,random,0.1,1.0,0,0.013008207082748413,0.00331858407079646,40,4067,0.09375,1004,9861
9,100,0.3,0.0,harm,hybrid,0.01,random,0.1,1.0,0,0.026016414165496826,0.00331858407079646,40,4067,0.09375,1004,9861
9,100,0.3,0.0,harm,hybrid,0.01,random,0.1,1.0,0,0.03902462124824524,0.00331858407079646,40,4067,0.09375,1004,9861
9,100,0.3,0.0,harm,hybrid,0.01,random,0.1,1.0,0,0.05203282833099365,0.00331858407079646,40,4067,0.09375,1004,9861
9,100,0.3,0.0,harm,hybrid,0.01,random,0.1,1.0,0,0.06504103541374207,0.00331858407079646,40,4067,0.09375,1004,9861
9,100,0.3,0.0,harm,hybrid,0.01,random,0.1,1.0,0,0.07804924249649048,0.00331858407079646,40,4067,0.09375,1004,9861
9,100,0.3,0.0,harm,hybrid,0.01,random,0.1,1.0,0,0.09105744957923889,0.00331858407079646,40,4067,0.09375,1004,9861
9,100,0.3,0.0,harm,hybrid,0.01,random,0.1,1.0,0,0.1040656566619873,0.00331858407079646,40,4067,0.09375,1004,9861
9,100,0.3,0.0,harm,hybrid,0.01,random,0.1,1.0,0,0.11707386374473572,0.00331858407079646,40,4067,0.09375,1004,9861
9,100,0.3,0.0,harm,hybrid,0.01,random,0.1,1.0,0,0.13008207082748413,0.00331858407079646,40,4067,0.09375,1004,9861
9,100,0.3,0.0,harm,hybrid,0.01,random,0.1,1.0,0,0.14309027791023254,0.00331858407079646,40,4067,0.09375,1004,9861
9,100,0.3,0.0,harm,hybrid,0.01,random,0.1,1.0,0,0.15609848499298096,0.00331858407079646,40,4067,0.09375,1004,9861
9,100,0.3,0.0,harm,hybrid,0.01,random,0.1,1.0,0,0.16910669207572937,0.00331858407079646,40,4067,0.09375,1004,9861
9,100,0.3,0.0,harm,hybrid,0.01,random,0.1,1.0,0,0.18211489915847778,0.00331858407079646,40,4067,0.09375,1004,9861
9,100,0.3,0.0,harm,hybrid,0.01,random,0.1,1.0,0,0.1951231062412262,0.00331858407079646,40,4067,0.09375,1004,9861
9,100,0.3,0.0,harm,hybrid,0.01,random,0.1,1.0,0,0.2081313133239746,0.00331858407079646,40,4067,0.09375,1004,9861
9,100,0.3,0.0,harm,hybrid,0.01,random,0.1,1.0,0,0.22113952040672302,0.00331858407079646,40,4067,0.09375,1004,9861
9,100,0.3,0.0,harm,hybrid,0.01,random,0.1,1.0,0,0.23414772748947144,0.00331858407079646,40,4067,0.09375,1004,9861
9,100,0.3,0.0,harm,hybrid,0.01,random,0.1,1.0,0,0.24715593457221985,0.0033062930186823995,40,4067,0.0925,1004,9861
9,100,0.3,0.0,harm,hybrid,0.01,random,0.1,1.0,0,0.26016414165496826,0.0033062930186823995,40,4067,0.0925,1004,9861
9,100,0.3,0.0,harm,hybrid,0.01,random,0.1,1.0,0,0.2731723487377167,0.0032940019665683383,40,4067,0.09125,1004,9861
9,100,0.3,0.0,harm,hybrid,0.01,random,0.1,1.0,0,0.2861805558204651,0.0032940019665683383,40,4067,0.09125,1004,9861
9,100,0.3,0.0,harm,hybrid,0.01,random,0.1,1.0,0,0.2991887629032135,0.0032940019665683383,40,4067,0.09125,1004,9861
9,100,0.3,0.0,harm,hybrid,0.01,random,0.1,1.0,0,0.3121969699859619,0.003269419862340216,40,4067,0.09,1004,9861
9,100,0.3,0.0,harm,hybrid,0.01,random,0.1,1.0,0,0.3252051770687103,0.0032571288102261555,40,4067,0.08875,1004,9861
9,100,0.3,0.0,harm,hybrid,0.01,random,0.1,1.0,0,0.33821338415145874,0.0032571288102261555,40,4067,0.08875,1004,9861
9,100,0.3,0.0,harm,hybrid,0.01,random,0.1,1.0,0,0.35122159123420715,0.003244837758112095,40,4067,0.0875,1004,9861
9,100,0.3,0.0,harm,hybrid,0.01,random,0.1,1.0,0,0.36422979831695557,0.0032202556538839726,40,4067,0.08499999999999999,1004,9861
9,100,0.3,0.0,harm,hybrid,0.01,random,0.1,1.0,0,0.377238005399704,0.0032202556538839726,40,4067,0.08499999999999999,1004,9861
9,100,0.3,0.0,harm,hybrid,0.01,random,0.1,1.0,0,0.3902462124824524,0.0031833824975417892,40,4067,0.08125,1004,9861
9,100,0.3,0.0,harm,hybrid,0.01,random,0.1,1.0,0,0.4032544195652008,0.0031342182890855452,40,4067,0.08125,1004,9861
9,100,0.3,0.0,harm,hybrid,0.01,random,0.1,1.0,0,0.4162626266479492,0.0031096361848574235,40,4067,0.07875,1004,9861
9,100,0.3,0.0,harm,hybrid,0.01,random,0.1,1.0,0,0.42927083373069763,0.003109636184857424,40,4067,0.08,1004,9861
9,100,0.3,0.0,harm,hybrid,0.01,random,0.1,1.0,0,0.44227904081344604,0.003048180924287119,40,4067,0.07625,1004,9861
9,100,0.3,0.0,harm,hybrid,0.01,random,0.1,1.0,0,0.45528724789619446,0.002986725663716814,40,4067,0.075,1004,9861
9,100,0.3,0.0,harm,hybrid,0.01,random,0.1,1.0,0,0.46829545497894287,0.0029498525073746312,40,4067,0.0725,1004,9861
9,100,0.3,0.0,harm,hybrid,0.01,random,0.1,1.0,0,0.4813036620616913,0.002925270403146509,40,4067,0.07125,1004,9861
9,100,0.3,0.0,harm,hybrid,0.01,random,0.1,1.0,0,0.4943118691444397,0.0028638151425762043,40,4067,0.06999999999999999,1004,9861
9,100,0.3,0.0,harm,hybrid,0.01,random,0.1,1.0,0,0.5073200464248657,0.0028146509341199603,40,4067,0.06875,1004,9861
9,100,0.3,0.0,harm,hybrid,0.01,random,0.1,1.0,0,0.5203282833099365,0.0027654867256637163,40,4067,0.06625,1004,9861
9,100,0.3,0.0,harm,hybrid,0.01,random,0.1,1.0,0,0.5333365201950073,0.0027040314650934117,40,4067,0.06124999999999999,1004,9861
9,100,0.3,0.0,harm,hybrid,0.01,random,0.1,1.0,0,0.5463446974754333,0.0026671583087512296,40,4067,0.057499999999999996,1004,9861
9,100,0.3,0.0,harm,hybrid,0.01,random,0.1,1.0,0,0.5593528747558594,0.0026057030481809245,40,4067,0.057499999999999996,1004,9861
9,100,0.3,0.0,harm,hybrid,0.01,random,0.1,1.0,0,0.5723611116409302,0.0025934119960668634,40,4067,0.05625,1004,9861
9,100,0.3,0.0,harm,hybrid,0.01,random,0.1,1.0,0,0.585369348526001,0.0025688298918387416,40,4067,0.05625,1004,9861
9,100,0.3,0.0,harm,hybrid,0.01,random,0.1,1.0,0,0.598377525806427,0.00255653883972468,40,4067,0.05625,1004,9861
9,100,0.3,0.0,harm,hybrid,0.01,random,0.1,1.0,0,0.611385703086853,0.00255653883972468,40,4067,0.05625,1004,9861
9,100,0.3,0.0,harm,hybrid,0.01,random,0.1,1.0,0,0.6243939399719238,0.0025442477876106194,40,4067,0.05625,1004,9861
9,100,0.3,0.0,harm,hybrid,0.01,random,0.1,1.0,0,0.6374021768569946,0.0025196656833824977,40,4067,0.05625,1004,9861
9,100,0.3,0.0,harm,hybrid,0.01,random,0.1,1.0,0,0.6504103541374207,0.002507374631268436,40,4067,0.05625,1004,9861
9,100,0.3,0.0,harm,hybrid,0.01,random,0.1,1.0,0,0.6634185314178467,0.0024582104228121925,40,4067,0.05625,1004,9861
9,100,0.3,0.0,harm,hybrid,0.01,random,0.1,1.0,0,0.6764267683029175,0.0023721730580137657,40,4067,0.05625,1004,9861
9,100,0.3,0.0,harm,hybrid,0.01,random,0.1,1.0,0,0.6894350051879883,0.002347590953785644,40,4067,0.05625,1004,9861
9,100,0.3,0.0,harm,hybrid,0.01,random,0.1,1.0,0,0.7024431824684143,0.0023352999016715828,40,4067,0.05625,1004,9861
9,100,0.3,0.0,harm,hybrid,0.01,random,0.1,1.0,0,0.7154513597488403,0.0023107177974434614,40,4067,0.05625,1004,9861
9,100,0.3,0.0,harm,hybrid,0.01,random,0.1,1.0,0,0.7284595966339111,0.002273844641101278,40,4067,0.05625,1004,9861
9,100,0.3,0.0,harm,hybrid,0.01,random,0.1,1.0,0,0.7414678335189819,0.0022123893805309734,40,4067,0.05625,1004,9861
9,100,0.3,0.0,harm,hybrid,0.01,random,0.1,1.0,0,0.754476010799408,0.0022123893805309734,40,4067,0.05625,1004,9861
9,100,0.3,0.0,harm,hybrid,0.01,random,0.1,1.0,0,0.767484188079834,0.0021386430678466076,40,4067,0.05625,1004,9861
9,100,0.3,0.0,harm,hybrid,0.01,random,0.1,1.0,0,0.7804924249649048,0.002114060963618486,40,4067,0.05625,1004,9861
9,100,0.3,0.0,harm,hybrid,0.01,random,0.1,1.0,0,0.7935006618499756,0.002077187807276303,40,4067,0.05625,1004,9861
9,100,0.3,0.0,harm,hybrid,0.01,random,0.1,1.0,0,0.8065088391304016,0.002003441494591937,40,4067,0.05625,1004,9861
9,100,0.3,0.0,harm,hybrid,0.01,random,0.1,1.0,0,0.8195170164108276,0.001954277286135693,40,4067,0.05625,1004,9861
9,100,0.3,0.0,harm,hybrid,0.01,random,0.1,1.0,0,0.8325252532958984,0.0018928220255653887,40,4067,0.05625,1004,9861
9,100,0.3,0.0,harm,hybrid,0.01,random,0.1,1.0,0,0.8455334901809692,0.0018067846607669618,40,4067,0.05625,1004,9861
9,100,0.3,0.0,harm,hybrid,0.01,random,0.1,1.0,0,0.8585416674613953,0.001733038348082596,40,4067,0.05625,1004,9861
9,100,0.3,0.0,harm,hybrid,0.01,random,0.1,1.0,0,0.8715498447418213,0.0016715830875122914,40,4067,0.05625,1004,9861
9,100,0.3,0.0,harm,hybrid,0.01,random,0.1,1.0,0,0.8845580816268921,0.0015732546705998036,40,4067,0.05625,1004,9861
9,100,0.3,0.0,harm,hybrid,0.01,random,0.1,1.0,0,0.8975663185119629,0.001487217305801377,40,4067,0.05625,1004,9861
9,100,0.3,0.0,harm,hybrid,0.01,random,0.1,1.0,0,0.9105744957923889,0.001376597836774828,40,4067,0.05625,1004,9861
9,100,0.3,0.0,harm,hybrid,0.01,random,0.1,1.0,0,0.9235826730728149,0.0013274336283185843,40,4067,0.05625,1004,9861
9,100,0.3,0.0,harm,hybrid,0.01,random,0.1,1.0,0,0.9365909099578857,0.0012659783677482794,40,4067,0.05625,1004,9861
9,100,0.3,0.0,harm,hybrid,0.01,random,0.1,1.0,0,0.9495991468429565,0.0011799410029498527,40,4067,0.052500000000000005,1004,9861
9,100,0.3,0.0,harm,hybrid,0.01,random,0.1,1.0,0,0.9626073241233826,0.001032448377581121,40,4067,0.04625,1004,9861
9,100,0.3,0.0,harm,hybrid,0.01,random,0.1,1.0,0,0.9756155014038086,0.0008849557522123894,40,4067,0.04,1004,9861
9,100,0.3,0.0,harm,hybrid,0.01,random,0.1,1.0,0,0.9886237382888794,0.0008112094395280236,40,4067,0.034999999999999996,1004,9861
9,100,0.3,0.0,harm,hybrid,0.01,random,0.1,1.0,0,1.0016319751739502,0.0007005899705014749,40,4067,0.028750000000000005,1004,9861
9,100,0.3,0.0,harm,hybrid,0.01,random,0.1,1.0,0,1.0146400928497314,0.0006022615535889872,40,4067,0.025,1004,9861
9,100,0.3,0.0,harm,hybrid,0.01,random,0.1,1.0,0,1.0276483297348022,0.0005285152409046215,40,4067,0.01875,1004,9861
9,100,0.3,0.0,harm,hybrid,0.01,random,0.1,1.0,0,1.040656566619873,0.00046705998033431663,40,4067,0.013750000000000002,1004,9861
9,100,0.3,0.0,harm,hybrid,0.01,random,0.1,1.0,0,1.0536648035049438,0.0004424778761061947,40,4067,0.01125,1004,9861
9,100,0.3,0.0,harm,hybrid,0.01,random,0.1,1.0,0,1.0666730403900146,0.000344149459193707,40,4067,0.0037500000000000007,1004,9861
9,100,0.3,0.0,harm,hybrid,0.01,random,0.1,1.0,0,1.079681158065796,0.00031956735496558507,40,4067,0.0025,1004,9861
9,100,0.3,0.0,harm,hybrid,0.01,random,0.1,1.0,0,1.0926893949508667,0.0002949852507374631,40,4067,0.0025,1004,9861
9,100,0.3,0.0,harm,hybrid,0.01,random,0.1,1.0,0,1.1056976318359375,0.0002826941986234022,40,4067,0.0025,1004,9861
9,100,0.3,0.0,harm,hybrid,0.01,random,0.1,1.0,0,1.1187057495117188,0.00027040314650934123,40,4067,0.00125,1004,9861
9,100,0.3,0.0,harm,hybrid,0.01,random,0.1,1.0,0,1.1317139863967896,0.00025811209439528023,40,4067,0.0,1004,9861
9,100,0.3,0.0,harm,hybrid,0.01,random,0.1,1.0,0,1.1447222232818604,0.00025811209439528023,40,4067,0.0,1004,9861
9,100,0.3,0.0,harm,hybrid,0.01,random,0.1,1.0,0,1.1577304601669312,0.00025811209439528023,40,4067,0.0,1004,9861
9,100,0.3,0.0,harm,hybrid,0.01,random,0.1,1.0,0,1.170738697052002,0.00025811209439528023,40,4067,0.0,1004,9861
9,100,0.3,0.0,harm,hybrid,0.01,random,0.1,1.0,0,1.1837468147277832,0.00025811209439528023,40,4067,0.0,1004,9861
9,100,0.3,0.0,harm,hybrid,0.01,random,0.1,1.0,0,1.196755051612854,0.00025811209439528023,40,4067,0.0,1004,9861
9,100,0.3,0.0,harm,hybrid,0.01,random,0.1,1.0,0,1.2097632884979248,0.0002458210422812193,40,4067,0.0,1004,9861
9,100,0.3,0.0,harm,hybrid,0.01,random,0.1,1.0,0,1.222771406173706,0.0002458210422812193,40,4067,0.0,1004,9861
9,100,0.3,0.0,harm,hybrid,0.01,random,0.1,1.0,0,1.2357796430587769,0.0002458210422812193,40,4067,0.0,1004,9861
9,100,0.3,0.0,harm,hybrid,0.01,random,0.1,1.0,0,1.2487878799438477,0.0002458210422812193,40,4067,0.0,1004,9861
9,100,0.3,0.0,harm,hybrid,0.01,random,0.1,1.0,0,1.2617961168289185,0.0002458210422812193,40,4067,0.0,1004,9861
9,100,0.3,0.0,harm,hybrid,0.01,random,0.1,1.0,0,1.2748043537139893,0.0002458210422812193,40,4067,0.0,1004,9861
9,100,0.3,0.0,harm,hybrid,0.01,random,0.1,1.0,0,1.2878124713897705,0.0002458210422812193,40,4067,0.0,1004,9861
