run_id,epoch,base_harm,beta,score_type,conformal_method,Collective,Report Strategy,Report Fraction,likes_softmax_temperature,topk_n,gamma,calib_risk_adjusted,num_adv_users,calib_set_size,avg_harm_adv_raw,total_flagged_items,total_items_seen_by_adv_users
0,100,0.3,0.0,harm,hybrid,0.005,random,0.1,1.0,0,0.11756947636604309,0.00291358024691358,20,4049,0.10500000000000002,494,4843
0,100,0.3,0.0,harm,hybrid,0.005,random,0.1,1.0,0,0.12999893724918365,0.00291358024691358,20,4049,0.10500000000000002,494,4843
0,100,0.3,0.0,harm,hybrid,0.005,random,0.1,1.0,0,0.14242839813232422,0.00291358024691358,20,4049,0.10500000000000002,494,4843
0,100,0.3,0.0,harm,hybrid,0.005,random,0.1,1.0,0,0.1548578441143036,0.00291358024691358,20,4049,0.10500000000000002,494,4843
0,100,0.3,0.0,harm,hybrid,0.005,random,0.1,1.0,0,0.16728731989860535,0.00291358024691358,20,4049,0.10500000000000002,494,4843
0,100,0.3,0.0,harm,hybrid,0.005,random,0.1,1.0,0,0.17971676588058472,0.00291358024691358,20,4049,0.10500000000000002,494,4843
0,100,0.3,0.0,harm,hybrid,0.005,random,0.1,1.0,0,0.19214622676372528,0.00291358024691358,20,4049,0.10500000000000002,494,4843
0,100,0.3,0.0,harm,hybrid,0.005,random,0.1,1.0,0,0.20457568764686584,0.00291358024691358,20,4049,0.10500000000000002,494,4843
0,100,0.3,0.0,harm,hybrid,0.005,random,0.1,1.0,0,0.2170051485300064,0.00291358024691358,20,4049,0.10500000000000002,494,4843
0,100,0.3,0.0,harm,hybrid,0.005,random,0.1,1.0,0,0.22943460941314697,0.00291358024691358,20,4049,0.10500000000000002,494,4843
0,100,0.3,0.0,harm,hybrid,0.005,random,0.1,1.0,0,0.24186407029628754,0.00291358024691358,20,4049,0.10500000000000002,494,4843
0,100,0.3,0.0,harm,hybrid,0.005,random,0.1,1.0,0,0.2542935311794281,0.0029012345679012346,20,4049,0.10500000000000002,494,4843
0,100,0.3,0.0,harm,hybrid,0.005,random,0.1,1.0,0,0.26672297716140747,0.0029012345679012346,20,4049,0.10500000000000002,494,4843
0,100,0.3,0.0,harm,hybrid,0.005,random,0.1,1.0,0,0.27915245294570923,0.0029012345679012346,20,4049,0.10500000000000002,494,4843
0,100,0.3,0.0,harm,hybrid,0.005,random,0.1,1.0,0,0.2915818989276886,0.0029012345679012346,20,4049,0.10500000000000002,494,4843
0,100,0.3,0.0,harm,hybrid,0.005,random,0.1,1.0,0,0.30401134490966797,0.002888888888888889,20,4049,0.10500000000000002,494,4843
0,100,0.3,0.0,harm,hybrid,0.005,random,0.1,1.0,0,0.3164408206939697,0.002888888888888889,20,4049,0.10500000000000002,494,4843
0,100,0.3,0.0,harm,hybrid,0.005,random,0.1,1.0,0,0.3288702964782715,0.002888888888888889,20,4049,0.10500000000000002,494,4843
0,100,0.3,0.0,harm,hybrid,0.005,random,0.1,1.0,0,0.34129974246025085,0.002888888888888889,20,4049,0.10500000000000002,494,4843
0,100,0.3,0.0,harm,hybrid,0.005,random,0.1,1.0,0,0.3537291884422302,0.002864197530864198,20,4049,0.10000000000000002,494,4843
0,100,0.3,0.0,harm,hybrid,0.005,random,0.1,1.0,0,0.366158664226532,0.002839506172839506,20,4049,0.0975,494,4843
0,100,0.3,0.0,harm,hybrid,0.005,random,0.1,1.0,0,0.37858811020851135,0.002839506172839506,20,4049,0.0975,494,4843
0,100,0.3,0.0,harm,hybrid,0.005,random,0.1,1.0,0,0.3910175859928131,0.0028271604938271606,20,4049,0.095,494,4843
0,100,0.3,0.0,harm,hybrid,0.005,random,0.1,1.0,0,0.4034470319747925,0.0028271604938271606,20,4049,0.095,494,4843
0,100,0.3,0.0,harm,hybrid,0.005,random,0.1,1.0,0,0.41587647795677185,0.0028271604938271606,20,4049,0.095,494,4843
0,100,0.3,0.0,harm,hybrid,0.005,random,0.1,1.0,0,0.4283059537410736,0.0028024691358024697,20,4049,0.09250000000000001,494,4843
0,100,0.3,0.0,harm,hybrid,0.005,random,0.1,1.0,0,0.440735399723053,0.0028024691358024697,20,4049,0.09250000000000001,494,4843
0,100,0.3,0.0,harm,hybrid,0.005,random,0.1,1.0,0,0.45316487550735474,0.002777777777777778,20,4049,0.09250000000000001,494,4843
0,100,0.3,0.0,harm,hybrid,0.005,random,0.1,1.0,0,0.4655943214893341,0.002777777777777778,20,4049,0.09250000000000001,494,4843
0,100,0.3,0.0,harm,hybrid,0.005,random,0.1,1.0,0,0.47802379727363586,0.002765432098765432,20,4049,0.09000000000000001,494,4843
0,100,0.3,0.0,harm,hybrid,0.005,random,0.1,1.0,0,0.49045324325561523,0.002703703703703704,20,4049,0.08750000000000001,494,4843
0,100,0.3,0.0,harm,hybrid,0.005,random,0.1,1.0,0,0.502882719039917,0.0026790123456790125,20,4049,0.08750000000000001,494,4843
0,100,0.3,0.0,harm,hybrid,0.005,random,0.1,1.0,0,0.5153121948242188,0.0026419753086419752,20,4049,0.085,494,4843
0,100,0.3,0.0,harm,hybrid,0.005,random,0.1,1.0,0,0.5277416110038757,0.002617283950617284,20,4049,0.0825,494,4843
0,100,0.3,0.0,harm,hybrid,0.005,random,0.1,1.0,0,0.5401710867881775,0.0026049382716049384,20,4049,0.0825,494,4843
0,100,0.3,0.0,harm,hybrid,0.005,random,0.1,1.0,0,0.5526005029678345,0.0025925925925925925,20,4049,0.08000000000000002,494,4843
0,100,0.3,0.0,harm,hybrid,0.005,random,0.1,1.0,0,0.5650299787521362,0.002555555555555556,20,4049,0.08000000000000002,494,4843
0,100,0.3,0.0,harm,hybrid,0.005,random,0.1,1.0,0,0.577459454536438,0.0025308641975308644,20,4049,0.08000000000000002,494,4843
0,100,0.3,0.0,harm,hybrid,0.005,random,0.1,1.0,0,0.5898889303207397,0.002493827160493827,20,4049,0.08000000000000002,494,4843
0,100,0.3,0.0,harm,hybrid,0.005,random,0.1,1.0,0,0.6023184061050415,0.00245679012345679,20,4049,0.08000000000000002,494,4843
0,100,0.3,0.0,harm,hybrid,0.005,random,0.1,1.0,0,0.6147478818893433,0.0024444444444444444,20,4049,0.07750000000000001,494,4843
0,100,0.3,0.0,harm,hybrid,0.005,random,0.1,1.0,0,0.6271772384643555,0.0024320987654320994,20,4049,0.07750000000000001,494,4843
0,100,0.3,0.0,harm,hybrid,0.005,random,0.1,1.0,0,0.6396067142486572,0.0023950617283950613,20,4049,0.07750000000000001,494,4843
0,100,0.3,0.0,harm,hybrid,0.005,random,0.1,1.0,0,0.652036190032959,0.002382716049382716,20,4049,0.07750000000000001,494,4843
0,100,0.3,0.0,harm,hybrid,0.005,random,0.1,1.0,0,0.6644656658172607,0.0023333333333333335,20,4049,0.07750000000000001,494,4843
0,100,0.3,0.0,harm,hybrid,0.005,random,0.1,1.0,0,0.6768951416015625,0.002320987654320987,20,4049,0.07750000000000001,494,4843
0,100,0.3,0.0,harm,hybrid,0.005,random,0.1,1.0,0,0.6893246173858643,0.0022962962962962963,20,4049,0.07750000000000001,494,4843
0,100,0.3,0.0,harm,hybrid,0.005,random,0.1,1.0,0,0.701754093170166,0.002234567901234568,20,4049,0.07750000000000001,494,4843
0,100,0.3,0.0,harm,hybrid,0.005,random,0.1,1.0,0,0.7141834497451782,0.002234567901234568,20,4049,0.07750000000000001,494,4843
0,100,0.3,0.0,harm,hybrid,0.005,random,0.1,1.0,0,0.72661292552948,0.0022222222222222222,20,4049,0.07750000000000001,494,4843
0,100,0.3,0.0,harm,hybrid,0.005,random,0.1,1.0,0,0.7390424013137817,0.0022098765432098763,20,4049,0.07750000000000001,494,4843
0,100,0.3,0.0,harm,hybrid,0.005,random,0.1,1.0,0,0.7514718770980835,0.002197530864197531,20,4049,0.07750000000000001,494,4843
0,100,0.3,0.0,harm,hybrid,0.005,random,0.1,1.0,0,0.7639013528823853,0.0021728395061728395,20,4049,0.07750000000000001,494,4843
0,100,0.3,0.0,harm,hybrid,0.005,random,0.1,1.0,0,0.776330828666687,0.002148148148148148,20,4049,0.07750000000000001,494,4843
0,100,0.3,0.0,harm,hybrid,0.005,random,0.1,1.0,0,0.7887603044509888,0.002111111111111111,20,4049,0.07750000000000001,494,4843
0,100,0.3,0.0,harm,hybrid,0.005,random,0.1,1.0,0,0.8011897802352905,0.0020987654320987655,20,4049,0.07750000000000001,494,4843
0,100,0.3,0.0,harm,hybrid,0.005,random,0.1,1.0,0,0.8136191368103027,0.0020617283950617286,20,4049,0.07750000000000001,494,4843
0,100,0.3,0.0,harm,hybrid,0.005,random,0.1,1.0,0,0.8260486125946045,0.0019629629629629632,20,4049,0.07750000000000001,494,4843
0,100,0.3,0.0,harm,hybrid,0.005,random,0.1,1.0,0,0.8384780883789062,0.0018765432098765435,20,4049,0.07750000000000001,494,4843
0,100,0.3,0.0,harm,hybrid,0.005,random,0.1,1.0,0,0.850907564163208,0.0018271604938271606,20,4049,0.07750000000000001,494,4843
0,100,0.3,0.0,harm,hybrid,0.005,random,0.1,1.0,0,0.8633370399475098,0.001740740740740741,20,4049,0.07750000000000001,494,4843
0,100,0.3,0.0,harm,hybrid,0.005,random,0.1,1.0,0,0.8757665157318115,0.001691358024691358,20,4049,0.07750000000000001,494,4843
0,100,0.3,0.0,harm,hybrid,0.005,random,0.1,1.0,0,0.8881959915161133,0.0016296296296296295,20,4049,0.07750000000000001,494,4843
0,100,0.3,0.0,harm,hybrid,0.005,random,0.1,1.0,0,0.9006253480911255,0.0015432098765432098,20,4049,0.07750000000000001,494,4843
0,100,0.3,0.0,harm,hybrid,0.005,random,0.1,1.0,0,0.9130548238754272,0.0014074074074074076,20,4049,0.07750000000000001,494,4843
0,100,0.3,0.0,harm,hybrid,0.005,random,0.1,1.0,0,0.925484299659729,0.0012962962962962965,20,4049,0.07750000000000001,494,4843
0,100,0.3,0.0,harm,hybrid,0.005,random,0.1,1.0,0,0.9379137754440308,0.0012469135802469136,20,4049,0.07750000000000001,494,4843
0,100,0.3,0.0,harm,hybrid,0.005,random,0.1,1.0,0,0.9503432512283325,0.0012098765432098767,20,4049,0.07750000000000001,494,4843
0,100,0.3,0.0,harm,hybrid,0.005,random,0.1,1.0,0,0.9627727270126343,0.0011111111111111111,20,4049,0.07500000000000001,494,4843
0,100,0.3,0.0,harm,hybrid,0.005,random,0.1,1.0,0,0.975202202796936,0.0010617283950617284,20,4049,0.07250000000000001,494,4843
0,100,0.3,0.0,harm,hybrid,0.005,random,0.1,1.0,0,0.9876315593719482,0.0009876543209876543,20,4049,0.07,494,4843
0,100,0.3,0.0,harm,hybrid,0.005,random,0.1,1.0,0,1.00006103515625,0.0008641975308641976,20,4049,0.0675,494,4843
0,100,0.3,0.0,harm,hybrid,0.005,random,0.1,1.0,0,1.0124905109405518,0.0007037037037037038,20,4049,0.05000000000000001,494,4843
0,100,0.3,0.0,harm,hybrid,0.005,random,0.1,1.0,0,1.0249199867248535,0.0006172839506172839,20,4049,0.0375,494,4843
0,100,0.3,0.0,harm,hybrid,0.005,random,0.1,1.0,0,1.0373494625091553,0.0005308641975308642,20,4049,0.027500000000000004,494,4843
0,100,0.3,0.0,harm,hybrid,0.005,random,0.1,1.0,0,1.049778938293457,0.0004691358024691359,20,4049,0.025,494,4843
0,100,0.3,0.0,harm,hybrid,0.005,random,0.1,1.0,0,1.0622084140777588,0.00040740740740740744,20,4049,0.0175,494,4843
0,100,0.3,0.0,harm,hybrid,0.005,random,0.1,1.0,0,1.074637770652771,0.0003827160493827161,20,4049,0.015000000000000003,494,4843
0,100,0.3,0.0,harm,hybrid,0.005,random,0.1,1.0,0,1.0870672464370728,0.0003827160493827161,20,4049,0.015000000000000003,494,4843
0,100,0.3,0.0,harm,hybrid,0.005,random,0.1,1.0,0,1.0994967222213745,0.00034567901234567905,20,4049,0.0125,494,4843
0,100,0.3,0.0,harm,hybrid,0.005,random,0.1,1.0,0,1.1119261980056763,0.00030864197530864197,20,4049,0.0075000000000000015,494,4843
0,100,0.3,0.0,harm,hybrid,0.005,random,0.1,1.0,0,1.124355673789978,0.0002962962962962963,20,4049,0.0075000000000000015,494,4843
0,100,0.3,0.0,harm,hybrid,0.005,random,0.1,1.0,0,1.1367850303649902,0.0002839506172839506,20,4049,0.005,494,4843
0,100,0.3,0.0,harm,hybrid,0.005,random,0.1,1.0,0,1.149214506149292,0.0002839506172839506,20,4049,0.005,494,4843
0,100,0.3,0.0,harm,hybrid,0.005,random,0.1,1.0,0,1.1616439819335938,0.0002839506172839506,20,4049,0.005,494,4843
0,100,0.3,0.0,harm,hybrid,0.005,random,0.1,1.0,0,1.1740734577178955,0.00027160493827160494,20,4049,0.0025,494,4843
0,100,0.3,0.0,harm,hybrid,0.005,random,0.1,1.0,0,1.1865029335021973,0.00027160493827160494,20,4049,0.0025,494,4843
0,100,0.3,0.0,harm,hybrid,0.005,random,0.1,1.0,0,1.198932409286499,0.00027160493827160494,20,4049,0.0025,494,4843
0,100,0.3,0.0,harm,hybrid,0.005,random,0.1,1.0,0,1.2113618850708008,0.0002469135802469136,20,4049,0.0,494,4843
0,100,0.3,0.0,harm,hybrid,0.005,random,0.1,1.0,0,1.223791241645813,0.0002469135802469136,20,4049,0.0,494,4843
0,100,0.3,0.0,harm,hybrid,0.005,random,0.1,1.0,0,1.2362207174301147,0.0002469135802469136,20,4049,0.0,494,4843
0,100,0.3,0.0,harm,hybrid,0.005,random,0.1,1.0,0,1.2486501932144165,0.0002469135802469136,20,4049,0.0,494,4843
0,100,0.3,0.0,harm,hybrid,0.005,random,0.1,1.0,0,1.2610796689987183,0.0002469135802469136,20,4049,0.0,494,4843
0,100,0.3,0.0,harm,hybrid,0.005,random,0.1,1.0,0,1.27350914478302,0.0002469135802469136,20,4049,0.0,494,4843
0,100,0.3,0.0,harm,hybrid,0.005,random,0.1,1.0,0,1.2859386205673218,0.0002469135802469136,20,4049,0.0,494,4843
0,100,0.3,0.0,harm,hybrid,0.005,random,0.1,1.0,0,1.2983680963516235,0.0002469135802469136,20,4049,0.0,494,4843
0,100,0.3,0.0,harm,hybrid,0.005,random,0.1,1.0,0,1.3107974529266357,0.0002469135802469136,20,4049,0.0,494,4843
0,100,0.3,0.0,harm,hybrid,0.005,random,0.1,1.0,0,1.3232269287109375,0.0002469135802469136,20,4049,0.0,494,4843
0,100,0.3,0.0,harm,hybrid,0.005,random,0.1,1.0,0,1.3356564044952393,0.0002469135802469136,20,4049,0.0,494,4843
0,100,0.3,0.0,harm,hybrid,0.005,random,0.1,1.0,0,1.348085880279541,0.0002469135802469136,20,4049,0.0,494,4843
1,100,0.3,0.0,harm,hybrid,0.005,random,0.1,1.0,0,0.04140770435333252,0.002952029520295203,20,4064,0.1,491,4799
1,100,0.3,0.0,harm,hybrid,0.005,random,0.1,1.0,0,0.05379550904035568,0.002952029520295203,20,4064,0.1,491,4799
1,100,0.3,0.0,harm,hybrid,0.005,random,0.1,1.0,0,0.06618331372737885,0.002952029520295203,20,4064,0.1,491,4799
1,100,0.3,0.0,harm,hybrid,0.005,random,0.1,1.0,0,0.07857111841440201,0.002952029520295203,20,4064,0.1,491,4799
1,100,0.3,0.0,harm,hybrid,0.005,random,0.1,1.0,0,0.09095892310142517,0.002952029520295203,20,4064,0.1,491,4799
1,100,0.3,0.0,harm,hybrid,0.005,random,0.1,1.0,0,0.10334672778844833,0.002952029520295203,20,4064,0.1,491,4799
1,100,0.3,0.0,harm,hybrid,0.005,random,0.1,1.0,0,0.1157345324754715,0.002952029520295203,20,4064,0.1,491,4799
1,100,0.3,0.0,harm,hybrid,0.005,random,0.1,1.0,0,0.12812232971191406,0.002952029520295203,20,4064,0.1,491,4799
1,100,0.3,0.0,harm,hybrid,0.005,random,0.1,1.0,0,0.14051014184951782,0.002952029520295203,20,4064,0.1,491,4799
1,100,0.3,0.0,harm,hybrid,0.005,random,0.1,1.0,0,0.15289795398712158,0.002952029520295203,20,4064,0.1,491,4799
1,100,0.3,0.0,harm,hybrid,0.005,random,0.1,1.0,0,0.16528575122356415,0.002952029520295203,20,4064,0.1,491,4799
1,100,0.3,0.0,harm,hybrid,0.005,random,0.1,1.0,0,0.1776735484600067,0.0029397293972939728,20,4064,0.0975,491,4799
1,100,0.3,0.0,harm,hybrid,0.005,random,0.1,1.0,0,0.19006136059761047,0.0029397293972939728,20,4064,0.0975,491,4799
1,100,0.3,0.0,harm,hybrid,0.005,random,0.1,1.0,0,0.20244917273521423,0.0029397293972939728,20,4064,0.0975,491,4799
1,100,0.3,0.0,harm,hybrid,0.005,random,0.1,1.0,0,0.2148369699716568,0.0029397293972939728,20,4064,0.0975,491,4799
1,100,0.3,0.0,harm,hybrid,0.005,random,0.1,1.0,0,0.22722476720809937,0.0029397293972939728,20,4064,0.0975,491,4799
1,100,0.3,0.0,harm,hybrid,0.005,random,0.1,1.0,0,0.23961257934570312,0.0029397293972939728,20,4064,0.0975,491,4799
1,100,0.3,0.0,harm,hybrid,0.005,random,0.1,1.0,0,0.2520003914833069,0.0029397293972939728,20,4064,0.0975,491,4799
1,100,0.3,0.0,harm,hybrid,0.005,random,0.1,1.0,0,0.26438820362091064,0.0029397293972939728,20,4064,0.0975,491,4799
1,100,0.3,0.0,harm,hybrid,0.005,random,0.1,1.0,0,0.276775985956192,0.0029397293972939728,20,4064,0.0975,491,4799
1,100,0.3,0.0,harm,hybrid,0.005,random,0.1,1.0,0,0.2891637980937958,0.0029397293972939728,20,4064,0.0975,491,4799
1,100,0.3,0.0,harm,hybrid,0.005,random,0.1,1.0,0,0.30155161023139954,0.0029028290282902824,20,4064,0.0925,491,4799
1,100,0.3,0.0,harm,hybrid,0.005,random,0.1,1.0,0,0.3139393925666809,0.002890528905289053,20,4064,0.09,491,4799
1,100,0.3,0.0,harm,hybrid,0.005,random,0.1,1.0,0,0.32632720470428467,0.002890528905289053,20,4064,0.09,491,4799
1,100,0.3,0.0,harm,hybrid,0.005,random,0.1,1.0,0,0.3387150168418884,0.002890528905289053,20,4064,0.09,491,4799
1,100,0.3,0.0,harm,hybrid,0.005,random,0.1,1.0,0,0.3511028289794922,0.0028782287822878227,20,4064,0.0875,491,4799
1,100,0.3,0.0,harm,hybrid,0.005,random,0.1,1.0,0,0.36349064111709595,0.002841328413284133,20,4064,0.08499999999999999,491,4799
1,100,0.3,0.0,harm,hybrid,0.005,random,0.1,1.0,0,0.3758784234523773,0.0028044280442804425,20,4064,0.08,491,4799
1,100,0.3,0.0,harm,hybrid,0.005,random,0.1,1.0,0,0.3882662355899811,0.002779827798277983,20,4064,0.07750000000000001,491,4799
1,100,0.3,0.0,harm,hybrid,0.005,random,0.1,1.0,0,0.40065404772758484,0.0027675276752767526,20,4064,0.07500000000000001,491,4799
1,100,0.3,0.0,harm,hybrid,0.005,random,0.1,1.0,0,0.4130418300628662,0.002730627306273063,20,4064,0.06500000000000002,491,4799
1,100,0.3,0.0,harm,hybrid,0.005,random,0.1,1.0,0,0.42542964220046997,0.0026814268142681436,20,4064,0.06000000000000001,491,4799
1,100,0.3,0.0,harm,hybrid,0.005,random,0.1,1.0,0,0.43781745433807373,0.002632226322263223,20,4064,0.06000000000000001,491,4799
1,100,0.3,0.0,harm,hybrid,0.005,random,0.1,1.0,0,0.4502052664756775,0.002595325953259533,20,4064,0.06000000000000001,491,4799
1,100,0.3,0.0,harm,hybrid,0.005,random,0.1,1.0,0,0.46259307861328125,0.002570725707257073,20,4064,0.05750000000000001,491,4799
1,100,0.3,0.0,harm,hybrid,0.005,random,0.1,1.0,0,0.4749808609485626,0.002496924969249693,20,4064,0.05750000000000001,491,4799
1,100,0.3,0.0,harm,hybrid,0.005,random,0.1,1.0,0,0.4873686730861664,0.0024846248462484623,20,4064,0.05750000000000001,491,4799
1,100,0.3,0.0,harm,hybrid,0.005,random,0.1,1.0,0,0.49975648522377014,0.0024600246002460025,20,4064,0.05500000000000001,491,4799
1,100,0.3,0.0,harm,hybrid,0.005,random,0.1,1.0,0,0.5121442675590515,0.002423124231242312,20,4064,0.0475,491,4799
1,100,0.3,0.0,harm,hybrid,0.005,random,0.1,1.0,0,0.5245320796966553,0.0023862238622386228,20,4064,0.045,491,4799
1,100,0.3,0.0,harm,hybrid,0.005,random,0.1,1.0,0,0.536919891834259,0.0023616236162361626,20,4064,0.042499999999999996,491,4799
1,100,0.3,0.0,harm,hybrid,0.005,random,0.1,1.0,0,0.5493077039718628,0.002300123001230013,20,4064,0.042499999999999996,491,4799
1,100,0.3,0.0,harm,hybrid,0.005,random,0.1,1.0,0,0.5616955161094666,0.002300123001230013,20,4064,0.042499999999999996,491,4799
1,100,0.3,0.0,harm,hybrid,0.005,random,0.1,1.0,0,0.5740833282470703,0.0022755227552275522,20,4064,0.042499999999999996,491,4799
1,100,0.3,0.0,harm,hybrid,0.005,random,0.1,1.0,0,0.5864710807800293,0.002214022140221402,20,4064,0.042499999999999996,491,4799
1,100,0.3,0.0,harm,hybrid,0.005,random,0.1,1.0,0,0.5988588929176331,0.0022017220172201725,20,4064,0.042499999999999996,491,4799
1,100,0.3,0.0,harm,hybrid,0.005,random,0.1,1.0,0,0.6112467050552368,0.002152521525215252,20,4064,0.042499999999999996,491,4799
1,100,0.3,0.0,harm,hybrid,0.005,random,0.1,1.0,0,0.6236345171928406,0.002152521525215252,20,4064,0.042499999999999996,491,4799
1,100,0.3,0.0,harm,hybrid,0.005,random,0.1,1.0,0,0.6360223293304443,0.0021279212792127923,20,4064,0.042499999999999996,491,4799
1,100,0.3,0.0,harm,hybrid,0.005,random,0.1,1.0,0,0.6484101414680481,0.002103321033210332,20,4064,0.042499999999999996,491,4799
1,100,0.3,0.0,harm,hybrid,0.005,random,0.1,1.0,0,0.6607979536056519,0.0020787207872078723,20,4064,0.042499999999999996,491,4799
1,100,0.3,0.0,harm,hybrid,0.005,random,0.1,1.0,0,0.6731857657432556,0.002054120541205412,20,4064,0.042499999999999996,491,4799
1,100,0.3,0.0,harm,hybrid,0.005,random,0.1,1.0,0,0.6855735778808594,0.0020418204182041824,20,4064,0.042499999999999996,491,4799
1,100,0.3,0.0,harm,hybrid,0.005,random,0.1,1.0,0,0.6979613304138184,0.002004920049200492,20,4064,0.042499999999999996,491,4799
1,100,0.3,0.0,harm,hybrid,0.005,random,0.1,1.0,0,0.7103491425514221,0.001955719557195572,20,4064,0.042499999999999996,491,4799
1,100,0.3,0.0,harm,hybrid,0.005,random,0.1,1.0,0,0.7227369546890259,0.0019311193111931117,20,4064,0.042499999999999996,491,4799
1,100,0.3,0.0,harm,hybrid,0.005,random,0.1,1.0,0,0.7351247668266296,0.0019311193111931117,20,4064,0.042499999999999996,491,4799
1,100,0.3,0.0,harm,hybrid,0.005,random,0.1,1.0,0,0.7475125789642334,0.001857318573185732,20,4064,0.042499999999999996,491,4799
1,100,0.3,0.0,harm,hybrid,0.005,random,0.1,1.0,0,0.7599003911018372,0.0017835178351783517,20,4064,0.042499999999999996,491,4799
1,100,0.3,0.0,harm,hybrid,0.005,random,0.1,1.0,0,0.7722882032394409,0.0017097170971709717,20,4064,0.042499999999999996,491,4799
1,100,0.3,0.0,harm,hybrid,0.005,random,0.1,1.0,0,0.7846759557723999,0.0016728167281672818,20,4064,0.042499999999999996,491,4799
1,100,0.3,0.0,harm,hybrid,0.005,random,0.1,1.0,0,0.7970637679100037,0.0016236162361623616,20,4064,0.042499999999999996,491,4799
1,100,0.3,0.0,harm,hybrid,0.005,random,0.1,1.0,0,0.8094515800476074,0.0015621156211562115,20,4064,0.042499999999999996,491,4799
1,100,0.3,0.0,harm,hybrid,0.005,random,0.1,1.0,0,0.8218393921852112,0.0014145141451414513,20,4064,0.042499999999999996,491,4799
1,100,0.3,0.0,harm,hybrid,0.005,random,0.1,1.0,0,0.8342272043228149,0.0013038130381303815,20,4064,0.042499999999999996,491,4799
1,100,0.3,0.0,harm,hybrid,0.005,random,0.1,1.0,0,0.8466150164604187,0.0011439114391143912,20,4064,0.042499999999999996,491,4799
1,100,0.3,0.0,harm,hybrid,0.005,random,0.1,1.0,0,0.8590028285980225,0.001057810578105781,20,4064,0.042499999999999996,491,4799
1,100,0.3,0.0,harm,hybrid,0.005,random,0.1,1.0,0,0.8713906407356262,0.0010209102091020912,20,4064,0.042499999999999996,491,4799
1,100,0.3,0.0,harm,hybrid,0.005,random,0.1,1.0,0,0.88377845287323,0.000971709717097171,20,4064,0.042499999999999996,491,4799
1,100,0.3,0.0,harm,hybrid,0.005,random,0.1,1.0,0,0.896166205406189,0.0008979089790897908,20,4064,0.042499999999999996,491,4799
1,100,0.3,0.0,harm,hybrid,0.005,random,0.1,1.0,0,0.9085540175437927,0.0008118081180811807,20,4064,0.0375,491,4799
1,100,0.3,0.0,harm,hybrid,0.005,random,0.1,1.0,0,0.9209418296813965,0.0006765067650676506,20,4064,0.035,491,4799
1,100,0.3,0.0,harm,hybrid,0.005,random,0.1,1.0,0,0.9333296418190002,0.0006273062730627306,20,4064,0.0325,491,4799
1,100,0.3,0.0,harm,hybrid,0.005,random,0.1,1.0,0,0.945717453956604,0.0005658056580565805,20,4064,0.0325,491,4799
1,100,0.3,0.0,harm,hybrid,0.005,random,0.1,1.0,0,0.9581052660942078,0.00047970479704797044,20,4064,0.022500000000000003,491,4799
1,100,0.3,0.0,harm,hybrid,0.005,random,0.1,1.0,0,0.9704930782318115,0.00047970479704797044,20,4064,0.022500000000000003,491,4799
1,100,0.3,0.0,harm,hybrid,0.005,random,0.1,1.0,0,0.9828808307647705,0.0003936039360393604,20,4064,0.0125,491,4799
1,100,0.3,0.0,harm,hybrid,0.005,random,0.1,1.0,0,0.9952686429023743,0.00035670356703567036,20,4064,0.0075000000000000015,491,4799
1,100,0.3,0.0,harm,hybrid,0.005,random,0.1,1.0,0,1.007656455039978,0.0003321033210332103,20,4064,0.0075000000000000015,491,4799
1,100,0.3,0.0,harm,hybrid,0.005,random,0.1,1.0,0,1.0200443267822266,0.0003321033210332103,20,4064,0.0075000000000000015,491,4799
1,100,0.3,0.0,harm,hybrid,0.005,random,0.1,1.0,0,1.0324320793151855,0.00028290282902829027,20,4064,0.0025,491,4799
1,100,0.3,0.0,harm,hybrid,0.005,random,0.1,1.0,0,1.0448198318481445,0.00028290282902829027,20,4064,0.0025,491,4799
1,100,0.3,0.0,harm,hybrid,0.005,random,0.1,1.0,0,1.057207703590393,0.00027060270602706027,20,4064,0.0,491,4799
1,100,0.3,0.0,harm,hybrid,0.005,random,0.1,1.0,0,1.069595456123352,0.00027060270602706027,20,4064,0.0,491,4799
1,100,0.3,0.0,harm,hybrid,0.005,random,0.1,1.0,0,1.0819833278656006,0.00027060270602706027,20,4064,0.0,491,4799
1,100,0.3,0.0,harm,hybrid,0.005,random,0.1,1.0,0,1.0943710803985596,0.0002583025830258302,20,4064,0.0,491,4799
1,100,0.3,0.0,harm,hybrid,0.005,random,0.1,1.0,0,1.106758952140808,0.0002460024600246002,20,4064,0.0,491,4799
1,100,0.3,0.0,harm,hybrid,0.005,random,0.1,1.0,0,1.119146704673767,0.0002460024600246002,20,4064,0.0,491,4799
1,100,0.3,0.0,harm,hybrid,0.005,random,0.1,1.0,0,1.131534457206726,0.0002460024600246002,20,4064,0.0,491,4799
1,100,0.3,0.0,harm,hybrid,0.005,random,0.1,1.0,0,1.1439223289489746,0.0002460024600246002,20,4064,0.0,491,4799
1,100,0.3,0.0,harm,hybrid,0.005,random,0.1,1.0,0,1.1563100814819336,0.0002460024600246002,20,4064,0.0,491,4799
1,100,0.3,0.0,harm,hybrid,0.005,random,0.1,1.0,0,1.1686979532241821,0.0002460024600246002,20,4064,0.0,491,4799
1,100,0.3,0.0,harm,hybrid,0.005,random,0.1,1.0,0,1.1810857057571411,0.0002460024600246002,20,4064,0.0,491,4799
1,100,0.3,0.0,harm,hybrid,0.005,random,0.1,1.0,0,1.1934735774993896,0.0002460024600246002,20,4064,0.0,491,4799
1,100,0.3,0.0,harm,hybrid,0.005,random,0.1,1.0,0,1.2058613300323486,0.0002460024600246002,20,4064,0.0,491,4799
1,100,0.3,0.0,harm,hybrid,0.005,random,0.1,1.0,0,1.2182492017745972,0.0002460024600246002,20,4064,0.0,491,4799
1,100,0.3,0.0,harm,hybrid,0.005,random,0.1,1.0,0,1.2306369543075562,0.0002460024600246002,20,4064,0.0,491,4799
1,100,0.3,0.0,harm,hybrid,0.005,random,0.1,1.0,0,1.2430247068405151,0.0002460024600246002,20,4064,0.0,491,4799
1,100,0.3,0.0,harm,hybrid,0.005,random,0.1,1.0,0,1.2554125785827637,0.0002460024600246002,20,4064,0.0,491,4799
1,100,0.3,0.0,harm,hybrid,0.005,random,0.1,1.0,0,1.2678003311157227,0.0002460024600246002,20,4064,0.0,491,4799
2,100,0.3,0.0,harm,hybrid,0.005,random,0.1,1.0,0,0.03058314323425293,0.003012788981800295,20,4065,0.11250000000000002,486,4744
2,100,0.3,0.0,harm,hybrid,0.005,random,0.1,1.0,0,0.04363076761364937,0.003012788981800295,20,4065,0.11250000000000002,486,4744
2,100,0.3,0.0,harm,hybrid,0.005,random,0.1,1.0,0,0.05667839199304581,0.003012788981800295,20,4065,0.11250000000000002,486,4744
2,100,0.3,0.0,harm,hybrid,0.005,random,0.1,1.0,0,0.06972602009773254,0.003012788981800295,20,4065,0.11250000000000002,486,4744
2,100,0.3,0.0,harm,hybrid,0.005,random,0.1,1.0,0,0.08277364075183868,0.003012788981800295,20,4065,0.11250000000000002,486,4744
2,100,0.3,0.0,harm,hybrid,0.005,random,0.1,1.0,0,0.09582126885652542,0.003012788981800295,20,4065,0.11250000000000002,486,4744
2,100,0.3,0.0,harm,hybrid,0.005,random,0.1,1.0,0,0.10886889696121216,0.003012788981800295,20,4065,0.11250000000000002,486,4744
2,100,0.3,0.0,harm,hybrid,0.005,random,0.1,1.0,0,0.1219165176153183,0.003012788981800295,20,4065,0.11250000000000002,486,4744
2,100,0.3,0.0,harm,hybrid,0.005,random,0.1,1.0,0,0.13496413826942444,0.003012788981800295,20,4065,0.11250000000000002,486,4744
2,100,0.3,0.0,harm,hybrid,0.005,random,0.1,1.0,0,0.14801177382469177,0.003012788981800295,20,4065,0.11250000000000002,486,4744
2,100,0.3,0.0,harm,hybrid,0.005,random,0.1,1.0,0,0.1610593944787979,0.003012788981800295,20,4065,0.11250000000000002,486,4744
2,100,0.3,0.0,harm,hybrid,0.005,random,0.1,1.0,0,0.17410701513290405,0.003012788981800295,20,4065,0.11250000000000002,486,4744
2,100,0.3,0.0,harm,hybrid,0.005,random,0.1,1.0,0,0.1871546506881714,0.003012788981800295,20,4065,0.11250000000000002,486,4744
2,100,0.3,0.0,harm,hybrid,0.005,random,0.1,1.0,0,0.20020227134227753,0.003012788981800295,20,4065,0.11250000000000002,486,4744
2,100,0.3,0.0,harm,hybrid,0.005,random,0.1,1.0,0,0.21324989199638367,0.003012788981800295,20,4065,0.11250000000000002,486,4744
2,100,0.3,0.0,harm,hybrid,0.005,random,0.1,1.0,0,0.226297527551651,0.003012788981800295,20,4065,0.11250000000000002,486,4744
2,100,0.3,0.0,harm,hybrid,0.005,random,0.1,1.0,0,0.23934514820575714,0.003012788981800295,20,4065,0.11250000000000002,486,4744
2,100,0.3,0.0,harm,hybrid,0.005,random,0.1,1.0,0,0.2523927688598633,0.003012788981800295,20,4065,0.11250000000000002,486,4744
2,100,0.3,0.0,harm,hybrid,0.005,random,0.1,1.0,0,0.2654404044151306,0.0030004918839153963,20,4065,0.11250000000000002,486,4744
2,100,0.3,0.0,harm,hybrid,0.005,random,0.1,1.0,0,0.27848803997039795,0.0030004918839153963,20,4065,0.11250000000000002,486,4744
2,100,0.3,0.0,harm,hybrid,0.005,random,0.1,1.0,0,0.2915356457233429,0.0030004918839153963,20,4065,0.11250000000000002,486,4744
2,100,0.3,0.0,harm,hybrid,0.005,random,0.1,1.0,0,0.30458328127861023,0.0029881947860304968,20,4065,0.11250000000000002,486,4744
2,100,0.3,0.0,harm,hybrid,0.005,random,0.1,1.0,0,0.3176308870315552,0.0029881947860304968,20,4065,0.11250000000000002,486,4744
2,100,0.3,0.0,harm,hybrid,0.005,random,0.1,1.0,0,0.3306785225868225,0.0029881947860304968,20,4065,0.11250000000000002,486,4744
2,100,0.3,0.0,harm,hybrid,0.005,random,0.1,1.0,0,0.34372615814208984,0.0029881947860304968,20,4065,0.11250000000000002,486,4744
2,100,0.3,0.0,harm,hybrid,0.005,random,0.1,1.0,0,0.3567737638950348,0.002975897688145598,20,4065,0.11000000000000001,486,4744
2,100,0.3,0.0,harm,hybrid,0.005,random,0.1,1.0,0,0.3698213994503021,0.0029636005902606987,20,4065,0.10750000000000001,486,4744
2,100,0.3,0.0,harm,hybrid,0.005,random,0.1,1.0,0,0.38286903500556946,0.0029513034923757996,20,4065,0.10750000000000001,486,4744
2,100,0.3,0.0,harm,hybrid,0.005,random,0.1,1.0,0,0.3959166407585144,0.002926709296606001,20,4065,0.10750000000000001,486,4744
2,100,0.3,0.0,harm,hybrid,0.005,random,0.1,1.0,0,0.40896427631378174,0.002926709296606001,20,4065,0.10750000000000001,486,4744
2,100,0.3,0.0,harm,hybrid,0.005,random,0.1,1.0,0,0.4220119118690491,0.0028775209050664044,20,4065,0.10500000000000001,486,4744
2,100,0.3,0.0,harm,hybrid,0.005,random,0.1,1.0,0,0.435059517621994,0.002840629611411707,20,4065,0.10750000000000001,486,4744
2,100,0.3,0.0,harm,hybrid,0.005,random,0.1,1.0,0,0.44810715317726135,0.002840629611411707,20,4065,0.10500000000000001,486,4744
2,100,0.3,0.0,harm,hybrid,0.005,random,0.1,1.0,0,0.4611547887325287,0.0027914412198721105,20,4065,0.10000000000000002,486,4744
2,100,0.3,0.0,harm,hybrid,0.005,random,0.1,1.0,0,0.47420239448547363,0.0027299557304476148,20,4065,0.09000000000000002,486,4744
2,100,0.3,0.0,harm,hybrid,0.005,random,0.1,1.0,0,0.48725003004074097,0.0026807673389080172,20,4065,0.08750000000000002,486,4744
2,100,0.3,0.0,harm,hybrid,0.005,random,0.1,1.0,0,0.5002976655960083,0.002668470241023118,20,4065,0.08250000000000002,486,4744
2,100,0.3,0.0,harm,hybrid,0.005,random,0.1,1.0,0,0.5133452415466309,0.002631578947368421,20,4065,0.08000000000000002,486,4744
2,100,0.3,0.0,harm,hybrid,0.005,random,0.1,1.0,0,0.526392936706543,0.002606984751598623,20,4065,0.07750000000000001,486,4744
2,100,0.3,0.0,harm,hybrid,0.005,random,0.1,1.0,0,0.5394405126571655,0.0025700934579439253,20,4065,0.07500000000000002,486,4744
2,100,0.3,0.0,harm,hybrid,0.005,random,0.1,1.0,0,0.5524881482124329,0.0025332021642892276,20,4065,0.07000000000000002,486,4744
2,100,0.3,0.0,harm,hybrid,0.005,random,0.1,1.0,0,0.5655357837677002,0.00249631087063453,20,4065,0.07000000000000002,486,4744
2,100,0.3,0.0,harm,hybrid,0.005,random,0.1,1.0,0,0.5785834193229675,0.002459419576979833,20,4065,0.07000000000000002,486,4744
2,100,0.3,0.0,harm,hybrid,0.005,random,0.1,1.0,0,0.5916310548782349,0.0024348253812100343,20,4065,0.07000000000000002,486,4744
2,100,0.3,0.0,harm,hybrid,0.005,random,0.1,1.0,0,0.6046786308288574,0.002373339891785539,20,4065,0.07000000000000002,486,4744
2,100,0.3,0.0,harm,hybrid,0.005,random,0.1,1.0,0,0.6177262663841248,0.002311854402361043,20,4065,0.07000000000000002,486,4744
2,100,0.3,0.0,harm,hybrid,0.005,random,0.1,1.0,0,0.6307739019393921,0.002311854402361043,20,4065,0.07000000000000002,486,4744
2,100,0.3,0.0,harm,hybrid,0.005,random,0.1,1.0,0,0.6438215374946594,0.002274963108706345,20,4065,0.07000000000000002,486,4744
2,100,0.3,0.0,harm,hybrid,0.005,random,0.1,1.0,0,0.6568691730499268,0.002262666010821446,20,4065,0.07000000000000002,486,4744
2,100,0.3,0.0,harm,hybrid,0.005,random,0.1,1.0,0,0.6699168086051941,0.0022380718150516485,20,4065,0.07000000000000002,486,4744
2,100,0.3,0.0,harm,hybrid,0.005,random,0.1,1.0,0,0.6829643845558167,0.0022011805213969504,20,4065,0.07000000000000002,486,4744
2,100,0.3,0.0,harm,hybrid,0.005,random,0.1,1.0,0,0.696012020111084,0.002164289227742253,20,4065,0.07000000000000002,486,4744
2,100,0.3,0.0,harm,hybrid,0.005,random,0.1,1.0,0,0.7090596556663513,0.0021519921298573537,20,4065,0.07000000000000002,486,4744
2,100,0.3,0.0,harm,hybrid,0.005,random,0.1,1.0,0,0.7221072912216187,0.002127397934087555,20,4065,0.07000000000000002,486,4744
2,100,0.3,0.0,harm,hybrid,0.005,random,0.1,1.0,0,0.735154926776886,0.0020905066404328576,20,4065,0.07000000000000002,486,4744
2,100,0.3,0.0,harm,hybrid,0.005,random,0.1,1.0,0,0.7482025623321533,0.0020659124446630595,20,4065,0.07000000000000002,486,4744
2,100,0.3,0.0,harm,hybrid,0.005,random,0.1,1.0,0,0.7612501382827759,0.002029021151008362,20,4065,0.07000000000000002,486,4744
2,100,0.3,0.0,harm,hybrid,0.005,random,0.1,1.0,0,0.7742977738380432,0.001955238563698967,20,4065,0.07000000000000002,486,4744
2,100,0.3,0.0,harm,hybrid,0.005,random,0.1,1.0,0,0.7873454093933105,0.0019060501721593704,20,4065,0.07000000000000002,486,4744
2,100,0.3,0.0,harm,hybrid,0.005,random,0.1,1.0,0,0.8003930449485779,0.0018814559763895723,20,4065,0.07000000000000002,486,4744
2,100,0.3,0.0,harm,hybrid,0.005,random,0.1,1.0,0,0.8134406805038452,0.001795376291195278,20,4065,0.07000000000000002,486,4744
2,100,0.3,0.0,harm,hybrid,0.005,random,0.1,1.0,0,0.8264883160591125,0.0017092966060009837,20,4065,0.07000000000000002,486,4744
2,100,0.3,0.0,harm,hybrid,0.005,random,0.1,1.0,0,0.8395358920097351,0.0016724053123462865,20,4065,0.07000000000000002,486,4744
2,100,0.3,0.0,harm,hybrid,0.005,random,0.1,1.0,0,0.8525835275650024,0.0015986227250368913,20,4065,0.07000000000000002,486,4744
2,100,0.3,0.0,harm,hybrid,0.005,random,0.1,1.0,0,0.8656311631202698,0.0014633546483030007,20,4065,0.07000000000000002,486,4744
2,100,0.3,0.0,harm,hybrid,0.005,random,0.1,1.0,0,0.8786787986755371,0.0013772749631087064,20,4065,0.07000000000000002,486,4744
2,100,0.3,0.0,harm,hybrid,0.005,random,0.1,1.0,0,0.8917264342308044,0.001242006886374816,20,4065,0.07000000000000002,486,4744
2,100,0.3,0.0,harm,hybrid,0.005,random,0.1,1.0,0,0.904774010181427,0.0011682242990654207,20,4065,0.07000000000000002,486,4744
2,100,0.3,0.0,harm,hybrid,0.005,random,0.1,1.0,0,0.9178216457366943,0.0010944417117560255,20,4065,0.07000000000000002,486,4744
2,100,0.3,0.0,harm,hybrid,0.005,random,0.1,1.0,0,0.9308692812919617,0.0010206591244466307,20,4065,0.07000000000000002,486,4744
2,100,0.3,0.0,harm,hybrid,0.005,random,0.1,1.0,0,0.943916916847229,0.0009345794392523365,20,4065,0.07000000000000002,486,4744
2,100,0.3,0.0,harm,hybrid,0.005,random,0.1,1.0,0,0.9569645524024963,0.0008484997540580423,20,4065,0.06750000000000002,486,4744
2,100,0.3,0.0,harm,hybrid,0.005,random,0.1,1.0,0,0.9700121879577637,0.0007870142646335465,20,4065,0.06000000000000001,486,4744
2,100,0.3,0.0,harm,hybrid,0.005,random,0.1,1.0,0,0.9830597639083862,0.0007009345794392523,20,4065,0.05250000000000001,486,4744
2,100,0.3,0.0,harm,hybrid,0.005,random,0.1,1.0,0,0.9961073994636536,0.000602557796360059,20,4065,0.03750000000000001,486,4744
2,100,0.3,0.0,harm,hybrid,0.005,random,0.1,1.0,0,1.009155035018921,0.0004918839153959665,20,4065,0.030000000000000006,486,4744
2,100,0.3,0.0,harm,hybrid,0.005,random,0.1,1.0,0,1.022202730178833,0.0004181013280865715,20,4065,0.0225,486,4744
2,100,0.3,0.0,harm,hybrid,0.005,random,0.1,1.0,0,1.0352503061294556,0.00040580423020167235,20,4065,0.019999999999999997,486,4744
2,100,0.3,0.0,harm,hybrid,0.005,random,0.1,1.0,0,1.0482978820800781,0.0003689129365469749,20,4065,0.015,486,4744
2,100,0.3,0.0,harm,hybrid,0.005,random,0.1,1.0,0,1.0613455772399902,0.00034431874077717656,20,4065,0.0125,486,4744
2,100,0.3,0.0,harm,hybrid,0.005,random,0.1,1.0,0,1.0743931531906128,0.00033202164289227744,20,4065,0.01,486,4744
2,100,0.3,0.0,harm,hybrid,0.005,random,0.1,1.0,0,1.087440848350525,0.0003074274471224791,20,4065,0.005,486,4744
2,100,0.3,0.0,harm,hybrid,0.005,random,0.1,1.0,0,1.1004884243011475,0.00025823905558288243,20,4065,0.0025,486,4744
2,100,0.3,0.0,harm,hybrid,0.005,random,0.1,1.0,0,1.11353600025177,0.00024594195769798326,20,4065,0.0,486,4744
2,100,0.3,0.0,harm,hybrid,0.005,random,0.1,1.0,0,1.1265836954116821,0.00024594195769798326,20,4065,0.0,486,4744
2,100,0.3,0.0,harm,hybrid,0.005,random,0.1,1.0,0,1.1396312713623047,0.00024594195769798326,20,4065,0.0,486,4744
2,100,0.3,0.0,harm,hybrid,0.005,random,0.1,1.0,0,1.1526789665222168,0.00024594195769798326,20,4065,0.0,486,4744
2,100,0.3,0.0,harm,hybrid,0.005,random,0.1,1.0,0,1.1657265424728394,0.00024594195769798326,20,4065,0.0,486,4744
2,100,0.3,0.0,harm,hybrid,0.005,random,0.1,1.0,0,1.178774118423462,0.00024594195769798326,20,4065,0.0,486,4744
2,100,0.3,0.0,harm,hybrid,0.005,random,0.1,1.0,0,1.191821813583374,0.00024594195769798326,20,4065,0.0,486,4744
2,100,0.3,0.0,harm,hybrid,0.005,random,0.1,1.0,0,1.2048693895339966,0.00024594195769798326,20,4065,0.0,486,4744
2,100,0.3,0.0,harm,hybrid,0.005,random,0.1,1.0,0,1.2179170846939087,0.00024594195769798326,20,4065,0.0,486,4744
2,100,0.3,0.0,harm,hybrid,0.005,random,0.1,1.0,0,1.2309646606445312,0.00024594195769798326,20,4065,0.0,486,4744
2,100,0.3,0.0,harm,hybrid,0.005,random,0.1,1.0,0,1.2440123558044434,0.00024594195769798326,20,4065,0.0,486,4744
2,100,0.3,0.0,harm,hybrid,0.005,random,0.1,1.0,0,1.257059931755066,0.00024594195769798326,20,4065,0.0,486,4744
2,100,0.3,0.0,harm,hybrid,0.005,random,0.1,1.0,0,1.2701075077056885,0.00024594195769798326,20,4065,0.0,486,4744
2,100,0.3,0.0,harm,hybrid,0.005,random,0.1,1.0,0,1.2831552028656006,0.00024594195769798326,20,4065,0.0,486,4744
2,100,0.3,0.0,harm,hybrid,0.005,random,0.1,1.0,0,1.2962027788162231,0.00024594195769798326,20,4065,0.0,486,4744
2,100,0.3,0.0,harm,hybrid,0.005,random,0.1,1.0,0,1.3092504739761353,0.00024594195769798326,20,4065,0.0,486,4744
2,100,0.3,0.0,harm,hybrid,0.005,random,0.1,1.0,0,1.3222980499267578,0.00024594195769798326,20,4065,0.0,486,4744
3,100,0.3,0.0,harm,hybrid,0.005,random,0.1,1.0,0,0.05018720030784607,0.0026796739935786617,20,4048,0.0925,530,5214
3,100,0.3,0.0,harm,hybrid,0.005,random,0.1,1.0,0,0.06261549144983292,0.0026796739935786617,20,4048,0.0925,530,5214
3,100,0.3,0.0,harm,hybrid,0.005,random,0.1,1.0,0,0.07504378259181976,0.0026796739935786617,20,4048,0.0925,530,5214
3,100,0.3,0.0,harm,hybrid,0.005,random,0.1,1.0,0,0.08747208118438721,0.0026796739935786617,20,4048,0.0925,530,5214
3,100,0.3,0.0,harm,hybrid,0.005,random,0.1,1.0,0,0.09990036487579346,0.0026796739935786617,20,4048,0.0925,530,5214
3,100,0.3,0.0,harm,hybrid,0.005,random,0.1,1.0,0,0.1123286634683609,0.0026796739935786617,20,4048,0.0925,530,5214
3,100,0.3,0.0,harm,hybrid,0.005,random,0.1,1.0,0,0.12475695461034775,0.0026796739935786617,20,4048,0.0925,530,5214
3,100,0.3,0.0,harm,hybrid,0.005,random,0.1,1.0,0,0.1371852457523346,0.0026796739935786617,20,4048,0.0925,530,5214
3,100,0.3,0.0,harm,hybrid,0.005,random,0.1,1.0,0,0.14961352944374084,0.0026796739935786617,20,4048,0.0925,530,5214
3,100,0.3,0.0,harm,hybrid,0.005,random,0.1,1.0,0,0.1620418280363083,0.0026796739935786617,20,4048,0.0925,530,5214
3,100,0.3,0.0,harm,hybrid,0.005,random,0.1,1.0,0,0.17447012662887573,0.0026796739935786617,20,4048,0.0925,530,5214
3,100,0.3,0.0,harm,hybrid,0.005,random,0.1,1.0,0,0.18689841032028198,0.0026796739935786617,20,4048,0.0925,530,5214
3,100,0.3,0.0,harm,hybrid,0.005,random,0.1,1.0,0,0.19932670891284943,0.0026796739935786617,20,4048,0.0925,530,5214
3,100,0.3,0.0,harm,hybrid,0.005,random,0.1,1.0,0,0.21175499260425568,0.0026796739935786617,20,4048,0.0925,530,5214
3,100,0.3,0.0,harm,hybrid,0.005,random,0.1,1.0,0,0.22418329119682312,0.0026796739935786617,20,4048,0.0925,530,5214
3,100,0.3,0.0,harm,hybrid,0.005,random,0.1,1.0,0,0.23661157488822937,0.002654976537416646,20,4048,0.08750000000000001,530,5214
3,100,0.3,0.0,harm,hybrid,0.005,random,0.1,1.0,0,0.24903987348079681,0.002654976537416646,20,4048,0.08750000000000001,530,5214
3,100,0.3,0.0,harm,hybrid,0.005,random,0.1,1.0,0,0.26146817207336426,0.0026426278093356383,20,4048,0.085,530,5214
3,100,0.3,0.0,harm,hybrid,0.005,random,0.1,1.0,0,0.2738964557647705,0.0026302790812546308,20,4048,0.085,530,5214
3,100,0.3,0.0,harm,hybrid,0.005,random,0.1,1.0,0,0.28632473945617676,0.0026302790812546308,20,4048,0.085,530,5214
3,100,0.3,0.0,harm,hybrid,0.005,random,0.1,1.0,0,0.298753023147583,0.002617930353173623,20,4048,0.0825,530,5214
3,100,0.3,0.0,harm,hybrid,0.005,random,0.1,1.0,0,0.31118133664131165,0.002617930353173623,20,4048,0.0825,530,5214
3,100,0.3,0.0,harm,hybrid,0.005,random,0.1,1.0,0,0.3236096203327179,0.002617930353173623,20,4048,0.0825,530,5214
3,100,0.3,0.0,harm,hybrid,0.005,random,0.1,1.0,0,0.33603790402412415,0.002617930353173623,20,4048,0.0825,530,5214
3,100,0.3,0.0,harm,hybrid,0.005,random,0.1,1.0,0,0.3484662175178528,0.0026055816250926157,20,4048,0.08,530,5214
3,100,0.3,0.0,harm,hybrid,0.005,random,0.1,1.0,0,0.36089450120925903,0.002593232897011608,20,4048,0.0775,530,5214
3,100,0.3,0.0,harm,hybrid,0.005,random,0.1,1.0,0,0.3733227849006653,0.0025808841689306003,20,4048,0.0775,530,5214
3,100,0.3,0.0,harm,hybrid,0.005,random,0.1,1.0,0,0.3857510983943939,0.0025561867127685853,20,4048,0.07500000000000001,530,5214
3,100,0.3,0.0,harm,hybrid,0.005,random,0.1,1.0,0,0.39817938208580017,0.0025314892566065694,20,4048,0.07250000000000001,530,5214
3,100,0.3,0.0,harm,hybrid,0.005,random,0.1,1.0,0,0.4106076657772064,0.002519140528525562,20,4048,0.07250000000000001,530,5214
3,100,0.3,0.0,harm,hybrid,0.005,random,0.1,1.0,0,0.42303594946861267,0.002506791800444555,20,4048,0.07,530,5214
3,100,0.3,0.0,harm,hybrid,0.005,random,0.1,1.0,0,0.4354642629623413,0.002506791800444555,20,4048,0.07,530,5214
3,100,0.3,0.0,harm,hybrid,0.005,random,0.1,1.0,0,0.44789254665374756,0.0024944430723635473,20,4048,0.0675,530,5214
3,100,0.3,0.0,harm,hybrid,0.005,random,0.1,1.0,0,0.4603208303451538,0.002457396888120524,20,4048,0.065,530,5214
3,100,0.3,0.0,harm,hybrid,0.005,random,0.1,1.0,0,0.47274914383888245,0.002420350703877501,20,4048,0.05500000000000001,530,5214
3,100,0.3,0.0,harm,hybrid,0.005,random,0.1,1.0,0,0.4851774275302887,0.002420350703877501,20,4048,0.05500000000000001,530,5214
3,100,0.3,0.0,harm,hybrid,0.005,random,0.1,1.0,0,0.49760571122169495,0.002395653247715485,20,4048,0.05500000000000001,530,5214
3,100,0.3,0.0,harm,hybrid,0.005,random,0.1,1.0,0,0.5100339651107788,0.002383304519634478,20,4048,0.052500000000000005,530,5214
3,100,0.3,0.0,harm,hybrid,0.005,random,0.1,1.0,0,0.5224623084068298,0.002358607063472463,20,4048,0.052500000000000005,530,5214
3,100,0.3,0.0,harm,hybrid,0.005,random,0.1,1.0,0,0.5348905920982361,0.0023339096073104466,20,4048,0.05000000000000001,530,5214
3,100,0.3,0.0,harm,hybrid,0.005,random,0.1,1.0,0,0.5473188757896423,0.0022968634230674245,20,4048,0.05000000000000001,530,5214
3,100,0.3,0.0,harm,hybrid,0.005,random,0.1,1.0,0,0.5597472190856934,0.002272165966905409,20,4048,0.05000000000000001,530,5214
3,100,0.3,0.0,harm,hybrid,0.005,random,0.1,1.0,0,0.5721755027770996,0.002235119782662386,20,4048,0.05000000000000001,530,5214
3,100,0.3,0.0,harm,hybrid,0.005,random,0.1,1.0,0,0.5846037864685059,0.0022104223265003707,20,4048,0.05000000000000001,530,5214
3,100,0.3,0.0,harm,hybrid,0.005,random,0.1,1.0,0,0.5970320701599121,0.0021980735984193627,20,4048,0.05000000000000001,530,5214
3,100,0.3,0.0,harm,hybrid,0.005,random,0.1,1.0,0,0.6094603538513184,0.0021733761422573473,20,4048,0.05000000000000001,530,5214
3,100,0.3,0.0,harm,hybrid,0.005,random,0.1,1.0,0,0.6218886375427246,0.00216102741417634,20,4048,0.05000000000000001,530,5214
3,100,0.3,0.0,harm,hybrid,0.005,random,0.1,1.0,0,0.6343169212341309,0.0021116325018523093,20,4048,0.05000000000000001,530,5214
3,100,0.3,0.0,harm,hybrid,0.005,random,0.1,1.0,0,0.6467452049255371,0.0021116325018523093,20,4048,0.05000000000000001,530,5214
3,100,0.3,0.0,harm,hybrid,0.005,random,0.1,1.0,0,0.6591734886169434,0.0020745863176092863,20,4048,0.05000000000000001,530,5214
3,100,0.3,0.0,harm,hybrid,0.005,random,0.1,1.0,0,0.6716017723083496,0.002062237589528279,20,4048,0.05000000000000001,530,5214
3,100,0.3,0.0,harm,hybrid,0.005,random,0.1,1.0,0,0.6840300559997559,0.0020375401333662634,20,4048,0.05000000000000001,530,5214
3,100,0.3,0.0,harm,hybrid,0.005,random,0.1,1.0,0,0.6964583396911621,0.0019881452210422325,20,4048,0.05000000000000001,530,5214
3,100,0.3,0.0,harm,hybrid,0.005,random,0.1,1.0,0,0.7088866233825684,0.00195109903679921,20,4048,0.05000000000000001,530,5214
3,100,0.3,0.0,harm,hybrid,0.005,random,0.1,1.0,0,0.7213150262832642,0.001901704124475179,20,4048,0.05000000000000001,530,5214
3,100,0.3,0.0,harm,hybrid,0.005,random,0.1,1.0,0,0.7337433099746704,0.0018523092121511485,20,4048,0.05000000000000001,530,5214
3,100,0.3,0.0,harm,hybrid,0.005,random,0.1,1.0,0,0.7461715936660767,0.0018523092121511485,20,4048,0.05000000000000001,530,5214
3,100,0.3,0.0,harm,hybrid,0.005,random,0.1,1.0,0,0.7585998773574829,0.001802914299827118,20,4048,0.05000000000000001,530,5214
3,100,0.3,0.0,harm,hybrid,0.005,random,0.1,1.0,0,0.7710281610488892,0.0017658681155840951,20,4048,0.05000000000000001,530,5214
3,100,0.3,0.0,harm,hybrid,0.005,random,0.1,1.0,0,0.7834564447402954,0.0016547295628550262,20,4048,0.05000000000000001,530,5214
3,100,0.3,0.0,harm,hybrid,0.005,random,0.1,1.0,0,0.7958847284317017,0.0016176833786120033,20,4048,0.05000000000000001,530,5214
3,100,0.3,0.0,harm,hybrid,0.005,random,0.1,1.0,0,0.8083130121231079,0.0015929859224499878,20,4048,0.05000000000000001,530,5214
3,100,0.3,0.0,harm,hybrid,0.005,random,0.1,1.0,0,0.8207412958145142,0.0015312422820449494,20,4048,0.05000000000000001,530,5214
3,100,0.3,0.0,harm,hybrid,0.005,random,0.1,1.0,0,0.8331695795059204,0.0014941960978019264,20,4048,0.05000000000000001,530,5214
3,100,0.3,0.0,harm,hybrid,0.005,random,0.1,1.0,0,0.8455978631973267,0.001469498641639911,20,4048,0.05000000000000001,530,5214
3,100,0.3,0.0,harm,hybrid,0.005,random,0.1,1.0,0,0.8580261468887329,0.001333662632748827,20,4048,0.05000000000000001,530,5214
3,100,0.3,0.0,harm,hybrid,0.005,random,0.1,1.0,0,0.8704544305801392,0.0012966164485058041,20,4048,0.05000000000000001,530,5214
3,100,0.3,0.0,harm,hybrid,0.005,random,0.1,1.0,0,0.8828827142715454,0.0012101753519387502,20,4048,0.05000000000000001,530,5214
3,100,0.3,0.0,harm,hybrid,0.005,random,0.1,1.0,0,0.8953111171722412,0.0011484317115337123,20,4048,0.05000000000000001,530,5214
3,100,0.3,0.0,harm,hybrid,0.005,random,0.1,1.0,0,0.9077394008636475,0.0010619906149666584,20,4048,0.05000000000000001,530,5214
3,100,0.3,0.0,harm,hybrid,0.005,random,0.1,1.0,0,0.9201676845550537,0.0009878982464806125,20,4048,0.05000000000000001,530,5214
3,100,0.3,0.0,harm,hybrid,0.005,random,0.1,1.0,0,0.93259596824646,0.0009385033341565819,20,4048,0.05000000000000001,530,5214
3,100,0.3,0.0,harm,hybrid,0.005,random,0.1,1.0,0,0.9450242519378662,0.0008273647814275131,20,4048,0.05000000000000001,530,5214
3,100,0.3,0.0,harm,hybrid,0.005,random,0.1,1.0,0,0.9574525356292725,0.0007532724129414671,20,4048,0.0475,530,5214
3,100,0.3,0.0,harm,hybrid,0.005,random,0.1,1.0,0,0.9698808193206787,0.0006544825882934058,20,4048,0.042499999999999996,530,5214
3,100,0.3,0.0,harm,hybrid,0.005,random,0.1,1.0,0,0.982309103012085,0.0005680414917263522,20,4048,0.039999999999999994,530,5214
3,100,0.3,0.0,harm,hybrid,0.005,random,0.1,1.0,0,0.9947373867034912,0.0004816003951592986,20,4048,0.030000000000000006,530,5214
3,100,0.3,0.0,harm,hybrid,0.005,random,0.1,1.0,0,1.0071656703948975,0.00044455421091627566,20,4048,0.025,530,5214
3,100,0.3,0.0,harm,hybrid,0.005,random,0.1,1.0,0,1.0195939540863037,0.00038281057051123735,20,4048,0.0125,530,5214
3,100,0.3,0.0,harm,hybrid,0.005,random,0.1,1.0,0,1.03202223777771,0.0003457643862682144,20,4048,0.0075000000000000015,530,5214
3,100,0.3,0.0,harm,hybrid,0.005,random,0.1,1.0,0,1.0444505214691162,0.0002840207458631761,20,4048,0.005,530,5214
3,100,0.3,0.0,harm,hybrid,0.005,random,0.1,1.0,0,1.056878924369812,0.0002593232897011608,20,4048,0.0025,530,5214
3,100,0.3,0.0,harm,hybrid,0.005,random,0.1,1.0,0,1.0693072080612183,0.0002469745616201531,20,4048,0.0,530,5214
3,100,0.3,0.0,harm,hybrid,0.005,random,0.1,1.0,0,1.0817354917526245,0.0002469745616201531,20,4048,0.0,530,5214
3,100,0.3,0.0,harm,hybrid,0.005,random,0.1,1.0,0,1.0941637754440308,0.0002469745616201531,20,4048,0.0,530,5214
3,100,0.3,0.0,harm,hybrid,0.005,random,0.1,1.0,0,1.106592059135437,0.0002469745616201531,20,4048,0.0,530,5214
3,100,0.3,0.0,harm,hybrid,0.005,random,0.1,1.0,0,1.1190203428268433,0.0002469745616201531,20,4048,0.0,530,5214
3,100,0.3,0.0,harm,hybrid,0.005,random,0.1,1.0,0,1.1314486265182495,0.0002469745616201531,20,4048,0.0,530,5214
3,100,0.3,0.0,harm,hybrid,0.005,random,0.1,1.0,0,1.1438769102096558,0.0002469745616201531,20,4048,0.0,530,5214
3,100,0.3,0.0,harm,hybrid,0.005,random,0.1,1.0,0,1.156305193901062,0.0002469745616201531,20,4048,0.0,530,5214
3,100,0.3,0.0,harm,hybrid,0.005,random,0.1,1.0,0,1.1687334775924683,0.0002469745616201531,20,4048,0.0,530,5214
3,100,0.3,0.0,harm,hybrid,0.005,random,0.1,1.0,0,1.1811617612838745,0.0002469745616201531,20,4048,0.0,530,5214
3,100,0.3,0.0,harm,hybrid,0.005,random,0.1,1.0,0,1.1935900449752808,0.0002469745616201531,20,4048,0.0,530,5214
3,100,0.3,0.0,harm,hybrid,0.005,random,0.1,1.0,0,1.2060184478759766,0.0002469745616201531,20,4048,0.0,530,5214
3,100,0.3,0.0,harm,hybrid,0.005,random,0.1,1.0,0,1.2184467315673828,0.0002469745616201531,20,4048,0.0,530,5214
3,100,0.3,0.0,harm,hybrid,0.005,random,0.1,1.0,0,1.230875015258789,0.0002469745616201531,20,4048,0.0,530,5214
3,100,0.3,0.0,harm,hybrid,0.005,random,0.1,1.0,0,1.2433032989501953,0.0002469745616201531,20,4048,0.0,530,5214
3,100,0.3,0.0,harm,hybrid,0.005,random,0.1,1.0,0,1.2557315826416016,0.0002469745616201531,20,4048,0.0,530,5214
3,100,0.3,0.0,harm,hybrid,0.005,random,0.1,1.0,0,1.2681598663330078,0.0002469745616201531,20,4048,0.0,530,5214
3,100,0.3,0.0,harm,hybrid,0.005,random,0.1,1.0,0,1.280588150024414,0.0002469745616201531,20,4048,0.0,530,5214
4,100,0.3,0.0,harm,hybrid,0.005,random,0.1,1.0,0,0.12783026695251465,0.002720751916893396,20,4042,0.08750000000000001,502,4941
4,100,0.3,0.0,harm,hybrid,0.005,random,0.1,1.0,0,0.14074985682964325,0.002720751916893396,20,4042,0.08750000000000001,502,4941
4,100,0.3,0.0,harm,hybrid,0.005,random,0.1,1.0,0,0.15366944670677185,0.002720751916893396,20,4042,0.08750000000000001,502,4941
4,100,0.3,0.0,harm,hybrid,0.005,random,0.1,1.0,0,0.16658903658390045,0.002720751916893396,20,4042,0.08750000000000001,502,4941
4,100,0.3,0.0,harm,hybrid,0.005,random,0.1,1.0,0,0.17950862646102905,0.002720751916893396,20,4042,0.08750000000000001,502,4941
4,100,0.3,0.0,harm,hybrid,0.005,random,0.1,1.0,0,0.19242820143699646,0.002720751916893396,20,4042,0.08750000000000001,502,4941
4,100,0.3,0.0,harm,hybrid,0.005,random,0.1,1.0,0,0.20534780621528625,0.002720751916893396,20,4042,0.08750000000000001,502,4941
4,100,0.3,0.0,harm,hybrid,0.005,random,0.1,1.0,0,0.21826738119125366,0.002720751916893396,20,4042,0.08750000000000001,502,4941
4,100,0.3,0.0,harm,hybrid,0.005,random,0.1,1.0,0,0.23118698596954346,0.002720751916893396,20,4042,0.08750000000000001,502,4941
4,100,0.3,0.0,harm,hybrid,0.005,random,0.1,1.0,0,0.24410656094551086,0.002720751916893396,20,4042,0.08750000000000001,502,4941
4,100,0.3,0.0,harm,hybrid,0.005,random,0.1,1.0,0,0.25702613592147827,0.002720751916893396,20,4042,0.08750000000000001,502,4941
4,100,0.3,0.0,harm,hybrid,0.005,random,0.1,1.0,0,0.26994574069976807,0.002720751916893396,20,4042,0.08750000000000001,502,4941
4,100,0.3,0.0,harm,hybrid,0.005,random,0.1,1.0,0,0.28286534547805786,0.002720751916893396,20,4042,0.08750000000000001,502,4941
4,100,0.3,0.0,harm,hybrid,0.005,random,0.1,1.0,0,0.29578492045402527,0.002720751916893396,20,4042,0.08750000000000001,502,4941
4,100,0.3,0.0,harm,hybrid,0.005,random,0.1,1.0,0,0.3087044954299927,0.002720751916893396,20,4042,0.08750000000000001,502,4941
4,100,0.3,0.0,harm,hybrid,0.005,random,0.1,1.0,0,0.32162410020828247,0.002720751916893396,20,4042,0.08750000000000001,502,4941
4,100,0.3,0.0,harm,hybrid,0.005,random,0.1,1.0,0,0.33454370498657227,0.002720751916893396,20,4042,0.08750000000000001,502,4941
4,100,0.3,0.0,harm,hybrid,0.005,random,0.1,1.0,0,0.3474632799625397,0.002720751916893396,20,4042,0.08750000000000001,502,4941
4,100,0.3,0.0,harm,hybrid,0.005,random,0.1,1.0,0,0.3603828549385071,0.002720751916893396,20,4042,0.08750000000000001,502,4941
4,100,0.3,0.0,harm,hybrid,0.005,random,0.1,1.0,0,0.3733024597167969,0.002720751916893396,20,4042,0.08750000000000001,502,4941
4,100,0.3,0.0,harm,hybrid,0.005,random,0.1,1.0,0,0.3862220346927643,0.002720751916893396,20,4042,0.08750000000000001,502,4941
4,100,0.3,0.0,harm,hybrid,0.005,random,0.1,1.0,0,0.3991416394710541,0.002720751916893396,20,4042,0.08750000000000001,502,4941
4,100,0.3,0.0,harm,hybrid,0.005,random,0.1,1.0,0,0.4120612144470215,0.002708384862725699,20,4042,0.08750000000000001,502,4941
4,100,0.3,0.0,harm,hybrid,0.005,random,0.1,1.0,0,0.4249808192253113,0.002708384862725699,20,4042,0.08750000000000001,502,4941
4,100,0.3,0.0,harm,hybrid,0.005,random,0.1,1.0,0,0.4379003942012787,0.002708384862725699,20,4042,0.08750000000000001,502,4941
4,100,0.3,0.0,harm,hybrid,0.005,random,0.1,1.0,0,0.4508199989795685,0.002708384862725699,20,4042,0.08750000000000001,502,4941
4,100,0.3,0.0,harm,hybrid,0.005,random,0.1,1.0,0,0.4637395739555359,0.002696017808558002,20,4042,0.08500000000000002,502,4941
4,100,0.3,0.0,harm,hybrid,0.005,random,0.1,1.0,0,0.4766591787338257,0.002696017808558002,20,4042,0.08500000000000002,502,4941
4,100,0.3,0.0,harm,hybrid,0.005,random,0.1,1.0,0,0.4895787537097931,0.002696017808558002,20,4042,0.08500000000000002,502,4941
4,100,0.3,0.0,harm,hybrid,0.005,random,0.1,1.0,0,0.5024983882904053,0.002696017808558002,20,4042,0.08500000000000002,502,4941
4,100,0.3,0.0,harm,hybrid,0.005,random,0.1,1.0,0,0.5154179334640503,0.0026712837002226073,20,4042,0.08250000000000002,502,4941
4,100,0.3,0.0,harm,hybrid,0.005,random,0.1,1.0,0,0.5283375382423401,0.00265891664605491,20,4042,0.08250000000000002,502,4941
4,100,0.3,0.0,harm,hybrid,0.005,random,0.1,1.0,0,0.5412571430206299,0.0026218154835518184,20,4042,0.08000000000000002,502,4941
4,100,0.3,0.0,harm,hybrid,0.005,random,0.1,1.0,0,0.5541766881942749,0.002609448429384121,20,4042,0.07750000000000001,502,4941
4,100,0.3,0.0,harm,hybrid,0.005,random,0.1,1.0,0,0.5670962929725647,0.0025847143210487263,20,4042,0.07500000000000001,502,4941
4,100,0.3,0.0,harm,hybrid,0.005,random,0.1,1.0,0,0.5800158977508545,0.002572347266881029,20,4042,0.07500000000000001,502,4941
4,100,0.3,0.0,harm,hybrid,0.005,random,0.1,1.0,0,0.5929354429244995,0.0025352461043779374,20,4042,0.07500000000000001,502,4941
4,100,0.3,0.0,harm,hybrid,0.005,random,0.1,1.0,0,0.6058550477027893,0.002547613158545635,20,4042,0.07250000000000001,502,4941
4,100,0.3,0.0,harm,hybrid,0.005,random,0.1,1.0,0,0.6187746524810791,0.002510511996042543,20,4042,0.07250000000000001,502,4941
4,100,0.3,0.0,harm,hybrid,0.005,random,0.1,1.0,0,0.6316942572593689,0.0024734108335394515,20,4042,0.07000000000000002,502,4941
4,100,0.3,0.0,harm,hybrid,0.005,random,0.1,1.0,0,0.6446138024330139,0.002436309671036359,20,4042,0.07000000000000002,502,4941
4,100,0.3,0.0,harm,hybrid,0.005,random,0.1,1.0,0,0.6575334072113037,0.0023868414543655706,20,4042,0.07000000000000002,502,4941
4,100,0.3,0.0,harm,hybrid,0.005,random,0.1,1.0,0,0.6704530119895935,0.0023744744001978737,20,4042,0.07000000000000002,502,4941
4,100,0.3,0.0,harm,hybrid,0.005,random,0.1,1.0,0,0.6833726167678833,0.002325006183527084,20,4042,0.06750000000000002,502,4941
4,100,0.3,0.0,harm,hybrid,0.005,random,0.1,1.0,0,0.6962921619415283,0.00230027207519169,20,4042,0.06750000000000002,502,4941
4,100,0.3,0.0,harm,hybrid,0.005,random,0.1,1.0,0,0.7092117667198181,0.0022879050210239922,20,4042,0.06750000000000002,502,4941
4,100,0.3,0.0,harm,hybrid,0.005,random,0.1,1.0,0,0.7221313714981079,0.0022260697501855064,20,4042,0.06500000000000002,502,4941
4,100,0.3,0.0,harm,hybrid,0.005,random,0.1,1.0,0,0.7350509762763977,0.0022013356418501117,20,4042,0.06500000000000002,502,4941
4,100,0.3,0.0,harm,hybrid,0.005,random,0.1,1.0,0,0.7479705214500427,0.0021889685876824144,20,4042,0.06500000000000002,502,4941
4,100,0.3,0.0,harm,hybrid,0.005,random,0.1,1.0,0,0.7608901262283325,0.002176601533514717,20,4042,0.06500000000000002,502,4941
4,100,0.3,0.0,harm,hybrid,0.005,random,0.1,1.0,0,0.7738097310066223,0.0021642344793470197,20,4042,0.06500000000000002,502,4941
4,100,0.3,0.0,harm,hybrid,0.005,random,0.1,1.0,0,0.7867292761802673,0.0021518674251793223,20,4042,0.06500000000000002,502,4941
4,100,0.3,0.0,harm,hybrid,0.005,random,0.1,1.0,0,0.7996488809585571,0.0021147662626762307,20,4042,0.06500000000000002,502,4941
4,100,0.3,0.0,harm,hybrid,0.005,random,0.1,1.0,0,0.8125684857368469,0.0020652980460054418,20,4042,0.06500000000000002,502,4941
4,100,0.3,0.0,harm,hybrid,0.005,random,0.1,1.0,0,0.8254880905151367,0.002040563937670047,20,4042,0.06500000000000002,502,4941
4,100,0.3,0.0,harm,hybrid,0.005,random,0.1,1.0,0,0.8384076356887817,0.0020281968835023497,20,4042,0.06500000000000002,502,4941
4,100,0.3,0.0,harm,hybrid,0.005,random,0.1,1.0,0,0.8513272404670715,0.001991095720999258,20,4042,0.06500000000000002,502,4941
4,100,0.3,0.0,harm,hybrid,0.005,random,0.1,1.0,0,0.8642468452453613,0.0019292604501607719,20,4042,0.06500000000000002,502,4941
4,100,0.3,0.0,harm,hybrid,0.005,random,0.1,1.0,0,0.8771664500236511,0.0018550581251545882,20,4042,0.06500000000000002,502,4941
4,100,0.3,0.0,harm,hybrid,0.005,random,0.1,1.0,0,0.8900859951972961,0.001805589908483799,20,4042,0.06500000000000002,502,4941
4,100,0.3,0.0,harm,hybrid,0.005,random,0.1,1.0,0,0.9030055999755859,0.0017190205293099187,20,4042,0.06500000000000002,502,4941
4,100,0.3,0.0,harm,hybrid,0.005,random,0.1,1.0,0,0.9159252047538757,0.0016448182043037347,20,4042,0.06500000000000002,502,4941
4,100,0.3,0.0,harm,hybrid,0.005,random,0.1,1.0,0,0.9288448095321655,0.001607717041800643,20,4042,0.06500000000000002,502,4941
4,100,0.3,0.0,harm,hybrid,0.005,random,0.1,1.0,0,0.9417643547058105,0.0015087806084590652,20,4042,0.06500000000000002,502,4941
4,100,0.3,0.0,harm,hybrid,0.005,random,0.1,1.0,0,0.9546839594841003,0.0014593123917882762,20,4042,0.06500000000000002,502,4941
4,100,0.3,0.0,harm,hybrid,0.005,random,0.1,1.0,0,0.9676035642623901,0.0013851100667820928,20,4042,0.06500000000000002,502,4941
4,100,0.3,0.0,harm,hybrid,0.005,random,0.1,1.0,0,0.9805231094360352,0.0013109077417759094,20,4042,0.06500000000000002,502,4941
4,100,0.3,0.0,harm,hybrid,0.005,random,0.1,1.0,0,0.993442714214325,0.0012367054167697258,20,4042,0.06500000000000002,502,4941
4,100,0.3,0.0,harm,hybrid,0.005,random,0.1,1.0,0,1.0063623189926147,0.001113034875092753,20,4042,0.06500000000000002,502,4941
4,100,0.3,0.0,harm,hybrid,0.005,random,0.1,1.0,0,1.0192818641662598,0.0010017313875834777,20,4042,0.06500000000000002,502,4941
4,100,0.3,0.0,harm,hybrid,0.005,random,0.1,1.0,0,1.0322015285491943,0.0009522631709126886,20,4042,0.06500000000000002,502,4941
4,100,0.3,0.0,harm,hybrid,0.005,random,0.1,1.0,0,1.0451210737228394,0.0008904279000742023,20,4042,0.06000000000000001,502,4941
4,100,0.3,0.0,harm,hybrid,0.005,random,0.1,1.0,0,1.0580406188964844,0.0008656937917388078,20,4042,0.05750000000000001,502,4941
4,100,0.3,0.0,harm,hybrid,0.005,random,0.1,1.0,0,1.070960283279419,0.0007667573583972297,20,4042,0.05,502,4941
4,100,0.3,0.0,harm,hybrid,0.005,random,0.1,1.0,0,1.083879828453064,0.0006678209250556517,20,4042,0.0375,502,4941
4,100,0.3,0.0,harm,hybrid,0.005,random,0.1,1.0,0,1.096799373626709,0.0005688844917140737,20,4042,0.027500000000000004,502,4941
4,100,0.3,0.0,harm,hybrid,0.005,random,0.1,1.0,0,1.1097190380096436,0.00046994805837249573,20,4042,0.019999999999999997,502,4941
4,100,0.3,0.0,harm,hybrid,0.005,random,0.1,1.0,0,1.1226387023925781,0.0004204798417017067,20,4042,0.0125,502,4941
4,100,0.3,0.0,harm,hybrid,0.005,random,0.1,1.0,0,1.1355582475662231,0.00040811278753400944,20,4042,0.01,502,4941
4,100,0.3,0.0,harm,hybrid,0.005,random,0.1,1.0,0,1.1484777927398682,0.0003710116250309177,20,4042,0.005,502,4941
4,100,0.3,0.0,harm,hybrid,0.005,random,0.1,1.0,0,1.1613973379135132,0.0003339104625278259,20,4042,0.0025,502,4941
4,100,0.3,0.0,harm,hybrid,0.005,random,0.1,1.0,0,1.1743170022964478,0.0002968093000247341,20,4042,0.0025,502,4941
4,100,0.3,0.0,harm,hybrid,0.005,random,0.1,1.0,0,1.1872365474700928,0.00028444224585703686,20,4042,0.0025,502,4941
4,100,0.3,0.0,harm,hybrid,0.005,random,0.1,1.0,0,1.2001560926437378,0.0002473410833539451,20,4042,0.0,502,4941
4,100,0.3,0.0,harm,hybrid,0.005,random,0.1,1.0,0,1.2130757570266724,0.0002473410833539451,20,4042,0.0,502,4941
4,100,0.3,0.0,harm,hybrid,0.005,random,0.1,1.0,0,1.2259953022003174,0.0002473410833539451,20,4042,0.0,502,4941
4,100,0.3,0.0,harm,hybrid,0.005,random,0.1,1.0,0,1.238914966583252,0.0002473410833539451,20,4042,0.0,502,4941
4,100,0.3,0.0,harm,hybrid,0.005,random,0.1,1.0,0,1.251834511756897,0.0002473410833539451,20,4042,0.0,502,4941
4,100,0.3,0.0,harm,hybrid,0.005,random,0.1,1.0,0,1.264754056930542,0.0002473410833539451,20,4042,0.0,502,4941
4,100,0.3,0.0,harm,hybrid,0.005,random,0.1,1.0,0,1.2776737213134766,0.0002473410833539451,20,4042,0.0,502,4941
4,100,0.3,0.0,harm,hybrid,0.005,random,0.1,1.0,0,1.2905932664871216,0.0002473410833539451,20,4042,0.0,502,4941
4,100,0.3,0.0,harm,hybrid,0.005,random,0.1,1.0,0,1.3035128116607666,0.0002473410833539451,20,4042,0.0,502,4941
4,100,0.3,0.0,harm,hybrid,0.005,random,0.1,1.0,0,1.3164324760437012,0.0002473410833539451,20,4042,0.0,502,4941
4,100,0.3,0.0,harm,hybrid,0.005,random,0.1,1.0,0,1.3293520212173462,0.0002473410833539451,20,4042,0.0,502,4941
4,100,0.3,0.0,harm,hybrid,0.005,random,0.1,1.0,0,1.3422716856002808,0.0002473410833539451,20,4042,0.0,502,4941
4,100,0.3,0.0,harm,hybrid,0.005,random,0.1,1.0,0,1.3551912307739258,0.0002473410833539451,20,4042,0.0,502,4941
4,100,0.3,0.0,harm,hybrid,0.005,random,0.1,1.0,0,1.3681107759475708,0.0002473410833539451,20,4042,0.0,502,4941
4,100,0.3,0.0,harm,hybrid,0.005,random,0.1,1.0,0,1.3810304403305054,0.0002473410833539451,20,4042,0.0,502,4941
4,100,0.3,0.0,harm,hybrid,0.005,random,0.1,1.0,0,1.3939499855041504,0.0002473410833539451,20,4042,0.0,502,4941
4,100,0.3,0.0,harm,hybrid,0.005,random,0.1,1.0,0,1.4068695306777954,0.0002473410833539451,20,4042,0.0,502,4941
5,100,0.3,0.0,harm,hybrid,0.005,random,0.1,1.0,0,0.08004054427146912,0.0026940187839841825,20,4045,0.1075,521,5139
5,100,0.3,0.0,harm,hybrid,0.005,random,0.1,1.0,0,0.09199190139770508,0.0026940187839841825,20,4045,0.1075,521,5139
5,100,0.3,0.0,harm,hybrid,0.005,random,0.1,1.0,0,0.10394325852394104,0.0026940187839841825,20,4045,0.1075,521,5139
5,100,0.3,0.0,harm,hybrid,0.005,random,0.1,1.0,0,0.1158946231007576,0.0026940187839841825,20,4045,0.1075,521,5139
5,100,0.3,0.0,harm,hybrid,0.005,random,0.1,1.0,0,0.12784597277641296,0.0026940187839841825,20,4045,0.1075,521,5139
5,100,0.3,0.0,harm,hybrid,0.005,random,0.1,1.0,0,0.13979732990264893,0.0026940187839841825,20,4045,0.1075,521,5139
5,100,0.3,0.0,harm,hybrid,0.005,random,0.1,1.0,0,0.15174870193004608,0.0026940187839841825,20,4045,0.1075,521,5139
5,100,0.3,0.0,harm,hybrid,0.005,random,0.1,1.0,0,0.16370005905628204,0.0026940187839841825,20,4045,0.1075,521,5139
5,100,0.3,0.0,harm,hybrid,0.005,random,0.1,1.0,0,0.175651416182518,0.0026940187839841825,20,4045,0.1075,521,5139
5,100,0.3,0.0,harm,hybrid,0.005,random,0.1,1.0,0,0.18760277330875397,0.0026940187839841825,20,4045,0.1075,521,5139
5,100,0.3,0.0,harm,hybrid,0.005,random,0.1,1.0,0,0.19955413043498993,0.0026940187839841825,20,4045,0.1075,521,5139
5,100,0.3,0.0,harm,hybrid,0.005,random,0.1,1.0,0,0.2115054875612259,0.0026940187839841825,20,4045,0.1075,521,5139
5,100,0.3,0.0,harm,hybrid,0.005,random,0.1,1.0,0,0.22345685958862305,0.0026940187839841825,20,4045,0.1075,521,5139
5,100,0.3,0.0,harm,hybrid,0.005,random,0.1,1.0,0,0.235408216714859,0.0026940187839841825,20,4045,0.1075,521,5139
5,100,0.3,0.0,harm,hybrid,0.005,random,0.1,1.0,0,0.24735957384109497,0.0026940187839841825,20,4045,0.1075,521,5139
5,100,0.3,0.0,harm,hybrid,0.005,random,0.1,1.0,0,0.25931093096733093,0.0026693030153237766,20,4045,0.1025,521,5139
5,100,0.3,0.0,harm,hybrid,0.005,random,0.1,1.0,0,0.2712622880935669,0.0026693030153237766,20,4045,0.1025,521,5139
5,100,0.3,0.0,harm,hybrid,0.005,random,0.1,1.0,0,0.28321364521980286,0.0026693030153237766,20,4045,0.1025,521,5139
5,100,0.3,0.0,harm,hybrid,0.005,random,0.1,1.0,0,0.2951650023460388,0.0026693030153237766,20,4045,0.1025,521,5139
5,100,0.3,0.0,harm,hybrid,0.005,random,0.1,1.0,0,0.3071163594722748,0.0026693030153237766,20,4045,0.1025,521,5139
5,100,0.3,0.0,harm,hybrid,0.005,random,0.1,1.0,0,0.31906771659851074,0.0026693030153237766,20,4045,0.1025,521,5139
5,100,0.3,0.0,harm,hybrid,0.005,random,0.1,1.0,0,0.3310190737247467,0.0026569451309935736,20,4045,0.1025,521,5139
5,100,0.3,0.0,harm,hybrid,0.005,random,0.1,1.0,0,0.34297043085098267,0.0026445872466633706,20,4045,0.1,521,5139
5,100,0.3,0.0,harm,hybrid,0.005,random,0.1,1.0,0,0.35492178797721863,0.0026445872466633706,20,4045,0.1,521,5139
5,100,0.3,0.0,harm,hybrid,0.005,random,0.1,1.0,0,0.366873174905777,0.0026322293623331685,20,4045,0.0975,521,5139
5,100,0.3,0.0,harm,hybrid,0.005,random,0.1,1.0,0,0.37882453203201294,0.0026198714780029655,20,4045,0.095,521,5139
5,100,0.3,0.0,harm,hybrid,0.005,random,0.1,1.0,0,0.3907758891582489,0.0026075135936727634,20,4045,0.095,521,5139
5,100,0.3,0.0,harm,hybrid,0.005,random,0.1,1.0,0,0.40272724628448486,0.0025951557093425604,20,4045,0.09250000000000001,521,5139
5,100,0.3,0.0,harm,hybrid,0.005,random,0.1,1.0,0,0.4146786034107208,0.002570439940682156,20,4045,0.09000000000000001,521,5139
5,100,0.3,0.0,harm,hybrid,0.005,random,0.1,1.0,0,0.4266299605369568,0.0025457241720217494,20,4045,0.08750000000000001,521,5139
5,100,0.3,0.0,harm,hybrid,0.005,random,0.1,1.0,0,0.43858131766319275,0.002508650519031142,20,4045,0.08250000000000002,521,5139
5,100,0.3,0.0,harm,hybrid,0.005,random,0.1,1.0,0,0.4505326747894287,0.002471576866040534,20,4045,0.07750000000000001,521,5139
5,100,0.3,0.0,harm,hybrid,0.005,random,0.1,1.0,0,0.4624840319156647,0.002446861097380128,20,4045,0.07500000000000001,521,5139
5,100,0.3,0.0,harm,hybrid,0.005,random,0.1,1.0,0,0.47443538904190063,0.002422145328719723,20,4045,0.07250000000000001,521,5139
5,100,0.3,0.0,harm,hybrid,0.005,random,0.1,1.0,0,0.4863867461681366,0.002372713791398912,20,4045,0.07000000000000002,521,5139
5,100,0.3,0.0,harm,hybrid,0.005,random,0.1,1.0,0,0.49833810329437256,0.002372713791398912,20,4045,0.07000000000000002,521,5139
5,100,0.3,0.0,harm,hybrid,0.005,random,0.1,1.0,0,0.5102894306182861,0.002347998022738507,20,4045,0.07000000000000002,521,5139
5,100,0.3,0.0,harm,hybrid,0.005,random,0.1,1.0,0,0.5222408175468445,0.0023109243697478988,20,4045,0.06750000000000002,521,5139
5,100,0.3,0.0,harm,hybrid,0.005,random,0.1,1.0,0,0.5341922044754028,0.0022738507167572915,20,4045,0.06750000000000002,521,5139
5,100,0.3,0.0,harm,hybrid,0.005,random,0.1,1.0,0,0.5461435317993164,0.0022491349480968864,20,4045,0.06500000000000002,521,5139
5,100,0.3,0.0,harm,hybrid,0.005,random,0.1,1.0,0,0.55809485912323,0.0022491349480968864,20,4045,0.06500000000000002,521,5139
5,100,0.3,0.0,harm,hybrid,0.005,random,0.1,1.0,0,0.5700463056564331,0.0022367770637666835,20,4045,0.06500000000000002,521,5139
5,100,0.3,0.0,harm,hybrid,0.005,random,0.1,1.0,0,0.5819976329803467,0.0022244191794364805,20,4045,0.06500000000000002,521,5139
5,100,0.3,0.0,harm,hybrid,0.005,random,0.1,1.0,0,0.5939489603042603,0.0022244191794364805,20,4045,0.06500000000000002,521,5139
5,100,0.3,0.0,harm,hybrid,0.005,random,0.1,1.0,0,0.6059002876281738,0.0022244191794364805,20,4045,0.06500000000000002,521,5139
5,100,0.3,0.0,harm,hybrid,0.005,random,0.1,1.0,0,0.617851734161377,0.0021997034107760754,20,4045,0.06500000000000002,521,5139
5,100,0.3,0.0,harm,hybrid,0.005,random,0.1,1.0,0,0.6298030614852905,0.0021997034107760754,20,4045,0.06500000000000002,521,5139
5,100,0.3,0.0,harm,hybrid,0.005,random,0.1,1.0,0,0.6417543888092041,0.0021873455264458724,20,4045,0.06500000000000002,521,5139
5,100,0.3,0.0,harm,hybrid,0.005,random,0.1,1.0,0,0.6537058353424072,0.0021379139891250618,20,4045,0.06500000000000002,521,5139
5,100,0.3,0.0,harm,hybrid,0.005,random,0.1,1.0,0,0.6656571626663208,0.0021255561047948592,20,4045,0.06500000000000002,521,5139
5,100,0.3,0.0,harm,hybrid,0.005,random,0.1,1.0,0,0.6776084899902344,0.002051408798813643,20,4045,0.06500000000000002,521,5139
5,100,0.3,0.0,harm,hybrid,0.005,random,0.1,1.0,0,0.689559817314148,0.002014335145823035,20,4045,0.06500000000000002,521,5139
5,100,0.3,0.0,harm,hybrid,0.005,random,0.1,1.0,0,0.7015112638473511,0.001964903608502224,20,4045,0.06500000000000002,521,5139
5,100,0.3,0.0,harm,hybrid,0.005,random,0.1,1.0,0,0.7134625911712646,0.0019401878398418188,20,4045,0.06500000000000002,521,5139
5,100,0.3,0.0,harm,hybrid,0.005,random,0.1,1.0,0,0.7254139184951782,0.0018783984181908056,20,4045,0.06500000000000002,521,5139
5,100,0.3,0.0,harm,hybrid,0.005,random,0.1,1.0,0,0.7373652458190918,0.0018413247652001978,20,4045,0.06500000000000002,521,5139
5,100,0.3,0.0,harm,hybrid,0.005,random,0.1,1.0,0,0.7493166923522949,0.0018289668808699952,20,4045,0.06500000000000002,521,5139
5,100,0.3,0.0,harm,hybrid,0.005,random,0.1,1.0,0,0.7612680196762085,0.0018166089965397922,20,4045,0.06500000000000002,521,5139
5,100,0.3,0.0,harm,hybrid,0.005,random,0.1,1.0,0,0.7732193470001221,0.0017671774592189818,20,4045,0.06500000000000002,521,5139
5,100,0.3,0.0,harm,hybrid,0.005,random,0.1,1.0,0,0.7851706743240356,0.0017424616905585765,20,4045,0.06500000000000002,521,5139
5,100,0.3,0.0,harm,hybrid,0.005,random,0.1,1.0,0,0.7971221208572388,0.001717745921898171,20,4045,0.06500000000000002,521,5139
5,100,0.3,0.0,harm,hybrid,0.005,random,0.1,1.0,0,0.8090734481811523,0.0016312407315867523,20,4045,0.06500000000000002,521,5139
5,100,0.3,0.0,harm,hybrid,0.005,random,0.1,1.0,0,0.8210247755050659,0.0015076618882847255,20,4045,0.06500000000000002,521,5139
5,100,0.3,0.0,harm,hybrid,0.005,random,0.1,1.0,0,0.8329761028289795,0.0014335145823035098,20,4045,0.06500000000000002,521,5139
5,100,0.3,0.0,harm,hybrid,0.005,random,0.1,1.0,0,0.8449275493621826,0.0013717251606524964,20,4045,0.06500000000000002,521,5139
5,100,0.3,0.0,harm,hybrid,0.005,random,0.1,1.0,0,0.8568788766860962,0.0012481463173504698,20,4045,0.06500000000000002,521,5139
5,100,0.3,0.0,harm,hybrid,0.005,random,0.1,1.0,0,0.8688302040100098,0.0011616411270390509,20,4045,0.06500000000000002,521,5139
5,100,0.3,0.0,harm,hybrid,0.005,random,0.1,1.0,0,0.8807816505432129,0.001087493821057835,20,4045,0.06500000000000002,521,5139
5,100,0.3,0.0,harm,hybrid,0.005,random,0.1,1.0,0,0.8927329778671265,0.0009886307464162135,20,4045,0.06500000000000002,521,5139
5,100,0.3,0.0,harm,hybrid,0.005,random,0.1,1.0,0,0.90468430519104,0.0009515570934256057,20,4045,0.06500000000000002,521,5139
5,100,0.3,0.0,harm,hybrid,0.005,random,0.1,1.0,0,0.9166356325149536,0.0008897676717745922,20,4045,0.06500000000000002,521,5139
5,100,0.3,0.0,harm,hybrid,0.005,random,0.1,1.0,0,0.9285870790481567,0.0008526940187839841,20,4045,0.06500000000000002,521,5139
5,100,0.3,0.0,harm,hybrid,0.005,random,0.1,1.0,0,0.9405384063720703,0.0007785467128027682,20,4045,0.05750000000000001,521,5139
5,100,0.3,0.0,harm,hybrid,0.005,random,0.1,1.0,0,0.9524897336959839,0.0006920415224913495,20,4045,0.052500000000000005,521,5139
5,100,0.3,0.0,harm,hybrid,0.005,random,0.1,1.0,0,0.9644410610198975,0.0006426099851705388,20,4045,0.045,521,5139
5,100,0.3,0.0,harm,hybrid,0.005,random,0.1,1.0,0,0.9763925075531006,0.0005808205635195254,20,4045,0.03750000000000001,521,5139
5,100,0.3,0.0,harm,hybrid,0.005,random,0.1,1.0,0,0.9883438348770142,0.0004943153732081067,20,4045,0.025,521,5139
5,100,0.3,0.0,harm,hybrid,0.005,random,0.1,1.0,0,1.0002951622009277,0.00045724172021749875,20,4045,0.02,521,5139
5,100,0.3,0.0,harm,hybrid,0.005,random,0.1,1.0,0,1.0122464895248413,0.00042016806722689073,20,4045,0.015000000000000003,521,5139
5,100,0.3,0.0,harm,hybrid,0.005,random,0.1,1.0,0,1.0241979360580444,0.0003954522985664854,20,4045,0.0125,521,5139
5,100,0.3,0.0,harm,hybrid,0.005,random,0.1,1.0,0,1.036149263381958,0.00034602076124567473,20,4045,0.005,521,5139
5,100,0.3,0.0,harm,hybrid,0.005,random,0.1,1.0,0,1.0481005907058716,0.0003089471082550667,20,4045,0.005,521,5139
5,100,0.3,0.0,harm,hybrid,0.005,random,0.1,1.0,0,1.0600520372390747,0.00029658922392486405,20,4045,0.0025,521,5139
5,100,0.3,0.0,harm,hybrid,0.005,random,0.1,1.0,0,1.0720033645629883,0.0002842313395946614,20,4045,0.0,521,5139
5,100,0.3,0.0,harm,hybrid,0.005,random,0.1,1.0,0,1.0839546918869019,0.0002842313395946614,20,4045,0.0,521,5139
5,100,0.3,0.0,harm,hybrid,0.005,random,0.1,1.0,0,1.095906138420105,0.0002842313395946614,20,4045,0.0,521,5139
5,100,0.3,0.0,harm,hybrid,0.005,random,0.1,1.0,0,1.1078574657440186,0.0002842313395946614,20,4045,0.0,521,5139
5,100,0.3,0.0,harm,hybrid,0.005,random,0.1,1.0,0,1.1198087930679321,0.0002842313395946614,20,4045,0.0,521,5139
5,100,0.3,0.0,harm,hybrid,0.005,random,0.1,1.0,0,1.1317601203918457,0.0002718734552644587,20,4045,0.0,521,5139
5,100,0.3,0.0,harm,hybrid,0.005,random,0.1,1.0,0,1.1437115669250488,0.000259515570934256,20,4045,0.0,521,5139
5,100,0.3,0.0,harm,hybrid,0.005,random,0.1,1.0,0,1.1556628942489624,0.000259515570934256,20,4045,0.0,521,5139
5,100,0.3,0.0,harm,hybrid,0.005,random,0.1,1.0,0,1.167614221572876,0.00024715768660405336,20,4045,0.0,521,5139
5,100,0.3,0.0,harm,hybrid,0.005,random,0.1,1.0,0,1.1795655488967896,0.00024715768660405336,20,4045,0.0,521,5139
5,100,0.3,0.0,harm,hybrid,0.005,random,0.1,1.0,0,1.1915169954299927,0.00024715768660405336,20,4045,0.0,521,5139
5,100,0.3,0.0,harm,hybrid,0.005,random,0.1,1.0,0,1.2034683227539062,0.00024715768660405336,20,4045,0.0,521,5139
5,100,0.3,0.0,harm,hybrid,0.005,random,0.1,1.0,0,1.2154196500778198,0.00024715768660405336,20,4045,0.0,521,5139
5,100,0.3,0.0,harm,hybrid,0.005,random,0.1,1.0,0,1.227371096611023,0.00024715768660405336,20,4045,0.0,521,5139
5,100,0.3,0.0,harm,hybrid,0.005,random,0.1,1.0,0,1.2393224239349365,0.00024715768660405336,20,4045,0.0,521,5139
5,100,0.3,0.0,harm,hybrid,0.005,random,0.1,1.0,0,1.25127375125885,0.00024715768660405336,20,4045,0.0,521,5139
5,100,0.3,0.0,harm,hybrid,0.005,random,0.1,1.0,0,1.2632250785827637,0.00024715768660405336,20,4045,0.0,521,5139
6,100,0.3,0.0,harm,hybrid,0.005,random,0.1,1.0,0,0.04609692096710205,0.0026906936558874356,20,4050,0.0775,502,4908
6,100,0.3,0.0,harm,hybrid,0.005,random,0.1,1.0,0,0.05876820534467697,0.0026906936558874356,20,4050,0.0775,502,4908
6,100,0.3,0.0,harm,hybrid,0.005,random,0.1,1.0,0,0.07143948972225189,0.0026906936558874356,20,4050,0.0775,502,4908
6,100,0.3,0.0,harm,hybrid,0.005,random,0.1,1.0,0,0.08411078155040741,0.0026906936558874356,20,4050,0.0775,502,4908
6,100,0.3,0.0,harm,hybrid,0.005,random,0.1,1.0,0,0.09678206592798233,0.0026906936558874356,20,4050,0.0775,502,4908
6,100,0.3,0.0,harm,hybrid,0.005,random,0.1,1.0,0,0.10945335030555725,0.0026906936558874356,20,4050,0.0775,502,4908
6,100,0.3,0.0,harm,hybrid,0.005,random,0.1,1.0,0,0.12212464213371277,0.0026906936558874356,20,4050,0.0775,502,4908
6,100,0.3,0.0,harm,hybrid,0.005,random,0.1,1.0,0,0.1347959339618683,0.0026906936558874356,20,4050,0.0775,502,4908
6,100,0.3,0.0,harm,hybrid,0.005,random,0.1,1.0,0,0.1474672108888626,0.0026906936558874356,20,4050,0.0775,502,4908
6,100,0.3,0.0,harm,hybrid,0.005,random,0.1,1.0,0,0.16013848781585693,0.0026906936558874356,20,4050,0.0775,502,4908
6,100,0.3,0.0,harm,hybrid,0.005,random,0.1,1.0,0,0.17280977964401245,0.0026783510244384103,20,4050,0.075,502,4908
6,100,0.3,0.0,harm,hybrid,0.005,random,0.1,1.0,0,0.18548107147216797,0.0026783510244384103,20,4050,0.075,502,4908
6,100,0.3,0.0,harm,hybrid,0.005,random,0.1,1.0,0,0.1981523633003235,0.0026783510244384103,20,4050,0.075,502,4908
6,100,0.3,0.0,harm,hybrid,0.005,random,0.1,1.0,0,0.2108236402273178,0.0026783510244384103,20,4050,0.075,502,4908
6,100,0.3,0.0,harm,hybrid,0.005,random,0.1,1.0,0,0.22349493205547333,0.0026783510244384103,20,4050,0.075,502,4908
6,100,0.3,0.0,harm,hybrid,0.005,random,0.1,1.0,0,0.23616620898246765,0.0026783510244384103,20,4050,0.075,502,4908
6,100,0.3,0.0,harm,hybrid,0.005,random,0.1,1.0,0,0.24883750081062317,0.0026783510244384103,20,4050,0.075,502,4908
6,100,0.3,0.0,harm,hybrid,0.005,random,0.1,1.0,0,0.2615087926387787,0.0026783510244384103,20,4050,0.075,502,4908
6,100,0.3,0.0,harm,hybrid,0.005,random,0.1,1.0,0,0.2741800546646118,0.0026783510244384103,20,4050,0.075,502,4908
6,100,0.3,0.0,harm,hybrid,0.005,random,0.1,1.0,0,0.28685134649276733,0.0026783510244384103,20,4050,0.075,502,4908
6,100,0.3,0.0,harm,hybrid,0.005,random,0.1,1.0,0,0.29952263832092285,0.0026783510244384103,20,4050,0.075,502,4908
6,100,0.3,0.0,harm,hybrid,0.005,random,0.1,1.0,0,0.31219393014907837,0.0026783510244384103,20,4050,0.075,502,4908
6,100,0.3,0.0,harm,hybrid,0.005,random,0.1,1.0,0,0.3248652219772339,0.0026783510244384103,20,4050,0.075,502,4908
6,100,0.3,0.0,harm,hybrid,0.005,random,0.1,1.0,0,0.3375365138053894,0.0026783510244384103,20,4050,0.075,502,4908
6,100,0.3,0.0,harm,hybrid,0.005,random,0.1,1.0,0,0.3502078056335449,0.0026783510244384103,20,4050,0.075,502,4908
6,100,0.3,0.0,harm,hybrid,0.005,random,0.1,1.0,0,0.36287906765937805,0.0026536657615403606,20,4050,0.075,502,4908
6,100,0.3,0.0,harm,hybrid,0.005,random,0.1,1.0,0,0.37555035948753357,0.0026413231300913362,20,4050,0.075,502,4908
6,100,0.3,0.0,harm,hybrid,0.005,random,0.1,1.0,0,0.3882216513156891,0.0026413231300913362,20,4050,0.075,502,4908
6,100,0.3,0.0,harm,hybrid,0.005,random,0.1,1.0,0,0.4008929431438446,0.002628980498642311,20,4050,0.0725,502,4908
6,100,0.3,0.0,harm,hybrid,0.005,random,0.1,1.0,0,0.4135642349720001,0.002591952604295236,20,4050,0.0675,502,4908
6,100,0.3,0.0,harm,hybrid,0.005,random,0.1,1.0,0,0.42623549699783325,0.002554924709948161,20,4050,0.06,502,4908
6,100,0.3,0.0,harm,hybrid,0.005,random,0.1,1.0,0,0.43890678882598877,0.0025302394470501114,20,4050,0.06,502,4908
6,100,0.3,0.0,harm,hybrid,0.005,random,0.1,1.0,0,0.4515780806541443,0.002517896815601086,20,4050,0.06,502,4908
6,100,0.3,0.0,harm,hybrid,0.005,random,0.1,1.0,0,0.4642493724822998,0.002517896815601086,20,4050,0.06,502,4908
6,100,0.3,0.0,harm,hybrid,0.005,random,0.1,1.0,0,0.4769206643104553,0.0024561836583559616,20,4050,0.06,502,4908
6,100,0.3,0.0,harm,hybrid,0.005,random,0.1,1.0,0,0.48959192633628845,0.0024068131325598614,20,4050,0.05499999999999999,502,4908
6,100,0.3,0.0,harm,hybrid,0.005,random,0.1,1.0,0,0.5022631883621216,0.0023697852382127873,20,4050,0.05500000000000001,502,4908
6,100,0.3,0.0,harm,hybrid,0.005,random,0.1,1.0,0,0.5149345397949219,0.0023450999753147368,20,4050,0.05,502,4908
6,100,0.3,0.0,harm,hybrid,0.005,random,0.1,1.0,0,0.5276057720184326,0.002320414712416687,20,4050,0.05,502,4908
6,100,0.3,0.0,harm,hybrid,0.005,random,0.1,1.0,0,0.5402771234512329,0.002283386818069612,20,4050,0.045000000000000005,502,4908
6,100,0.3,0.0,harm,hybrid,0.005,random,0.1,1.0,0,0.5529483556747437,0.002283386818069612,20,4050,0.045000000000000005,502,4908
6,100,0.3,0.0,harm,hybrid,0.005,random,0.1,1.0,0,0.5656196475028992,0.0022587015551715625,20,4050,0.045000000000000005,502,4908
6,100,0.3,0.0,harm,hybrid,0.005,random,0.1,1.0,0,0.5782909393310547,0.002234016292273513,20,4050,0.045000000000000005,502,4908
6,100,0.3,0.0,harm,hybrid,0.005,random,0.1,1.0,0,0.5909622311592102,0.0022093310293754623,20,4050,0.045000000000000005,502,4908
6,100,0.3,0.0,harm,hybrid,0.005,random,0.1,1.0,0,0.6036335229873657,0.002184645766477413,20,4050,0.0425,502,4908
6,100,0.3,0.0,harm,hybrid,0.005,random,0.1,1.0,0,0.6163048148155212,0.002172303135028388,20,4050,0.0425,502,4908
6,100,0.3,0.0,harm,hybrid,0.005,random,0.1,1.0,0,0.6289761066436768,0.0021476178721303385,20,4050,0.0425,502,4908
6,100,0.3,0.0,harm,hybrid,0.005,random,0.1,1.0,0,0.6416473984718323,0.0021229326092322884,20,4050,0.0425,502,4908
6,100,0.3,0.0,harm,hybrid,0.005,random,0.1,1.0,0,0.6543186902999878,0.002048876820538138,20,4050,0.0425,502,4908
6,100,0.3,0.0,harm,hybrid,0.005,random,0.1,1.0,0,0.6669899225234985,0.0020241915576400885,20,4050,0.0425,502,4908
6,100,0.3,0.0,harm,hybrid,0.005,random,0.1,1.0,0,0.679661214351654,0.001999506294742039,20,4050,0.0425,502,4908
6,100,0.3,0.0,harm,hybrid,0.005,random,0.1,1.0,0,0.6923325061798096,0.001999506294742039,20,4050,0.0425,502,4908
6,100,0.3,0.0,harm,hybrid,0.005,random,0.1,1.0,0,0.7050037980079651,0.001987163663293014,20,4050,0.0425,502,4908
6,100,0.3,0.0,harm,hybrid,0.005,random,0.1,1.0,0,0.7176750898361206,0.001962478400394964,20,4050,0.0425,502,4908
6,100,0.3,0.0,harm,hybrid,0.005,random,0.1,1.0,0,0.7303463816642761,0.0019501357689459392,20,4050,0.0425,502,4908
6,100,0.3,0.0,harm,hybrid,0.005,random,0.1,1.0,0,0.7430176734924316,0.0019131078745988645,20,4050,0.0425,502,4908
6,100,0.3,0.0,harm,hybrid,0.005,random,0.1,1.0,0,0.7556889653205872,0.0018760799802517896,20,4050,0.0425,502,4908
6,100,0.3,0.0,harm,hybrid,0.005,random,0.1,1.0,0,0.7683602571487427,0.00182670945445569,20,4050,0.0425,502,4908
6,100,0.3,0.0,harm,hybrid,0.005,random,0.1,1.0,0,0.7810315489768982,0.00177733892865959,20,4050,0.0425,502,4908
6,100,0.3,0.0,harm,hybrid,0.005,random,0.1,1.0,0,0.7937027812004089,0.0017279684028634905,20,4050,0.0425,502,4908
6,100,0.3,0.0,harm,hybrid,0.005,random,0.1,1.0,0,0.8063740730285645,0.0016909405085164155,20,4050,0.0425,502,4908
6,100,0.3,0.0,harm,hybrid,0.005,random,0.1,1.0,0,0.81904536485672,0.0015798568254751914,20,4050,0.0425,502,4908
6,100,0.3,0.0,harm,hybrid,0.005,random,0.1,1.0,0,0.8317166566848755,0.0015551715625771415,20,4050,0.0425,502,4908
6,100,0.3,0.0,harm,hybrid,0.005,random,0.1,1.0,0,0.844387948513031,0.0014317452480868923,20,4050,0.0425,502,4908
6,100,0.3,0.0,harm,hybrid,0.005,random,0.1,1.0,0,0.8570592403411865,0.0013576894593927426,20,4050,0.0425,502,4908
6,100,0.3,0.0,harm,hybrid,0.005,random,0.1,1.0,0,0.869730532169342,0.0012836336706985928,20,4050,0.0425,502,4908
6,100,0.3,0.0,harm,hybrid,0.005,random,0.1,1.0,0,0.8824018239974976,0.0011602073562083435,20,4050,0.0425,502,4908
6,100,0.3,0.0,harm,hybrid,0.005,random,0.1,1.0,0,0.8950731158256531,0.0010738089360651693,20,4050,0.0425,502,4908
6,100,0.3,0.0,harm,hybrid,0.005,random,0.1,1.0,0,0.9077444076538086,0.0009997531473710194,20,4050,0.0425,502,4908
6,100,0.3,0.0,harm,hybrid,0.005,random,0.1,1.0,0,0.9204156994819641,0.0009256973586768698,20,4050,0.0425,502,4908
6,100,0.3,0.0,harm,hybrid,0.005,random,0.1,1.0,0,0.9330869317054749,0.0009010120957788202,20,4050,0.0425,502,4908
6,100,0.3,0.0,harm,hybrid,0.005,random,0.1,1.0,0,0.9457582235336304,0.0008269563070846704,20,4050,0.0425,502,4908
6,100,0.3,0.0,harm,hybrid,0.005,random,0.1,1.0,0,0.9584295153617859,0.0007652431498395458,20,4050,0.0425,502,4908
6,100,0.3,0.0,harm,hybrid,0.005,random,0.1,1.0,0,0.9711008071899414,0.0006665020982473463,20,4050,0.04,502,4908
6,100,0.3,0.0,harm,hybrid,0.005,random,0.1,1.0,0,0.9837720990180969,0.0006294742039002715,20,4050,0.035,502,4908
6,100,0.3,0.0,harm,hybrid,0.005,random,0.1,1.0,0,0.9964433908462524,0.000543075783757097,20,4050,0.030000000000000006,502,4908
6,100,0.3,0.0,harm,hybrid,0.005,random,0.1,1.0,0,1.0091147422790527,0.0004937052579609973,20,4050,0.0225,502,4908
6,100,0.3,0.0,harm,hybrid,0.005,random,0.1,1.0,0,1.0217859745025635,0.0004566773636139225,20,4050,0.017499999999999998,502,4908
6,100,0.3,0.0,harm,hybrid,0.005,random,0.1,1.0,0,1.0344572067260742,0.0003826215749197729,20,4050,0.0125,502,4908
6,100,0.3,0.0,harm,hybrid,0.005,random,0.1,1.0,0,1.0471285581588745,0.00032090841767464824,20,4050,0.005,502,4908
6,100,0.3,0.0,harm,hybrid,0.005,random,0.1,1.0,0,1.0597997903823853,0.00028388052332757347,20,4050,0.0,502,4908
6,100,0.3,0.0,harm,hybrid,0.005,random,0.1,1.0,0,1.0724711418151855,0.0002715378918785485,20,4050,0.0,502,4908
6,100,0.3,0.0,harm,hybrid,0.005,random,0.1,1.0,0,1.0851423740386963,0.0002715378918785485,20,4050,0.0,502,4908
6,100,0.3,0.0,harm,hybrid,0.005,random,0.1,1.0,0,1.0978137254714966,0.0002715378918785485,20,4050,0.0,502,4908
6,100,0.3,0.0,harm,hybrid,0.005,random,0.1,1.0,0,1.1104849576950073,0.0002591952604295236,20,4050,0.0,502,4908
6,100,0.3,0.0,harm,hybrid,0.005,random,0.1,1.0,0,1.1231563091278076,0.0002591952604295236,20,4050,0.0,502,4908
6,100,0.3,0.0,harm,hybrid,0.005,random,0.1,1.0,0,1.1358275413513184,0.0002591952604295236,20,4050,0.0,502,4908
6,100,0.3,0.0,harm,hybrid,0.005,random,0.1,1.0,0,1.148498773574829,0.0002591952604295236,20,4050,0.0,502,4908
6,100,0.3,0.0,harm,hybrid,0.005,random,0.1,1.0,0,1.1611701250076294,0.0002591952604295236,20,4050,0.0,502,4908
6,100,0.3,0.0,harm,hybrid,0.005,random,0.1,1.0,0,1.1738413572311401,0.00024685262898049864,20,4050,0.0,502,4908
6,100,0.3,0.0,harm,hybrid,0.005,random,0.1,1.0,0,1.1865127086639404,0.00024685262898049864,20,4050,0.0,502,4908
6,100,0.3,0.0,harm,hybrid,0.005,random,0.1,1.0,0,1.1991839408874512,0.00024685262898049864,20,4050,0.0,502,4908
6,100,0.3,0.0,harm,hybrid,0.005,random,0.1,1.0,0,1.2118552923202515,0.00024685262898049864,20,4050,0.0,502,4908
6,100,0.3,0.0,harm,hybrid,0.005,random,0.1,1.0,0,1.2245265245437622,0.00024685262898049864,20,4050,0.0,502,4908
6,100,0.3,0.0,harm,hybrid,0.005,random,0.1,1.0,0,1.2371978759765625,0.00024685262898049864,20,4050,0.0,502,4908
6,100,0.3,0.0,harm,hybrid,0.005,random,0.1,1.0,0,1.2498691082000732,0.00024685262898049864,20,4050,0.0,502,4908
6,100,0.3,0.0,harm,hybrid,0.005,random,0.1,1.0,0,1.2625404596328735,0.00024685262898049864,20,4050,0.0,502,4908
6,100,0.3,0.0,harm,hybrid,0.005,random,0.1,1.0,0,1.2752116918563843,0.00024685262898049864,20,4050,0.0,502,4908
6,100,0.3,0.0,harm,hybrid,0.005,random,0.1,1.0,0,1.287882924079895,0.00024685262898049864,20,4050,0.0,502,4908
6,100,0.3,0.0,harm,hybrid,0.005,random,0.1,1.0,0,1.3005542755126953,0.00024685262898049864,20,4050,0.0,502,4908
7,100,0.3,0.0,harm,hybrid,0.005,random,0.1,1.0,0,0.047112464904785156,0.0029151291512915134,20,4064,0.1075,472,4631
7,100,0.3,0.0,harm,hybrid,0.005,random,0.1,1.0,0,0.06021270900964737,0.0029151291512915134,20,4064,0.1075,472,4631
7,100,0.3,0.0,harm,hybrid,0.005,random,0.1,1.0,0,0.07331295311450958,0.0029151291512915134,20,4064,0.1075,472,4631
7,100,0.3,0.0,harm,hybrid,0.005,random,0.1,1.0,0,0.0864131897687912,0.0029151291512915134,20,4064,0.1075,472,4631
7,100,0.3,0.0,harm,hybrid,0.005,random,0.1,1.0,0,0.09951344132423401,0.0029151291512915134,20,4064,0.1075,472,4631
7,100,0.3,0.0,harm,hybrid,0.005,random,0.1,1.0,0,0.11261367797851562,0.0029151291512915134,20,4064,0.1075,472,4631
7,100,0.3,0.0,harm,hybrid,0.005,random,0.1,1.0,0,0.12571391463279724,0.0029151291512915134,20,4064,0.1075,472,4631
7,100,0.3,0.0,harm,hybrid,0.005,random,0.1,1.0,0,0.13881416618824005,0.0029151291512915134,20,4064,0.1075,472,4631
7,100,0.3,0.0,harm,hybrid,0.005,random,0.1,1.0,0,0.15191441774368286,0.0029151291512915134,20,4064,0.1075,472,4631
7,100,0.3,0.0,harm,hybrid,0.005,random,0.1,1.0,0,0.16501465439796448,0.0029151291512915134,20,4064,0.1075,472,4631
7,100,0.3,0.0,harm,hybrid,0.005,random,0.1,1.0,0,0.1781148910522461,0.0029151291512915134,20,4064,0.1075,472,4631
7,100,0.3,0.0,harm,hybrid,0.005,random,0.1,1.0,0,0.1912151426076889,0.0029151291512915134,20,4064,0.1075,472,4631
7,100,0.3,0.0,harm,hybrid,0.005,random,0.1,1.0,0,0.20431537926197052,0.0029151291512915134,20,4064,0.1075,472,4631
7,100,0.3,0.0,harm,hybrid,0.005,random,0.1,1.0,0,0.21741563081741333,0.0029151291512915134,20,4064,0.1075,472,4631
7,100,0.3,0.0,harm,hybrid,0.005,random,0.1,1.0,0,0.23051586747169495,0.0029151291512915134,20,4064,0.1075,472,4631
7,100,0.3,0.0,harm,hybrid,0.005,random,0.1,1.0,0,0.24361611902713776,0.0029151291512915134,20,4064,0.1075,472,4631
7,100,0.3,0.0,harm,hybrid,0.005,random,0.1,1.0,0,0.25671637058258057,0.0029151291512915134,20,4064,0.1075,472,4631
7,100,0.3,0.0,harm,hybrid,0.005,random,0.1,1.0,0,0.2698165774345398,0.0029151291512915134,20,4064,0.1075,472,4631
7,100,0.3,0.0,harm,hybrid,0.005,random,0.1,1.0,0,0.2829168438911438,0.0029151291512915134,20,4064,0.1075,472,4631
7,100,0.3,0.0,harm,hybrid,0.005,random,0.1,1.0,0,0.2960170805454254,0.0029151291512915134,20,4064,0.1075,472,4631
7,100,0.3,0.0,harm,hybrid,0.005,random,0.1,1.0,0,0.30911731719970703,0.002902829028290283,20,4064,0.1075,472,4631
7,100,0.3,0.0,harm,hybrid,0.005,random,0.1,1.0,0,0.32221758365631104,0.002902829028290283,20,4064,0.1075,472,4631
7,100,0.3,0.0,harm,hybrid,0.005,random,0.1,1.0,0,0.33531782031059265,0.002902829028290283,20,4064,0.1075,472,4631
7,100,0.3,0.0,harm,hybrid,0.005,random,0.1,1.0,0,0.34841805696487427,0.002890528905289053,20,4064,0.10500000000000001,472,4631
7,100,0.3,0.0,harm,hybrid,0.005,random,0.1,1.0,0,0.3615182936191559,0.002890528905289053,20,4064,0.10500000000000001,472,4631
7,100,0.3,0.0,harm,hybrid,0.005,random,0.1,1.0,0,0.3746185302734375,0.002890528905289053,20,4064,0.10500000000000001,472,4631
7,100,0.3,0.0,harm,hybrid,0.005,random,0.1,1.0,0,0.3877187967300415,0.0028659286592865934,20,4064,0.10500000000000001,472,4631
7,100,0.3,0.0,harm,hybrid,0.005,random,0.1,1.0,0,0.4008190333843231,0.0028290282902829035,20,4064,0.1,472,4631
7,100,0.3,0.0,harm,hybrid,0.005,random,0.1,1.0,0,0.41391927003860474,0.002804428044280443,20,4064,0.1,472,4631
7,100,0.3,0.0,harm,hybrid,0.005,random,0.1,1.0,0,0.42701950669288635,0.0027921279212792137,20,4064,0.0975,472,4631
7,100,0.3,0.0,harm,hybrid,0.005,random,0.1,1.0,0,0.44011977314949036,0.002755227552275523,20,4064,0.0925,472,4631
7,100,0.3,0.0,harm,hybrid,0.005,random,0.1,1.0,0,0.453220009803772,0.002706027060270603,20,4064,0.09,472,4631
7,100,0.3,0.0,harm,hybrid,0.005,random,0.1,1.0,0,0.4663202464580536,0.0026814268142681427,20,4064,0.0875,472,4631
7,100,0.3,0.0,harm,hybrid,0.005,random,0.1,1.0,0,0.4794204831123352,0.0025830258302583027,20,4064,0.085,472,4631
7,100,0.3,0.0,harm,hybrid,0.005,random,0.1,1.0,0,0.4925207197666168,0.0025338253382533827,20,4064,0.085,472,4631
7,100,0.3,0.0,harm,hybrid,0.005,random,0.1,1.0,0,0.5056209564208984,0.002496924969249693,20,4064,0.07999999999999999,472,4631
7,100,0.3,0.0,harm,hybrid,0.005,random,0.1,1.0,0,0.5187212228775024,0.002472324723247233,20,4064,0.0775,472,4631
7,100,0.3,0.0,harm,hybrid,0.005,random,0.1,1.0,0,0.5318214893341064,0.0024108241082410825,20,4064,0.0775,472,4631
7,100,0.3,0.0,harm,hybrid,0.005,random,0.1,1.0,0,0.5449216961860657,0.0023862238622386223,20,4064,0.0775,472,4631
7,100,0.3,0.0,harm,hybrid,0.005,random,0.1,1.0,0,0.5580219626426697,0.0023739237392373922,20,4064,0.07500000000000001,472,4631
7,100,0.3,0.0,harm,hybrid,0.005,random,0.1,1.0,0,0.5711221694946289,0.0023370233702337028,20,4064,0.07,472,4631
7,100,0.3,0.0,harm,hybrid,0.005,random,0.1,1.0,0,0.5842224359512329,0.0022755227552275522,20,4064,0.07,472,4631
7,100,0.3,0.0,harm,hybrid,0.005,random,0.1,1.0,0,0.5973227024078369,0.0022509225092250925,20,4064,0.0675,472,4631
7,100,0.3,0.0,harm,hybrid,0.005,random,0.1,1.0,0,0.6104229092597961,0.0022509225092250925,20,4064,0.0675,472,4631
7,100,0.3,0.0,harm,hybrid,0.005,random,0.1,1.0,0,0.6235231757164001,0.0022386223862238624,20,4064,0.065,472,4631
7,100,0.3,0.0,harm,hybrid,0.005,random,0.1,1.0,0,0.6366233825683594,0.0022386223862238624,20,4064,0.065,472,4631
7,100,0.3,0.0,harm,hybrid,0.005,random,0.1,1.0,0,0.6497236490249634,0.0022263222632226327,20,4064,0.065,472,4631
7,100,0.3,0.0,harm,hybrid,0.005,random,0.1,1.0,0,0.6628239154815674,0.0021894218942189424,20,4064,0.065,472,4631
7,100,0.3,0.0,harm,hybrid,0.005,random,0.1,1.0,0,0.6759241223335266,0.0021648216482164826,20,4064,0.065,472,4631
7,100,0.3,0.0,harm,hybrid,0.005,random,0.1,1.0,0,0.6890243887901306,0.002152521525215252,20,4064,0.065,472,4631
7,100,0.3,0.0,harm,hybrid,0.005,random,0.1,1.0,0,0.7021245956420898,0.0021156211562115626,20,4064,0.065,472,4631
7,100,0.3,0.0,harm,hybrid,0.005,random,0.1,1.0,0,0.7152248620986938,0.0020418204182041824,20,4064,0.065,472,4631
7,100,0.3,0.0,harm,hybrid,0.005,random,0.1,1.0,0,0.7283251285552979,0.002017220172201722,20,4064,0.065,472,4631
7,100,0.3,0.0,harm,hybrid,0.005,random,0.1,1.0,0,0.7414253354072571,0.0019926199261992624,20,4064,0.065,472,4631
7,100,0.3,0.0,harm,hybrid,0.005,random,0.1,1.0,0,0.7545256018638611,0.0019680196801968018,20,4064,0.065,472,4631
7,100,0.3,0.0,harm,hybrid,0.005,random,0.1,1.0,0,0.7676258683204651,0.0019311193111931117,20,4064,0.065,472,4631
7,100,0.3,0.0,harm,hybrid,0.005,random,0.1,1.0,0,0.7807260751724243,0.0019065190651906519,20,4064,0.065,472,4631
7,100,0.3,0.0,harm,hybrid,0.005,random,0.1,1.0,0,0.7938263416290283,0.0018696186961869618,20,4064,0.065,472,4631
7,100,0.3,0.0,harm,hybrid,0.005,random,0.1,1.0,0,0.8069265484809875,0.001795817958179582,20,4064,0.065,472,4631
7,100,0.3,0.0,harm,hybrid,0.005,random,0.1,1.0,0,0.8200268149375916,0.0016851168511685115,20,4064,0.065,472,4631
7,100,0.3,0.0,harm,hybrid,0.005,random,0.1,1.0,0,0.8331270813941956,0.0016113161131611317,20,4064,0.065,472,4631
7,100,0.3,0.0,harm,hybrid,0.005,random,0.1,1.0,0,0.8462272882461548,0.0015621156211562113,20,4064,0.065,472,4631
7,100,0.3,0.0,harm,hybrid,0.005,random,0.1,1.0,0,0.8593275547027588,0.0015006150061500614,20,4064,0.065,472,4631
7,100,0.3,0.0,harm,hybrid,0.005,random,0.1,1.0,0,0.872427761554718,0.0014760147601476014,20,4064,0.065,472,4631
7,100,0.3,0.0,harm,hybrid,0.005,random,0.1,1.0,0,0.885528028011322,0.0013899138991389913,20,4064,0.065,472,4631
7,100,0.3,0.0,harm,hybrid,0.005,random,0.1,1.0,0,0.898628294467926,0.0012915129151291514,20,4064,0.065,472,4631
7,100,0.3,0.0,harm,hybrid,0.005,random,0.1,1.0,0,0.9117285013198853,0.0012423124231242312,20,4064,0.065,472,4631
7,100,0.3,0.0,harm,hybrid,0.005,random,0.1,1.0,0,0.9248287677764893,0.0011193111931119312,20,4064,0.065,472,4631
7,100,0.3,0.0,harm,hybrid,0.005,random,0.1,1.0,0,0.9379289746284485,0.0010701107011070112,20,4064,0.065,472,4631
7,100,0.3,0.0,harm,hybrid,0.005,random,0.1,1.0,0,0.9510292410850525,0.000971709717097171,20,4064,0.06250000000000001,472,4631
7,100,0.3,0.0,harm,hybrid,0.005,random,0.1,1.0,0,0.9641295075416565,0.0009225092250922508,20,4064,0.06250000000000001,472,4631
7,100,0.3,0.0,harm,hybrid,0.005,random,0.1,1.0,0,0.9772297143936157,0.0007995079950799508,20,4064,0.06,472,4631
7,100,0.3,0.0,harm,hybrid,0.005,random,0.1,1.0,0,0.9903299808502197,0.0007011070110701107,20,4064,0.05,472,4631
7,100,0.3,0.0,harm,hybrid,0.005,random,0.1,1.0,0,1.0034301280975342,0.0006150061500615005,20,4064,0.045,472,4631
7,100,0.3,0.0,harm,hybrid,0.005,random,0.1,1.0,0,1.0165305137634277,0.0005781057810578105,20,4064,0.0425,472,4631
7,100,0.3,0.0,harm,hybrid,0.005,random,0.1,1.0,0,1.0296306610107422,0.00046740467404674045,20,4064,0.030000000000000006,472,4631
7,100,0.3,0.0,harm,hybrid,0.005,random,0.1,1.0,0,1.0427309274673462,0.0003936039360393604,20,4064,0.022500000000000003,472,4631
7,100,0.3,0.0,harm,hybrid,0.005,random,0.1,1.0,0,1.0558311939239502,0.00035670356703567036,20,4064,0.017499999999999998,472,4631
7,100,0.3,0.0,harm,hybrid,0.005,random,0.1,1.0,0,1.0689314603805542,0.0003321033210332103,20,4064,0.015000000000000003,472,4631
7,100,0.3,0.0,harm,hybrid,0.005,random,0.1,1.0,0,1.0820317268371582,0.00029520295202952026,20,4064,0.01,472,4631
7,100,0.3,0.0,harm,hybrid,0.005,random,0.1,1.0,0,1.0951318740844727,0.00027060270602706027,20,4064,0.005,472,4631
7,100,0.3,0.0,harm,hybrid,0.005,random,0.1,1.0,0,1.1082321405410767,0.0002583025830258302,20,4064,0.0025,472,4631
7,100,0.3,0.0,harm,hybrid,0.005,random,0.1,1.0,0,1.1213324069976807,0.0002460024600246002,20,4064,0.0,472,4631
7,100,0.3,0.0,harm,hybrid,0.005,random,0.1,1.0,0,1.1344326734542847,0.0002460024600246002,20,4064,0.0,472,4631
7,100,0.3,0.0,harm,hybrid,0.005,random,0.1,1.0,0,1.1475329399108887,0.0002460024600246002,20,4064,0.0,472,4631
7,100,0.3,0.0,harm,hybrid,0.005,random,0.1,1.0,0,1.1606330871582031,0.0002460024600246002,20,4064,0.0,472,4631
7,100,0.3,0.0,harm,hybrid,0.005,random,0.1,1.0,0,1.1737333536148071,0.0002460024600246002,20,4064,0.0,472,4631
7,100,0.3,0.0,harm,hybrid,0.005,random,0.1,1.0,0,1.1868336200714111,0.0002460024600246002,20,4064,0.0,472,4631
7,100,0.3,0.0,harm,hybrid,0.005,random,0.1,1.0,0,1.1999338865280151,0.0002460024600246002,20,4064,0.0,472,4631
7,100,0.3,0.0,harm,hybrid,0.005,random,0.1,1.0,0,1.2130341529846191,0.0002460024600246002,20,4064,0.0,472,4631
7,100,0.3,0.0,harm,hybrid,0.005,random,0.1,1.0,0,1.2261343002319336,0.0002460024600246002,20,4064,0.0,472,4631
7,100,0.3,0.0,harm,hybrid,0.005,random,0.1,1.0,0,1.2392345666885376,0.0002460024600246002,20,4064,0.0,472,4631
7,100,0.3,0.0,harm,hybrid,0.005,random,0.1,1.0,0,1.2523348331451416,0.0002460024600246002,20,4064,0.0,472,4631
7,100,0.3,0.0,harm,hybrid,0.005,random,0.1,1.0,0,1.2654350996017456,0.0002460024600246002,20,4064,0.0,472,4631
7,100,0.3,0.0,harm,hybrid,0.005,random,0.1,1.0,0,1.2785353660583496,0.0002460024600246002,20,4064,0.0,472,4631
7,100,0.3,0.0,harm,hybrid,0.005,random,0.1,1.0,0,1.291635513305664,0.0002460024600246002,20,4064,0.0,472,4631
7,100,0.3,0.0,harm,hybrid,0.005,random,0.1,1.0,0,1.304735779762268,0.0002460024600246002,20,4064,0.0,472,4631
7,100,0.3,0.0,harm,hybrid,0.005,random,0.1,1.0,0,1.317836046218872,0.0002460024600246002,20,4064,0.0,472,4631
7,100,0.3,0.0,harm,hybrid,0.005,random,0.1,1.0,0,1.330936312675476,0.0002460024600246002,20,4064,0.0,472,4631
7,100,0.3,0.0,harm,hybrid,0.005,random,0.1,1.0,0,1.34403657913208,0.0002460024600246002,20,4064,0.0,472,4631
8,100,0.3,0.0,harm,hybrid,0.005,random,0.1,1.0,0,0.07922777533531189,0.0026963802019207093,20,4060,0.0975,526,5181
8,100,0.3,0.0,harm,hybrid,0.005,random,0.1,1.0,0,0.0916549414396286,0.0026963802019207093,20,4060,0.0975,526,5181
8,100,0.3,0.0,harm,hybrid,0.005,random,0.1,1.0,0,0.10408211499452591,0.0026963802019207093,20,4060,0.0975,526,5181
8,100,0.3,0.0,harm,hybrid,0.005,random,0.1,1.0,0,0.11650928109884262,0.0026963802019207093,20,4060,0.0975,526,5181
8,100,0.3,0.0,harm,hybrid,0.005,random,0.1,1.0,0,0.12893645465373993,0.0026963802019207093,20,4060,0.0975,526,5181
8,100,0.3,0.0,harm,hybrid,0.005,random,0.1,1.0,0,0.14136362075805664,0.0026963802019207093,20,4060,0.0975,526,5181
8,100,0.3,0.0,harm,hybrid,0.005,random,0.1,1.0,0,0.15379078686237335,0.0026963802019207093,20,4060,0.0975,526,5181
8,100,0.3,0.0,harm,hybrid,0.005,random,0.1,1.0,0,0.16621795296669006,0.0026963802019207093,20,4060,0.0975,526,5181
8,100,0.3,0.0,harm,hybrid,0.005,random,0.1,1.0,0,0.17864513397216797,0.0026963802019207093,20,4060,0.0975,526,5181
8,100,0.3,0.0,harm,hybrid,0.005,random,0.1,1.0,0,0.1910722851753235,0.0026963802019207093,20,4060,0.0975,526,5181
8,100,0.3,0.0,harm,hybrid,0.005,random,0.1,1.0,0,0.2034994661808014,0.0026963802019207093,20,4060,0.0975,526,5181
8,100,0.3,0.0,harm,hybrid,0.005,random,0.1,1.0,0,0.2159266322851181,0.0026963802019207093,20,4060,0.0975,526,5181
8,100,0.3,0.0,harm,hybrid,0.005,random,0.1,1.0,0,0.22835379838943481,0.0026963802019207093,20,4060,0.0975,526,5181
8,100,0.3,0.0,harm,hybrid,0.005,random,0.1,1.0,0,0.24078096449375153,0.0026963802019207093,20,4060,0.0975,526,5181
8,100,0.3,0.0,harm,hybrid,0.005,random,0.1,1.0,0,0.2532081604003906,0.0026963802019207093,20,4060,0.0975,526,5181
8,100,0.3,0.0,harm,hybrid,0.005,random,0.1,1.0,0,0.26563531160354614,0.0026840679635557743,20,4060,0.095,526,5181
8,100,0.3,0.0,harm,hybrid,0.005,random,0.1,1.0,0,0.27806246280670166,0.0026840679635557743,20,4060,0.095,526,5181
8,100,0.3,0.0,harm,hybrid,0.005,random,0.1,1.0,0,0.29048964381217957,0.0026840679635557743,20,4060,0.095,526,5181
8,100,0.3,0.0,harm,hybrid,0.005,random,0.1,1.0,0,0.30291682481765747,0.0026840679635557743,20,4060,0.095,526,5181
8,100,0.3,0.0,harm,hybrid,0.005,random,0.1,1.0,0,0.315343976020813,0.0026717557251908393,20,4060,0.0925,526,5181
8,100,0.3,0.0,harm,hybrid,0.005,random,0.1,1.0,0,0.3277711570262909,0.0026717557251908393,20,4060,0.0925,526,5181
8,100,0.3,0.0,harm,hybrid,0.005,random,0.1,1.0,0,0.3401983082294464,0.002659443486825905,20,4060,0.09,526,5181
8,100,0.3,0.0,harm,hybrid,0.005,random,0.1,1.0,0,0.3526254892349243,0.00264713124846097,20,4060,0.09,526,5181
8,100,0.3,0.0,harm,hybrid,0.005,random,0.1,1.0,0,0.3650526702404022,0.002610194533366166,20,4060,0.09,526,5181
8,100,0.3,0.0,harm,hybrid,0.005,random,0.1,1.0,0,0.37747982144355774,0.002610194533366166,20,4060,0.09,526,5181
8,100,0.3,0.0,harm,hybrid,0.005,random,0.1,1.0,0,0.38990700244903564,0.002610194533366166,20,4060,0.09,526,5181
8,100,0.3,0.0,harm,hybrid,0.005,random,0.1,1.0,0,0.40233415365219116,0.002610194533366166,20,4060,0.09,526,5181
8,100,0.3,0.0,harm,hybrid,0.005,random,0.1,1.0,0,0.41476133465766907,0.002585570056636297,20,4060,0.08499999999999999,526,5181
8,100,0.3,0.0,harm,hybrid,0.005,random,0.1,1.0,0,0.427188515663147,0.002548633341541493,20,4060,0.08,526,5181
8,100,0.3,0.0,harm,hybrid,0.005,random,0.1,1.0,0,0.4396156668663025,0.002511696626446688,20,4060,0.08,526,5181
8,100,0.3,0.0,harm,hybrid,0.005,random,0.1,1.0,0,0.4520428478717804,0.0024870721497168187,20,4060,0.0775,526,5181
8,100,0.3,0.0,harm,hybrid,0.005,random,0.1,1.0,0,0.4644699990749359,0.0024747599113518837,20,4060,0.07500000000000001,526,5181
8,100,0.3,0.0,harm,hybrid,0.005,random,0.1,1.0,0,0.4768971800804138,0.0024501354346220137,20,4060,0.07500000000000001,526,5181
8,100,0.3,0.0,harm,hybrid,0.005,random,0.1,1.0,0,0.4893243610858917,0.0024501354346220137,20,4060,0.07,526,5181
8,100,0.3,0.0,harm,hybrid,0.005,random,0.1,1.0,0,0.5017515420913696,0.0024255109578921455,20,4060,0.07,526,5181
8,100,0.3,0.0,harm,hybrid,0.005,random,0.1,1.0,0,0.5141786932945251,0.0024008864811622755,20,4060,0.0675,526,5181
8,100,0.3,0.0,harm,hybrid,0.005,random,0.1,1.0,0,0.5266058444976807,0.0023762620044324063,20,4060,0.0675,526,5181
8,100,0.3,0.0,harm,hybrid,0.005,random,0.1,1.0,0,0.539033055305481,0.0023516375277025364,20,4060,0.0625,526,5181
8,100,0.3,0.0,harm,hybrid,0.005,random,0.1,1.0,0,0.5514602065086365,0.0023270130509726664,20,4060,0.057499999999999996,526,5181
8,100,0.3,0.0,harm,hybrid,0.005,random,0.1,1.0,0,0.563887357711792,0.0023023885742427972,20,4060,0.057499999999999996,526,5181
8,100,0.3,0.0,harm,hybrid,0.005,random,0.1,1.0,0,0.5763145685195923,0.002253139620783058,20,4060,0.057499999999999996,526,5181
8,100,0.3,0.0,harm,hybrid,0.005,random,0.1,1.0,0,0.588741660118103,0.002240827382418124,20,4060,0.05500000000000001,526,5181
8,100,0.3,0.0,harm,hybrid,0.005,random,0.1,1.0,0,0.6011688709259033,0.002228515144053189,20,4060,0.05500000000000001,526,5181
8,100,0.3,0.0,harm,hybrid,0.005,random,0.1,1.0,0,0.6135960817337036,0.00217926619059345,20,4060,0.05500000000000001,526,5181
8,100,0.3,0.0,harm,hybrid,0.005,random,0.1,1.0,0,0.6260231733322144,0.002166953952228515,20,4060,0.05500000000000001,526,5181
8,100,0.3,0.0,harm,hybrid,0.005,random,0.1,1.0,0,0.6384503841400146,0.002166953952228515,20,4060,0.05500000000000001,526,5181
8,100,0.3,0.0,harm,hybrid,0.005,random,0.1,1.0,0,0.6508775949478149,0.0021177049987687762,20,4060,0.05500000000000001,526,5181
8,100,0.3,0.0,harm,hybrid,0.005,random,0.1,1.0,0,0.6633046865463257,0.0020807682836739717,20,4060,0.05500000000000001,526,5181
8,100,0.3,0.0,harm,hybrid,0.005,random,0.1,1.0,0,0.675731897354126,0.0020561438069441025,20,4060,0.05500000000000001,526,5181
8,100,0.3,0.0,harm,hybrid,0.005,random,0.1,1.0,0,0.6881591081619263,0.0020068948534843634,20,4060,0.05500000000000001,526,5181
8,100,0.3,0.0,harm,hybrid,0.005,random,0.1,1.0,0,0.700586199760437,0.001994582615119429,20,4060,0.05500000000000001,526,5181
8,100,0.3,0.0,harm,hybrid,0.005,random,0.1,1.0,0,0.7130134105682373,0.00192070918492982,20,4060,0.05500000000000001,526,5181
8,100,0.3,0.0,harm,hybrid,0.005,random,0.1,1.0,0,0.725440502166748,0.001883772469835016,20,4060,0.05500000000000001,526,5181
8,100,0.3,0.0,harm,hybrid,0.005,random,0.1,1.0,0,0.7378677129745483,0.0018591479931051465,20,4060,0.05500000000000001,526,5181
8,100,0.3,0.0,harm,hybrid,0.005,random,0.1,1.0,0,0.7502949237823486,0.0018591479931051465,20,4060,0.05500000000000001,526,5181
8,100,0.3,0.0,harm,hybrid,0.005,random,0.1,1.0,0,0.7627220153808594,0.0017975868012804729,20,4060,0.05500000000000001,526,5181
8,100,0.3,0.0,harm,hybrid,0.005,random,0.1,1.0,0,0.7751492261886597,0.0017483378478207337,20,4060,0.05500000000000001,526,5181
8,100,0.3,0.0,harm,hybrid,0.005,random,0.1,1.0,0,0.78757643699646,0.0017360256094557992,20,4060,0.05500000000000001,526,5181
8,100,0.3,0.0,harm,hybrid,0.005,random,0.1,1.0,0,0.8000035285949707,0.0016990888943609948,20,4060,0.05500000000000001,526,5181
8,100,0.3,0.0,harm,hybrid,0.005,random,0.1,1.0,0,0.812430739402771,0.001600590987441517,20,4060,0.05500000000000001,526,5181
8,100,0.3,0.0,harm,hybrid,0.005,random,0.1,1.0,0,0.8248579502105713,0.001489780842157104,20,4060,0.05500000000000001,526,5181
8,100,0.3,0.0,harm,hybrid,0.005,random,0.1,1.0,0,0.837285041809082,0.0013912829352376263,20,4060,0.05500000000000001,526,5181
8,100,0.3,0.0,harm,hybrid,0.005,random,0.1,1.0,0,0.8497122526168823,0.001354346220142822,20,4060,0.05500000000000001,526,5181
8,100,0.3,0.0,harm,hybrid,0.005,random,0.1,1.0,0,0.8621394634246826,0.0013297217434129524,20,4060,0.05500000000000001,526,5181
8,100,0.3,0.0,harm,hybrid,0.005,random,0.1,1.0,0,0.8745665550231934,0.001268160551588279,20,4060,0.05500000000000001,526,5181
8,100,0.3,0.0,harm,hybrid,0.005,random,0.1,1.0,0,0.8869937658309937,0.0011942871213986702,20,4060,0.05500000000000001,526,5181
8,100,0.3,0.0,harm,hybrid,0.005,random,0.1,1.0,0,0.899420976638794,0.0011573504063038661,20,4060,0.05500000000000001,526,5181
8,100,0.3,0.0,harm,hybrid,0.005,random,0.1,1.0,0,0.9118480682373047,0.0010465402610194533,20,4060,0.05250000000000001,526,5181
8,100,0.3,0.0,harm,hybrid,0.005,random,0.1,1.0,0,0.924275279045105,0.0009603545924649102,20,4060,0.05250000000000001,526,5181
8,100,0.3,0.0,harm,hybrid,0.005,random,0.1,1.0,0,0.9367023706436157,0.0008741689239103669,20,4060,0.05250000000000001,526,5181
8,100,0.3,0.0,harm,hybrid,0.005,random,0.1,1.0,0,0.949129581451416,0.0008372322088155628,20,4060,0.05250000000000001,526,5181
8,100,0.3,0.0,harm,hybrid,0.005,random,0.1,1.0,0,0.9615567922592163,0.0007141098251662152,20,4060,0.042499999999999996,526,5181
8,100,0.3,0.0,harm,hybrid,0.005,random,0.1,1.0,0,0.973983883857727,0.000627924156611672,20,4060,0.035,526,5181
8,100,0.3,0.0,harm,hybrid,0.005,random,0.1,1.0,0,0.9864110946655273,0.0005171140113272594,20,4060,0.03250000000000001,526,5181
8,100,0.3,0.0,harm,hybrid,0.005,random,0.1,1.0,0,0.9988383054733276,0.00048017729623245505,20,4060,0.027500000000000004,526,5181
8,100,0.3,0.0,harm,hybrid,0.005,random,0.1,1.0,0,1.0112653970718384,0.0004555528195025856,20,4060,0.024999999999999998,526,5181
8,100,0.3,0.0,harm,hybrid,0.005,random,0.1,1.0,0,1.0236926078796387,0.00038167938931297715,20,4060,0.017499999999999998,526,5181
8,100,0.3,0.0,harm,hybrid,0.005,random,0.1,1.0,0,1.036119818687439,0.00036936715094804237,20,4060,0.017499999999999998,526,5181
8,100,0.3,0.0,harm,hybrid,0.005,random,0.1,1.0,0,1.0485469102859497,0.00030780595912336864,20,4060,0.01,526,5181
8,100,0.3,0.0,harm,hybrid,0.005,random,0.1,1.0,0,1.06097412109375,0.0002954937207584339,20,4060,0.0075000000000000015,526,5181
8,100,0.3,0.0,harm,hybrid,0.005,random,0.1,1.0,0,1.0734013319015503,0.00025855700566362964,20,4060,0.0025,526,5181
8,100,0.3,0.0,harm,hybrid,0.005,random,0.1,1.0,0,1.0858285427093506,0.00025855700566362964,20,4060,0.0025,526,5181
8,100,0.3,0.0,harm,hybrid,0.005,random,0.1,1.0,0,1.0982556343078613,0.00025855700566362964,20,4060,0.0025,526,5181
8,100,0.3,0.0,harm,hybrid,0.005,random,0.1,1.0,0,1.1106828451156616,0.00025855700566362964,20,4060,0.0025,526,5181
8,100,0.3,0.0,harm,hybrid,0.005,random,0.1,1.0,0,1.1231099367141724,0.00025855700566362964,20,4060,0.0025,526,5181
8,100,0.3,0.0,harm,hybrid,0.005,random,0.1,1.0,0,1.1355371475219727,0.0002462447672986949,20,4060,0.0,526,5181
8,100,0.3,0.0,harm,hybrid,0.005,random,0.1,1.0,0,1.147964358329773,0.0002462447672986949,20,4060,0.0,526,5181
8,100,0.3,0.0,harm,hybrid,0.005,random,0.1,1.0,0,1.1603914499282837,0.0002462447672986949,20,4060,0.0,526,5181
8,100,0.3,0.0,harm,hybrid,0.005,random,0.1,1.0,0,1.172818660736084,0.0002462447672986949,20,4060,0.0,526,5181
8,100,0.3,0.0,harm,hybrid,0.005,random,0.1,1.0,0,1.1852458715438843,0.0002462447672986949,20,4060,0.0,526,5181
8,100,0.3,0.0,harm,hybrid,0.005,random,0.1,1.0,0,1.197672963142395,0.0002462447672986949,20,4060,0.0,526,5181
8,100,0.3,0.0,harm,hybrid,0.005,random,0.1,1.0,0,1.2101001739501953,0.0002462447672986949,20,4060,0.0,526,5181
8,100,0.3,0.0,harm,hybrid,0.005,random,0.1,1.0,0,1.2225273847579956,0.0002462447672986949,20,4060,0.0,526,5181
8,100,0.3,0.0,harm,hybrid,0.005,random,0.1,1.0,0,1.2349544763565063,0.0002462447672986949,20,4060,0.0,526,5181
8,100,0.3,0.0,harm,hybrid,0.005,random,0.1,1.0,0,1.2473816871643066,0.0002462447672986949,20,4060,0.0,526,5181
8,100,0.3,0.0,harm,hybrid,0.005,random,0.1,1.0,0,1.259808897972107,0.0002462447672986949,20,4060,0.0,526,5181
8,100,0.3,0.0,harm,hybrid,0.005,random,0.1,1.0,0,1.2722359895706177,0.0002462447672986949,20,4060,0.0,526,5181
8,100,0.3,0.0,harm,hybrid,0.005,random,0.1,1.0,0,1.284663200378418,0.0002462447672986949,20,4060,0.0,526,5181
8,100,0.3,0.0,harm,hybrid,0.005,random,0.1,1.0,0,1.2970904111862183,0.0002462447672986949,20,4060,0.0,526,5181
8,100,0.3,0.0,harm,hybrid,0.005,random,0.1,1.0,0,1.309517502784729,0.0002462447672986949,20,4060,0.0,526,5181
9,100,0.3,0.0,harm,hybrid,0.005,random,0.1,1.0,0,0.0,0.0028883972468043266,20,4067,0.10250000000000001,504,4960
9,100,0.3,0.0,harm,hybrid,0.005,random,0.1,1.0,0,0.013008207082748413,0.0028883972468043266,20,4067,0.10250000000000001,504,4960
9,100,0.3,0.0,harm,hybrid,0.005,random,0.1,1.0,0,0.026016414165496826,0.0028883972468043266,20,4067,0.10250000000000001,504,4960
9,100,0.3,0.0,harm,hybrid,0.005,random,0.1,1.0,0,0.03902462124824524,0.0028883972468043266,20,4067,0.10250000000000001,504,4960
9,100,0.3,0.0,harm,hybrid,0.005,random,0.1,1.0,0,0.05203282833099365,0.0028883972468043266,20,4067,0.10250000000000001,504,4960
9,100,0.3,0.0,harm,hybrid,0.005,random,0.1,1.0,0,0.06504103541374207,0.0028883972468043266,20,4067,0.10250000000000001,504,4960
9,100,0.3,0.0,harm,hybrid,0.005,random,0.1,1.0,0,0.07804924249649048,0.0028883972468043266,20,4067,0.10250000000000001,504,4960
9,100,0.3,0.0,harm,hybrid,0.005,random,0.1,1.0,0,0.09105744957923889,0.0028883972468043266,20,4067,0.10250000000000001,504,4960
9,100,0.3,0.0,harm,hybrid,0.005,random,0.1,1.0,0,0.1040656566619873,0.0028883972468043266,20,4067,0.10250000000000001,504,4960
9,100,0.3,0.0,harm,hybrid,0.005,random,0.1,1.0,0,0.11707386374473572,0.0028883972468043266,20,4067,0.10250000000000001,504,4960
9,100,0.3,0.0,harm,hybrid,0.005,random,0.1,1.0,0,0.13008207082748413,0.0028883972468043266,20,4067,0.10250000000000001,504,4960
9,100,0.3,0.0,harm,hybrid,0.005,random,0.1,1.0,0,0.14309027791023254,0.0028883972468043266,20,4067,0.10250000000000001,504,4960
9,100,0.3,0.0,harm,hybrid,0.005,random,0.1,1.0,0,0.15609848499298096,0.0028883972468043266,20,4067,0.10250000000000001,504,4960
9,100,0.3,0.0,harm,hybrid,0.005,random,0.1,1.0,0,0.16910669207572937,0.0028883972468043266,20,4067,0.10250000000000001,504,4960
9,100,0.3,0.0,harm,hybrid,0.005,random,0.1,1.0,0,0.18211489915847778,0.0028883972468043266,20,4067,0.10250000000000001,504,4960
9,100,0.3,0.0,harm,hybrid,0.005,random,0.1,1.0,0,0.1951231062412262,0.0028883972468043266,20,4067,0.10250000000000001,504,4960
9,100,0.3,0.0,harm,hybrid,0.005,random,0.1,1.0,0,0.2081313133239746,0.0028883972468043266,20,4067,0.10250000000000001,504,4960
9,100,0.3,0.0,harm,hybrid,0.005,random,0.1,1.0,0,0.22113952040672302,0.0028883972468043266,20,4067,0.10250000000000001,504,4960
9,100,0.3,0.0,harm,hybrid,0.005,random,0.1,1.0,0,0.23414772748947144,0.0028883972468043266,20,4067,0.10250000000000001,504,4960
9,100,0.3,0.0,harm,hybrid,0.005,random,0.1,1.0,0,0.24715593457221985,0.0028883972468043266,20,4067,0.10250000000000001,504,4960
9,100,0.3,0.0,harm,hybrid,0.005,random,0.1,1.0,0,0.26016414165496826,0.0028883972468043266,20,4067,0.10250000000000001,504,4960
9,100,0.3,0.0,harm,hybrid,0.005,random,0.1,1.0,0,0.2731723487377167,0.0028883972468043266,20,4067,0.10250000000000001,504,4960
9,100,0.3,0.0,harm,hybrid,0.005,random,0.1,1.0,0,0.2861805558204651,0.0028883972468043266,20,4067,0.10250000000000001,504,4960
9,100,0.3,0.0,harm,hybrid,0.005,random,0.1,1.0,0,0.2991887629032135,0.0028883972468043266,20,4067,0.10250000000000001,504,4960
9,100,0.3,0.0,harm,hybrid,0.005,random,0.1,1.0,0,0.3121969699859619,0.002863815142576204,20,4067,0.10000000000000002,504,4960
9,100,0.3,0.0,harm,hybrid,0.005,random,0.1,1.0,0,0.3252051770687103,0.002863815142576204,20,4067,0.10000000000000002,504,4960
9,100,0.3,0.0,harm,hybrid,0.005,random,0.1,1.0,0,0.33821338415145874,0.002863815142576204,20,4067,0.10000000000000002,504,4960
9,100,0.3,0.0,harm,hybrid,0.005,random,0.1,1.0,0,0.35122159123420715,0.002863815142576204,20,4067,0.10000000000000002,504,4960
9,100,0.3,0.0,harm,hybrid,0.005,random,0.1,1.0,0,0.36422979831695557,0.002863815142576204,20,4067,0.10000000000000002,504,4960
9,100,0.3,0.0,harm,hybrid,0.005,random,0.1,1.0,0,0.377238005399704,0.002863815142576204,20,4067,0.10000000000000002,504,4960
9,100,0.3,0.0,harm,hybrid,0.005,random,0.1,1.0,0,0.3902462124824524,0.0028392330383480826,20,4067,0.0975,504,4960
9,100,0.3,0.0,harm,hybrid,0.005,random,0.1,1.0,0,0.4032544195652008,0.0028146509341199603,20,4067,0.0975,504,4960
9,100,0.3,0.0,harm,hybrid,0.005,random,0.1,1.0,0,0.4162626266479492,0.002790068829891839,20,4067,0.0925,504,4960
9,100,0.3,0.0,harm,hybrid,0.005,random,0.1,1.0,0,0.42927083373069763,0.0027531956735496557,20,4067,0.0875,504,4960
9,100,0.3,0.0,harm,hybrid,0.005,random,0.1,1.0,0,0.44227904081344604,0.0026917404129793506,20,4067,0.08250000000000002,504,4960
9,100,0.3,0.0,harm,hybrid,0.005,random,0.1,1.0,0,0.45528724789619446,0.002642576204523107,20,4067,0.08500000000000002,504,4960
9,100,0.3,0.0,harm,hybrid,0.005,random,0.1,1.0,0,0.46829545497894287,0.002617994100294985,20,4067,0.08,504,4960
9,100,0.3,0.0,harm,hybrid,0.005,random,0.1,1.0,0,0.4813036620616913,0.0025934119960668634,20,4067,0.07750000000000001,504,4960
9,100,0.3,0.0,harm,hybrid,0.005,random,0.1,1.0,0,0.4943118691444397,0.002544247787610619,20,4067,0.07750000000000001,504,4960
9,100,0.3,0.0,harm,hybrid,0.005,random,0.1,1.0,0,0.5073200464248657,0.002507374631268436,20,4067,0.07500000000000001,504,4960
9,100,0.3,0.0,harm,hybrid,0.005,random,0.1,1.0,0,0.5203282833099365,0.0024705014749262537,20,4067,0.07250000000000001,504,4960
9,100,0.3,0.0,harm,hybrid,0.005,random,0.1,1.0,0,0.5333365201950073,0.0024459193706981314,20,4067,0.07500000000000001,504,4960
9,100,0.3,0.0,harm,hybrid,0.005,random,0.1,1.0,0,0.5463446974754333,0.0024582104228121925,20,4067,0.07250000000000001,504,4960
9,100,0.3,0.0,harm,hybrid,0.005,random,0.1,1.0,0,0.5593528747558594,0.0023967551622418874,20,4067,0.07250000000000001,504,4960
9,100,0.3,0.0,harm,hybrid,0.005,random,0.1,1.0,0,0.5723611116409302,0.002384464110127827,20,4067,0.07000000000000002,504,4960
9,100,0.3,0.0,harm,hybrid,0.005,random,0.1,1.0,0,0.585369348526001,0.0023598820058997054,20,4067,0.07000000000000002,504,4960
9,100,0.3,0.0,harm,hybrid,0.005,random,0.1,1.0,0,0.598377525806427,0.002347590953785644,20,4067,0.07000000000000002,504,4960
9,100,0.3,0.0,harm,hybrid,0.005,random,0.1,1.0,0,0.611385703086853,0.002347590953785644,20,4067,0.07000000000000002,504,4960
9,100,0.3,0.0,harm,hybrid,0.005,random,0.1,1.0,0,0.6243939399719238,0.0023352999016715828,20,4067,0.07000000000000002,504,4960
9,100,0.3,0.0,harm,hybrid,0.005,random,0.1,1.0,0,0.6374021768569946,0.002310717797443462,20,4067,0.07000000000000002,504,4960
9,100,0.3,0.0,harm,hybrid,0.005,random,0.1,1.0,0,0.6504103541374207,0.0022984267453294003,20,4067,0.07000000000000002,504,4960
9,100,0.3,0.0,harm,hybrid,0.005,random,0.1,1.0,0,0.6634185314178467,0.0022492625368731563,20,4067,0.07000000000000002,504,4960
9,100,0.3,0.0,harm,hybrid,0.005,random,0.1,1.0,0,0.6764267683029175,0.00216322517207473,20,4067,0.07000000000000002,504,4960
9,100,0.3,0.0,harm,hybrid,0.005,random,0.1,1.0,0,0.6894350051879883,0.002138643067846608,20,4067,0.07000000000000002,504,4960
9,100,0.3,0.0,harm,hybrid,0.005,random,0.1,1.0,0,0.7024431824684143,0.0021263520157325465,20,4067,0.07000000000000002,504,4960
9,100,0.3,0.0,harm,hybrid,0.005,random,0.1,1.0,0,0.7154513597488403,0.0021017699115044247,20,4067,0.07000000000000002,504,4960
9,100,0.3,0.0,harm,hybrid,0.005,random,0.1,1.0,0,0.7284595966339111,0.002064896755162242,20,4067,0.07000000000000002,504,4960
9,100,0.3,0.0,harm,hybrid,0.005,random,0.1,1.0,0,0.7414678335189819,0.002003441494591937,20,4067,0.07000000000000002,504,4960
9,100,0.3,0.0,harm,hybrid,0.005,random,0.1,1.0,0,0.754476010799408,0.002003441494591937,20,4067,0.07000000000000002,504,4960
9,100,0.3,0.0,harm,hybrid,0.005,random,0.1,1.0,0,0.767484188079834,0.0019296951819075714,20,4067,0.07000000000000002,504,4960
9,100,0.3,0.0,harm,hybrid,0.005,random,0.1,1.0,0,0.7804924249649048,0.0019051130776794494,20,4067,0.07000000000000002,504,4960
9,100,0.3,0.0,harm,hybrid,0.005,random,0.1,1.0,0,0.7935006618499756,0.0018682399213372665,20,4067,0.07000000000000002,504,4960
9,100,0.3,0.0,harm,hybrid,0.005,random,0.1,1.0,0,0.8065088391304016,0.0017944936086529007,20,4067,0.07000000000000002,504,4960
9,100,0.3,0.0,harm,hybrid,0.005,random,0.1,1.0,0,0.8195170164108276,0.0017453294001966572,20,4067,0.07000000000000002,504,4960
9,100,0.3,0.0,harm,hybrid,0.005,random,0.1,1.0,0,0.8325252532958984,0.0016838741396263518,20,4067,0.07000000000000002,504,4960
9,100,0.3,0.0,harm,hybrid,0.005,random,0.1,1.0,0,0.8455334901809692,0.0015978367748279254,20,4067,0.07000000000000002,504,4960
9,100,0.3,0.0,harm,hybrid,0.005,random,0.1,1.0,0,0.8585416674613953,0.0015240904621435596,20,4067,0.07000000000000002,504,4960
9,100,0.3,0.0,harm,hybrid,0.005,random,0.1,1.0,0,0.8715498447418213,0.0014626352015732547,20,4067,0.07000000000000002,504,4960
9,100,0.3,0.0,harm,hybrid,0.005,random,0.1,1.0,0,0.8845580816268921,0.001364306784660767,20,4067,0.07000000000000002,504,4960
9,100,0.3,0.0,harm,hybrid,0.005,random,0.1,1.0,0,0.8975663185119629,0.0012782694198623403,20,4067,0.07000000000000002,504,4960
9,100,0.3,0.0,harm,hybrid,0.005,random,0.1,1.0,0,0.9105744957923889,0.0011676499508357916,20,4067,0.07000000000000002,504,4960
9,100,0.3,0.0,harm,hybrid,0.005,random,0.1,1.0,0,0.9235826730728149,0.0011061946902654867,20,4067,0.06750000000000002,504,4960
9,100,0.3,0.0,harm,hybrid,0.005,random,0.1,1.0,0,0.9365909099578857,0.0010447394296951818,20,4067,0.06750000000000002,504,4960
9,100,0.3,0.0,harm,hybrid,0.005,random,0.1,1.0,0,0.9495991468429565,0.0009709931170108163,20,4067,0.06250000000000001,504,4960
9,100,0.3,0.0,harm,hybrid,0.005,random,0.1,1.0,0,0.9626073241233826,0.0008357915437561456,20,4067,0.052500000000000005,504,4960
9,100,0.3,0.0,harm,hybrid,0.005,random,0.1,1.0,0,0.9756155014038086,0.000712881022615536,20,4067,0.045,504,4960
9,100,0.3,0.0,harm,hybrid,0.005,random,0.1,1.0,0,0.9886237382888794,0.0006391347099311701,20,4067,0.035,504,4960
9,100,0.3,0.0,harm,hybrid,0.005,random,0.1,1.0,0,1.0016319751739502,0.0005530973451327434,20,4067,0.027500000000000007,504,4960
9,100,0.3,0.0,harm,hybrid,0.005,random,0.1,1.0,0,1.0146400928497314,0.0004547689282202557,20,4067,0.019999999999999997,504,4960
9,100,0.3,0.0,harm,hybrid,0.005,random,0.1,1.0,0,1.0276483297348022,0.0003810226155358899,20,4067,0.01,504,4960
9,100,0.3,0.0,harm,hybrid,0.005,random,0.1,1.0,0,1.040656566619873,0.0003687315634218289,20,4067,0.01,504,4960
9,100,0.3,0.0,harm,hybrid,0.005,random,0.1,1.0,0,1.0536648035049438,0.0003687315634218289,20,4067,0.01,504,4960
9,100,0.3,0.0,harm,hybrid,0.005,random,0.1,1.0,0,1.0666730403900146,0.000331858407079646,20,4067,0.0075000000000000015,504,4960
9,100,0.3,0.0,harm,hybrid,0.005,random,0.1,1.0,0,1.079681158065796,0.00031956735496558507,20,4067,0.005,504,4960
9,100,0.3,0.0,harm,hybrid,0.005,random,0.1,1.0,0,1.0926893949508667,0.00027040314650934123,20,4067,0.0,504,4960
9,100,0.3,0.0,harm,hybrid,0.005,random,0.1,1.0,0,1.1056976318359375,0.00025811209439528023,20,4067,0.0,504,4960
9,100,0.3,0.0,harm,hybrid,0.005,random,0.1,1.0,0,1.1187057495117188,0.00025811209439528023,20,4067,0.0,504,4960
9,100,0.3,0.0,harm,hybrid,0.005,random,0.1,1.0,0,1.1317139863967896,0.00025811209439528023,20,4067,0.0,504,4960
9,100,0.3,0.0,harm,hybrid,0.005,random,0.1,1.0,0,1.1447222232818604,0.00025811209439528023,20,4067,0.0,504,4960
9,100,0.3,0.0,harm,hybrid,0.005,random,0.1,1.0,0,1.1577304601669312,0.00025811209439528023,20,4067,0.0,504,4960
9,100,0.3,0.0,harm,hybrid,0.005,random,0.1,1.0,0,1.170738697052002,0.00025811209439528023,20,4067,0.0,504,4960
9,100,0.3,0.0,harm,hybrid,0.005,random,0.1,1.0,0,1.1837468147277832,0.00025811209439528023,20,4067,0.0,504,4960
9,100,0.3,0.0,harm,hybrid,0.005,random,0.1,1.0,0,1.196755051612854,0.00025811209439528023,20,4067,0.0,504,4960
9,100,0.3,0.0,harm,hybrid,0.005,random,0.1,1.0,0,1.2097632884979248,0.0002458210422812193,20,4067,0.0,504,4960
9,100,0.3,0.0,harm,hybrid,0.005,random,0.1,1.0,0,1.222771406173706,0.0002458210422812193,20,4067,0.0,504,4960
9,100,0.3,0.0,harm,hybrid,0.005,random,0.1,1.0,0,1.2357796430587769,0.0002458210422812193,20,4067,0.0,504,4960
9,100,0.3,0.0,harm,hybrid,0.005,random,0.1,1.0,0,1.2487878799438477,0.0002458210422812193,20,4067,0.0,504,4960
9,100,0.3,0.0,harm,hybrid,0.005,random,0.1,1.0,0,1.2617961168289185,0.0002458210422812193,20,4067,0.0,504,4960
9,100,0.3,0.0,harm,hybrid,0.005,random,0.1,1.0,0,1.2748043537139893,0.0002458210422812193,20,4067,0.0,504,4960
9,100,0.3,0.0,harm,hybrid,0.005,random,0.1,1.0,0,1.2878124713897705,0.0002458210422812193,20,4067,0.0,504,4960
