run_id,epoch,base_harm,beta,score_type,conformal_method,Collective,Report Strategy,Report Fraction,likes_softmax_temperature,topk_n,gamma,calib_risk_adjusted,num_adv_users,calib_set_size,avg_harm_adv_raw,total_flagged_items,total_items_seen_by_adv_users
0,100,0.3,0.0,harm,hybrid,0.005,tag,0.25,1.0,0,0.11756947636604309,0.0029876543209876546,20,4049,0.12000000000000002,580,4843
0,100,0.3,0.0,harm,hybrid,0.005,tag,0.25,1.0,0,0.12999893724918365,0.0029876543209876546,20,4049,0.12000000000000002,580,4843
0,100,0.3,0.0,harm,hybrid,0.005,tag,0.25,1.0,0,0.14242839813232422,0.0029876543209876546,20,4049,0.12000000000000002,580,4843
0,100,0.3,0.0,harm,hybrid,0.005,tag,0.25,1.0,0,0.1548578441143036,0.0029876543209876546,20,4049,0.12000000000000002,580,4843
0,100,0.3,0.0,harm,hybrid,0.005,tag,0.25,1.0,0,0.16728731989860535,0.0029876543209876546,20,4049,0.12000000000000002,580,4843
0,100,0.3,0.0,harm,hybrid,0.005,tag,0.25,1.0,0,0.17971676588058472,0.0029876543209876546,20,4049,0.12000000000000002,580,4843
0,100,0.3,0.0,harm,hybrid,0.005,tag,0.25,1.0,0,0.19214622676372528,0.0029876543209876546,20,4049,0.12000000000000002,580,4843
0,100,0.3,0.0,harm,hybrid,0.005,tag,0.25,1.0,0,0.20457568764686584,0.0029876543209876546,20,4049,0.12000000000000002,580,4843
0,100,0.3,0.0,harm,hybrid,0.005,tag,0.25,1.0,0,0.2170051485300064,0.0029876543209876546,20,4049,0.12000000000000002,580,4843
0,100,0.3,0.0,harm,hybrid,0.005,tag,0.25,1.0,0,0.22943460941314697,0.0029876543209876546,20,4049,0.12000000000000002,580,4843
0,100,0.3,0.0,harm,hybrid,0.005,tag,0.25,1.0,0,0.24186407029628754,0.0029876543209876546,20,4049,0.12000000000000002,580,4843
0,100,0.3,0.0,harm,hybrid,0.005,tag,0.25,1.0,0,0.2542935311794281,0.0029753086419753087,20,4049,0.12000000000000002,580,4843
0,100,0.3,0.0,harm,hybrid,0.005,tag,0.25,1.0,0,0.26672297716140747,0.0029753086419753087,20,4049,0.12000000000000002,580,4843
0,100,0.3,0.0,harm,hybrid,0.005,tag,0.25,1.0,0,0.27915245294570923,0.0029753086419753087,20,4049,0.12000000000000002,580,4843
0,100,0.3,0.0,harm,hybrid,0.005,tag,0.25,1.0,0,0.2915818989276886,0.0029753086419753087,20,4049,0.12000000000000002,580,4843
0,100,0.3,0.0,harm,hybrid,0.005,tag,0.25,1.0,0,0.30401134490966797,0.002962962962962963,20,4049,0.12000000000000002,580,4843
0,100,0.3,0.0,harm,hybrid,0.005,tag,0.25,1.0,0,0.3164408206939697,0.002962962962962963,20,4049,0.12000000000000002,580,4843
0,100,0.3,0.0,harm,hybrid,0.005,tag,0.25,1.0,0,0.3288702964782715,0.002950617283950618,20,4049,0.11750000000000002,580,4843
0,100,0.3,0.0,harm,hybrid,0.005,tag,0.25,1.0,0,0.34129974246025085,0.002950617283950618,20,4049,0.11750000000000002,580,4843
0,100,0.3,0.0,harm,hybrid,0.005,tag,0.25,1.0,0,0.3537291884422302,0.002938271604938272,20,4049,0.11500000000000002,580,4843
0,100,0.3,0.0,harm,hybrid,0.005,tag,0.25,1.0,0,0.366158664226532,0.002925925925925926,20,4049,0.11500000000000002,580,4843
0,100,0.3,0.0,harm,hybrid,0.005,tag,0.25,1.0,0,0.37858811020851135,0.002925925925925926,20,4049,0.11500000000000002,580,4843
0,100,0.3,0.0,harm,hybrid,0.005,tag,0.25,1.0,0,0.3910175859928131,0.002925925925925926,20,4049,0.11500000000000002,580,4843
0,100,0.3,0.0,harm,hybrid,0.005,tag,0.25,1.0,0,0.4034470319747925,0.002925925925925926,20,4049,0.11500000000000002,580,4843
0,100,0.3,0.0,harm,hybrid,0.005,tag,0.25,1.0,0,0.41587647795677185,0.00291358024691358,20,4049,0.11250000000000002,580,4843
0,100,0.3,0.0,harm,hybrid,0.005,tag,0.25,1.0,0,0.4283059537410736,0.0029012345679012346,20,4049,0.11250000000000002,580,4843
0,100,0.3,0.0,harm,hybrid,0.005,tag,0.25,1.0,0,0.440735399723053,0.0028765432098765433,20,4049,0.10750000000000001,580,4843
0,100,0.3,0.0,harm,hybrid,0.005,tag,0.25,1.0,0,0.45316487550735474,0.002814814814814815,20,4049,0.1,580,4843
0,100,0.3,0.0,harm,hybrid,0.005,tag,0.25,1.0,0,0.4655943214893341,0.0028024691358024692,20,4049,0.0975,580,4843
0,100,0.3,0.0,harm,hybrid,0.005,tag,0.25,1.0,0,0.47802379727363586,0.0028024691358024692,20,4049,0.0975,580,4843
0,100,0.3,0.0,harm,hybrid,0.005,tag,0.25,1.0,0,0.49045324325561523,0.002740740740740741,20,4049,0.0975,580,4843
0,100,0.3,0.0,harm,hybrid,0.005,tag,0.25,1.0,0,0.502882719039917,0.0027160493827160497,20,4049,0.09,580,4843
0,100,0.3,0.0,harm,hybrid,0.005,tag,0.25,1.0,0,0.5153121948242188,0.002666666666666667,20,4049,0.09,580,4843
0,100,0.3,0.0,harm,hybrid,0.005,tag,0.25,1.0,0,0.5277416110038757,0.002654320987654321,20,4049,0.09,580,4843
0,100,0.3,0.0,harm,hybrid,0.005,tag,0.25,1.0,0,0.5401710867881775,0.0026296296296296298,20,4049,0.0875,580,4843
0,100,0.3,0.0,harm,hybrid,0.005,tag,0.25,1.0,0,0.5526005029678345,0.002617283950617284,20,4049,0.085,580,4843
0,100,0.3,0.0,harm,hybrid,0.005,tag,0.25,1.0,0,0.5650299787521362,0.0025679012345679016,20,4049,0.08,580,4843
0,100,0.3,0.0,harm,hybrid,0.005,tag,0.25,1.0,0,0.577459454536438,0.002493827160493827,20,4049,0.075,580,4843
0,100,0.3,0.0,harm,hybrid,0.005,tag,0.25,1.0,0,0.5898889303207397,0.0024814814814814816,20,4049,0.075,580,4843
0,100,0.3,0.0,harm,hybrid,0.005,tag,0.25,1.0,0,0.6023184061050415,0.002444444444444444,20,4049,0.075,580,4843
0,100,0.3,0.0,harm,hybrid,0.005,tag,0.25,1.0,0,0.6147478818893433,0.0024320987654320994,20,4049,0.075,580,4843
0,100,0.3,0.0,harm,hybrid,0.005,tag,0.25,1.0,0,0.6271772384643555,0.0024197530864197535,20,4049,0.075,580,4843
0,100,0.3,0.0,harm,hybrid,0.005,tag,0.25,1.0,0,0.6396067142486572,0.002382716049382716,20,4049,0.075,580,4843
0,100,0.3,0.0,harm,hybrid,0.005,tag,0.25,1.0,0,0.652036190032959,0.0023703703703703703,20,4049,0.075,580,4843
0,100,0.3,0.0,harm,hybrid,0.005,tag,0.25,1.0,0,0.6644656658172607,0.002320987654320987,20,4049,0.075,580,4843
0,100,0.3,0.0,harm,hybrid,0.005,tag,0.25,1.0,0,0.6768951416015625,0.0023209876543209876,20,4049,0.075,580,4843
0,100,0.3,0.0,harm,hybrid,0.005,tag,0.25,1.0,0,0.6893246173858643,0.002283950617283951,20,4049,0.075,580,4843
0,100,0.3,0.0,harm,hybrid,0.005,tag,0.25,1.0,0,0.701754093170166,0.002234567901234568,20,4049,0.075,580,4843
0,100,0.3,0.0,harm,hybrid,0.005,tag,0.25,1.0,0,0.7141834497451782,0.0022222222222222222,20,4049,0.075,580,4843
0,100,0.3,0.0,harm,hybrid,0.005,tag,0.25,1.0,0,0.72661292552948,0.0022098765432098768,20,4049,0.075,580,4843
0,100,0.3,0.0,harm,hybrid,0.005,tag,0.25,1.0,0,0.7390424013137817,0.002197530864197531,20,4049,0.075,580,4843
0,100,0.3,0.0,harm,hybrid,0.005,tag,0.25,1.0,0,0.7514718770980835,0.0021851851851851854,20,4049,0.075,580,4843
0,100,0.3,0.0,harm,hybrid,0.005,tag,0.25,1.0,0,0.7639013528823853,0.002160493827160494,20,4049,0.075,580,4843
0,100,0.3,0.0,harm,hybrid,0.005,tag,0.25,1.0,0,0.776330828666687,0.0021358024691358027,20,4049,0.075,580,4843
0,100,0.3,0.0,harm,hybrid,0.005,tag,0.25,1.0,0,0.7887603044509888,0.002098765432098766,20,4049,0.075,580,4843
0,100,0.3,0.0,harm,hybrid,0.005,tag,0.25,1.0,0,0.8011897802352905,0.00208641975308642,20,4049,0.075,580,4843
0,100,0.3,0.0,harm,hybrid,0.005,tag,0.25,1.0,0,0.8136191368103027,0.002049382716049383,20,4049,0.075,580,4843
0,100,0.3,0.0,harm,hybrid,0.005,tag,0.25,1.0,0,0.8260486125946045,0.0019506172839506176,20,4049,0.075,580,4843
0,100,0.3,0.0,harm,hybrid,0.005,tag,0.25,1.0,0,0.8384780883789062,0.0018641975308641976,20,4049,0.075,580,4843
0,100,0.3,0.0,harm,hybrid,0.005,tag,0.25,1.0,0,0.850907564163208,0.0018148148148148151,20,4049,0.075,580,4843
0,100,0.3,0.0,harm,hybrid,0.005,tag,0.25,1.0,0,0.8633370399475098,0.001728395061728395,20,4049,0.075,580,4843
0,100,0.3,0.0,harm,hybrid,0.005,tag,0.25,1.0,0,0.8757665157318115,0.0016790123456790125,20,4049,0.075,580,4843
0,100,0.3,0.0,harm,hybrid,0.005,tag,0.25,1.0,0,0.8881959915161133,0.001617283950617284,20,4049,0.075,580,4843
0,100,0.3,0.0,harm,hybrid,0.005,tag,0.25,1.0,0,0.9006253480911255,0.0015308641975308643,20,4049,0.075,580,4843
0,100,0.3,0.0,harm,hybrid,0.005,tag,0.25,1.0,0,0.9130548238754272,0.0013950617283950617,20,4049,0.075,580,4843
0,100,0.3,0.0,harm,hybrid,0.005,tag,0.25,1.0,0,0.925484299659729,0.0012839506172839508,20,4049,0.075,580,4843
0,100,0.3,0.0,harm,hybrid,0.005,tag,0.25,1.0,0,0.9379137754440308,0.0012345679012345679,20,4049,0.075,580,4843
0,100,0.3,0.0,harm,hybrid,0.005,tag,0.25,1.0,0,0.9503432512283325,0.001197530864197531,20,4049,0.075,580,4843
0,100,0.3,0.0,harm,hybrid,0.005,tag,0.25,1.0,0,0.9627727270126343,0.0011111111111111113,20,4049,0.075,580,4843
0,100,0.3,0.0,harm,hybrid,0.005,tag,0.25,1.0,0,0.975202202796936,0.001074074074074074,20,4049,0.075,580,4843
0,100,0.3,0.0,harm,hybrid,0.005,tag,0.25,1.0,0,0.9876315593719482,0.0010123456790123457,20,4049,0.075,580,4843
0,100,0.3,0.0,harm,hybrid,0.005,tag,0.25,1.0,0,1.00006103515625,0.0008395061728395062,20,4049,0.0625,580,4843
0,100,0.3,0.0,harm,hybrid,0.005,tag,0.25,1.0,0,1.0124905109405518,0.0007283950617283951,20,4049,0.05500000000000001,580,4843
0,100,0.3,0.0,harm,hybrid,0.005,tag,0.25,1.0,0,1.0249199867248535,0.0006913580246913581,20,4049,0.052500000000000005,580,4843
0,100,0.3,0.0,harm,hybrid,0.005,tag,0.25,1.0,0,1.0373494625091553,0.0006049382716049384,20,4049,0.0425,580,4843
0,100,0.3,0.0,harm,hybrid,0.005,tag,0.25,1.0,0,1.049778938293457,0.0005185185185185186,20,4049,0.035,580,4843
0,100,0.3,0.0,harm,hybrid,0.005,tag,0.25,1.0,0,1.0622084140777588,0.0004691358024691358,20,4049,0.030000000000000006,580,4843
0,100,0.3,0.0,harm,hybrid,0.005,tag,0.25,1.0,0,1.074637770652771,0.00044444444444444447,20,4049,0.027500000000000004,580,4843
0,100,0.3,0.0,harm,hybrid,0.005,tag,0.25,1.0,0,1.0870672464370728,0.0003827160493827161,20,4049,0.015000000000000003,580,4843
0,100,0.3,0.0,harm,hybrid,0.005,tag,0.25,1.0,0,1.0994967222213745,0.0003333333333333334,20,4049,0.01,580,4843
0,100,0.3,0.0,harm,hybrid,0.005,tag,0.25,1.0,0,1.1119261980056763,0.00030864197530864197,20,4049,0.0075000000000000015,580,4843
0,100,0.3,0.0,harm,hybrid,0.005,tag,0.25,1.0,0,1.124355673789978,0.0002962962962962963,20,4049,0.0075000000000000015,580,4843
0,100,0.3,0.0,harm,hybrid,0.005,tag,0.25,1.0,0,1.1367850303649902,0.0002839506172839506,20,4049,0.005,580,4843
0,100,0.3,0.0,harm,hybrid,0.005,tag,0.25,1.0,0,1.149214506149292,0.00027160493827160494,20,4049,0.0025,580,4843
0,100,0.3,0.0,harm,hybrid,0.005,tag,0.25,1.0,0,1.1616439819335938,0.00027160493827160494,20,4049,0.0025,580,4843
0,100,0.3,0.0,harm,hybrid,0.005,tag,0.25,1.0,0,1.1740734577178955,0.00025925925925925926,20,4049,0.0,580,4843
0,100,0.3,0.0,harm,hybrid,0.005,tag,0.25,1.0,0,1.1865029335021973,0.00025925925925925926,20,4049,0.0,580,4843
0,100,0.3,0.0,harm,hybrid,0.005,tag,0.25,1.0,0,1.198932409286499,0.00025925925925925926,20,4049,0.0,580,4843
0,100,0.3,0.0,harm,hybrid,0.005,tag,0.25,1.0,0,1.2113618850708008,0.0002469135802469136,20,4049,0.0,580,4843
0,100,0.3,0.0,harm,hybrid,0.005,tag,0.25,1.0,0,1.223791241645813,0.0002469135802469136,20,4049,0.0,580,4843
0,100,0.3,0.0,harm,hybrid,0.005,tag,0.25,1.0,0,1.2362207174301147,0.0002469135802469136,20,4049,0.0,580,4843
0,100,0.3,0.0,harm,hybrid,0.005,tag,0.25,1.0,0,1.2486501932144165,0.0002469135802469136,20,4049,0.0,580,4843
0,100,0.3,0.0,harm,hybrid,0.005,tag,0.25,1.0,0,1.2610796689987183,0.0002469135802469136,20,4049,0.0,580,4843
0,100,0.3,0.0,harm,hybrid,0.005,tag,0.25,1.0,0,1.27350914478302,0.0002469135802469136,20,4049,0.0,580,4843
0,100,0.3,0.0,harm,hybrid,0.005,tag,0.25,1.0,0,1.2859386205673218,0.0002469135802469136,20,4049,0.0,580,4843
0,100,0.3,0.0,harm,hybrid,0.005,tag,0.25,1.0,0,1.2983680963516235,0.0002469135802469136,20,4049,0.0,580,4843
0,100,0.3,0.0,harm,hybrid,0.005,tag,0.25,1.0,0,1.3107974529266357,0.0002469135802469136,20,4049,0.0,580,4843
0,100,0.3,0.0,harm,hybrid,0.005,tag,0.25,1.0,0,1.3232269287109375,0.0002469135802469136,20,4049,0.0,580,4843
0,100,0.3,0.0,harm,hybrid,0.005,tag,0.25,1.0,0,1.3356564044952393,0.0002469135802469136,20,4049,0.0,580,4843
0,100,0.3,0.0,harm,hybrid,0.005,tag,0.25,1.0,0,1.348085880279541,0.0002469135802469136,20,4049,0.0,580,4843
1,100,0.3,0.0,harm,hybrid,0.005,tag,0.25,1.0,0,0.04140770435333252,0.0030135301353013534,20,4064,0.1125,638,5126
1,100,0.3,0.0,harm,hybrid,0.005,tag,0.25,1.0,0,0.05379550904035568,0.0030135301353013534,20,4064,0.1125,638,5126
1,100,0.3,0.0,harm,hybrid,0.005,tag,0.25,1.0,0,0.06618331372737885,0.0030135301353013534,20,4064,0.1125,638,5126
1,100,0.3,0.0,harm,hybrid,0.005,tag,0.25,1.0,0,0.07857111841440201,0.0030135301353013534,20,4064,0.1125,638,5126
1,100,0.3,0.0,harm,hybrid,0.005,tag,0.25,1.0,0,0.09095892310142517,0.0030135301353013534,20,4064,0.1125,638,5126
1,100,0.3,0.0,harm,hybrid,0.005,tag,0.25,1.0,0,0.10334672778844833,0.0030135301353013534,20,4064,0.1125,638,5126
1,100,0.3,0.0,harm,hybrid,0.005,tag,0.25,1.0,0,0.1157345324754715,0.0030135301353013534,20,4064,0.1125,638,5126
1,100,0.3,0.0,harm,hybrid,0.005,tag,0.25,1.0,0,0.12812232971191406,0.0030135301353013534,20,4064,0.1125,638,5126
1,100,0.3,0.0,harm,hybrid,0.005,tag,0.25,1.0,0,0.14051014184951782,0.0030135301353013534,20,4064,0.1125,638,5126
1,100,0.3,0.0,harm,hybrid,0.005,tag,0.25,1.0,0,0.15289795398712158,0.0030135301353013534,20,4064,0.1125,638,5126
1,100,0.3,0.0,harm,hybrid,0.005,tag,0.25,1.0,0,0.16528575122356415,0.0030135301353013534,20,4064,0.1125,638,5126
1,100,0.3,0.0,harm,hybrid,0.005,tag,0.25,1.0,0,0.1776735484600067,0.0030135301353013534,20,4064,0.1125,638,5126
1,100,0.3,0.0,harm,hybrid,0.005,tag,0.25,1.0,0,0.19006136059761047,0.0030135301353013534,20,4064,0.1125,638,5126
1,100,0.3,0.0,harm,hybrid,0.005,tag,0.25,1.0,0,0.20244917273521423,0.0030135301353013534,20,4064,0.1125,638,5126
1,100,0.3,0.0,harm,hybrid,0.005,tag,0.25,1.0,0,0.2148369699716568,0.0030135301353013534,20,4064,0.1125,638,5126
1,100,0.3,0.0,harm,hybrid,0.005,tag,0.25,1.0,0,0.22722476720809937,0.0030135301353013534,20,4064,0.1125,638,5126
1,100,0.3,0.0,harm,hybrid,0.005,tag,0.25,1.0,0,0.23961257934570312,0.0030135301353013534,20,4064,0.1125,638,5126
1,100,0.3,0.0,harm,hybrid,0.005,tag,0.25,1.0,0,0.2520003914833069,0.0030135301353013534,20,4064,0.1125,638,5126
1,100,0.3,0.0,harm,hybrid,0.005,tag,0.25,1.0,0,0.26438820362091064,0.0030135301353013534,20,4064,0.1125,638,5126
1,100,0.3,0.0,harm,hybrid,0.005,tag,0.25,1.0,0,0.276775985956192,0.0030135301353013534,20,4064,0.1125,638,5126
1,100,0.3,0.0,harm,hybrid,0.005,tag,0.25,1.0,0,0.2891637980937958,0.0030135301353013534,20,4064,0.1125,638,5126
1,100,0.3,0.0,harm,hybrid,0.005,tag,0.25,1.0,0,0.30155161023139954,0.0030012300123001237,20,4064,0.1125,638,5126
1,100,0.3,0.0,harm,hybrid,0.005,tag,0.25,1.0,0,0.3139393925666809,0.002988929889298893,20,4064,0.11000000000000001,638,5126
1,100,0.3,0.0,harm,hybrid,0.005,tag,0.25,1.0,0,0.32632720470428467,0.002988929889298893,20,4064,0.11000000000000001,638,5126
1,100,0.3,0.0,harm,hybrid,0.005,tag,0.25,1.0,0,0.3387150168418884,0.002988929889298893,20,4064,0.11000000000000001,638,5126
1,100,0.3,0.0,harm,hybrid,0.005,tag,0.25,1.0,0,0.3511028289794922,0.002976629766297663,20,4064,0.10750000000000001,638,5126
1,100,0.3,0.0,harm,hybrid,0.005,tag,0.25,1.0,0,0.36349064111709595,0.0029397293972939728,20,4064,0.10500000000000001,638,5126
1,100,0.3,0.0,harm,hybrid,0.005,tag,0.25,1.0,0,0.3758784234523773,0.0029151291512915134,20,4064,0.10250000000000001,638,5126
1,100,0.3,0.0,harm,hybrid,0.005,tag,0.25,1.0,0,0.3882662355899811,0.002902829028290283,20,4064,0.10250000000000001,638,5126
1,100,0.3,0.0,harm,hybrid,0.005,tag,0.25,1.0,0,0.40065404772758484,0.002890528905289053,20,4064,0.10000000000000002,638,5126
1,100,0.3,0.0,harm,hybrid,0.005,tag,0.25,1.0,0,0.4130418300628662,0.0028782287822878227,20,4064,0.0975,638,5126
1,100,0.3,0.0,harm,hybrid,0.005,tag,0.25,1.0,0,0.42542964220046997,0.0028659286592865934,20,4064,0.0975,638,5126
1,100,0.3,0.0,harm,hybrid,0.005,tag,0.25,1.0,0,0.43781745433807373,0.0028044280442804433,20,4064,0.0975,638,5126
1,100,0.3,0.0,harm,hybrid,0.005,tag,0.25,1.0,0,0.4502052664756775,0.0027921279212792137,20,4064,0.09500000000000001,638,5126
1,100,0.3,0.0,harm,hybrid,0.005,tag,0.25,1.0,0,0.46259307861328125,0.0027429274292742932,20,4064,0.0925,638,5126
1,100,0.3,0.0,harm,hybrid,0.005,tag,0.25,1.0,0,0.4749808609485626,0.002656826568265683,20,4064,0.09,638,5126
1,100,0.3,0.0,harm,hybrid,0.005,tag,0.25,1.0,0,0.4873686730861664,0.002644526445264453,20,4064,0.09,638,5126
1,100,0.3,0.0,harm,hybrid,0.005,tag,0.25,1.0,0,0.49975648522377014,0.0026322263222632227,20,4064,0.09,638,5126
1,100,0.3,0.0,harm,hybrid,0.005,tag,0.25,1.0,0,0.5121442675590515,0.0026322263222632227,20,4064,0.09,638,5126
1,100,0.3,0.0,harm,hybrid,0.005,tag,0.25,1.0,0,0.5245320796966553,0.002595325953259533,20,4064,0.08500000000000002,638,5126
1,100,0.3,0.0,harm,hybrid,0.005,tag,0.25,1.0,0,0.536919891834259,0.0025707257072570726,20,4064,0.08500000000000002,638,5126
1,100,0.3,0.0,harm,hybrid,0.005,tag,0.25,1.0,0,0.5493077039718628,0.002472324723247233,20,4064,0.07750000000000001,638,5126
1,100,0.3,0.0,harm,hybrid,0.005,tag,0.25,1.0,0,0.5616955161094666,0.002472324723247233,20,4064,0.07750000000000001,638,5126
1,100,0.3,0.0,harm,hybrid,0.005,tag,0.25,1.0,0,0.5740833282470703,0.002447724477244773,20,4064,0.07750000000000001,638,5126
1,100,0.3,0.0,harm,hybrid,0.005,tag,0.25,1.0,0,0.5864710807800293,0.0023862238622386223,20,4064,0.07750000000000001,638,5126
1,100,0.3,0.0,harm,hybrid,0.005,tag,0.25,1.0,0,0.5988588929176331,0.0023739237392373927,20,4064,0.07750000000000001,638,5126
1,100,0.3,0.0,harm,hybrid,0.005,tag,0.25,1.0,0,0.6112467050552368,0.0023370233702337028,20,4064,0.07750000000000001,638,5126
1,100,0.3,0.0,harm,hybrid,0.005,tag,0.25,1.0,0,0.6236345171928406,0.0023247232472324727,20,4064,0.07750000000000001,638,5126
1,100,0.3,0.0,harm,hybrid,0.005,tag,0.25,1.0,0,0.6360223293304443,0.002300123001230013,20,4064,0.07750000000000001,638,5126
1,100,0.3,0.0,harm,hybrid,0.005,tag,0.25,1.0,0,0.6484101414680481,0.0022755227552275522,20,4064,0.07750000000000001,638,5126
1,100,0.3,0.0,harm,hybrid,0.005,tag,0.25,1.0,0,0.6607979536056519,0.0022509225092250925,20,4064,0.07750000000000001,638,5126
1,100,0.3,0.0,harm,hybrid,0.005,tag,0.25,1.0,0,0.6731857657432556,0.0022263222632226327,20,4064,0.07750000000000001,638,5126
1,100,0.3,0.0,harm,hybrid,0.005,tag,0.25,1.0,0,0.6855735778808594,0.002214022140221402,20,4064,0.07750000000000001,638,5126
1,100,0.3,0.0,harm,hybrid,0.005,tag,0.25,1.0,0,0.6979613304138184,0.0021771217712177123,20,4064,0.07750000000000001,638,5126
1,100,0.3,0.0,harm,hybrid,0.005,tag,0.25,1.0,0,0.7103491425514221,0.0021279212792127923,20,4064,0.07750000000000001,638,5126
1,100,0.3,0.0,harm,hybrid,0.005,tag,0.25,1.0,0,0.7227369546890259,0.002103321033210332,20,4064,0.07750000000000001,638,5126
1,100,0.3,0.0,harm,hybrid,0.005,tag,0.25,1.0,0,0.7351247668266296,0.002103321033210332,20,4064,0.07750000000000001,638,5126
1,100,0.3,0.0,harm,hybrid,0.005,tag,0.25,1.0,0,0.7475125789642334,0.0020295202952029523,20,4064,0.07750000000000001,638,5126
1,100,0.3,0.0,harm,hybrid,0.005,tag,0.25,1.0,0,0.7599003911018372,0.001955719557195572,20,4064,0.07750000000000001,638,5126
1,100,0.3,0.0,harm,hybrid,0.005,tag,0.25,1.0,0,0.7722882032394409,0.001881918819188192,20,4064,0.07750000000000001,638,5126
1,100,0.3,0.0,harm,hybrid,0.005,tag,0.25,1.0,0,0.7846759557723999,0.001845018450184502,20,4064,0.07750000000000001,638,5126
1,100,0.3,0.0,harm,hybrid,0.005,tag,0.25,1.0,0,0.7970637679100037,0.0017958179581795818,20,4064,0.07750000000000001,638,5126
1,100,0.3,0.0,harm,hybrid,0.005,tag,0.25,1.0,0,0.8094515800476074,0.0017343173431734317,20,4064,0.07750000000000001,638,5126
1,100,0.3,0.0,harm,hybrid,0.005,tag,0.25,1.0,0,0.8218393921852112,0.0015867158671586715,20,4064,0.07750000000000001,638,5126
1,100,0.3,0.0,harm,hybrid,0.005,tag,0.25,1.0,0,0.8342272043228149,0.0014760147601476014,20,4064,0.07750000000000001,638,5126
1,100,0.3,0.0,harm,hybrid,0.005,tag,0.25,1.0,0,0.8466150164604187,0.0013161131611316114,20,4064,0.07750000000000001,638,5126
1,100,0.3,0.0,harm,hybrid,0.005,tag,0.25,1.0,0,0.8590028285980225,0.001230012300123001,20,4064,0.07750000000000001,638,5126
1,100,0.3,0.0,harm,hybrid,0.005,tag,0.25,1.0,0,0.8713906407356262,0.0011931119311193112,20,4064,0.07750000000000001,638,5126
1,100,0.3,0.0,harm,hybrid,0.005,tag,0.25,1.0,0,0.88377845287323,0.0011439114391143912,20,4064,0.07750000000000001,638,5126
1,100,0.3,0.0,harm,hybrid,0.005,tag,0.25,1.0,0,0.896166205406189,0.001057810578105781,20,4064,0.07500000000000001,638,5126
1,100,0.3,0.0,harm,hybrid,0.005,tag,0.25,1.0,0,0.9085540175437927,0.0009717097170971708,20,4064,0.07,638,5126
1,100,0.3,0.0,harm,hybrid,0.005,tag,0.25,1.0,0,0.9209418296813965,0.0008241082410824108,20,4064,0.06500000000000002,638,5126
1,100,0.3,0.0,harm,hybrid,0.005,tag,0.25,1.0,0,0.9333296418190002,0.0007749077490774908,20,4064,0.06250000000000001,638,5126
1,100,0.3,0.0,harm,hybrid,0.005,tag,0.25,1.0,0,0.945717453956604,0.0006642066420664207,20,4064,0.052500000000000005,638,5126
1,100,0.3,0.0,harm,hybrid,0.005,tag,0.25,1.0,0,0.9581052660942078,0.0006027060270602706,20,4064,0.0475,638,5126
1,100,0.3,0.0,harm,hybrid,0.005,tag,0.25,1.0,0,0.9704930782318115,0.0005781057810578105,20,4064,0.04250000000000001,638,5126
1,100,0.3,0.0,harm,hybrid,0.005,tag,0.25,1.0,0,0.9828808307647705,0.0005043050430504304,20,4064,0.035,638,5126
1,100,0.3,0.0,harm,hybrid,0.005,tag,0.25,1.0,0,0.9952686429023743,0.00045510455104551045,20,4064,0.027500000000000004,638,5126
1,100,0.3,0.0,harm,hybrid,0.005,tag,0.25,1.0,0,1.007656455039978,0.0003936039360393604,20,4064,0.02,638,5126
1,100,0.3,0.0,harm,hybrid,0.005,tag,0.25,1.0,0,1.0200443267822266,0.00035670356703567036,20,4064,0.0125,638,5126
1,100,0.3,0.0,harm,hybrid,0.005,tag,0.25,1.0,0,1.0324320793151855,0.00030750307503075026,20,4064,0.0075000000000000015,638,5126
1,100,0.3,0.0,harm,hybrid,0.005,tag,0.25,1.0,0,1.0448198318481445,0.00030750307503075026,20,4064,0.0075000000000000015,638,5126
1,100,0.3,0.0,harm,hybrid,0.005,tag,0.25,1.0,0,1.057207703590393,0.00028290282902829027,20,4064,0.0025,638,5126
1,100,0.3,0.0,harm,hybrid,0.005,tag,0.25,1.0,0,1.069595456123352,0.00028290282902829027,20,4064,0.0025,638,5126
1,100,0.3,0.0,harm,hybrid,0.005,tag,0.25,1.0,0,1.0819833278656006,0.00028290282902829027,20,4064,0.0025,638,5126
1,100,0.3,0.0,harm,hybrid,0.005,tag,0.25,1.0,0,1.0943710803985596,0.0002583025830258302,20,4064,0.0,638,5126
1,100,0.3,0.0,harm,hybrid,0.005,tag,0.25,1.0,0,1.106758952140808,0.0002460024600246002,20,4064,0.0,638,5126
1,100,0.3,0.0,harm,hybrid,0.005,tag,0.25,1.0,0,1.119146704673767,0.0002460024600246002,20,4064,0.0,638,5126
1,100,0.3,0.0,harm,hybrid,0.005,tag,0.25,1.0,0,1.131534457206726,0.0002460024600246002,20,4064,0.0,638,5126
1,100,0.3,0.0,harm,hybrid,0.005,tag,0.25,1.0,0,1.1439223289489746,0.0002460024600246002,20,4064,0.0,638,5126
1,100,0.3,0.0,harm,hybrid,0.005,tag,0.25,1.0,0,1.1563100814819336,0.0002460024600246002,20,4064,0.0,638,5126
1,100,0.3,0.0,harm,hybrid,0.005,tag,0.25,1.0,0,1.1686979532241821,0.0002460024600246002,20,4064,0.0,638,5126
1,100,0.3,0.0,harm,hybrid,0.005,tag,0.25,1.0,0,1.1810857057571411,0.0002460024600246002,20,4064,0.0,638,5126
1,100,0.3,0.0,harm,hybrid,0.005,tag,0.25,1.0,0,1.1934735774993896,0.0002460024600246002,20,4064,0.0,638,5126
1,100,0.3,0.0,harm,hybrid,0.005,tag,0.25,1.0,0,1.2058613300323486,0.0002460024600246002,20,4064,0.0,638,5126
1,100,0.3,0.0,harm,hybrid,0.005,tag,0.25,1.0,0,1.2182492017745972,0.0002460024600246002,20,4064,0.0,638,5126
1,100,0.3,0.0,harm,hybrid,0.005,tag,0.25,1.0,0,1.2306369543075562,0.0002460024600246002,20,4064,0.0,638,5126
1,100,0.3,0.0,harm,hybrid,0.005,tag,0.25,1.0,0,1.2430247068405151,0.0002460024600246002,20,4064,0.0,638,5126
1,100,0.3,0.0,harm,hybrid,0.005,tag,0.25,1.0,0,1.2554125785827637,0.0002460024600246002,20,4064,0.0,638,5126
1,100,0.3,0.0,harm,hybrid,0.005,tag,0.25,1.0,0,1.2678003311157227,0.0002460024600246002,20,4064,0.0,638,5126
2,100,0.3,0.0,harm,hybrid,0.005,tag,0.25,1.0,0,0.03058314323425293,0.003012788981800295,20,4065,0.11250000000000002,569,4725
2,100,0.3,0.0,harm,hybrid,0.005,tag,0.25,1.0,0,0.04363076761364937,0.003012788981800295,20,4065,0.11250000000000002,569,4725
2,100,0.3,0.0,harm,hybrid,0.005,tag,0.25,1.0,0,0.05667839199304581,0.003012788981800295,20,4065,0.11250000000000002,569,4725
2,100,0.3,0.0,harm,hybrid,0.005,tag,0.25,1.0,0,0.06972602009773254,0.003012788981800295,20,4065,0.11250000000000002,569,4725
2,100,0.3,0.0,harm,hybrid,0.005,tag,0.25,1.0,0,0.08277364075183868,0.003012788981800295,20,4065,0.11250000000000002,569,4725
2,100,0.3,0.0,harm,hybrid,0.005,tag,0.25,1.0,0,0.09582126885652542,0.003012788981800295,20,4065,0.11250000000000002,569,4725
2,100,0.3,0.0,harm,hybrid,0.005,tag,0.25,1.0,0,0.10886889696121216,0.003012788981800295,20,4065,0.11250000000000002,569,4725
2,100,0.3,0.0,harm,hybrid,0.005,tag,0.25,1.0,0,0.1219165176153183,0.003012788981800295,20,4065,0.11250000000000002,569,4725
2,100,0.3,0.0,harm,hybrid,0.005,tag,0.25,1.0,0,0.13496413826942444,0.003012788981800295,20,4065,0.11250000000000002,569,4725
2,100,0.3,0.0,harm,hybrid,0.005,tag,0.25,1.0,0,0.14801177382469177,0.003012788981800295,20,4065,0.11250000000000002,569,4725
2,100,0.3,0.0,harm,hybrid,0.005,tag,0.25,1.0,0,0.1610593944787979,0.003012788981800295,20,4065,0.11250000000000002,569,4725
2,100,0.3,0.0,harm,hybrid,0.005,tag,0.25,1.0,0,0.17410701513290405,0.003012788981800295,20,4065,0.11250000000000002,569,4725
2,100,0.3,0.0,harm,hybrid,0.005,tag,0.25,1.0,0,0.1871546506881714,0.003012788981800295,20,4065,0.11250000000000002,569,4725
2,100,0.3,0.0,harm,hybrid,0.005,tag,0.25,1.0,0,0.20020227134227753,0.003012788981800295,20,4065,0.11250000000000002,569,4725
2,100,0.3,0.0,harm,hybrid,0.005,tag,0.25,1.0,0,0.21324989199638367,0.003000491883915396,20,4065,0.11000000000000001,569,4725
2,100,0.3,0.0,harm,hybrid,0.005,tag,0.25,1.0,0,0.226297527551651,0.0029881947860304968,20,4065,0.10750000000000001,569,4725
2,100,0.3,0.0,harm,hybrid,0.005,tag,0.25,1.0,0,0.23934514820575714,0.0029881947860304968,20,4065,0.10750000000000001,569,4725
2,100,0.3,0.0,harm,hybrid,0.005,tag,0.25,1.0,0,0.2523927688598633,0.0029758976881455977,20,4065,0.10500000000000001,569,4725
2,100,0.3,0.0,harm,hybrid,0.005,tag,0.25,1.0,0,0.2654404044151306,0.0029636005902606982,20,4065,0.10500000000000001,569,4725
2,100,0.3,0.0,harm,hybrid,0.005,tag,0.25,1.0,0,0.27848803997039795,0.0029636005902606982,20,4065,0.10500000000000001,569,4725
2,100,0.3,0.0,harm,hybrid,0.005,tag,0.25,1.0,0,0.2915356457233429,0.0029636005902606982,20,4065,0.10500000000000001,569,4725
2,100,0.3,0.0,harm,hybrid,0.005,tag,0.25,1.0,0,0.30458328127861023,0.0029513034923757996,20,4065,0.10500000000000001,569,4725
2,100,0.3,0.0,harm,hybrid,0.005,tag,0.25,1.0,0,0.3176308870315552,0.0029513034923757996,20,4065,0.10500000000000001,569,4725
2,100,0.3,0.0,harm,hybrid,0.005,tag,0.25,1.0,0,0.3306785225868225,0.0029513034923757996,20,4065,0.10500000000000001,569,4725
2,100,0.3,0.0,harm,hybrid,0.005,tag,0.25,1.0,0,0.34372615814208984,0.0029513034923757996,20,4065,0.10500000000000001,569,4725
2,100,0.3,0.0,harm,hybrid,0.005,tag,0.25,1.0,0,0.3567737638950348,0.0029513034923757996,20,4065,0.10500000000000001,569,4725
2,100,0.3,0.0,harm,hybrid,0.005,tag,0.25,1.0,0,0.3698213994503021,0.0029513034923757996,20,4065,0.10500000000000001,569,4725
2,100,0.3,0.0,harm,hybrid,0.005,tag,0.25,1.0,0,0.38286903500556946,0.0029390063944908997,20,4065,0.10500000000000001,569,4725
2,100,0.3,0.0,harm,hybrid,0.005,tag,0.25,1.0,0,0.3959166407585144,0.0028775209050664044,20,4065,0.0975,569,4725
2,100,0.3,0.0,harm,hybrid,0.005,tag,0.25,1.0,0,0.40896427631378174,0.0028652238071815053,20,4065,0.09500000000000001,569,4725
2,100,0.3,0.0,harm,hybrid,0.005,tag,0.25,1.0,0,0.4220119118690491,0.002816035415641908,20,4065,0.09250000000000001,569,4725
2,100,0.3,0.0,harm,hybrid,0.005,tag,0.25,1.0,0,0.435059517621994,0.002754549926217413,20,4065,0.08750000000000001,569,4725
2,100,0.3,0.0,harm,hybrid,0.005,tag,0.25,1.0,0,0.44810715317726135,0.0027422528283325134,20,4065,0.085,569,4725
2,100,0.3,0.0,harm,hybrid,0.005,tag,0.25,1.0,0,0.4611547887325287,0.0027176586325627153,20,4065,0.085,569,4725
2,100,0.3,0.0,harm,hybrid,0.005,tag,0.25,1.0,0,0.47420239448547363,0.0027053615346778162,20,4065,0.085,569,4725
2,100,0.3,0.0,harm,hybrid,0.005,tag,0.25,1.0,0,0.48725003004074097,0.0026684702410231186,20,4065,0.08000000000000002,569,4725
2,100,0.3,0.0,harm,hybrid,0.005,tag,0.25,1.0,0,0.5002976655960083,0.002631578947368421,20,4065,0.07500000000000002,569,4725
2,100,0.3,0.0,harm,hybrid,0.005,tag,0.25,1.0,0,0.5133452415466309,0.0025823905558288243,20,4065,0.07000000000000002,569,4725
2,100,0.3,0.0,harm,hybrid,0.005,tag,0.25,1.0,0,0.526392936706543,0.002557796360059026,20,4065,0.06750000000000002,569,4725
2,100,0.3,0.0,harm,hybrid,0.005,tag,0.25,1.0,0,0.5394405126571655,0.0025209050664043286,20,4065,0.06250000000000001,569,4725
2,100,0.3,0.0,harm,hybrid,0.005,tag,0.25,1.0,0,0.5524881482124329,0.002471716674864732,20,4065,0.06000000000000001,569,4725
2,100,0.3,0.0,harm,hybrid,0.005,tag,0.25,1.0,0,0.5655357837677002,0.0024348253812100347,20,4065,0.05750000000000001,569,4725
2,100,0.3,0.0,harm,hybrid,0.005,tag,0.25,1.0,0,0.5785834193229675,0.0023856369896704376,20,4065,0.057500000000000016,569,4725
2,100,0.3,0.0,harm,hybrid,0.005,tag,0.25,1.0,0,0.5916310548782349,0.002324151500245942,20,4065,0.05250000000000001,569,4725
2,100,0.3,0.0,harm,hybrid,0.005,tag,0.25,1.0,0,0.6046786308288574,0.002262666010821446,20,4065,0.05,569,4725
2,100,0.3,0.0,harm,hybrid,0.005,tag,0.25,1.0,0,0.6177262663841248,0.0022011805213969504,20,4065,0.0475,569,4725
2,100,0.3,0.0,harm,hybrid,0.005,tag,0.25,1.0,0,0.6307739019393921,0.0022011805213969504,20,4065,0.0475,569,4725
2,100,0.3,0.0,harm,hybrid,0.005,tag,0.25,1.0,0,0.6438215374946594,0.002164289227742253,20,4065,0.0475,569,4725
2,100,0.3,0.0,harm,hybrid,0.005,tag,0.25,1.0,0,0.6568691730499268,0.0021519921298573533,20,4065,0.0475,569,4725
2,100,0.3,0.0,harm,hybrid,0.005,tag,0.25,1.0,0,0.6699168086051941,0.002127397934087555,20,4065,0.0475,569,4725
2,100,0.3,0.0,harm,hybrid,0.005,tag,0.25,1.0,0,0.6829643845558167,0.0020905066404328576,20,4065,0.0475,569,4725
2,100,0.3,0.0,harm,hybrid,0.005,tag,0.25,1.0,0,0.696012020111084,0.0020536153467781604,20,4065,0.0475,569,4725
2,100,0.3,0.0,harm,hybrid,0.005,tag,0.25,1.0,0,0.7090596556663513,0.0020413182488932613,20,4065,0.0475,569,4725
2,100,0.3,0.0,harm,hybrid,0.005,tag,0.25,1.0,0,0.7221072912216187,0.002016724053123463,20,4065,0.0475,569,4725
2,100,0.3,0.0,harm,hybrid,0.005,tag,0.25,1.0,0,0.735154926776886,0.0019798327594687656,20,4065,0.0475,569,4725
2,100,0.3,0.0,harm,hybrid,0.005,tag,0.25,1.0,0,0.7482025623321533,0.0019552385636989666,20,4065,0.0475,569,4725
2,100,0.3,0.0,harm,hybrid,0.005,tag,0.25,1.0,0,0.7612501382827759,0.0019183472700442699,20,4065,0.0475,569,4725
2,100,0.3,0.0,harm,hybrid,0.005,tag,0.25,1.0,0,0.7742977738380432,0.0018445646827348746,20,4065,0.0475,569,4725
2,100,0.3,0.0,harm,hybrid,0.005,tag,0.25,1.0,0,0.7873454093933105,0.001795376291195278,20,4065,0.0475,569,4725
2,100,0.3,0.0,harm,hybrid,0.005,tag,0.25,1.0,0,0.8003930449485779,0.0017707820954254794,20,4065,0.0475,569,4725
2,100,0.3,0.0,harm,hybrid,0.005,tag,0.25,1.0,0,0.8134406805038452,0.0016847024102311851,20,4065,0.0475,569,4725
2,100,0.3,0.0,harm,hybrid,0.005,tag,0.25,1.0,0,0.8264883160591125,0.0015986227250368913,20,4065,0.0475,569,4725
2,100,0.3,0.0,harm,hybrid,0.005,tag,0.25,1.0,0,0.8395358920097351,0.0015617314313821937,20,4065,0.0475,569,4725
2,100,0.3,0.0,harm,hybrid,0.005,tag,0.25,1.0,0,0.8525835275650024,0.0014879488440727989,20,4065,0.0475,569,4725
2,100,0.3,0.0,harm,hybrid,0.005,tag,0.25,1.0,0,0.8656311631202698,0.001352680767338908,20,4065,0.0475,569,4725
2,100,0.3,0.0,harm,hybrid,0.005,tag,0.25,1.0,0,0.8786787986755371,0.001266601082144614,20,4065,0.0475,569,4725
2,100,0.3,0.0,harm,hybrid,0.005,tag,0.25,1.0,0,0.8917264342308044,0.001131333005410723,20,4065,0.0475,569,4725
2,100,0.3,0.0,harm,hybrid,0.005,tag,0.25,1.0,0,0.904774010181427,0.0010575504181013283,20,4065,0.0475,569,4725
2,100,0.3,0.0,harm,hybrid,0.005,tag,0.25,1.0,0,0.9178216457366943,0.000983767830791933,20,4065,0.0475,569,4725
2,100,0.3,0.0,harm,hybrid,0.005,tag,0.25,1.0,0,0.9308692812919617,0.0009099852434825382,20,4065,0.0475,569,4725
2,100,0.3,0.0,harm,hybrid,0.005,tag,0.25,1.0,0,0.943916916847229,0.000823905558288244,20,4065,0.0475,569,4725
2,100,0.3,0.0,harm,hybrid,0.005,tag,0.25,1.0,0,0.9569645524024963,0.0007378258730939498,20,4065,0.045000000000000005,569,4725
2,100,0.3,0.0,harm,hybrid,0.005,tag,0.25,1.0,0,0.9700121879577637,0.0007132316773241516,20,4065,0.045000000000000005,569,4725
2,100,0.3,0.0,harm,hybrid,0.005,tag,0.25,1.0,0,0.9830597639083862,0.0006640432857845549,20,4065,0.045000000000000005,569,4725
2,100,0.3,0.0,harm,hybrid,0.005,tag,0.25,1.0,0,0.9961073994636536,0.0005902606984751599,20,4065,0.035,569,4725
2,100,0.3,0.0,harm,hybrid,0.005,tag,0.25,1.0,0,1.009155035018921,0.0004672897196261682,20,4065,0.024999999999999998,569,4725
2,100,0.3,0.0,harm,hybrid,0.005,tag,0.25,1.0,0,1.022202730178833,0.00040580423020167235,20,4065,0.019999999999999997,569,4725
2,100,0.3,0.0,harm,hybrid,0.005,tag,0.25,1.0,0,1.0352503061294556,0.0003935071323167732,20,4065,0.017499999999999998,569,4725
2,100,0.3,0.0,harm,hybrid,0.005,tag,0.25,1.0,0,1.0482978820800781,0.0003566158386620757,20,4065,0.0125,569,4725
2,100,0.3,0.0,harm,hybrid,0.005,tag,0.25,1.0,0,1.0613455772399902,0.0003197245450073783,20,4065,0.0075000000000000015,569,4725
2,100,0.3,0.0,harm,hybrid,0.005,tag,0.25,1.0,0,1.0743931531906128,0.00029513034923757994,20,4065,0.0025,569,4725
2,100,0.3,0.0,harm,hybrid,0.005,tag,0.25,1.0,0,1.087440848350525,0.00029513034923757994,20,4065,0.0025,569,4725
2,100,0.3,0.0,harm,hybrid,0.005,tag,0.25,1.0,0,1.1004884243011475,0.00025823905558288243,20,4065,0.0025,569,4725
2,100,0.3,0.0,harm,hybrid,0.005,tag,0.25,1.0,0,1.11353600025177,0.00025823905558288243,20,4065,0.0025,569,4725
2,100,0.3,0.0,harm,hybrid,0.005,tag,0.25,1.0,0,1.1265836954116821,0.00025823905558288243,20,4065,0.0025,569,4725
2,100,0.3,0.0,harm,hybrid,0.005,tag,0.25,1.0,0,1.1396312713623047,0.00025823905558288243,20,4065,0.0025,569,4725
2,100,0.3,0.0,harm,hybrid,0.005,tag,0.25,1.0,0,1.1526789665222168,0.00025823905558288243,20,4065,0.0025,569,4725
2,100,0.3,0.0,harm,hybrid,0.005,tag,0.25,1.0,0,1.1657265424728394,0.00025823905558288243,20,4065,0.0025,569,4725
2,100,0.3,0.0,harm,hybrid,0.005,tag,0.25,1.0,0,1.178774118423462,0.00024594195769798326,20,4065,0.0,569,4725
2,100,0.3,0.0,harm,hybrid,0.005,tag,0.25,1.0,0,1.191821813583374,0.00024594195769798326,20,4065,0.0,569,4725
2,100,0.3,0.0,harm,hybrid,0.005,tag,0.25,1.0,0,1.2048693895339966,0.00024594195769798326,20,4065,0.0,569,4725
2,100,0.3,0.0,harm,hybrid,0.005,tag,0.25,1.0,0,1.2179170846939087,0.00024594195769798326,20,4065,0.0,569,4725
2,100,0.3,0.0,harm,hybrid,0.005,tag,0.25,1.0,0,1.2309646606445312,0.00024594195769798326,20,4065,0.0,569,4725
2,100,0.3,0.0,harm,hybrid,0.005,tag,0.25,1.0,0,1.2440123558044434,0.00024594195769798326,20,4065,0.0,569,4725
2,100,0.3,0.0,harm,hybrid,0.005,tag,0.25,1.0,0,1.257059931755066,0.00024594195769798326,20,4065,0.0,569,4725
2,100,0.3,0.0,harm,hybrid,0.005,tag,0.25,1.0,0,1.2701075077056885,0.00024594195769798326,20,4065,0.0,569,4725
2,100,0.3,0.0,harm,hybrid,0.005,tag,0.25,1.0,0,1.2831552028656006,0.00024594195769798326,20,4065,0.0,569,4725
2,100,0.3,0.0,harm,hybrid,0.005,tag,0.25,1.0,0,1.2962027788162231,0.00024594195769798326,20,4065,0.0,569,4725
2,100,0.3,0.0,harm,hybrid,0.005,tag,0.25,1.0,0,1.3092504739761353,0.00024594195769798326,20,4065,0.0,569,4725
2,100,0.3,0.0,harm,hybrid,0.005,tag,0.25,1.0,0,1.3222980499267578,0.00024594195769798326,20,4065,0.0,569,4725
3,100,0.3,0.0,harm,hybrid,0.005,tag,0.25,1.0,0,0.05018720030784607,0.0029636947394418374,20,4048,0.1475,612,5160
3,100,0.3,0.0,harm,hybrid,0.005,tag,0.25,1.0,0,0.06261549144983292,0.0029636947394418374,20,4048,0.1475,612,5160
3,100,0.3,0.0,harm,hybrid,0.005,tag,0.25,1.0,0,0.07504378259181976,0.0029636947394418374,20,4048,0.1475,612,5160
3,100,0.3,0.0,harm,hybrid,0.005,tag,0.25,1.0,0,0.08747208118438721,0.0029636947394418374,20,4048,0.1475,612,5160
3,100,0.3,0.0,harm,hybrid,0.005,tag,0.25,1.0,0,0.09990036487579346,0.0029636947394418374,20,4048,0.1475,612,5160
3,100,0.3,0.0,harm,hybrid,0.005,tag,0.25,1.0,0,0.1123286634683609,0.0029636947394418374,20,4048,0.1475,612,5160
3,100,0.3,0.0,harm,hybrid,0.005,tag,0.25,1.0,0,0.12475695461034775,0.0029636947394418374,20,4048,0.1475,612,5160
3,100,0.3,0.0,harm,hybrid,0.005,tag,0.25,1.0,0,0.1371852457523346,0.0029636947394418374,20,4048,0.1475,612,5160
3,100,0.3,0.0,harm,hybrid,0.005,tag,0.25,1.0,0,0.14961352944374084,0.0029636947394418374,20,4048,0.1475,612,5160
3,100,0.3,0.0,harm,hybrid,0.005,tag,0.25,1.0,0,0.1620418280363083,0.0029636947394418374,20,4048,0.1475,612,5160
3,100,0.3,0.0,harm,hybrid,0.005,tag,0.25,1.0,0,0.17447012662887573,0.0029636947394418374,20,4048,0.1475,612,5160
3,100,0.3,0.0,harm,hybrid,0.005,tag,0.25,1.0,0,0.18689841032028198,0.0029636947394418374,20,4048,0.1475,612,5160
3,100,0.3,0.0,harm,hybrid,0.005,tag,0.25,1.0,0,0.19932670891284943,0.0029636947394418374,20,4048,0.1475,612,5160
3,100,0.3,0.0,harm,hybrid,0.005,tag,0.25,1.0,0,0.21175499260425568,0.0029636947394418374,20,4048,0.1475,612,5160
3,100,0.3,0.0,harm,hybrid,0.005,tag,0.25,1.0,0,0.22418329119682312,0.0029636947394418374,20,4048,0.1475,612,5160
3,100,0.3,0.0,harm,hybrid,0.005,tag,0.25,1.0,0,0.23661157488822937,0.0029636947394418374,20,4048,0.1475,612,5160
3,100,0.3,0.0,harm,hybrid,0.005,tag,0.25,1.0,0,0.24903987348079681,0.0029636947394418374,20,4048,0.1475,612,5160
3,100,0.3,0.0,harm,hybrid,0.005,tag,0.25,1.0,0,0.26146817207336426,0.0029636947394418374,20,4048,0.1475,612,5160
3,100,0.3,0.0,harm,hybrid,0.005,tag,0.25,1.0,0,0.2738964557647705,0.00295134601136083,20,4048,0.1475,612,5160
3,100,0.3,0.0,harm,hybrid,0.005,tag,0.25,1.0,0,0.28632473945617676,0.00295134601136083,20,4048,0.1475,612,5160
3,100,0.3,0.0,harm,hybrid,0.005,tag,0.25,1.0,0,0.298753023147583,0.002926648555198815,20,4048,0.14250000000000002,612,5160
3,100,0.3,0.0,harm,hybrid,0.005,tag,0.25,1.0,0,0.31118133664131165,0.0029142998271178074,20,4048,0.13999999999999999,612,5160
3,100,0.3,0.0,harm,hybrid,0.005,tag,0.25,1.0,0,0.3236096203327179,0.0029142998271178074,20,4048,0.13999999999999999,612,5160
3,100,0.3,0.0,harm,hybrid,0.005,tag,0.25,1.0,0,0.33603790402412415,0.002901951099036799,20,4048,0.1375,612,5160
3,100,0.3,0.0,harm,hybrid,0.005,tag,0.25,1.0,0,0.3484662175178528,0.0028896023709557915,20,4048,0.13499999999999998,612,5160
3,100,0.3,0.0,harm,hybrid,0.005,tag,0.25,1.0,0,0.36089450120925903,0.002864904914793777,20,4048,0.12999999999999998,612,5160
3,100,0.3,0.0,harm,hybrid,0.005,tag,0.25,1.0,0,0.3733227849006653,0.002852556186712769,20,4048,0.12999999999999998,612,5160
3,100,0.3,0.0,harm,hybrid,0.005,tag,0.25,1.0,0,0.3857510983943939,0.0028402074586317614,20,4048,0.12999999999999998,612,5160
3,100,0.3,0.0,harm,hybrid,0.005,tag,0.25,1.0,0,0.39817938208580017,0.0028031612743887385,20,4048,0.1275,612,5160
3,100,0.3,0.0,harm,hybrid,0.005,tag,0.25,1.0,0,0.4106076657772064,0.0027908125463077305,20,4048,0.12250000000000001,612,5160
3,100,0.3,0.0,harm,hybrid,0.005,tag,0.25,1.0,0,0.42303594946861267,0.0027414176339837,20,4048,0.11499999999999999,612,5160
3,100,0.3,0.0,harm,hybrid,0.005,tag,0.25,1.0,0,0.4354642629623413,0.002704371449740677,20,4048,0.10499999999999998,612,5160
3,100,0.3,0.0,harm,hybrid,0.005,tag,0.25,1.0,0,0.44789254665374756,0.0026796739935786612,20,4048,0.10749999999999997,612,5160
3,100,0.3,0.0,harm,hybrid,0.005,tag,0.25,1.0,0,0.4603208303451538,0.002667325265497654,20,4048,0.10499999999999998,612,5160
3,100,0.3,0.0,harm,hybrid,0.005,tag,0.25,1.0,0,0.47274914383888245,0.0026179303531736232,20,4048,0.095,612,5160
3,100,0.3,0.0,harm,hybrid,0.005,tag,0.25,1.0,0,0.4851774275302887,0.002593232897011608,20,4048,0.09000000000000001,612,5160
3,100,0.3,0.0,harm,hybrid,0.005,tag,0.25,1.0,0,0.49760571122169495,0.0025438379846875773,20,4048,0.085,612,5160
3,100,0.3,0.0,harm,hybrid,0.005,tag,0.25,1.0,0,0.5100339651107788,0.0025438379846875773,20,4048,0.0825,612,5160
3,100,0.3,0.0,harm,hybrid,0.005,tag,0.25,1.0,0,0.5224623084068298,0.0024944430723635473,20,4048,0.08000000000000002,612,5160
3,100,0.3,0.0,harm,hybrid,0.005,tag,0.25,1.0,0,0.5348905920982361,0.002445048160039516,20,4048,0.075,612,5160
3,100,0.3,0.0,harm,hybrid,0.005,tag,0.25,1.0,0,0.5473188757896423,0.002408001975796493,20,4048,0.075,612,5160
3,100,0.3,0.0,harm,hybrid,0.005,tag,0.25,1.0,0,0.5597472190856934,0.0023709557915534705,20,4048,0.07,612,5160
3,100,0.3,0.0,harm,hybrid,0.005,tag,0.25,1.0,0,0.5721755027770996,0.002333909607310447,20,4048,0.07,612,5160
3,100,0.3,0.0,harm,hybrid,0.005,tag,0.25,1.0,0,0.5846037864685059,0.002309212151148432,20,4048,0.07,612,5160
3,100,0.3,0.0,harm,hybrid,0.005,tag,0.25,1.0,0,0.5970320701599121,0.0022968634230674245,20,4048,0.07,612,5160
3,100,0.3,0.0,harm,hybrid,0.005,tag,0.25,1.0,0,0.6094603538513184,0.0022721659669054095,20,4048,0.07,612,5160
3,100,0.3,0.0,harm,hybrid,0.005,tag,0.25,1.0,0,0.6218886375427246,0.002259817238824401,20,4048,0.07,612,5160
3,100,0.3,0.0,harm,hybrid,0.005,tag,0.25,1.0,0,0.6343169212341309,0.0022104223265003707,20,4048,0.07,612,5160
3,100,0.3,0.0,harm,hybrid,0.005,tag,0.25,1.0,0,0.6467452049255371,0.0022104223265003707,20,4048,0.07,612,5160
3,100,0.3,0.0,harm,hybrid,0.005,tag,0.25,1.0,0,0.6591734886169434,0.0021733761422573473,20,4048,0.07,612,5160
3,100,0.3,0.0,harm,hybrid,0.005,tag,0.25,1.0,0,0.6716017723083496,0.0021610274141763398,20,4048,0.07,612,5160
3,100,0.3,0.0,harm,hybrid,0.005,tag,0.25,1.0,0,0.6840300559997559,0.0021363299580143247,20,4048,0.07,612,5160
3,100,0.3,0.0,harm,hybrid,0.005,tag,0.25,1.0,0,0.6964583396911621,0.002086935045690294,20,4048,0.07,612,5160
3,100,0.3,0.0,harm,hybrid,0.005,tag,0.25,1.0,0,0.7088866233825684,0.0020498888614472713,20,4048,0.07,612,5160
3,100,0.3,0.0,harm,hybrid,0.005,tag,0.25,1.0,0,0.7213150262832642,0.0020004939491232404,20,4048,0.07,612,5160
3,100,0.3,0.0,harm,hybrid,0.005,tag,0.25,1.0,0,0.7337433099746704,0.00195109903679921,20,4048,0.07,612,5160
3,100,0.3,0.0,harm,hybrid,0.005,tag,0.25,1.0,0,0.7461715936660767,0.00195109903679921,20,4048,0.07,612,5160
3,100,0.3,0.0,harm,hybrid,0.005,tag,0.25,1.0,0,0.7585998773574829,0.001901704124475179,20,4048,0.07,612,5160
3,100,0.3,0.0,harm,hybrid,0.005,tag,0.25,1.0,0,0.7710281610488892,0.0018646579402321565,20,4048,0.07,612,5160
3,100,0.3,0.0,harm,hybrid,0.005,tag,0.25,1.0,0,0.7834564447402954,0.0017535193875030872,20,4048,0.07,612,5160
3,100,0.3,0.0,harm,hybrid,0.005,tag,0.25,1.0,0,0.7958847284317017,0.0017164732032600642,20,4048,0.07,612,5160
3,100,0.3,0.0,harm,hybrid,0.005,tag,0.25,1.0,0,0.8083130121231079,0.0016917757470980488,20,4048,0.07,612,5160
3,100,0.3,0.0,harm,hybrid,0.005,tag,0.25,1.0,0,0.8207412958145142,0.0016300321066930108,20,4048,0.07,612,5160
3,100,0.3,0.0,harm,hybrid,0.005,tag,0.25,1.0,0,0.8331695795059204,0.0015929859224499878,20,4048,0.07,612,5160
3,100,0.3,0.0,harm,hybrid,0.005,tag,0.25,1.0,0,0.8455978631973267,0.0015682884662879724,20,4048,0.07,612,5160
3,100,0.3,0.0,harm,hybrid,0.005,tag,0.25,1.0,0,0.8580261468887329,0.001432452457396888,20,4048,0.07,612,5160
3,100,0.3,0.0,harm,hybrid,0.005,tag,0.25,1.0,0,0.8704544305801392,0.001395406273153865,20,4048,0.07,612,5160
3,100,0.3,0.0,harm,hybrid,0.005,tag,0.25,1.0,0,0.8828827142715454,0.0013089651765868116,20,4048,0.07,612,5160
3,100,0.3,0.0,harm,hybrid,0.005,tag,0.25,1.0,0,0.8953111171722412,0.0012348728081007657,20,4048,0.0675,612,5160
3,100,0.3,0.0,harm,hybrid,0.005,tag,0.25,1.0,0,0.9077394008636475,0.0011484317115337123,20,4048,0.0675,612,5160
3,100,0.3,0.0,harm,hybrid,0.005,tag,0.25,1.0,0,0.9201676845550537,0.0010743393430476663,20,4048,0.0675,612,5160
3,100,0.3,0.0,harm,hybrid,0.005,tag,0.25,1.0,0,0.93259596824646,0.0010249444307236354,20,4048,0.0675,612,5160
3,100,0.3,0.0,harm,hybrid,0.005,tag,0.25,1.0,0,0.9450242519378662,0.000901457149913559,20,4048,0.065,612,5160
3,100,0.3,0.0,harm,hybrid,0.005,tag,0.25,1.0,0,0.9574525356292725,0.0008150160533465053,20,4048,0.06000000000000001,612,5160
3,100,0.3,0.0,harm,hybrid,0.005,tag,0.25,1.0,0,0.9698808193206787,0.0006915287725364288,20,4048,0.05,612,5160
3,100,0.3,0.0,harm,hybrid,0.005,tag,0.25,1.0,0,0.982309103012085,0.0005927389478883675,20,4048,0.045000000000000005,612,5160
3,100,0.3,0.0,harm,hybrid,0.005,tag,0.25,1.0,0,0.9947373867034912,0.0004939491232403062,20,4048,0.03250000000000001,612,5160
3,100,0.3,0.0,harm,hybrid,0.005,tag,0.25,1.0,0,1.0071656703948975,0.00043220548283526793,20,4048,0.0225,612,5160
3,100,0.3,0.0,harm,hybrid,0.005,tag,0.25,1.0,0,1.0195939540863037,0.0004198567547542603,20,4048,0.019999999999999997,612,5160
3,100,0.3,0.0,harm,hybrid,0.005,tag,0.25,1.0,0,1.03202223777771,0.00039515929859224497,20,4048,0.0175,612,5160
3,100,0.3,0.0,harm,hybrid,0.005,tag,0.25,1.0,0,1.0444505214691162,0.00032106693010619904,20,4048,0.0125,612,5160
3,100,0.3,0.0,harm,hybrid,0.005,tag,0.25,1.0,0,1.056878924369812,0.0002716720177821684,20,4048,0.005,612,5160
3,100,0.3,0.0,harm,hybrid,0.005,tag,0.25,1.0,0,1.0693072080612183,0.0002593232897011608,20,4048,0.0025,612,5160
3,100,0.3,0.0,harm,hybrid,0.005,tag,0.25,1.0,0,1.0817354917526245,0.0002593232897011608,20,4048,0.0025,612,5160
3,100,0.3,0.0,harm,hybrid,0.005,tag,0.25,1.0,0,1.0941637754440308,0.0002593232897011608,20,4048,0.0025,612,5160
3,100,0.3,0.0,harm,hybrid,0.005,tag,0.25,1.0,0,1.106592059135437,0.0002593232897011608,20,4048,0.0025,612,5160
3,100,0.3,0.0,harm,hybrid,0.005,tag,0.25,1.0,0,1.1190203428268433,0.0002593232897011608,20,4048,0.0025,612,5160
3,100,0.3,0.0,harm,hybrid,0.005,tag,0.25,1.0,0,1.1314486265182495,0.0002593232897011608,20,4048,0.0025,612,5160
3,100,0.3,0.0,harm,hybrid,0.005,tag,0.25,1.0,0,1.1438769102096558,0.0002593232897011608,20,4048,0.0025,612,5160
3,100,0.3,0.0,harm,hybrid,0.005,tag,0.25,1.0,0,1.156305193901062,0.0002469745616201531,20,4048,0.0,612,5160
3,100,0.3,0.0,harm,hybrid,0.005,tag,0.25,1.0,0,1.1687334775924683,0.0002469745616201531,20,4048,0.0,612,5160
3,100,0.3,0.0,harm,hybrid,0.005,tag,0.25,1.0,0,1.1811617612838745,0.0002469745616201531,20,4048,0.0,612,5160
3,100,0.3,0.0,harm,hybrid,0.005,tag,0.25,1.0,0,1.1935900449752808,0.0002469745616201531,20,4048,0.0,612,5160
3,100,0.3,0.0,harm,hybrid,0.005,tag,0.25,1.0,0,1.2060184478759766,0.0002469745616201531,20,4048,0.0,612,5160
3,100,0.3,0.0,harm,hybrid,0.005,tag,0.25,1.0,0,1.2184467315673828,0.0002469745616201531,20,4048,0.0,612,5160
3,100,0.3,0.0,harm,hybrid,0.005,tag,0.25,1.0,0,1.230875015258789,0.0002469745616201531,20,4048,0.0,612,5160
3,100,0.3,0.0,harm,hybrid,0.005,tag,0.25,1.0,0,1.2433032989501953,0.0002469745616201531,20,4048,0.0,612,5160
3,100,0.3,0.0,harm,hybrid,0.005,tag,0.25,1.0,0,1.2557315826416016,0.0002469745616201531,20,4048,0.0,612,5160
3,100,0.3,0.0,harm,hybrid,0.005,tag,0.25,1.0,0,1.2681598663330078,0.0002469745616201531,20,4048,0.0,612,5160
3,100,0.3,0.0,harm,hybrid,0.005,tag,0.25,1.0,0,1.280588150024414,0.0002469745616201531,20,4048,0.0,612,5160
4,100,0.3,0.0,harm,hybrid,0.005,tag,0.25,1.0,0,0.12783026695251465,0.002955725946079644,20,4042,0.13499999999999998,621,4917
4,100,0.3,0.0,harm,hybrid,0.005,tag,0.25,1.0,0,0.14074985682964325,0.002955725946079644,20,4042,0.13499999999999998,621,4917
4,100,0.3,0.0,harm,hybrid,0.005,tag,0.25,1.0,0,0.15366944670677185,0.002955725946079644,20,4042,0.13499999999999998,621,4917
4,100,0.3,0.0,harm,hybrid,0.005,tag,0.25,1.0,0,0.16658903658390045,0.002955725946079644,20,4042,0.13499999999999998,621,4917
4,100,0.3,0.0,harm,hybrid,0.005,tag,0.25,1.0,0,0.17950862646102905,0.002955725946079644,20,4042,0.13499999999999998,621,4917
4,100,0.3,0.0,harm,hybrid,0.005,tag,0.25,1.0,0,0.19242820143699646,0.002955725946079644,20,4042,0.13499999999999998,621,4917
4,100,0.3,0.0,harm,hybrid,0.005,tag,0.25,1.0,0,0.20534780621528625,0.002955725946079644,20,4042,0.13499999999999998,621,4917
4,100,0.3,0.0,harm,hybrid,0.005,tag,0.25,1.0,0,0.21826738119125366,0.002955725946079644,20,4042,0.13499999999999998,621,4917
4,100,0.3,0.0,harm,hybrid,0.005,tag,0.25,1.0,0,0.23118698596954346,0.002955725946079644,20,4042,0.13499999999999998,621,4917
4,100,0.3,0.0,harm,hybrid,0.005,tag,0.25,1.0,0,0.24410656094551086,0.002955725946079644,20,4042,0.13499999999999998,621,4917
4,100,0.3,0.0,harm,hybrid,0.005,tag,0.25,1.0,0,0.25702613592147827,0.002955725946079644,20,4042,0.13499999999999998,621,4917
4,100,0.3,0.0,harm,hybrid,0.005,tag,0.25,1.0,0,0.26994574069976807,0.002955725946079644,20,4042,0.13499999999999998,621,4917
4,100,0.3,0.0,harm,hybrid,0.005,tag,0.25,1.0,0,0.28286534547805786,0.002955725946079644,20,4042,0.13499999999999998,621,4917
4,100,0.3,0.0,harm,hybrid,0.005,tag,0.25,1.0,0,0.29578492045402527,0.002955725946079644,20,4042,0.13499999999999998,621,4917
4,100,0.3,0.0,harm,hybrid,0.005,tag,0.25,1.0,0,0.3087044954299927,0.002955725946079644,20,4042,0.13499999999999998,621,4917
4,100,0.3,0.0,harm,hybrid,0.005,tag,0.25,1.0,0,0.32162410020828247,0.002955725946079644,20,4042,0.13499999999999998,621,4917
4,100,0.3,0.0,harm,hybrid,0.005,tag,0.25,1.0,0,0.33454370498657227,0.002955725946079644,20,4042,0.13499999999999998,621,4917
4,100,0.3,0.0,harm,hybrid,0.005,tag,0.25,1.0,0,0.3474632799625397,0.002955725946079644,20,4042,0.13499999999999998,621,4917
4,100,0.3,0.0,harm,hybrid,0.005,tag,0.25,1.0,0,0.3603828549385071,0.002955725946079644,20,4042,0.13499999999999998,621,4917
4,100,0.3,0.0,harm,hybrid,0.005,tag,0.25,1.0,0,0.3733024597167969,0.002955725946079644,20,4042,0.13499999999999998,621,4917
4,100,0.3,0.0,harm,hybrid,0.005,tag,0.25,1.0,0,0.3862220346927643,0.0029433588919119467,20,4042,0.13499999999999998,621,4917
4,100,0.3,0.0,harm,hybrid,0.005,tag,0.25,1.0,0,0.3991416394710541,0.0029433588919119467,20,4042,0.12999999999999998,621,4917
4,100,0.3,0.0,harm,hybrid,0.005,tag,0.25,1.0,0,0.4120612144470215,0.002906257729408855,20,4042,0.12749999999999997,621,4917
4,100,0.3,0.0,harm,hybrid,0.005,tag,0.25,1.0,0,0.4249808192253113,0.002906257729408855,20,4042,0.12999999999999998,621,4917
4,100,0.3,0.0,harm,hybrid,0.005,tag,0.25,1.0,0,0.4379003942012787,0.002906257729408855,20,4042,0.12749999999999997,621,4917
4,100,0.3,0.0,harm,hybrid,0.005,tag,0.25,1.0,0,0.4508199989795685,0.002906257729408855,20,4042,0.12749999999999997,621,4917
4,100,0.3,0.0,harm,hybrid,0.005,tag,0.25,1.0,0,0.4637395739555359,0.002906257729408855,20,4042,0.12749999999999997,621,4917
4,100,0.3,0.0,harm,hybrid,0.005,tag,0.25,1.0,0,0.4766591787338257,0.002906257729408855,20,4042,0.12749999999999997,621,4917
4,100,0.3,0.0,harm,hybrid,0.005,tag,0.25,1.0,0,0.4895787537097931,0.0028938906752411574,20,4042,0.12749999999999997,621,4917
4,100,0.3,0.0,harm,hybrid,0.005,tag,0.25,1.0,0,0.5024983882904053,0.002869156566905764,20,4042,0.12249999999999998,621,4917
4,100,0.3,0.0,harm,hybrid,0.005,tag,0.25,1.0,0,0.5154179334640503,0.002856789512738066,20,4042,0.12,621,4917
4,100,0.3,0.0,harm,hybrid,0.005,tag,0.25,1.0,0,0.5283375382423401,0.002844422458570369,20,4042,0.12,621,4917
4,100,0.3,0.0,harm,hybrid,0.005,tag,0.25,1.0,0,0.5412571430206299,0.0028196883502349737,20,4042,0.12,621,4917
4,100,0.3,0.0,harm,hybrid,0.005,tag,0.25,1.0,0,0.5541766881942749,0.00279495424189958,20,4042,0.11500000000000002,621,4917
4,100,0.3,0.0,harm,hybrid,0.005,tag,0.25,1.0,0,0.5670962929725647,0.002757853079396488,20,4042,0.11000000000000001,621,4917
4,100,0.3,0.0,harm,hybrid,0.005,tag,0.25,1.0,0,0.5800158977508545,0.0027331189710610936,20,4042,0.1075,621,4917
4,100,0.3,0.0,harm,hybrid,0.005,tag,0.25,1.0,0,0.5929354429244995,0.0026836507543903047,20,4042,0.1025,621,4917
4,100,0.3,0.0,harm,hybrid,0.005,tag,0.25,1.0,0,0.6058550477027893,0.0026836507543903047,20,4042,0.1025,621,4917
4,100,0.3,0.0,harm,hybrid,0.005,tag,0.25,1.0,0,0.6187746524810791,0.002646549591887212,20,4042,0.1,621,4917
4,100,0.3,0.0,harm,hybrid,0.005,tag,0.25,1.0,0,0.6316942572593689,0.002621815483551819,20,4042,0.1,621,4917
4,100,0.3,0.0,harm,hybrid,0.005,tag,0.25,1.0,0,0.6446138024330139,0.0025847143210487268,20,4042,0.1,621,4917
4,100,0.3,0.0,harm,hybrid,0.005,tag,0.25,1.0,0,0.6575334072113037,0.0025352461043779374,20,4042,0.1,621,4917
4,100,0.3,0.0,harm,hybrid,0.005,tag,0.25,1.0,0,0.6704530119895935,0.0025105119960425427,20,4042,0.1,621,4917
4,100,0.3,0.0,harm,hybrid,0.005,tag,0.25,1.0,0,0.6833726167678833,0.0024857778877071485,20,4042,0.1,621,4917
4,100,0.3,0.0,harm,hybrid,0.005,tag,0.25,1.0,0,0.6962921619415283,0.0024610437793717538,20,4042,0.1,621,4917
4,100,0.3,0.0,harm,hybrid,0.005,tag,0.25,1.0,0,0.7092117667198181,0.002448676725204057,20,4042,0.1,621,4917
4,100,0.3,0.0,harm,hybrid,0.005,tag,0.25,1.0,0,0.7221313714981079,0.0023992085085332675,20,4042,0.1,621,4917
4,100,0.3,0.0,harm,hybrid,0.005,tag,0.25,1.0,0,0.7350509762763977,0.0023744744001978737,20,4042,0.1,621,4917
4,100,0.3,0.0,harm,hybrid,0.005,tag,0.25,1.0,0,0.7479705214500427,0.002362107346030176,20,4042,0.1,621,4917
4,100,0.3,0.0,harm,hybrid,0.005,tag,0.25,1.0,0,0.7608901262283325,0.0023497402918624785,20,4042,0.1,621,4917
4,100,0.3,0.0,harm,hybrid,0.005,tag,0.25,1.0,0,0.7738097310066223,0.0023373732376947816,20,4042,0.1,621,4917
4,100,0.3,0.0,harm,hybrid,0.005,tag,0.25,1.0,0,0.7867292761802673,0.002325006183527084,20,4042,0.1,621,4917
4,100,0.3,0.0,harm,hybrid,0.005,tag,0.25,1.0,0,0.7996488809585571,0.0022879050210239922,20,4042,0.1,621,4917
4,100,0.3,0.0,harm,hybrid,0.005,tag,0.25,1.0,0,0.8125684857368469,0.0022384368043532033,20,4042,0.1,621,4917
4,100,0.3,0.0,harm,hybrid,0.005,tag,0.25,1.0,0,0.8254880905151367,0.0022137026960178086,20,4042,0.1,621,4917
4,100,0.3,0.0,harm,hybrid,0.005,tag,0.25,1.0,0,0.8384076356887817,0.0022013356418501117,20,4042,0.1,621,4917
4,100,0.3,0.0,harm,hybrid,0.005,tag,0.25,1.0,0,0.8513272404670715,0.0021642344793470197,20,4042,0.1,621,4917
4,100,0.3,0.0,harm,hybrid,0.005,tag,0.25,1.0,0,0.8642468452453613,0.0021023992085085334,20,4042,0.1,621,4917
4,100,0.3,0.0,harm,hybrid,0.005,tag,0.25,1.0,0,0.8771664500236511,0.0020281968835023497,20,4042,0.1,621,4917
4,100,0.3,0.0,harm,hybrid,0.005,tag,0.25,1.0,0,0.8900859951972961,0.001978728666831561,20,4042,0.1,621,4917
4,100,0.3,0.0,harm,hybrid,0.005,tag,0.25,1.0,0,0.9030055999755859,0.00189215928765768,20,4042,0.1,621,4917
4,100,0.3,0.0,harm,hybrid,0.005,tag,0.25,1.0,0,0.9159252047538757,0.0018179569626514964,20,4042,0.1,621,4917
4,100,0.3,0.0,harm,hybrid,0.005,tag,0.25,1.0,0,0.9288448095321655,0.0017808558001484048,20,4042,0.1,621,4917
4,100,0.3,0.0,harm,hybrid,0.005,tag,0.25,1.0,0,0.9417643547058105,0.0016819193668068267,20,4042,0.1,621,4917
4,100,0.3,0.0,harm,hybrid,0.005,tag,0.25,1.0,0,0.9546839594841003,0.0016324511501360378,20,4042,0.1,621,4917
4,100,0.3,0.0,harm,hybrid,0.005,tag,0.25,1.0,0,0.9676035642623901,0.0015582488251298546,20,4042,0.1,621,4917
4,100,0.3,0.0,harm,hybrid,0.005,tag,0.25,1.0,0,0.9805231094360352,0.0014840465001236705,20,4042,0.1,621,4917
4,100,0.3,0.0,harm,hybrid,0.005,tag,0.25,1.0,0,0.993442714214325,0.001409844175117487,20,4042,0.1,621,4917
4,100,0.3,0.0,harm,hybrid,0.005,tag,0.25,1.0,0,1.0063623189926147,0.0012861736334405143,20,4042,0.1,621,4917
4,100,0.3,0.0,harm,hybrid,0.005,tag,0.25,1.0,0,1.0192818641662598,0.0011748701459312393,20,4042,0.1,621,4917
4,100,0.3,0.0,harm,hybrid,0.005,tag,0.25,1.0,0,1.0322015285491943,0.0011254019292604503,20,4042,0.1,621,4917
4,100,0.3,0.0,harm,hybrid,0.005,tag,0.25,1.0,0,1.0451210737228394,0.0010883007667573583,20,4042,0.1,621,4917
4,100,0.3,0.0,harm,hybrid,0.005,tag,0.25,1.0,0,1.0580406188964844,0.001063566658421964,20,4042,0.0975,621,4917
4,100,0.3,0.0,harm,hybrid,0.005,tag,0.25,1.0,0,1.070960283279419,0.0009646302250803859,20,4042,0.09000000000000001,621,4917
4,100,0.3,0.0,harm,hybrid,0.005,tag,0.25,1.0,0,1.083879828453064,0.0008533267375711107,20,4042,0.07500000000000001,621,4917
4,100,0.3,0.0,harm,hybrid,0.005,tag,0.25,1.0,0,1.096799373626709,0.0006430868167202574,20,4042,0.042499999999999996,621,4917
4,100,0.3,0.0,harm,hybrid,0.005,tag,0.25,1.0,0,1.1097190380096436,0.0005317833292109819,20,4042,0.03250000000000001,621,4917
4,100,0.3,0.0,harm,hybrid,0.005,tag,0.25,1.0,0,1.1226387023925781,0.0005070492208755874,20,4042,0.030000000000000006,621,4917
4,100,0.3,0.0,harm,hybrid,0.005,tag,0.25,1.0,0,1.1355582475662231,0.00045758100420479844,20,4042,0.02,621,4917
4,100,0.3,0.0,harm,hybrid,0.005,tag,0.25,1.0,0,1.1484777927398682,0.00040811278753400944,20,4042,0.0125,621,4917
4,100,0.3,0.0,harm,hybrid,0.005,tag,0.25,1.0,0,1.1613973379135132,0.0003586445708632204,20,4042,0.0075000000000000015,621,4917
4,100,0.3,0.0,harm,hybrid,0.005,tag,0.25,1.0,0,1.1743170022964478,0.0003215434083601287,20,4042,0.0075000000000000015,621,4917
4,100,0.3,0.0,harm,hybrid,0.005,tag,0.25,1.0,0,1.1872365474700928,0.0002720751916893396,20,4042,0.0,621,4917
4,100,0.3,0.0,harm,hybrid,0.005,tag,0.25,1.0,0,1.2001560926437378,0.0002473410833539451,20,4042,0.0,621,4917
4,100,0.3,0.0,harm,hybrid,0.005,tag,0.25,1.0,0,1.2130757570266724,0.0002473410833539451,20,4042,0.0,621,4917
4,100,0.3,0.0,harm,hybrid,0.005,tag,0.25,1.0,0,1.2259953022003174,0.0002473410833539451,20,4042,0.0,621,4917
4,100,0.3,0.0,harm,hybrid,0.005,tag,0.25,1.0,0,1.238914966583252,0.0002473410833539451,20,4042,0.0,621,4917
4,100,0.3,0.0,harm,hybrid,0.005,tag,0.25,1.0,0,1.251834511756897,0.0002473410833539451,20,4042,0.0,621,4917
4,100,0.3,0.0,harm,hybrid,0.005,tag,0.25,1.0,0,1.264754056930542,0.0002473410833539451,20,4042,0.0,621,4917
4,100,0.3,0.0,harm,hybrid,0.005,tag,0.25,1.0,0,1.2776737213134766,0.0002473410833539451,20,4042,0.0,621,4917
4,100,0.3,0.0,harm,hybrid,0.005,tag,0.25,1.0,0,1.2905932664871216,0.0002473410833539451,20,4042,0.0,621,4917
4,100,0.3,0.0,harm,hybrid,0.005,tag,0.25,1.0,0,1.3035128116607666,0.0002473410833539451,20,4042,0.0,621,4917
4,100,0.3,0.0,harm,hybrid,0.005,tag,0.25,1.0,0,1.3164324760437012,0.0002473410833539451,20,4042,0.0,621,4917
4,100,0.3,0.0,harm,hybrid,0.005,tag,0.25,1.0,0,1.3293520212173462,0.0002473410833539451,20,4042,0.0,621,4917
4,100,0.3,0.0,harm,hybrid,0.005,tag,0.25,1.0,0,1.3422716856002808,0.0002473410833539451,20,4042,0.0,621,4917
4,100,0.3,0.0,harm,hybrid,0.005,tag,0.25,1.0,0,1.3551912307739258,0.0002473410833539451,20,4042,0.0,621,4917
4,100,0.3,0.0,harm,hybrid,0.005,tag,0.25,1.0,0,1.3681107759475708,0.0002473410833539451,20,4042,0.0,621,4917
4,100,0.3,0.0,harm,hybrid,0.005,tag,0.25,1.0,0,1.3810304403305054,0.0002473410833539451,20,4042,0.0,621,4917
4,100,0.3,0.0,harm,hybrid,0.005,tag,0.25,1.0,0,1.3939499855041504,0.0002473410833539451,20,4042,0.0,621,4917
4,100,0.3,0.0,harm,hybrid,0.005,tag,0.25,1.0,0,1.4068695306777954,0.0002473410833539451,20,4042,0.0,621,4917
5,100,0.3,0.0,harm,hybrid,0.005,tag,0.25,1.0,0,0.08004054427146912,0.0027310924369747898,20,4045,0.11000000000000001,575,4997
5,100,0.3,0.0,harm,hybrid,0.005,tag,0.25,1.0,0,0.09199190139770508,0.0027310924369747898,20,4045,0.11000000000000001,575,4997
5,100,0.3,0.0,harm,hybrid,0.005,tag,0.25,1.0,0,0.10394325852394104,0.0027310924369747898,20,4045,0.11000000000000001,575,4997
5,100,0.3,0.0,harm,hybrid,0.005,tag,0.25,1.0,0,0.1158946231007576,0.0027310924369747898,20,4045,0.11000000000000001,575,4997
5,100,0.3,0.0,harm,hybrid,0.005,tag,0.25,1.0,0,0.12784597277641296,0.0027310924369747898,20,4045,0.11000000000000001,575,4997
5,100,0.3,0.0,harm,hybrid,0.005,tag,0.25,1.0,0,0.13979732990264893,0.0027310924369747898,20,4045,0.11000000000000001,575,4997
5,100,0.3,0.0,harm,hybrid,0.005,tag,0.25,1.0,0,0.15174870193004608,0.0027310924369747898,20,4045,0.11000000000000001,575,4997
5,100,0.3,0.0,harm,hybrid,0.005,tag,0.25,1.0,0,0.16370005905628204,0.0027310924369747898,20,4045,0.11000000000000001,575,4997
5,100,0.3,0.0,harm,hybrid,0.005,tag,0.25,1.0,0,0.175651416182518,0.0027310924369747898,20,4045,0.11000000000000001,575,4997
5,100,0.3,0.0,harm,hybrid,0.005,tag,0.25,1.0,0,0.18760277330875397,0.0027310924369747898,20,4045,0.11000000000000001,575,4997
5,100,0.3,0.0,harm,hybrid,0.005,tag,0.25,1.0,0,0.19955413043498993,0.0027310924369747898,20,4045,0.11000000000000001,575,4997
5,100,0.3,0.0,harm,hybrid,0.005,tag,0.25,1.0,0,0.2115054875612259,0.0027310924369747898,20,4045,0.11000000000000001,575,4997
5,100,0.3,0.0,harm,hybrid,0.005,tag,0.25,1.0,0,0.22345685958862305,0.0027310924369747898,20,4045,0.11000000000000001,575,4997
5,100,0.3,0.0,harm,hybrid,0.005,tag,0.25,1.0,0,0.235408216714859,0.0027310924369747898,20,4045,0.11000000000000001,575,4997
5,100,0.3,0.0,harm,hybrid,0.005,tag,0.25,1.0,0,0.24735957384109497,0.0027187345526445868,20,4045,0.10750000000000001,575,4997
5,100,0.3,0.0,harm,hybrid,0.005,tag,0.25,1.0,0,0.25931093096733093,0.0027187345526445868,20,4045,0.10750000000000001,575,4997
5,100,0.3,0.0,harm,hybrid,0.005,tag,0.25,1.0,0,0.2712622880935669,0.0027187345526445868,20,4045,0.10750000000000001,575,4997
5,100,0.3,0.0,harm,hybrid,0.005,tag,0.25,1.0,0,0.28321364521980286,0.0027187345526445868,20,4045,0.10750000000000001,575,4997
5,100,0.3,0.0,harm,hybrid,0.005,tag,0.25,1.0,0,0.2951650023460388,0.0027063766683143847,20,4045,0.10500000000000001,575,4997
5,100,0.3,0.0,harm,hybrid,0.005,tag,0.25,1.0,0,0.3071163594722748,0.0026940187839841817,20,4045,0.10250000000000001,575,4997
5,100,0.3,0.0,harm,hybrid,0.005,tag,0.25,1.0,0,0.31906771659851074,0.0026816608996539796,20,4045,0.10000000000000002,575,4997
5,100,0.3,0.0,harm,hybrid,0.005,tag,0.25,1.0,0,0.3310190737247467,0.0026693030153237766,20,4045,0.10000000000000002,575,4997
5,100,0.3,0.0,harm,hybrid,0.005,tag,0.25,1.0,0,0.34297043085098267,0.0026693030153237766,20,4045,0.10000000000000002,575,4997
5,100,0.3,0.0,harm,hybrid,0.005,tag,0.25,1.0,0,0.35492178797721863,0.0026445872466633715,20,4045,0.095,575,4997
5,100,0.3,0.0,harm,hybrid,0.005,tag,0.25,1.0,0,0.366873174905777,0.0026445872466633715,20,4045,0.0925,575,4997
5,100,0.3,0.0,harm,hybrid,0.005,tag,0.25,1.0,0,0.37882453203201294,0.0026322293623331685,20,4045,0.0925,575,4997
5,100,0.3,0.0,harm,hybrid,0.005,tag,0.25,1.0,0,0.3907758891582489,0.0026075135936727634,20,4045,0.09,575,4997
5,100,0.3,0.0,harm,hybrid,0.005,tag,0.25,1.0,0,0.40272724628448486,0.0025951557093425604,20,4045,0.08750000000000001,575,4997
5,100,0.3,0.0,harm,hybrid,0.005,tag,0.25,1.0,0,0.4146786034107208,0.0025457241720217494,20,4045,0.0825,575,4997
5,100,0.3,0.0,harm,hybrid,0.005,tag,0.25,1.0,0,0.4266299605369568,0.002459218981710331,20,4045,0.06749999999999999,575,4997
5,100,0.3,0.0,harm,hybrid,0.005,tag,0.25,1.0,0,0.43858131766319275,0.002422145328719723,20,4045,0.0625,575,4997
5,100,0.3,0.0,harm,hybrid,0.005,tag,0.25,1.0,0,0.4505326747894287,0.002385071675729115,20,4045,0.05250000000000001,575,4997
5,100,0.3,0.0,harm,hybrid,0.005,tag,0.25,1.0,0,0.4624840319156647,0.0023356401384083047,20,4045,0.0475,575,4997
5,100,0.3,0.0,harm,hybrid,0.005,tag,0.25,1.0,0,0.47443538904190063,0.0022862086010874937,20,4045,0.04,575,4997
5,100,0.3,0.0,harm,hybrid,0.005,tag,0.25,1.0,0,0.4863867461681366,0.0022491349480968856,20,4045,0.04,575,4997
5,100,0.3,0.0,harm,hybrid,0.005,tag,0.25,1.0,0,0.49833810329437256,0.0022367770637666835,20,4045,0.037500000000000006,575,4997
5,100,0.3,0.0,harm,hybrid,0.005,tag,0.25,1.0,0,0.5102894306182861,0.002199703410776075,20,4045,0.035,575,4997
5,100,0.3,0.0,harm,hybrid,0.005,tag,0.25,1.0,0,0.5222408175468445,0.0021873455264458724,20,4045,0.035,575,4997
5,100,0.3,0.0,harm,hybrid,0.005,tag,0.25,1.0,0,0.5341922044754028,0.0021255561047948592,20,4045,0.0325,575,4997
5,100,0.3,0.0,harm,hybrid,0.005,tag,0.25,1.0,0,0.5461435317993164,0.0021131982204646562,20,4045,0.0325,575,4997
5,100,0.3,0.0,harm,hybrid,0.005,tag,0.25,1.0,0,0.55809485912323,0.0021131982204646562,20,4045,0.0325,575,4997
5,100,0.3,0.0,harm,hybrid,0.005,tag,0.25,1.0,0,0.5700463056564331,0.0021008403361344537,20,4045,0.0325,575,4997
5,100,0.3,0.0,harm,hybrid,0.005,tag,0.25,1.0,0,0.5819976329803467,0.002088482451804251,20,4045,0.0325,575,4997
5,100,0.3,0.0,harm,hybrid,0.005,tag,0.25,1.0,0,0.5939489603042603,0.002088482451804251,20,4045,0.0325,575,4997
5,100,0.3,0.0,harm,hybrid,0.005,tag,0.25,1.0,0,0.6059002876281738,0.002088482451804251,20,4045,0.0325,575,4997
5,100,0.3,0.0,harm,hybrid,0.005,tag,0.25,1.0,0,0.617851734161377,0.002063766683143846,20,4045,0.0325,575,4997
5,100,0.3,0.0,harm,hybrid,0.005,tag,0.25,1.0,0,0.6298030614852905,0.002063766683143846,20,4045,0.0325,575,4997
5,100,0.3,0.0,harm,hybrid,0.005,tag,0.25,1.0,0,0.6417543888092041,0.002051408798813643,20,4045,0.0325,575,4997
5,100,0.3,0.0,harm,hybrid,0.005,tag,0.25,1.0,0,0.6537058353424072,0.0020019772614928324,20,4045,0.0325,575,4997
5,100,0.3,0.0,harm,hybrid,0.005,tag,0.25,1.0,0,0.6656571626663208,0.0019896193771626294,20,4045,0.0325,575,4997
5,100,0.3,0.0,harm,hybrid,0.005,tag,0.25,1.0,0,0.6776084899902344,0.0019154720711814137,20,4045,0.0325,575,4997
5,100,0.3,0.0,harm,hybrid,0.005,tag,0.25,1.0,0,0.689559817314148,0.0018783984181908054,20,4045,0.0325,575,4997
5,100,0.3,0.0,harm,hybrid,0.005,tag,0.25,1.0,0,0.7015112638473511,0.0018289668808699952,20,4045,0.0325,575,4997
5,100,0.3,0.0,harm,hybrid,0.005,tag,0.25,1.0,0,0.7134625911712646,0.0018042511122095897,20,4045,0.0325,575,4997
5,100,0.3,0.0,harm,hybrid,0.005,tag,0.25,1.0,0,0.7254139184951782,0.0017424616905585763,20,4045,0.0325,575,4997
5,100,0.3,0.0,harm,hybrid,0.005,tag,0.25,1.0,0,0.7373652458190918,0.0017053880375679682,20,4045,0.0325,575,4997
5,100,0.3,0.0,harm,hybrid,0.005,tag,0.25,1.0,0,0.7493166923522949,0.0016930301532377657,20,4045,0.0325,575,4997
5,100,0.3,0.0,harm,hybrid,0.005,tag,0.25,1.0,0,0.7612680196762085,0.001680672268907563,20,4045,0.0325,575,4997
5,100,0.3,0.0,harm,hybrid,0.005,tag,0.25,1.0,0,0.7732193470001221,0.001631240731586752,20,4045,0.0325,575,4997
5,100,0.3,0.0,harm,hybrid,0.005,tag,0.25,1.0,0,0.7851706743240356,0.001606524962926347,20,4045,0.0325,575,4997
5,100,0.3,0.0,harm,hybrid,0.005,tag,0.25,1.0,0,0.7971221208572388,0.0015818091942659417,20,4045,0.0325,575,4997
5,100,0.3,0.0,harm,hybrid,0.005,tag,0.25,1.0,0,0.8090734481811523,0.0014953040039545232,20,4045,0.0325,575,4997
5,100,0.3,0.0,harm,hybrid,0.005,tag,0.25,1.0,0,0.8210247755050659,0.0013717251606524964,20,4045,0.0325,575,4997
5,100,0.3,0.0,harm,hybrid,0.005,tag,0.25,1.0,0,0.8329761028289795,0.0012975778546712802,20,4045,0.0325,575,4997
5,100,0.3,0.0,harm,hybrid,0.005,tag,0.25,1.0,0,0.8449275493621826,0.001235788433020267,20,4045,0.0325,575,4997
5,100,0.3,0.0,harm,hybrid,0.005,tag,0.25,1.0,0,0.8568788766860962,0.0011122095897182402,20,4045,0.0325,575,4997
5,100,0.3,0.0,harm,hybrid,0.005,tag,0.25,1.0,0,0.8688302040100098,0.0010257043994068215,20,4045,0.0325,575,4997
5,100,0.3,0.0,harm,hybrid,0.005,tag,0.25,1.0,0,0.8807816505432129,0.0009515570934256055,20,4045,0.0325,575,4997
5,100,0.3,0.0,harm,hybrid,0.005,tag,0.25,1.0,0,0.8927329778671265,0.0008526940187839841,20,4045,0.0325,575,4997
5,100,0.3,0.0,harm,hybrid,0.005,tag,0.25,1.0,0,0.90468430519104,0.0008156203657933762,20,4045,0.0325,575,4997
5,100,0.3,0.0,harm,hybrid,0.005,tag,0.25,1.0,0,0.9166356325149536,0.0007538309441423629,20,4045,0.0325,575,4997
5,100,0.3,0.0,harm,hybrid,0.005,tag,0.25,1.0,0,0.9285870790481567,0.0007043994068215521,20,4045,0.03,575,4997
5,100,0.3,0.0,harm,hybrid,0.005,tag,0.25,1.0,0,0.9405384063720703,0.0006549678695007414,20,4045,0.027499999999999997,575,4997
5,100,0.3,0.0,harm,hybrid,0.005,tag,0.25,1.0,0,0.9524897336959839,0.0005931784478497281,20,4045,0.027499999999999997,575,4997
5,100,0.3,0.0,harm,hybrid,0.005,tag,0.25,1.0,0,0.9644410610198975,0.0005684626791893228,20,4045,0.025,575,4997
5,100,0.3,0.0,harm,hybrid,0.005,tag,0.25,1.0,0,0.9763925075531006,0.0005313890261987148,20,4045,0.022500000000000003,575,4997
5,100,0.3,0.0,harm,hybrid,0.005,tag,0.25,1.0,0,0.9883438348770142,0.0005066732575383095,20,4045,0.022500000000000003,575,4997
5,100,0.3,0.0,harm,hybrid,0.005,tag,0.25,1.0,0,1.0002951622009277,0.0004325259515570934,20,4045,0.0125,575,4997
5,100,0.3,0.0,harm,hybrid,0.005,tag,0.25,1.0,0,1.0122464895248413,0.00040781018289668807,20,4045,0.01,575,4997
5,100,0.3,0.0,harm,hybrid,0.005,tag,0.25,1.0,0,1.0241979360580444,0.00039545229856648536,20,4045,0.01,575,4997
5,100,0.3,0.0,harm,hybrid,0.005,tag,0.25,1.0,0,1.036149263381958,0.0003583786455758774,20,4045,0.0075000000000000015,575,4997
5,100,0.3,0.0,harm,hybrid,0.005,tag,0.25,1.0,0,1.0481005907058716,0.0003089471082550667,20,4045,0.005,575,4997
5,100,0.3,0.0,harm,hybrid,0.005,tag,0.25,1.0,0,1.0600520372390747,0.00029658922392486405,20,4045,0.0025,575,4997
5,100,0.3,0.0,harm,hybrid,0.005,tag,0.25,1.0,0,1.0720033645629883,0.00029658922392486405,20,4045,0.0025,575,4997
5,100,0.3,0.0,harm,hybrid,0.005,tag,0.25,1.0,0,1.0839546918869019,0.00029658922392486405,20,4045,0.0025,575,4997
5,100,0.3,0.0,harm,hybrid,0.005,tag,0.25,1.0,0,1.095906138420105,0.00029658922392486405,20,4045,0.0025,575,4997
5,100,0.3,0.0,harm,hybrid,0.005,tag,0.25,1.0,0,1.1078574657440186,0.00029658922392486405,20,4045,0.0025,575,4997
5,100,0.3,0.0,harm,hybrid,0.005,tag,0.25,1.0,0,1.1198087930679321,0.00029658922392486405,20,4045,0.0025,575,4997
5,100,0.3,0.0,harm,hybrid,0.005,tag,0.25,1.0,0,1.1317601203918457,0.0002842313395946614,20,4045,0.0025,575,4997
5,100,0.3,0.0,harm,hybrid,0.005,tag,0.25,1.0,0,1.1437115669250488,0.000259515570934256,20,4045,0.0,575,4997
5,100,0.3,0.0,harm,hybrid,0.005,tag,0.25,1.0,0,1.1556628942489624,0.000259515570934256,20,4045,0.0,575,4997
5,100,0.3,0.0,harm,hybrid,0.005,tag,0.25,1.0,0,1.167614221572876,0.00024715768660405336,20,4045,0.0,575,4997
5,100,0.3,0.0,harm,hybrid,0.005,tag,0.25,1.0,0,1.1795655488967896,0.00024715768660405336,20,4045,0.0,575,4997
5,100,0.3,0.0,harm,hybrid,0.005,tag,0.25,1.0,0,1.1915169954299927,0.00024715768660405336,20,4045,0.0,575,4997
5,100,0.3,0.0,harm,hybrid,0.005,tag,0.25,1.0,0,1.2034683227539062,0.00024715768660405336,20,4045,0.0,575,4997
5,100,0.3,0.0,harm,hybrid,0.005,tag,0.25,1.0,0,1.2154196500778198,0.00024715768660405336,20,4045,0.0,575,4997
5,100,0.3,0.0,harm,hybrid,0.005,tag,0.25,1.0,0,1.227371096611023,0.00024715768660405336,20,4045,0.0,575,4997
5,100,0.3,0.0,harm,hybrid,0.005,tag,0.25,1.0,0,1.2393224239349365,0.00024715768660405336,20,4045,0.0,575,4997
5,100,0.3,0.0,harm,hybrid,0.005,tag,0.25,1.0,0,1.25127375125885,0.00024715768660405336,20,4045,0.0,575,4997
5,100,0.3,0.0,harm,hybrid,0.005,tag,0.25,1.0,0,1.2632250785827637,0.00024715768660405336,20,4045,0.0,575,4997
6,100,0.3,0.0,harm,hybrid,0.005,tag,0.25,1.0,0,0.04609692096710205,0.003085657862256233,20,4050,0.16,589,4781
6,100,0.3,0.0,harm,hybrid,0.005,tag,0.25,1.0,0,0.05876820534467697,0.003085657862256233,20,4050,0.16,589,4781
6,100,0.3,0.0,harm,hybrid,0.005,tag,0.25,1.0,0,0.07143948972225189,0.003085657862256233,20,4050,0.16,589,4781
6,100,0.3,0.0,harm,hybrid,0.005,tag,0.25,1.0,0,0.08411078155040741,0.003085657862256233,20,4050,0.16,589,4781
6,100,0.3,0.0,harm,hybrid,0.005,tag,0.25,1.0,0,0.09678206592798233,0.003085657862256233,20,4050,0.16,589,4781
6,100,0.3,0.0,harm,hybrid,0.005,tag,0.25,1.0,0,0.10945335030555725,0.003085657862256233,20,4050,0.16,589,4781
6,100,0.3,0.0,harm,hybrid,0.005,tag,0.25,1.0,0,0.12212464213371277,0.003085657862256233,20,4050,0.16,589,4781
6,100,0.3,0.0,harm,hybrid,0.005,tag,0.25,1.0,0,0.1347959339618683,0.003085657862256233,20,4050,0.16,589,4781
6,100,0.3,0.0,harm,hybrid,0.005,tag,0.25,1.0,0,0.1474672108888626,0.003085657862256233,20,4050,0.16,589,4781
6,100,0.3,0.0,harm,hybrid,0.005,tag,0.25,1.0,0,0.16013848781585693,0.003085657862256233,20,4050,0.16,589,4781
6,100,0.3,0.0,harm,hybrid,0.005,tag,0.25,1.0,0,0.17280977964401245,0.003085657862256233,20,4050,0.16,589,4781
6,100,0.3,0.0,harm,hybrid,0.005,tag,0.25,1.0,0,0.18548107147216797,0.003085657862256233,20,4050,0.16,589,4781
6,100,0.3,0.0,harm,hybrid,0.005,tag,0.25,1.0,0,0.1981523633003235,0.003085657862256233,20,4050,0.16,589,4781
6,100,0.3,0.0,harm,hybrid,0.005,tag,0.25,1.0,0,0.2108236402273178,0.003085657862256233,20,4050,0.16,589,4781
6,100,0.3,0.0,harm,hybrid,0.005,tag,0.25,1.0,0,0.22349493205547333,0.003085657862256233,20,4050,0.16,589,4781
6,100,0.3,0.0,harm,hybrid,0.005,tag,0.25,1.0,0,0.23616620898246765,0.003085657862256233,20,4050,0.16,589,4781
6,100,0.3,0.0,harm,hybrid,0.005,tag,0.25,1.0,0,0.24883750081062317,0.003085657862256233,20,4050,0.16,589,4781
6,100,0.3,0.0,harm,hybrid,0.005,tag,0.25,1.0,0,0.2615087926387787,0.003085657862256233,20,4050,0.16,589,4781
6,100,0.3,0.0,harm,hybrid,0.005,tag,0.25,1.0,0,0.2741800546646118,0.003085657862256233,20,4050,0.16,589,4781
6,100,0.3,0.0,harm,hybrid,0.005,tag,0.25,1.0,0,0.28685134649276733,0.003085657862256233,20,4050,0.16,589,4781
6,100,0.3,0.0,harm,hybrid,0.005,tag,0.25,1.0,0,0.29952263832092285,0.003085657862256233,20,4050,0.16,589,4781
6,100,0.3,0.0,harm,hybrid,0.005,tag,0.25,1.0,0,0.31219393014907837,0.0030733152308072076,20,4050,0.15750000000000003,589,4781
6,100,0.3,0.0,harm,hybrid,0.005,tag,0.25,1.0,0,0.3248652219772339,0.0030733152308072076,20,4050,0.15750000000000003,589,4781
6,100,0.3,0.0,harm,hybrid,0.005,tag,0.25,1.0,0,0.3375365138053894,0.0030733152308072076,20,4050,0.15750000000000003,589,4781
6,100,0.3,0.0,harm,hybrid,0.005,tag,0.25,1.0,0,0.3502078056335449,0.0030733152308072076,20,4050,0.15750000000000003,589,4781
6,100,0.3,0.0,harm,hybrid,0.005,tag,0.25,1.0,0,0.36287906765937805,0.003048629967909158,20,4050,0.15750000000000003,589,4781
6,100,0.3,0.0,harm,hybrid,0.005,tag,0.25,1.0,0,0.37555035948753357,0.0030362873364601336,20,4050,0.15750000000000003,589,4781
6,100,0.3,0.0,harm,hybrid,0.005,tag,0.25,1.0,0,0.3882216513156891,0.0030239447050111083,20,4050,0.155,589,4781
6,100,0.3,0.0,harm,hybrid,0.005,tag,0.25,1.0,0,0.4008929431438446,0.003011602073562083,20,4050,0.15250000000000002,589,4781
6,100,0.3,0.0,harm,hybrid,0.005,tag,0.25,1.0,0,0.4135642349720001,0.0029992594421130586,20,4050,0.155,589,4781
6,100,0.3,0.0,harm,hybrid,0.005,tag,0.25,1.0,0,0.42623549699783325,0.0029992594421130586,20,4050,0.15250000000000002,589,4781
6,100,0.3,0.0,harm,hybrid,0.005,tag,0.25,1.0,0,0.43890678882598877,0.002937546284867934,20,4050,0.1425,589,4781
6,100,0.3,0.0,harm,hybrid,0.005,tag,0.25,1.0,0,0.4515780806541443,0.0029252036534189087,20,4050,0.1425,589,4781
6,100,0.3,0.0,harm,hybrid,0.005,tag,0.25,1.0,0,0.4642493724822998,0.0028511478647247597,20,4050,0.1325,589,4781
6,100,0.3,0.0,harm,hybrid,0.005,tag,0.25,1.0,0,0.4769206643104553,0.00277709207603061,20,4050,0.1275,589,4781
6,100,0.3,0.0,harm,hybrid,0.005,tag,0.25,1.0,0,0.48959192633628845,0.0027277215502345097,20,4050,0.12249999999999998,589,4781
6,100,0.3,0.0,harm,hybrid,0.005,tag,0.25,1.0,0,0.5022631883621216,0.0027153789187854853,20,4050,0.12249999999999998,589,4781
6,100,0.3,0.0,harm,hybrid,0.005,tag,0.25,1.0,0,0.5149345397949219,0.0026906936558874356,20,4050,0.12249999999999998,589,4781
6,100,0.3,0.0,harm,hybrid,0.005,tag,0.25,1.0,0,0.5276057720184326,0.0026536657615403606,20,4050,0.11499999999999999,589,4781
6,100,0.3,0.0,harm,hybrid,0.005,tag,0.25,1.0,0,0.5402771234512329,0.0026042952357442604,20,4050,0.11249999999999998,589,4781
6,100,0.3,0.0,harm,hybrid,0.005,tag,0.25,1.0,0,0.5529483556747437,0.0026042952357442604,20,4050,0.10999999999999999,589,4781
6,100,0.3,0.0,harm,hybrid,0.005,tag,0.25,1.0,0,0.5656196475028992,0.0025796099728462108,20,4050,0.1075,589,4781
6,100,0.3,0.0,harm,hybrid,0.005,tag,0.25,1.0,0,0.5782909393310547,0.002542582078499136,20,4050,0.1075,589,4781
6,100,0.3,0.0,harm,hybrid,0.005,tag,0.25,1.0,0,0.5909622311592102,0.0024932115527030365,20,4050,0.10500000000000001,589,4781
6,100,0.3,0.0,harm,hybrid,0.005,tag,0.25,1.0,0,0.6036335229873657,0.0024932115527030365,20,4050,0.10500000000000001,589,4781
6,100,0.3,0.0,harm,hybrid,0.005,tag,0.25,1.0,0,0.6163048148155212,0.0024808689212540112,20,4050,0.10500000000000001,589,4781
6,100,0.3,0.0,harm,hybrid,0.005,tag,0.25,1.0,0,0.6289761066436768,0.0024561836583559616,20,4050,0.10500000000000001,589,4781
6,100,0.3,0.0,harm,hybrid,0.005,tag,0.25,1.0,0,0.6416473984718323,0.002431498395457911,20,4050,0.10500000000000001,589,4781
6,100,0.3,0.0,harm,hybrid,0.005,tag,0.25,1.0,0,0.6543186902999878,0.002357442606763762,20,4050,0.10500000000000001,589,4781
6,100,0.3,0.0,harm,hybrid,0.005,tag,0.25,1.0,0,0.6669899225234985,0.0023327573438657124,20,4050,0.10500000000000001,589,4781
6,100,0.3,0.0,harm,hybrid,0.005,tag,0.25,1.0,0,0.679661214351654,0.0023080720809676627,20,4050,0.10500000000000001,589,4781
6,100,0.3,0.0,harm,hybrid,0.005,tag,0.25,1.0,0,0.6923325061798096,0.0023080720809676627,20,4050,0.10500000000000001,589,4781
6,100,0.3,0.0,harm,hybrid,0.005,tag,0.25,1.0,0,0.7050037980079651,0.0022957294495186374,20,4050,0.10500000000000001,589,4781
6,100,0.3,0.0,harm,hybrid,0.005,tag,0.25,1.0,0,0.7176750898361206,0.0022710441866205877,20,4050,0.10500000000000001,589,4781
6,100,0.3,0.0,harm,hybrid,0.005,tag,0.25,1.0,0,0.7303463816642761,0.0022587015551715625,20,4050,0.10500000000000001,589,4781
6,100,0.3,0.0,harm,hybrid,0.005,tag,0.25,1.0,0,0.7430176734924316,0.0022216736608244875,20,4050,0.10500000000000001,589,4781
6,100,0.3,0.0,harm,hybrid,0.005,tag,0.25,1.0,0,0.7556889653205872,0.002184645766477413,20,4050,0.10500000000000001,589,4781
6,100,0.3,0.0,harm,hybrid,0.005,tag,0.25,1.0,0,0.7683602571487427,0.0021352752406813133,20,4050,0.10500000000000001,589,4781
6,100,0.3,0.0,harm,hybrid,0.005,tag,0.25,1.0,0,0.7810315489768982,0.002085904714885213,20,4050,0.10500000000000001,589,4781
6,100,0.3,0.0,harm,hybrid,0.005,tag,0.25,1.0,0,0.7937027812004089,0.0020365341890891137,20,4050,0.10500000000000001,589,4781
6,100,0.3,0.0,harm,hybrid,0.005,tag,0.25,1.0,0,0.8063740730285645,0.001999506294742039,20,4050,0.10500000000000001,589,4781
6,100,0.3,0.0,harm,hybrid,0.005,tag,0.25,1.0,0,0.81904536485672,0.0018884226117008146,20,4050,0.10500000000000001,589,4781
6,100,0.3,0.0,harm,hybrid,0.005,tag,0.25,1.0,0,0.8317166566848755,0.001863737348802765,20,4050,0.10500000000000001,589,4781
6,100,0.3,0.0,harm,hybrid,0.005,tag,0.25,1.0,0,0.844387948513031,0.0017403110343125155,20,4050,0.10500000000000001,589,4781
6,100,0.3,0.0,harm,hybrid,0.005,tag,0.25,1.0,0,0.8570592403411865,0.0016662552456183659,20,4050,0.10500000000000001,589,4781
6,100,0.3,0.0,harm,hybrid,0.005,tag,0.25,1.0,0,0.869730532169342,0.0015921994569242162,20,4050,0.10500000000000001,589,4781
6,100,0.3,0.0,harm,hybrid,0.005,tag,0.25,1.0,0,0.8824018239974976,0.001468773142433967,20,4050,0.10500000000000001,589,4781
6,100,0.3,0.0,harm,hybrid,0.005,tag,0.25,1.0,0,0.8950731158256531,0.0013823747222907923,20,4050,0.10500000000000001,589,4781
6,100,0.3,0.0,harm,hybrid,0.005,tag,0.25,1.0,0,0.9077444076538086,0.0013083189335966429,20,4050,0.10500000000000001,589,4781
6,100,0.3,0.0,harm,hybrid,0.005,tag,0.25,1.0,0,0.9204156994819641,0.0012342631449024932,20,4050,0.10500000000000001,589,4781
6,100,0.3,0.0,harm,hybrid,0.005,tag,0.25,1.0,0,0.9330869317054749,0.0012095778820044437,20,4050,0.10500000000000001,589,4781
6,100,0.3,0.0,harm,hybrid,0.005,tag,0.25,1.0,0,0.9457582235336304,0.0011355220933102939,20,4050,0.10500000000000001,589,4781
6,100,0.3,0.0,harm,hybrid,0.005,tag,0.25,1.0,0,0.9584295153617859,0.0010491236731671192,20,4050,0.10000000000000002,589,4781
6,100,0.3,0.0,harm,hybrid,0.005,tag,0.25,1.0,0,0.9711008071899414,0.0009256973586768698,20,4050,0.09250000000000001,589,4781
6,100,0.3,0.0,harm,hybrid,0.005,tag,0.25,1.0,0,0.9837720990180969,0.0008392989385336954,20,4050,0.07750000000000003,589,4781
6,100,0.3,0.0,harm,hybrid,0.005,tag,0.25,1.0,0,0.9964433908462524,0.000715872624043446,20,4050,0.06500000000000002,589,4781
6,100,0.3,0.0,harm,hybrid,0.005,tag,0.25,1.0,0,1.0091147422790527,0.0006171315724512467,20,4050,0.0475,589,4781
6,100,0.3,0.0,harm,hybrid,0.005,tag,0.25,1.0,0,1.0217859745025635,0.0005801036781041718,20,4050,0.0425,589,4781
6,100,0.3,0.0,harm,hybrid,0.005,tag,0.25,1.0,0,1.0344572067260742,0.0004690199950629474,20,4050,0.03,589,4781
6,100,0.3,0.0,harm,hybrid,0.005,tag,0.25,1.0,0,1.0471285581588745,0.0004196494692668477,20,4050,0.025,589,4781
6,100,0.3,0.0,harm,hybrid,0.005,tag,0.25,1.0,0,1.0597997903823853,0.0003826215749197729,20,4050,0.02,589,4781
6,100,0.3,0.0,harm,hybrid,0.005,tag,0.25,1.0,0,1.0724711418151855,0.000357936312021723,20,4050,0.017499999999999998,589,4781
6,100,0.3,0.0,harm,hybrid,0.005,tag,0.25,1.0,0,1.0851423740386963,0.0003455936805726981,20,4050,0.015,589,4781
6,100,0.3,0.0,harm,hybrid,0.005,tag,0.25,1.0,0,1.0978137254714966,0.00029622315477659836,20,4050,0.005,589,4781
6,100,0.3,0.0,harm,hybrid,0.005,tag,0.25,1.0,0,1.1104849576950073,0.00028388052332757347,20,4050,0.005,589,4781
6,100,0.3,0.0,harm,hybrid,0.005,tag,0.25,1.0,0,1.1231563091278076,0.0002715378918785485,20,4050,0.0025,589,4781
6,100,0.3,0.0,harm,hybrid,0.005,tag,0.25,1.0,0,1.1358275413513184,0.0002715378918785485,20,4050,0.0025,589,4781
6,100,0.3,0.0,harm,hybrid,0.005,tag,0.25,1.0,0,1.148498773574829,0.0002591952604295236,20,4050,0.0,589,4781
6,100,0.3,0.0,harm,hybrid,0.005,tag,0.25,1.0,0,1.1611701250076294,0.0002591952604295236,20,4050,0.0,589,4781
6,100,0.3,0.0,harm,hybrid,0.005,tag,0.25,1.0,0,1.1738413572311401,0.00024685262898049864,20,4050,0.0,589,4781
6,100,0.3,0.0,harm,hybrid,0.005,tag,0.25,1.0,0,1.1865127086639404,0.00024685262898049864,20,4050,0.0,589,4781
6,100,0.3,0.0,harm,hybrid,0.005,tag,0.25,1.0,0,1.1991839408874512,0.00024685262898049864,20,4050,0.0,589,4781
6,100,0.3,0.0,harm,hybrid,0.005,tag,0.25,1.0,0,1.2118552923202515,0.00024685262898049864,20,4050,0.0,589,4781
6,100,0.3,0.0,harm,hybrid,0.005,tag,0.25,1.0,0,1.2245265245437622,0.00024685262898049864,20,4050,0.0,589,4781
6,100,0.3,0.0,harm,hybrid,0.005,tag,0.25,1.0,0,1.2371978759765625,0.00024685262898049864,20,4050,0.0,589,4781
6,100,0.3,0.0,harm,hybrid,0.005,tag,0.25,1.0,0,1.2498691082000732,0.00024685262898049864,20,4050,0.0,589,4781
6,100,0.3,0.0,harm,hybrid,0.005,tag,0.25,1.0,0,1.2625404596328735,0.00024685262898049864,20,4050,0.0,589,4781
6,100,0.3,0.0,harm,hybrid,0.005,tag,0.25,1.0,0,1.2752116918563843,0.00024685262898049864,20,4050,0.0,589,4781
6,100,0.3,0.0,harm,hybrid,0.005,tag,0.25,1.0,0,1.287882924079895,0.00024685262898049864,20,4050,0.0,589,4781
6,100,0.3,0.0,harm,hybrid,0.005,tag,0.25,1.0,0,1.3005542755126953,0.00024685262898049864,20,4050,0.0,589,4781
7,100,0.3,0.0,harm,hybrid,0.005,tag,0.25,1.0,0,0.047112464904785156,0.0028536285362853633,20,4064,0.10250000000000001,547,4721
7,100,0.3,0.0,harm,hybrid,0.005,tag,0.25,1.0,0,0.06021270900964737,0.0028536285362853633,20,4064,0.10250000000000001,547,4721
7,100,0.3,0.0,harm,hybrid,0.005,tag,0.25,1.0,0,0.07331295311450958,0.0028536285362853633,20,4064,0.10250000000000001,547,4721
7,100,0.3,0.0,harm,hybrid,0.005,tag,0.25,1.0,0,0.0864131897687912,0.0028536285362853633,20,4064,0.10250000000000001,547,4721
7,100,0.3,0.0,harm,hybrid,0.005,tag,0.25,1.0,0,0.09951344132423401,0.0028536285362853633,20,4064,0.10250000000000001,547,4721
7,100,0.3,0.0,harm,hybrid,0.005,tag,0.25,1.0,0,0.11261367797851562,0.0028536285362853633,20,4064,0.10250000000000001,547,4721
7,100,0.3,0.0,harm,hybrid,0.005,tag,0.25,1.0,0,0.12571391463279724,0.0028536285362853633,20,4064,0.10250000000000001,547,4721
7,100,0.3,0.0,harm,hybrid,0.005,tag,0.25,1.0,0,0.13881416618824005,0.0028536285362853633,20,4064,0.10250000000000001,547,4721
7,100,0.3,0.0,harm,hybrid,0.005,tag,0.25,1.0,0,0.15191441774368286,0.0028536285362853633,20,4064,0.10250000000000001,547,4721
7,100,0.3,0.0,harm,hybrid,0.005,tag,0.25,1.0,0,0.16501465439796448,0.0028536285362853633,20,4064,0.10250000000000001,547,4721
7,100,0.3,0.0,harm,hybrid,0.005,tag,0.25,1.0,0,0.1781148910522461,0.0028536285362853633,20,4064,0.10250000000000001,547,4721
7,100,0.3,0.0,harm,hybrid,0.005,tag,0.25,1.0,0,0.1912151426076889,0.0028536285362853633,20,4064,0.10250000000000001,547,4721
7,100,0.3,0.0,harm,hybrid,0.005,tag,0.25,1.0,0,0.20431537926197052,0.0028536285362853633,20,4064,0.10250000000000001,547,4721
7,100,0.3,0.0,harm,hybrid,0.005,tag,0.25,1.0,0,0.21741563081741333,0.0028536285362853633,20,4064,0.10250000000000001,547,4721
7,100,0.3,0.0,harm,hybrid,0.005,tag,0.25,1.0,0,0.23051586747169495,0.0028536285362853633,20,4064,0.10250000000000001,547,4721
7,100,0.3,0.0,harm,hybrid,0.005,tag,0.25,1.0,0,0.24361611902713776,0.0028536285362853633,20,4064,0.10250000000000001,547,4721
7,100,0.3,0.0,harm,hybrid,0.005,tag,0.25,1.0,0,0.25671637058258057,0.0028536285362853633,20,4064,0.10250000000000001,547,4721
7,100,0.3,0.0,harm,hybrid,0.005,tag,0.25,1.0,0,0.2698165774345398,0.0028536285362853633,20,4064,0.10250000000000001,547,4721
7,100,0.3,0.0,harm,hybrid,0.005,tag,0.25,1.0,0,0.2829168438911438,0.0028536285362853633,20,4064,0.10250000000000001,547,4721
7,100,0.3,0.0,harm,hybrid,0.005,tag,0.25,1.0,0,0.2960170805454254,0.0028536285362853633,20,4064,0.10250000000000001,547,4721
7,100,0.3,0.0,harm,hybrid,0.005,tag,0.25,1.0,0,0.30911731719970703,0.002841328413284133,20,4064,0.10250000000000001,547,4721
7,100,0.3,0.0,harm,hybrid,0.005,tag,0.25,1.0,0,0.32221758365631104,0.002841328413284133,20,4064,0.10250000000000001,547,4721
7,100,0.3,0.0,harm,hybrid,0.005,tag,0.25,1.0,0,0.33531782031059265,0.002841328413284133,20,4064,0.10250000000000001,547,4721
7,100,0.3,0.0,harm,hybrid,0.005,tag,0.25,1.0,0,0.34841805696487427,0.002841328413284133,20,4064,0.10250000000000001,547,4721
7,100,0.3,0.0,harm,hybrid,0.005,tag,0.25,1.0,0,0.3615182936191559,0.002829028290282903,20,4064,0.1,547,4721
7,100,0.3,0.0,harm,hybrid,0.005,tag,0.25,1.0,0,0.3746185302734375,0.002816728167281673,20,4064,0.0975,547,4721
7,100,0.3,0.0,harm,hybrid,0.005,tag,0.25,1.0,0,0.3877187967300415,0.002779827798277983,20,4064,0.095,547,4721
7,100,0.3,0.0,harm,hybrid,0.005,tag,0.25,1.0,0,0.4008190333843231,0.0027552275522755233,20,4064,0.0925,547,4721
7,100,0.3,0.0,harm,hybrid,0.005,tag,0.25,1.0,0,0.41391927003860474,0.002718327183271833,20,4064,0.09,547,4721
7,100,0.3,0.0,harm,hybrid,0.005,tag,0.25,1.0,0,0.42701950669288635,0.002706027060270603,20,4064,0.08750000000000001,547,4721
7,100,0.3,0.0,harm,hybrid,0.005,tag,0.25,1.0,0,0.44011977314949036,0.0026937269372693724,20,4064,0.08750000000000001,547,4721
7,100,0.3,0.0,harm,hybrid,0.005,tag,0.25,1.0,0,0.453220009803772,0.002644526445264453,20,4064,0.085,547,4721
7,100,0.3,0.0,harm,hybrid,0.005,tag,0.25,1.0,0,0.4663202464580536,0.002595325953259533,20,4064,0.0825,547,4721
7,100,0.3,0.0,harm,hybrid,0.005,tag,0.25,1.0,0,0.4794204831123352,0.0025215252152521526,20,4064,0.0825,547,4721
7,100,0.3,0.0,harm,hybrid,0.005,tag,0.25,1.0,0,0.4925207197666168,0.002472324723247233,20,4064,0.0775,547,4721
7,100,0.3,0.0,harm,hybrid,0.005,tag,0.25,1.0,0,0.5056209564208984,0.002423124231242312,20,4064,0.0725,547,4721
7,100,0.3,0.0,harm,hybrid,0.005,tag,0.25,1.0,0,0.5187212228775024,0.0023985239852398524,20,4064,0.07,547,4721
7,100,0.3,0.0,harm,hybrid,0.005,tag,0.25,1.0,0,0.5318214893341064,0.0023370233702337028,20,4064,0.07,547,4721
7,100,0.3,0.0,harm,hybrid,0.005,tag,0.25,1.0,0,0.5449216961860657,0.002287822878228783,20,4064,0.065,547,4721
7,100,0.3,0.0,harm,hybrid,0.005,tag,0.25,1.0,0,0.5580219626426697,0.002287822878228783,20,4064,0.0625,547,4721
7,100,0.3,0.0,harm,hybrid,0.005,tag,0.25,1.0,0,0.5711221694946289,0.0022509225092250925,20,4064,0.06000000000000001,547,4721
7,100,0.3,0.0,harm,hybrid,0.005,tag,0.25,1.0,0,0.5842224359512329,0.0022017220172201725,20,4064,0.06000000000000001,547,4721
7,100,0.3,0.0,harm,hybrid,0.005,tag,0.25,1.0,0,0.5973227024078369,0.0021894218942189424,20,4064,0.06000000000000001,547,4721
7,100,0.3,0.0,harm,hybrid,0.005,tag,0.25,1.0,0,0.6104229092597961,0.0021771217712177123,20,4064,0.06000000000000001,547,4721
7,100,0.3,0.0,harm,hybrid,0.005,tag,0.25,1.0,0,0.6235231757164001,0.0021771217712177123,20,4064,0.06000000000000001,547,4721
7,100,0.3,0.0,harm,hybrid,0.005,tag,0.25,1.0,0,0.6366233825683594,0.0021771217712177123,20,4064,0.06000000000000001,547,4721
7,100,0.3,0.0,harm,hybrid,0.005,tag,0.25,1.0,0,0.6497236490249634,0.0021648216482164826,20,4064,0.06000000000000001,547,4721
7,100,0.3,0.0,harm,hybrid,0.005,tag,0.25,1.0,0,0.6628239154815674,0.0021279212792127923,20,4064,0.06000000000000001,547,4721
7,100,0.3,0.0,harm,hybrid,0.005,tag,0.25,1.0,0,0.6759241223335266,0.002103321033210332,20,4064,0.06000000000000001,547,4721
7,100,0.3,0.0,harm,hybrid,0.005,tag,0.25,1.0,0,0.6890243887901306,0.0020910209102091024,20,4064,0.06000000000000001,547,4721
7,100,0.3,0.0,harm,hybrid,0.005,tag,0.25,1.0,0,0.7021245956420898,0.002054120541205412,20,4064,0.06000000000000001,547,4721
7,100,0.3,0.0,harm,hybrid,0.005,tag,0.25,1.0,0,0.7152248620986938,0.0019803198031980323,20,4064,0.06000000000000001,547,4721
7,100,0.3,0.0,harm,hybrid,0.005,tag,0.25,1.0,0,0.7283251285552979,0.0019557195571955717,20,4064,0.06000000000000001,547,4721
7,100,0.3,0.0,harm,hybrid,0.005,tag,0.25,1.0,0,0.7414253354072571,0.0019311193111931117,20,4064,0.06000000000000001,547,4721
7,100,0.3,0.0,harm,hybrid,0.005,tag,0.25,1.0,0,0.7545256018638611,0.0019065190651906519,20,4064,0.06000000000000001,547,4721
7,100,0.3,0.0,harm,hybrid,0.005,tag,0.25,1.0,0,0.7676258683204651,0.001869618696186962,20,4064,0.06000000000000001,547,4721
7,100,0.3,0.0,harm,hybrid,0.005,tag,0.25,1.0,0,0.7807260751724243,0.0018450184501845018,20,4064,0.06000000000000001,547,4721
7,100,0.3,0.0,harm,hybrid,0.005,tag,0.25,1.0,0,0.7938263416290283,0.001808118081180812,20,4064,0.06000000000000001,547,4721
7,100,0.3,0.0,harm,hybrid,0.005,tag,0.25,1.0,0,0.8069265484809875,0.0017343173431734315,20,4064,0.06000000000000001,547,4721
7,100,0.3,0.0,harm,hybrid,0.005,tag,0.25,1.0,0,0.8200268149375916,0.0016236162361623618,20,4064,0.06000000000000001,547,4721
7,100,0.3,0.0,harm,hybrid,0.005,tag,0.25,1.0,0,0.8331270813941956,0.0015498154981549816,20,4064,0.06000000000000001,547,4721
7,100,0.3,0.0,harm,hybrid,0.005,tag,0.25,1.0,0,0.8462272882461548,0.0015006150061500616,20,4064,0.06000000000000001,547,4721
7,100,0.3,0.0,harm,hybrid,0.005,tag,0.25,1.0,0,0.8593275547027588,0.0014391143911439113,20,4064,0.06000000000000001,547,4721
7,100,0.3,0.0,harm,hybrid,0.005,tag,0.25,1.0,0,0.872427761554718,0.0014145141451414513,20,4064,0.06000000000000001,547,4721
7,100,0.3,0.0,harm,hybrid,0.005,tag,0.25,1.0,0,0.885528028011322,0.0013284132841328412,20,4064,0.06000000000000001,547,4721
7,100,0.3,0.0,harm,hybrid,0.005,tag,0.25,1.0,0,0.898628294467926,0.001230012300123001,20,4064,0.06000000000000001,547,4721
7,100,0.3,0.0,harm,hybrid,0.005,tag,0.25,1.0,0,0.9117285013198853,0.0011808118081180813,20,4064,0.06000000000000001,547,4721
7,100,0.3,0.0,harm,hybrid,0.005,tag,0.25,1.0,0,0.9248287677764893,0.001057810578105781,20,4064,0.06000000000000001,547,4721
7,100,0.3,0.0,harm,hybrid,0.005,tag,0.25,1.0,0,0.9379289746284485,0.0010086100861008609,20,4064,0.06000000000000001,547,4721
7,100,0.3,0.0,harm,hybrid,0.005,tag,0.25,1.0,0,0.9510292410850525,0.0009102091020910209,20,4064,0.05750000000000001,547,4721
7,100,0.3,0.0,harm,hybrid,0.005,tag,0.25,1.0,0,0.9641295075416565,0.0008487084870848708,20,4064,0.05250000000000001,547,4721
7,100,0.3,0.0,harm,hybrid,0.005,tag,0.25,1.0,0,0.9772297143936157,0.0007257072570725708,20,4064,0.045,547,4721
7,100,0.3,0.0,harm,hybrid,0.005,tag,0.25,1.0,0,0.9903299808502197,0.0006150061500615005,20,4064,0.0325,547,4721
7,100,0.3,0.0,harm,hybrid,0.005,tag,0.25,1.0,0,1.0034301280975342,0.0005289052890528905,20,4064,0.027500000000000004,547,4721
7,100,0.3,0.0,harm,hybrid,0.005,tag,0.25,1.0,0,1.0165305137634277,0.00046740467404674045,20,4064,0.019999999999999997,547,4721
7,100,0.3,0.0,harm,hybrid,0.005,tag,0.25,1.0,0,1.0296306610107422,0.00040590405904059035,20,4064,0.017499999999999998,547,4721
7,100,0.3,0.0,harm,hybrid,0.005,tag,0.25,1.0,0,1.0427309274673462,0.00034440344403444036,20,4064,0.0125,547,4721
7,100,0.3,0.0,harm,hybrid,0.005,tag,0.25,1.0,0,1.0558311939239502,0.0003198031980319803,20,4064,0.01,547,4721
7,100,0.3,0.0,harm,hybrid,0.005,tag,0.25,1.0,0,1.0689314603805542,0.00029520295202952026,20,4064,0.0075000000000000015,547,4721
7,100,0.3,0.0,harm,hybrid,0.005,tag,0.25,1.0,0,1.0820317268371582,0.00028290282902829027,20,4064,0.0075000000000000015,547,4721
7,100,0.3,0.0,harm,hybrid,0.005,tag,0.25,1.0,0,1.0951318740844727,0.00027060270602706027,20,4064,0.005,547,4721
7,100,0.3,0.0,harm,hybrid,0.005,tag,0.25,1.0,0,1.1082321405410767,0.0002583025830258302,20,4064,0.0025,547,4721
7,100,0.3,0.0,harm,hybrid,0.005,tag,0.25,1.0,0,1.1213324069976807,0.0002460024600246002,20,4064,0.0,547,4721
7,100,0.3,0.0,harm,hybrid,0.005,tag,0.25,1.0,0,1.1344326734542847,0.0002460024600246002,20,4064,0.0,547,4721
7,100,0.3,0.0,harm,hybrid,0.005,tag,0.25,1.0,0,1.1475329399108887,0.0002460024600246002,20,4064,0.0,547,4721
7,100,0.3,0.0,harm,hybrid,0.005,tag,0.25,1.0,0,1.1606330871582031,0.0002460024600246002,20,4064,0.0,547,4721
7,100,0.3,0.0,harm,hybrid,0.005,tag,0.25,1.0,0,1.1737333536148071,0.0002460024600246002,20,4064,0.0,547,4721
7,100,0.3,0.0,harm,hybrid,0.005,tag,0.25,1.0,0,1.1868336200714111,0.0002460024600246002,20,4064,0.0,547,4721
7,100,0.3,0.0,harm,hybrid,0.005,tag,0.25,1.0,0,1.1999338865280151,0.0002460024600246002,20,4064,0.0,547,4721
7,100,0.3,0.0,harm,hybrid,0.005,tag,0.25,1.0,0,1.2130341529846191,0.0002460024600246002,20,4064,0.0,547,4721
7,100,0.3,0.0,harm,hybrid,0.005,tag,0.25,1.0,0,1.2261343002319336,0.0002460024600246002,20,4064,0.0,547,4721
7,100,0.3,0.0,harm,hybrid,0.005,tag,0.25,1.0,0,1.2392345666885376,0.0002460024600246002,20,4064,0.0,547,4721
7,100,0.3,0.0,harm,hybrid,0.005,tag,0.25,1.0,0,1.2523348331451416,0.0002460024600246002,20,4064,0.0,547,4721
7,100,0.3,0.0,harm,hybrid,0.005,tag,0.25,1.0,0,1.2654350996017456,0.0002460024600246002,20,4064,0.0,547,4721
7,100,0.3,0.0,harm,hybrid,0.005,tag,0.25,1.0,0,1.2785353660583496,0.0002460024600246002,20,4064,0.0,547,4721
7,100,0.3,0.0,harm,hybrid,0.005,tag,0.25,1.0,0,1.291635513305664,0.0002460024600246002,20,4064,0.0,547,4721
7,100,0.3,0.0,harm,hybrid,0.005,tag,0.25,1.0,0,1.304735779762268,0.0002460024600246002,20,4064,0.0,547,4721
7,100,0.3,0.0,harm,hybrid,0.005,tag,0.25,1.0,0,1.317836046218872,0.0002460024600246002,20,4064,0.0,547,4721
7,100,0.3,0.0,harm,hybrid,0.005,tag,0.25,1.0,0,1.330936312675476,0.0002460024600246002,20,4064,0.0,547,4721
7,100,0.3,0.0,harm,hybrid,0.005,tag,0.25,1.0,0,1.34403657913208,0.0002460024600246002,20,4064,0.0,547,4721
8,100,0.3,0.0,harm,hybrid,0.005,tag,0.25,1.0,0,0.07922777533531189,0.0027825658704752525,20,4060,0.1125,589,5041
8,100,0.3,0.0,harm,hybrid,0.005,tag,0.25,1.0,0,0.0916549414396286,0.0027825658704752525,20,4060,0.1125,589,5041
8,100,0.3,0.0,harm,hybrid,0.005,tag,0.25,1.0,0,0.10408211499452591,0.0027825658704752525,20,4060,0.1125,589,5041
8,100,0.3,0.0,harm,hybrid,0.005,tag,0.25,1.0,0,0.11650928109884262,0.0027825658704752525,20,4060,0.1125,589,5041
8,100,0.3,0.0,harm,hybrid,0.005,tag,0.25,1.0,0,0.12893645465373993,0.0027825658704752525,20,4060,0.1125,589,5041
8,100,0.3,0.0,harm,hybrid,0.005,tag,0.25,1.0,0,0.14136362075805664,0.0027825658704752525,20,4060,0.1125,589,5041
8,100,0.3,0.0,harm,hybrid,0.005,tag,0.25,1.0,0,0.15379078686237335,0.0027825658704752525,20,4060,0.1125,589,5041
8,100,0.3,0.0,harm,hybrid,0.005,tag,0.25,1.0,0,0.16621795296669006,0.0027825658704752525,20,4060,0.1125,589,5041
8,100,0.3,0.0,harm,hybrid,0.005,tag,0.25,1.0,0,0.17864513397216797,0.0027825658704752525,20,4060,0.1125,589,5041
8,100,0.3,0.0,harm,hybrid,0.005,tag,0.25,1.0,0,0.1910722851753235,0.0027825658704752525,20,4060,0.1125,589,5041
8,100,0.3,0.0,harm,hybrid,0.005,tag,0.25,1.0,0,0.2034994661808014,0.0027825658704752525,20,4060,0.1125,589,5041
8,100,0.3,0.0,harm,hybrid,0.005,tag,0.25,1.0,0,0.2159266322851181,0.0027825658704752525,20,4060,0.1125,589,5041
8,100,0.3,0.0,harm,hybrid,0.005,tag,0.25,1.0,0,0.22835379838943481,0.0027825658704752525,20,4060,0.1125,589,5041
8,100,0.3,0.0,harm,hybrid,0.005,tag,0.25,1.0,0,0.24078096449375153,0.0027825658704752525,20,4060,0.1125,589,5041
8,100,0.3,0.0,harm,hybrid,0.005,tag,0.25,1.0,0,0.2532081604003906,0.0027825658704752525,20,4060,0.1125,589,5041
8,100,0.3,0.0,harm,hybrid,0.005,tag,0.25,1.0,0,0.26563531160354614,0.0027825658704752525,20,4060,0.1125,589,5041
8,100,0.3,0.0,harm,hybrid,0.005,tag,0.25,1.0,0,0.27806246280670166,0.0027825658704752525,20,4060,0.1125,589,5041
8,100,0.3,0.0,harm,hybrid,0.005,tag,0.25,1.0,0,0.29048964381217957,0.0027825658704752525,20,4060,0.1125,589,5041
8,100,0.3,0.0,harm,hybrid,0.005,tag,0.25,1.0,0,0.30291682481765747,0.0027825658704752525,20,4060,0.1125,589,5041
8,100,0.3,0.0,harm,hybrid,0.005,tag,0.25,1.0,0,0.315343976020813,0.0027825658704752525,20,4060,0.1125,589,5041
8,100,0.3,0.0,harm,hybrid,0.005,tag,0.25,1.0,0,0.3277711570262909,0.0027702536321103175,20,4060,0.10999999999999999,589,5041
8,100,0.3,0.0,harm,hybrid,0.005,tag,0.25,1.0,0,0.3401983082294464,0.0027702536321103175,20,4060,0.10999999999999999,589,5041
8,100,0.3,0.0,harm,hybrid,0.005,tag,0.25,1.0,0,0.3526254892349243,0.0027456291553804484,20,4060,0.1075,589,5041
8,100,0.3,0.0,harm,hybrid,0.005,tag,0.25,1.0,0,0.3650526702404022,0.0027086924402856443,20,4060,0.1075,589,5041
8,100,0.3,0.0,harm,hybrid,0.005,tag,0.25,1.0,0,0.37747982144355774,0.0026963802019207084,20,4060,0.10500000000000001,589,5041
8,100,0.3,0.0,harm,hybrid,0.005,tag,0.25,1.0,0,0.38990700244903564,0.0026840679635557734,20,4060,0.1025,589,5041
8,100,0.3,0.0,harm,hybrid,0.005,tag,0.25,1.0,0,0.40233415365219116,0.00267175572519084,20,4060,0.09999999999999999,589,5041
8,100,0.3,0.0,harm,hybrid,0.005,tag,0.25,1.0,0,0.41476133465766907,0.00267175572519084,20,4060,0.09999999999999999,589,5041
8,100,0.3,0.0,harm,hybrid,0.005,tag,0.25,1.0,0,0.427188515663147,0.002659443486825905,20,4060,0.09999999999999999,589,5041
8,100,0.3,0.0,harm,hybrid,0.005,tag,0.25,1.0,0,0.4396156668663025,0.002610194533366166,20,4060,0.0975,589,5041
8,100,0.3,0.0,harm,hybrid,0.005,tag,0.25,1.0,0,0.4520428478717804,0.002560945579906427,20,4060,0.0925,589,5041
8,100,0.3,0.0,harm,hybrid,0.005,tag,0.25,1.0,0,0.4644699990749359,0.002548633341541493,20,4060,0.085,589,5041
8,100,0.3,0.0,harm,hybrid,0.005,tag,0.25,1.0,0,0.4768971800804138,0.002524008864811623,20,4060,0.085,589,5041
8,100,0.3,0.0,harm,hybrid,0.005,tag,0.25,1.0,0,0.4893243610858917,0.002511696626446688,20,4060,0.085,589,5041
8,100,0.3,0.0,harm,hybrid,0.005,tag,0.25,1.0,0,0.5017515420913696,0.0024870721497168187,20,4060,0.08,589,5041
8,100,0.3,0.0,harm,hybrid,0.005,tag,0.25,1.0,0,0.5141786932945251,0.0024624476729869487,20,4060,0.07750000000000001,589,5041
8,100,0.3,0.0,harm,hybrid,0.005,tag,0.25,1.0,0,0.5266058444976807,0.0024378231962570796,20,4060,0.075,589,5041
8,100,0.3,0.0,harm,hybrid,0.005,tag,0.25,1.0,0,0.539033055305481,0.0024131987195272105,20,4060,0.075,589,5041
8,100,0.3,0.0,harm,hybrid,0.005,tag,0.25,1.0,0,0.5514602065086365,0.0024131987195272105,20,4060,0.07250000000000001,589,5041
8,100,0.3,0.0,harm,hybrid,0.005,tag,0.25,1.0,0,0.563887357711792,0.0023885742427973405,20,4060,0.07250000000000001,589,5041
8,100,0.3,0.0,harm,hybrid,0.005,tag,0.25,1.0,0,0.5763145685195923,0.0023393252893376014,20,4060,0.07250000000000001,589,5041
8,100,0.3,0.0,harm,hybrid,0.005,tag,0.25,1.0,0,0.588741660118103,0.0023270130509726664,20,4060,0.07250000000000001,589,5041
8,100,0.3,0.0,harm,hybrid,0.005,tag,0.25,1.0,0,0.6011688709259033,0.0023270130509726664,20,4060,0.07250000000000001,589,5041
8,100,0.3,0.0,harm,hybrid,0.005,tag,0.25,1.0,0,0.6135960817337036,0.002277764097512928,20,4060,0.07250000000000001,589,5041
8,100,0.3,0.0,harm,hybrid,0.005,tag,0.25,1.0,0,0.6260231733322144,0.002265451859147993,20,4060,0.07250000000000001,589,5041
8,100,0.3,0.0,harm,hybrid,0.005,tag,0.25,1.0,0,0.6384503841400146,0.002265451859147993,20,4060,0.07250000000000001,589,5041
8,100,0.3,0.0,harm,hybrid,0.005,tag,0.25,1.0,0,0.6508775949478149,0.002216202905688254,20,4060,0.07250000000000001,589,5041
8,100,0.3,0.0,harm,hybrid,0.005,tag,0.25,1.0,0,0.6633046865463257,0.00217926619059345,20,4060,0.07250000000000001,589,5041
8,100,0.3,0.0,harm,hybrid,0.005,tag,0.25,1.0,0,0.675731897354126,0.0021423294754986458,20,4060,0.07250000000000001,589,5041
8,100,0.3,0.0,harm,hybrid,0.005,tag,0.25,1.0,0,0.6881591081619263,0.0021053927604038417,20,4060,0.07250000000000001,589,5041
8,100,0.3,0.0,harm,hybrid,0.005,tag,0.25,1.0,0,0.700586199760437,0.0020807682836739717,20,4060,0.07250000000000001,589,5041
8,100,0.3,0.0,harm,hybrid,0.005,tag,0.25,1.0,0,0.7130134105682373,0.0020315193302142326,20,4060,0.07250000000000001,589,5041
8,100,0.3,0.0,harm,hybrid,0.005,tag,0.25,1.0,0,0.725440502166748,0.0019822703767544943,20,4060,0.07250000000000001,589,5041
8,100,0.3,0.0,harm,hybrid,0.005,tag,0.25,1.0,0,0.7378677129745483,0.0019699581383895593,20,4060,0.07250000000000001,589,5041
8,100,0.3,0.0,harm,hybrid,0.005,tag,0.25,1.0,0,0.7502949237823486,0.0019576459000246248,20,4060,0.07250000000000001,589,5041
8,100,0.3,0.0,harm,hybrid,0.005,tag,0.25,1.0,0,0.7627220153808594,0.0018960847081999509,20,4060,0.07250000000000001,589,5041
8,100,0.3,0.0,harm,hybrid,0.005,tag,0.25,1.0,0,0.7751492261886597,0.0018468357547402117,20,4060,0.07250000000000001,589,5041
8,100,0.3,0.0,harm,hybrid,0.005,tag,0.25,1.0,0,0.78757643699646,0.001834523516375277,20,4060,0.07250000000000001,589,5041
8,100,0.3,0.0,harm,hybrid,0.005,tag,0.25,1.0,0,0.8000035285949707,0.0017975868012804729,20,4060,0.07250000000000001,589,5041
8,100,0.3,0.0,harm,hybrid,0.005,tag,0.25,1.0,0,0.812430739402771,0.0016990888943609948,20,4060,0.07250000000000001,589,5041
8,100,0.3,0.0,harm,hybrid,0.005,tag,0.25,1.0,0,0.8248579502105713,0.0015882787490765825,20,4060,0.07250000000000001,589,5041
8,100,0.3,0.0,harm,hybrid,0.005,tag,0.25,1.0,0,0.837285041809082,0.0014897808421571043,20,4060,0.07250000000000001,589,5041
8,100,0.3,0.0,harm,hybrid,0.005,tag,0.25,1.0,0,0.8497122526168823,0.0014528441270623,20,4060,0.07250000000000001,589,5041
8,100,0.3,0.0,harm,hybrid,0.005,tag,0.25,1.0,0,0.8621394634246826,0.0014282196503324306,20,4060,0.07250000000000001,589,5041
8,100,0.3,0.0,harm,hybrid,0.005,tag,0.25,1.0,0,0.8745665550231934,0.001366658458507757,20,4060,0.07250000000000001,589,5041
8,100,0.3,0.0,harm,hybrid,0.005,tag,0.25,1.0,0,0.8869937658309937,0.001292785028318148,20,4060,0.07250000000000001,589,5041
8,100,0.3,0.0,harm,hybrid,0.005,tag,0.25,1.0,0,0.899420976638794,0.001255848313223344,20,4060,0.07250000000000001,589,5041
8,100,0.3,0.0,harm,hybrid,0.005,tag,0.25,1.0,0,0.9118480682373047,0.0011450381679389316,20,4060,0.07,589,5041
8,100,0.3,0.0,harm,hybrid,0.005,tag,0.25,1.0,0,0.924275279045105,0.0010465402610194533,20,4060,0.0675,589,5041
8,100,0.3,0.0,harm,hybrid,0.005,tag,0.25,1.0,0,0.9367023706436157,0.0009480423540999754,20,4060,0.065,589,5041
8,100,0.3,0.0,harm,hybrid,0.005,tag,0.25,1.0,0,0.949129581451416,0.0009111056390051711,20,4060,0.065,589,5041
8,100,0.3,0.0,harm,hybrid,0.005,tag,0.25,1.0,0,0.9615567922592163,0.0008249199704506279,20,4060,0.0625,589,5041
8,100,0.3,0.0,harm,hybrid,0.005,tag,0.25,1.0,0,0.973983883857727,0.0007141098251662152,20,4060,0.05,589,5041
8,100,0.3,0.0,harm,hybrid,0.005,tag,0.25,1.0,0,0.9864110946655273,0.0005540507264220635,20,4060,0.04,589,5041
8,100,0.3,0.0,harm,hybrid,0.005,tag,0.25,1.0,0,0.9988383054733276,0.00048017729623245505,20,4060,0.027500000000000007,589,5041
8,100,0.3,0.0,harm,hybrid,0.005,tag,0.25,1.0,0,1.0112653970718384,0.0004432405811376508,20,4060,0.0225,589,5041
8,100,0.3,0.0,harm,hybrid,0.005,tag,0.25,1.0,0,1.0236926078796387,0.00036936715094804237,20,4060,0.015,589,5041
8,100,0.3,0.0,harm,hybrid,0.005,tag,0.25,1.0,0,1.036119818687439,0.00033243043585323814,20,4060,0.01,589,5041
8,100,0.3,0.0,harm,hybrid,0.005,tag,0.25,1.0,0,1.0485469102859497,0.0002954937207584339,20,4060,0.0075000000000000015,589,5041
8,100,0.3,0.0,harm,hybrid,0.005,tag,0.25,1.0,0,1.06097412109375,0.0002954937207584339,20,4060,0.0075000000000000015,589,5041
8,100,0.3,0.0,harm,hybrid,0.005,tag,0.25,1.0,0,1.0734013319015503,0.0002708692440285644,20,4060,0.005,589,5041
8,100,0.3,0.0,harm,hybrid,0.005,tag,0.25,1.0,0,1.0858285427093506,0.0002708692440285644,20,4060,0.005,589,5041
8,100,0.3,0.0,harm,hybrid,0.005,tag,0.25,1.0,0,1.0982556343078613,0.00025855700566362964,20,4060,0.0025,589,5041
8,100,0.3,0.0,harm,hybrid,0.005,tag,0.25,1.0,0,1.1106828451156616,0.00025855700566362964,20,4060,0.0025,589,5041
8,100,0.3,0.0,harm,hybrid,0.005,tag,0.25,1.0,0,1.1231099367141724,0.0002462447672986949,20,4060,0.0,589,5041
8,100,0.3,0.0,harm,hybrid,0.005,tag,0.25,1.0,0,1.1355371475219727,0.0002462447672986949,20,4060,0.0,589,5041
8,100,0.3,0.0,harm,hybrid,0.005,tag,0.25,1.0,0,1.147964358329773,0.0002462447672986949,20,4060,0.0,589,5041
8,100,0.3,0.0,harm,hybrid,0.005,tag,0.25,1.0,0,1.1603914499282837,0.0002462447672986949,20,4060,0.0,589,5041
8,100,0.3,0.0,harm,hybrid,0.005,tag,0.25,1.0,0,1.172818660736084,0.0002462447672986949,20,4060,0.0,589,5041
8,100,0.3,0.0,harm,hybrid,0.005,tag,0.25,1.0,0,1.1852458715438843,0.0002462447672986949,20,4060,0.0,589,5041
8,100,0.3,0.0,harm,hybrid,0.005,tag,0.25,1.0,0,1.197672963142395,0.0002462447672986949,20,4060,0.0,589,5041
8,100,0.3,0.0,harm,hybrid,0.005,tag,0.25,1.0,0,1.2101001739501953,0.0002462447672986949,20,4060,0.0,589,5041
8,100,0.3,0.0,harm,hybrid,0.005,tag,0.25,1.0,0,1.2225273847579956,0.0002462447672986949,20,4060,0.0,589,5041
8,100,0.3,0.0,harm,hybrid,0.005,tag,0.25,1.0,0,1.2349544763565063,0.0002462447672986949,20,4060,0.0,589,5041
8,100,0.3,0.0,harm,hybrid,0.005,tag,0.25,1.0,0,1.2473816871643066,0.0002462447672986949,20,4060,0.0,589,5041
8,100,0.3,0.0,harm,hybrid,0.005,tag,0.25,1.0,0,1.259808897972107,0.0002462447672986949,20,4060,0.0,589,5041
8,100,0.3,0.0,harm,hybrid,0.005,tag,0.25,1.0,0,1.2722359895706177,0.0002462447672986949,20,4060,0.0,589,5041
8,100,0.3,0.0,harm,hybrid,0.005,tag,0.25,1.0,0,1.284663200378418,0.0002462447672986949,20,4060,0.0,589,5041
8,100,0.3,0.0,harm,hybrid,0.005,tag,0.25,1.0,0,1.2970904111862183,0.0002462447672986949,20,4060,0.0,589,5041
8,100,0.3,0.0,harm,hybrid,0.005,tag,0.25,1.0,0,1.309517502784729,0.0002462447672986949,20,4060,0.0,589,5041
9,100,0.3,0.0,harm,hybrid,0.005,tag,0.25,1.0,0,0.0,0.003121927236971484,20,4067,0.14500000000000002,619,5011
9,100,0.3,0.0,harm,hybrid,0.005,tag,0.25,1.0,0,0.013008207082748413,0.003121927236971484,20,4067,0.14500000000000002,619,5011
9,100,0.3,0.0,harm,hybrid,0.005,tag,0.25,1.0,0,0.026016414165496826,0.003121927236971484,20,4067,0.14500000000000002,619,5011
9,100,0.3,0.0,harm,hybrid,0.005,tag,0.25,1.0,0,0.03902462124824524,0.003121927236971484,20,4067,0.14500000000000002,619,5011
9,100,0.3,0.0,harm,hybrid,0.005,tag,0.25,1.0,0,0.05203282833099365,0.003121927236971484,20,4067,0.14500000000000002,619,5011
9,100,0.3,0.0,harm,hybrid,0.005,tag,0.25,1.0,0,0.06504103541374207,0.003121927236971484,20,4067,0.14500000000000002,619,5011
9,100,0.3,0.0,harm,hybrid,0.005,tag,0.25,1.0,0,0.07804924249649048,0.003121927236971484,20,4067,0.14500000000000002,619,5011
9,100,0.3,0.0,harm,hybrid,0.005,tag,0.25,1.0,0,0.09105744957923889,0.003121927236971484,20,4067,0.14500000000000002,619,5011
9,100,0.3,0.0,harm,hybrid,0.005,tag,0.25,1.0,0,0.1040656566619873,0.003121927236971484,20,4067,0.14500000000000002,619,5011
9,100,0.3,0.0,harm,hybrid,0.005,tag,0.25,1.0,0,0.11707386374473572,0.003121927236971484,20,4067,0.14500000000000002,619,5011
9,100,0.3,0.0,harm,hybrid,0.005,tag,0.25,1.0,0,0.13008207082748413,0.003121927236971484,20,4067,0.14500000000000002,619,5011
9,100,0.3,0.0,harm,hybrid,0.005,tag,0.25,1.0,0,0.14309027791023254,0.003121927236971484,20,4067,0.14500000000000002,619,5011
9,100,0.3,0.0,harm,hybrid,0.005,tag,0.25,1.0,0,0.15609848499298096,0.003121927236971484,20,4067,0.14500000000000002,619,5011
9,100,0.3,0.0,harm,hybrid,0.005,tag,0.25,1.0,0,0.16910669207572937,0.003121927236971484,20,4067,0.14500000000000002,619,5011
9,100,0.3,0.0,harm,hybrid,0.005,tag,0.25,1.0,0,0.18211489915847778,0.003121927236971484,20,4067,0.14500000000000002,619,5011
9,100,0.3,0.0,harm,hybrid,0.005,tag,0.25,1.0,0,0.1951231062412262,0.003121927236971484,20,4067,0.14500000000000002,619,5011
9,100,0.3,0.0,harm,hybrid,0.005,tag,0.25,1.0,0,0.2081313133239746,0.003121927236971484,20,4067,0.14500000000000002,619,5011
9,100,0.3,0.0,harm,hybrid,0.005,tag,0.25,1.0,0,0.22113952040672302,0.0031096361848574235,20,4067,0.14250000000000002,619,5011
9,100,0.3,0.0,harm,hybrid,0.005,tag,0.25,1.0,0,0.23414772748947144,0.0031096361848574235,20,4067,0.14250000000000002,619,5011
9,100,0.3,0.0,harm,hybrid,0.005,tag,0.25,1.0,0,0.24715593457221985,0.0030973451327433624,20,4067,0.14,619,5011
9,100,0.3,0.0,harm,hybrid,0.005,tag,0.25,1.0,0,0.26016414165496826,0.0030973451327433624,20,4067,0.14,619,5011
9,100,0.3,0.0,harm,hybrid,0.005,tag,0.25,1.0,0,0.2731723487377167,0.0030973451327433624,20,4067,0.14,619,5011
9,100,0.3,0.0,harm,hybrid,0.005,tag,0.25,1.0,0,0.2861805558204651,0.0030973451327433624,20,4067,0.14,619,5011
9,100,0.3,0.0,harm,hybrid,0.005,tag,0.25,1.0,0,0.2991887629032135,0.0030850540806293017,20,4067,0.1375,619,5011
9,100,0.3,0.0,harm,hybrid,0.005,tag,0.25,1.0,0,0.3121969699859619,0.0030727630285152406,20,4067,0.1375,619,5011
9,100,0.3,0.0,harm,hybrid,0.005,tag,0.25,1.0,0,0.3252051770687103,0.0030727630285152406,20,4067,0.1375,619,5011
9,100,0.3,0.0,harm,hybrid,0.005,tag,0.25,1.0,0,0.33821338415145874,0.0030604719764011795,20,4067,0.135,619,5011
9,100,0.3,0.0,harm,hybrid,0.005,tag,0.25,1.0,0,0.35122159123420715,0.0030604719764011795,20,4067,0.135,619,5011
9,100,0.3,0.0,harm,hybrid,0.005,tag,0.25,1.0,0,0.36422979831695557,0.0030481809242871192,20,4067,0.1325,619,5011
9,100,0.3,0.0,harm,hybrid,0.005,tag,0.25,1.0,0,0.377238005399704,0.0030358898721730585,20,4067,0.13,619,5011
9,100,0.3,0.0,harm,hybrid,0.005,tag,0.25,1.0,0,0.3902462124824524,0.002986725663716814,20,4067,0.12250000000000001,619,5011
9,100,0.3,0.0,harm,hybrid,0.005,tag,0.25,1.0,0,0.4032544195652008,0.00293756145526057,20,4067,0.12,619,5011
9,100,0.3,0.0,harm,hybrid,0.005,tag,0.25,1.0,0,0.4162626266479492,0.0029252704031465086,20,4067,0.11750000000000001,619,5011
9,100,0.3,0.0,harm,hybrid,0.005,tag,0.25,1.0,0,0.42927083373069763,0.0029006882989183877,20,4067,0.1125,619,5011
9,100,0.3,0.0,harm,hybrid,0.005,tag,0.25,1.0,0,0.44227904081344604,0.0028638151425762043,20,4067,0.1075,619,5011
9,100,0.3,0.0,harm,hybrid,0.005,tag,0.25,1.0,0,0.45528724789619446,0.0028023598820058997,20,4067,0.1075,619,5011
9,100,0.3,0.0,harm,hybrid,0.005,tag,0.25,1.0,0,0.46829545497894287,0.0027900688298918386,20,4067,0.1075,619,5011
9,100,0.3,0.0,harm,hybrid,0.005,tag,0.25,1.0,0,0.4813036620616913,0.002740904621435595,20,4067,0.10499999999999998,619,5011
9,100,0.3,0.0,harm,hybrid,0.005,tag,0.25,1.0,0,0.4943118691444397,0.002654867256637168,20,4067,0.095,619,5011
9,100,0.3,0.0,harm,hybrid,0.005,tag,0.25,1.0,0,0.5073200464248657,0.0025934119960668634,20,4067,0.0875,619,5011
9,100,0.3,0.0,harm,hybrid,0.005,tag,0.25,1.0,0,0.5203282833099365,0.0025319567354965588,20,4067,0.08249999999999999,619,5011
9,100,0.3,0.0,harm,hybrid,0.005,tag,0.25,1.0,0,0.5333365201950073,0.0024950835791543754,20,4067,0.07749999999999999,619,5011
9,100,0.3,0.0,harm,hybrid,0.005,tag,0.25,1.0,0,0.5463446974754333,0.0024827925270403148,20,4067,0.075,619,5011
9,100,0.3,0.0,harm,hybrid,0.005,tag,0.25,1.0,0,0.5593528747558594,0.00242133726647001,20,4067,0.075,619,5011
9,100,0.3,0.0,harm,hybrid,0.005,tag,0.25,1.0,0,0.5723611116409302,0.00242133726647001,20,4067,0.075,619,5011
9,100,0.3,0.0,harm,hybrid,0.005,tag,0.25,1.0,0,0.585369348526001,0.0023967551622418874,20,4067,0.075,619,5011
9,100,0.3,0.0,harm,hybrid,0.005,tag,0.25,1.0,0,0.598377525806427,0.0023844641101278268,20,4067,0.075,619,5011
9,100,0.3,0.0,harm,hybrid,0.005,tag,0.25,1.0,0,0.611385703086853,0.0023844641101278268,20,4067,0.075,619,5011
9,100,0.3,0.0,harm,hybrid,0.005,tag,0.25,1.0,0,0.6243939399719238,0.002372173058013766,20,4067,0.075,619,5011
9,100,0.3,0.0,harm,hybrid,0.005,tag,0.25,1.0,0,0.6374021768569946,0.002347590953785644,20,4067,0.075,619,5011
9,100,0.3,0.0,harm,hybrid,0.005,tag,0.25,1.0,0,0.6504103541374207,0.0023352999016715828,20,4067,0.075,619,5011
9,100,0.3,0.0,harm,hybrid,0.005,tag,0.25,1.0,0,0.6634185314178467,0.002286135693215339,20,4067,0.075,619,5011
9,100,0.3,0.0,harm,hybrid,0.005,tag,0.25,1.0,0,0.6764267683029175,0.0022000983284169127,20,4067,0.075,619,5011
9,100,0.3,0.0,harm,hybrid,0.005,tag,0.25,1.0,0,0.6894350051879883,0.0021755162241887905,20,4067,0.075,619,5011
9,100,0.3,0.0,harm,hybrid,0.005,tag,0.25,1.0,0,0.7024431824684143,0.00216322517207473,20,4067,0.075,619,5011
9,100,0.3,0.0,harm,hybrid,0.005,tag,0.25,1.0,0,0.7154513597488403,0.0021386430678466076,20,4067,0.075,619,5011
9,100,0.3,0.0,harm,hybrid,0.005,tag,0.25,1.0,0,0.7284595966339111,0.0021017699115044247,20,4067,0.075,619,5011
9,100,0.3,0.0,harm,hybrid,0.005,tag,0.25,1.0,0,0.7414678335189819,0.00204031465093412,20,4067,0.075,619,5011
9,100,0.3,0.0,harm,hybrid,0.005,tag,0.25,1.0,0,0.754476010799408,0.00204031465093412,20,4067,0.075,619,5011
9,100,0.3,0.0,harm,hybrid,0.005,tag,0.25,1.0,0,0.767484188079834,0.0019665683382497543,20,4067,0.075,619,5011
9,100,0.3,0.0,harm,hybrid,0.005,tag,0.25,1.0,0,0.7804924249649048,0.001941986234021632,20,4067,0.075,619,5011
9,100,0.3,0.0,harm,hybrid,0.005,tag,0.25,1.0,0,0.7935006618499756,0.0019051130776794494,20,4067,0.075,619,5011
9,100,0.3,0.0,harm,hybrid,0.005,tag,0.25,1.0,0,0.8065088391304016,0.0018313667649950834,20,4067,0.075,619,5011
9,100,0.3,0.0,harm,hybrid,0.005,tag,0.25,1.0,0,0.8195170164108276,0.0017822025565388398,20,4067,0.075,619,5011
9,100,0.3,0.0,harm,hybrid,0.005,tag,0.25,1.0,0,0.8325252532958984,0.001720747295968535,20,4067,0.075,619,5011
9,100,0.3,0.0,harm,hybrid,0.005,tag,0.25,1.0,0,0.8455334901809692,0.0016347099311701083,20,4067,0.075,619,5011
9,100,0.3,0.0,harm,hybrid,0.005,tag,0.25,1.0,0,0.8585416674613953,0.0015609636184857427,20,4067,0.075,619,5011
9,100,0.3,0.0,harm,hybrid,0.005,tag,0.25,1.0,0,0.8715498447418213,0.0014995083579154378,20,4067,0.075,619,5011
9,100,0.3,0.0,harm,hybrid,0.005,tag,0.25,1.0,0,0.8845580816268921,0.0014011799410029496,20,4067,0.075,619,5011
9,100,0.3,0.0,harm,hybrid,0.005,tag,0.25,1.0,0,0.8975663185119629,0.0013151425762045232,20,4067,0.075,619,5011
9,100,0.3,0.0,harm,hybrid,0.005,tag,0.25,1.0,0,0.9105744957923889,0.0012045231071779745,20,4067,0.075,619,5011
9,100,0.3,0.0,harm,hybrid,0.005,tag,0.25,1.0,0,0.9235826730728149,0.0011553588987217307,20,4067,0.075,619,5011
9,100,0.3,0.0,harm,hybrid,0.005,tag,0.25,1.0,0,0.9365909099578857,0.0010939036381514258,20,4067,0.075,619,5011
9,100,0.3,0.0,harm,hybrid,0.005,tag,0.25,1.0,0,0.9495991468429565,0.001032448377581121,20,4067,0.07250000000000001,619,5011
9,100,0.3,0.0,harm,hybrid,0.005,tag,0.25,1.0,0,0.9626073241233826,0.0009464110127826943,20,4067,0.07250000000000001,619,5011
9,100,0.3,0.0,harm,hybrid,0.005,tag,0.25,1.0,0,0.9756155014038086,0.0008357915437561456,20,4067,0.0675,619,5011
9,100,0.3,0.0,harm,hybrid,0.005,tag,0.25,1.0,0,0.9886237382888794,0.0007989183874139627,20,4067,0.06500000000000002,619,5011
9,100,0.3,0.0,harm,hybrid,0.005,tag,0.25,1.0,0,1.0016319751739502,0.000676007866273353,20,4067,0.05,619,5011
9,100,0.3,0.0,harm,hybrid,0.005,tag,0.25,1.0,0,1.0146400928497314,0.0005530973451327434,20,4067,0.037500000000000006,619,5011
9,100,0.3,0.0,harm,hybrid,0.005,tag,0.25,1.0,0,1.0276483297348022,0.0004793510324483776,20,4067,0.027500000000000004,619,5011
9,100,0.3,0.0,harm,hybrid,0.005,tag,0.25,1.0,0,1.040656566619873,0.00046705998033431663,20,4067,0.027500000000000004,619,5011
9,100,0.3,0.0,harm,hybrid,0.005,tag,0.25,1.0,0,1.0536648035049438,0.00040560471976401185,20,4067,0.015,619,5011
9,100,0.3,0.0,harm,hybrid,0.005,tag,0.25,1.0,0,1.0666730403900146,0.0003687315634218289,20,4067,0.0125,619,5011
9,100,0.3,0.0,harm,hybrid,0.005,tag,0.25,1.0,0,1.079681158065796,0.000344149459193707,20,4067,0.01,619,5011
9,100,0.3,0.0,harm,hybrid,0.005,tag,0.25,1.0,0,1.0926893949508667,0.00031956735496558507,20,4067,0.01,619,5011
9,100,0.3,0.0,harm,hybrid,0.005,tag,0.25,1.0,0,1.1056976318359375,0.0002826941986234022,20,4067,0.005,619,5011
9,100,0.3,0.0,harm,hybrid,0.005,tag,0.25,1.0,0,1.1187057495117188,0.0002826941986234022,20,4067,0.005,619,5011
9,100,0.3,0.0,harm,hybrid,0.005,tag,0.25,1.0,0,1.1317139863967896,0.00027040314650934123,20,4067,0.0025,619,5011
9,100,0.3,0.0,harm,hybrid,0.005,tag,0.25,1.0,0,1.1447222232818604,0.00025811209439528023,20,4067,0.0,619,5011
9,100,0.3,0.0,harm,hybrid,0.005,tag,0.25,1.0,0,1.1577304601669312,0.00025811209439528023,20,4067,0.0,619,5011
9,100,0.3,0.0,harm,hybrid,0.005,tag,0.25,1.0,0,1.170738697052002,0.00025811209439528023,20,4067,0.0,619,5011
9,100,0.3,0.0,harm,hybrid,0.005,tag,0.25,1.0,0,1.1837468147277832,0.00025811209439528023,20,4067,0.0,619,5011
9,100,0.3,0.0,harm,hybrid,0.005,tag,0.25,1.0,0,1.196755051612854,0.00025811209439528023,20,4067,0.0,619,5011
9,100,0.3,0.0,harm,hybrid,0.005,tag,0.25,1.0,0,1.2097632884979248,0.0002458210422812193,20,4067,0.0,619,5011
9,100,0.3,0.0,harm,hybrid,0.005,tag,0.25,1.0,0,1.222771406173706,0.0002458210422812193,20,4067,0.0,619,5011
9,100,0.3,0.0,harm,hybrid,0.005,tag,0.25,1.0,0,1.2357796430587769,0.0002458210422812193,20,4067,0.0,619,5011
9,100,0.3,0.0,harm,hybrid,0.005,tag,0.25,1.0,0,1.2487878799438477,0.0002458210422812193,20,4067,0.0,619,5011
9,100,0.3,0.0,harm,hybrid,0.005,tag,0.25,1.0,0,1.2617961168289185,0.0002458210422812193,20,4067,0.0,619,5011
9,100,0.3,0.0,harm,hybrid,0.005,tag,0.25,1.0,0,1.2748043537139893,0.0002458210422812193,20,4067,0.0,619,5011
9,100,0.3,0.0,harm,hybrid,0.005,tag,0.25,1.0,0,1.2878124713897705,0.0002458210422812193,20,4067,0.0,619,5011
