run_id,epoch,base_harm,beta,score_type,conformal_method,Collective,Report Strategy,Report Fraction,likes_softmax_temperature,topk_n,gamma,calib_risk_adjusted,num_adv_users,calib_set_size,avg_harm_adv_raw,total_flagged_items,total_items_seen_by_adv_users
0,100,0.3,0.0,harm,hybrid,0.001,tag,0.25,1.0,0,0.11756947636604309,0.0024938271604938275,4,4049,0.1,111,968
0,100,0.3,0.0,harm,hybrid,0.001,tag,0.25,1.0,0,0.12999893724918365,0.0024938271604938275,4,4049,0.1,111,968
0,100,0.3,0.0,harm,hybrid,0.001,tag,0.25,1.0,0,0.14242839813232422,0.0024938271604938275,4,4049,0.1,111,968
0,100,0.3,0.0,harm,hybrid,0.001,tag,0.25,1.0,0,0.1548578441143036,0.0024938271604938275,4,4049,0.1,111,968
0,100,0.3,0.0,harm,hybrid,0.001,tag,0.25,1.0,0,0.16728731989860535,0.0024938271604938275,4,4049,0.1,111,968
0,100,0.3,0.0,harm,hybrid,0.001,tag,0.25,1.0,0,0.17971676588058472,0.0024938271604938275,4,4049,0.1,111,968
0,100,0.3,0.0,harm,hybrid,0.001,tag,0.25,1.0,0,0.19214622676372528,0.0024938271604938275,4,4049,0.1,111,968
0,100,0.3,0.0,harm,hybrid,0.001,tag,0.25,1.0,0,0.20457568764686584,0.0024938271604938275,4,4049,0.1,111,968
0,100,0.3,0.0,harm,hybrid,0.001,tag,0.25,1.0,0,0.2170051485300064,0.0024938271604938275,4,4049,0.1,111,968
0,100,0.3,0.0,harm,hybrid,0.001,tag,0.25,1.0,0,0.22943460941314697,0.0024938271604938275,4,4049,0.1,111,968
0,100,0.3,0.0,harm,hybrid,0.001,tag,0.25,1.0,0,0.24186407029628754,0.0024938271604938275,4,4049,0.1,111,968
0,100,0.3,0.0,harm,hybrid,0.001,tag,0.25,1.0,0,0.2542935311794281,0.002481481481481482,4,4049,0.1,111,968
0,100,0.3,0.0,harm,hybrid,0.001,tag,0.25,1.0,0,0.26672297716140747,0.002481481481481482,4,4049,0.1,111,968
0,100,0.3,0.0,harm,hybrid,0.001,tag,0.25,1.0,0,0.27915245294570923,0.002481481481481482,4,4049,0.1,111,968
0,100,0.3,0.0,harm,hybrid,0.001,tag,0.25,1.0,0,0.2915818989276886,0.002481481481481482,4,4049,0.1,111,968
0,100,0.3,0.0,harm,hybrid,0.001,tag,0.25,1.0,0,0.30401134490966797,0.0024691358024691358,4,4049,0.1,111,968
0,100,0.3,0.0,harm,hybrid,0.001,tag,0.25,1.0,0,0.3164408206939697,0.0024691358024691358,4,4049,0.1,111,968
0,100,0.3,0.0,harm,hybrid,0.001,tag,0.25,1.0,0,0.3288702964782715,0.0024691358024691358,4,4049,0.1,111,968
0,100,0.3,0.0,harm,hybrid,0.001,tag,0.25,1.0,0,0.34129974246025085,0.0024691358024691358,4,4049,0.1,111,968
0,100,0.3,0.0,harm,hybrid,0.001,tag,0.25,1.0,0,0.3537291884422302,0.0024691358024691358,4,4049,0.1,111,968
0,100,0.3,0.0,harm,hybrid,0.001,tag,0.25,1.0,0,0.366158664226532,0.00245679012345679,4,4049,0.1,111,968
0,100,0.3,0.0,harm,hybrid,0.001,tag,0.25,1.0,0,0.37858811020851135,0.00245679012345679,4,4049,0.1,111,968
0,100,0.3,0.0,harm,hybrid,0.001,tag,0.25,1.0,0,0.3910175859928131,0.00245679012345679,4,4049,0.1,111,968
0,100,0.3,0.0,harm,hybrid,0.001,tag,0.25,1.0,0,0.4034470319747925,0.00245679012345679,4,4049,0.1,111,968
0,100,0.3,0.0,harm,hybrid,0.001,tag,0.25,1.0,0,0.41587647795677185,0.0024444444444444444,4,4049,0.0875,111,968
0,100,0.3,0.0,harm,hybrid,0.001,tag,0.25,1.0,0,0.4283059537410736,0.0024320987654320994,4,4049,0.0875,111,968
0,100,0.3,0.0,harm,hybrid,0.001,tag,0.25,1.0,0,0.440735399723053,0.0024197530864197535,4,4049,0.07500000000000001,111,968
0,100,0.3,0.0,harm,hybrid,0.001,tag,0.25,1.0,0,0.45316487550735474,0.0023827160493827162,4,4049,0.0625,111,968
0,100,0.3,0.0,harm,hybrid,0.001,tag,0.25,1.0,0,0.4655943214893341,0.0023827160493827162,4,4049,0.0625,111,968
0,100,0.3,0.0,harm,hybrid,0.001,tag,0.25,1.0,0,0.47802379727363586,0.0023827160493827162,4,4049,0.0625,111,968
0,100,0.3,0.0,harm,hybrid,0.001,tag,0.25,1.0,0,0.49045324325561523,0.0023333333333333335,4,4049,0.0625,111,968
0,100,0.3,0.0,harm,hybrid,0.001,tag,0.25,1.0,0,0.502882719039917,0.002308641975308642,4,4049,0.05,111,968
0,100,0.3,0.0,harm,hybrid,0.001,tag,0.25,1.0,0,0.5153121948242188,0.0022716049382716054,4,4049,0.05,111,968
0,100,0.3,0.0,harm,hybrid,0.001,tag,0.25,1.0,0,0.5277416110038757,0.002259259259259259,4,4049,0.05,111,968
0,100,0.3,0.0,harm,hybrid,0.001,tag,0.25,1.0,0,0.5401710867881775,0.002246913580246914,4,4049,0.05,111,968
0,100,0.3,0.0,harm,hybrid,0.001,tag,0.25,1.0,0,0.5526005029678345,0.002246913580246914,4,4049,0.05,111,968
0,100,0.3,0.0,harm,hybrid,0.001,tag,0.25,1.0,0,0.5650299787521362,0.0022098765432098768,4,4049,0.05,111,968
0,100,0.3,0.0,harm,hybrid,0.001,tag,0.25,1.0,0,0.577459454536438,0.002160493827160494,4,4049,0.037500000000000006,111,968
0,100,0.3,0.0,harm,hybrid,0.001,tag,0.25,1.0,0,0.5898889303207397,0.002148148148148148,4,4049,0.037500000000000006,111,968
0,100,0.3,0.0,harm,hybrid,0.001,tag,0.25,1.0,0,0.6023184061050415,0.0021111111111111113,4,4049,0.037500000000000006,111,968
0,100,0.3,0.0,harm,hybrid,0.001,tag,0.25,1.0,0,0.6147478818893433,0.002098765432098766,4,4049,0.037500000000000006,111,968
0,100,0.3,0.0,harm,hybrid,0.001,tag,0.25,1.0,0,0.6271772384643555,0.00208641975308642,4,4049,0.037500000000000006,111,968
0,100,0.3,0.0,harm,hybrid,0.001,tag,0.25,1.0,0,0.6396067142486572,0.0020493827160493827,4,4049,0.037500000000000006,111,968
0,100,0.3,0.0,harm,hybrid,0.001,tag,0.25,1.0,0,0.652036190032959,0.0020370370370370373,4,4049,0.037500000000000006,111,968
0,100,0.3,0.0,harm,hybrid,0.001,tag,0.25,1.0,0,0.6644656658172607,0.001987654320987654,4,4049,0.037500000000000006,111,968
0,100,0.3,0.0,harm,hybrid,0.001,tag,0.25,1.0,0,0.6768951416015625,0.0019876543209876546,4,4049,0.037500000000000006,111,968
0,100,0.3,0.0,harm,hybrid,0.001,tag,0.25,1.0,0,0.6893246173858643,0.0019506172839506173,4,4049,0.037500000000000006,111,968
0,100,0.3,0.0,harm,hybrid,0.001,tag,0.25,1.0,0,0.701754093170166,0.0019012345679012346,4,4049,0.037500000000000006,111,968
0,100,0.3,0.0,harm,hybrid,0.001,tag,0.25,1.0,0,0.7141834497451782,0.001888888888888889,4,4049,0.037500000000000006,111,968
0,100,0.3,0.0,harm,hybrid,0.001,tag,0.25,1.0,0,0.72661292552948,0.0018765432098765433,4,4049,0.037500000000000006,111,968
0,100,0.3,0.0,harm,hybrid,0.001,tag,0.25,1.0,0,0.7390424013137817,0.0018641975308641974,4,4049,0.037500000000000006,111,968
0,100,0.3,0.0,harm,hybrid,0.001,tag,0.25,1.0,0,0.7514718770980835,0.001851851851851852,4,4049,0.037500000000000006,111,968
0,100,0.3,0.0,harm,hybrid,0.001,tag,0.25,1.0,0,0.7639013528823853,0.0018271604938271606,4,4049,0.037500000000000006,111,968
0,100,0.3,0.0,harm,hybrid,0.001,tag,0.25,1.0,0,0.776330828666687,0.0018024691358024692,4,4049,0.037500000000000006,111,968
0,100,0.3,0.0,harm,hybrid,0.001,tag,0.25,1.0,0,0.7887603044509888,0.0017654320987654322,4,4049,0.037500000000000006,111,968
0,100,0.3,0.0,harm,hybrid,0.001,tag,0.25,1.0,0,0.8011897802352905,0.0017530864197530863,4,4049,0.037500000000000006,111,968
0,100,0.3,0.0,harm,hybrid,0.001,tag,0.25,1.0,0,0.8136191368103027,0.0017160493827160493,4,4049,0.037500000000000006,111,968
0,100,0.3,0.0,harm,hybrid,0.001,tag,0.25,1.0,0,0.8260486125946045,0.001617283950617284,4,4049,0.037500000000000006,111,968
0,100,0.3,0.0,harm,hybrid,0.001,tag,0.25,1.0,0,0.8384780883789062,0.0015308641975308645,4,4049,0.037500000000000006,111,968
0,100,0.3,0.0,harm,hybrid,0.001,tag,0.25,1.0,0,0.850907564163208,0.0014814814814814816,4,4049,0.037500000000000006,111,968
0,100,0.3,0.0,harm,hybrid,0.001,tag,0.25,1.0,0,0.8633370399475098,0.0013950617283950617,4,4049,0.037500000000000006,111,968
0,100,0.3,0.0,harm,hybrid,0.001,tag,0.25,1.0,0,0.8757665157318115,0.001345679012345679,4,4049,0.037500000000000006,111,968
0,100,0.3,0.0,harm,hybrid,0.001,tag,0.25,1.0,0,0.8881959915161133,0.0012839506172839506,4,4049,0.037500000000000006,111,968
0,100,0.3,0.0,harm,hybrid,0.001,tag,0.25,1.0,0,0.9006253480911255,0.0011975308641975308,4,4049,0.037500000000000006,111,968
0,100,0.3,0.0,harm,hybrid,0.001,tag,0.25,1.0,0,0.9130548238754272,0.0010617283950617284,4,4049,0.037500000000000006,111,968
0,100,0.3,0.0,harm,hybrid,0.001,tag,0.25,1.0,0,0.925484299659729,0.0009506172839506173,4,4049,0.037500000000000006,111,968
0,100,0.3,0.0,harm,hybrid,0.001,tag,0.25,1.0,0,0.9379137754440308,0.0009012345679012348,4,4049,0.037500000000000006,111,968
0,100,0.3,0.0,harm,hybrid,0.001,tag,0.25,1.0,0,0.9503432512283325,0.0008641975308641976,4,4049,0.037500000000000006,111,968
0,100,0.3,0.0,harm,hybrid,0.001,tag,0.25,1.0,0,0.9627727270126343,0.0007777777777777778,4,4049,0.037500000000000006,111,968
0,100,0.3,0.0,harm,hybrid,0.001,tag,0.25,1.0,0,0.975202202796936,0.0007407407407407408,4,4049,0.037500000000000006,111,968
0,100,0.3,0.0,harm,hybrid,0.001,tag,0.25,1.0,0,0.9876315593719482,0.0006790123456790124,4,4049,0.037500000000000006,111,968
0,100,0.3,0.0,harm,hybrid,0.001,tag,0.25,1.0,0,1.00006103515625,0.0005555555555555557,4,4049,0.025,111,968
0,100,0.3,0.0,harm,hybrid,0.001,tag,0.25,1.0,0,1.0124905109405518,0.0004691358024691358,4,4049,0.0125,111,968
0,100,0.3,0.0,harm,hybrid,0.001,tag,0.25,1.0,0,1.0249199867248535,0.00044444444444444447,4,4049,0.0125,111,968
0,100,0.3,0.0,harm,hybrid,0.001,tag,0.25,1.0,0,1.0373494625091553,0.00040740740740740744,4,4049,0.0125,111,968
0,100,0.3,0.0,harm,hybrid,0.001,tag,0.25,1.0,0,1.049778938293457,0.00034567901234567905,4,4049,0.0,111,968
0,100,0.3,0.0,harm,hybrid,0.001,tag,0.25,1.0,0,1.0622084140777588,0.00032098765432098765,4,4049,0.0,111,968
0,100,0.3,0.0,harm,hybrid,0.001,tag,0.25,1.0,0,1.074637770652771,0.00030864197530864197,4,4049,0.0,111,968
0,100,0.3,0.0,harm,hybrid,0.001,tag,0.25,1.0,0,1.0870672464370728,0.00030864197530864197,4,4049,0.0,111,968
0,100,0.3,0.0,harm,hybrid,0.001,tag,0.25,1.0,0,1.0994967222213745,0.0002839506172839506,4,4049,0.0,111,968
0,100,0.3,0.0,harm,hybrid,0.001,tag,0.25,1.0,0,1.1119261980056763,0.00027160493827160494,4,4049,0.0,111,968
0,100,0.3,0.0,harm,hybrid,0.001,tag,0.25,1.0,0,1.124355673789978,0.00025925925925925926,4,4049,0.0,111,968
0,100,0.3,0.0,harm,hybrid,0.001,tag,0.25,1.0,0,1.1367850303649902,0.00025925925925925926,4,4049,0.0,111,968
0,100,0.3,0.0,harm,hybrid,0.001,tag,0.25,1.0,0,1.149214506149292,0.00025925925925925926,4,4049,0.0,111,968
0,100,0.3,0.0,harm,hybrid,0.001,tag,0.25,1.0,0,1.1616439819335938,0.00025925925925925926,4,4049,0.0,111,968
0,100,0.3,0.0,harm,hybrid,0.001,tag,0.25,1.0,0,1.1740734577178955,0.00025925925925925926,4,4049,0.0,111,968
0,100,0.3,0.0,harm,hybrid,0.001,tag,0.25,1.0,0,1.1865029335021973,0.00025925925925925926,4,4049,0.0,111,968
0,100,0.3,0.0,harm,hybrid,0.001,tag,0.25,1.0,0,1.198932409286499,0.00025925925925925926,4,4049,0.0,111,968
0,100,0.3,0.0,harm,hybrid,0.001,tag,0.25,1.0,0,1.2113618850708008,0.0002469135802469136,4,4049,0.0,111,968
0,100,0.3,0.0,harm,hybrid,0.001,tag,0.25,1.0,0,1.223791241645813,0.0002469135802469136,4,4049,0.0,111,968
0,100,0.3,0.0,harm,hybrid,0.001,tag,0.25,1.0,0,1.2362207174301147,0.0002469135802469136,4,4049,0.0,111,968
0,100,0.3,0.0,harm,hybrid,0.001,tag,0.25,1.0,0,1.2486501932144165,0.0002469135802469136,4,4049,0.0,111,968
0,100,0.3,0.0,harm,hybrid,0.001,tag,0.25,1.0,0,1.2610796689987183,0.0002469135802469136,4,4049,0.0,111,968
0,100,0.3,0.0,harm,hybrid,0.001,tag,0.25,1.0,0,1.27350914478302,0.0002469135802469136,4,4049,0.0,111,968
0,100,0.3,0.0,harm,hybrid,0.001,tag,0.25,1.0,0,1.2859386205673218,0.0002469135802469136,4,4049,0.0,111,968
0,100,0.3,0.0,harm,hybrid,0.001,tag,0.25,1.0,0,1.2983680963516235,0.0002469135802469136,4,4049,0.0,111,968
0,100,0.3,0.0,harm,hybrid,0.001,tag,0.25,1.0,0,1.3107974529266357,0.0002469135802469136,4,4049,0.0,111,968
0,100,0.3,0.0,harm,hybrid,0.001,tag,0.25,1.0,0,1.3232269287109375,0.0002469135802469136,4,4049,0.0,111,968
0,100,0.3,0.0,harm,hybrid,0.001,tag,0.25,1.0,0,1.3356564044952393,0.0002469135802469136,4,4049,0.0,111,968
0,100,0.3,0.0,harm,hybrid,0.001,tag,0.25,1.0,0,1.348085880279541,0.0002469135802469136,4,4049,0.0,111,968
1,100,0.3,0.0,harm,hybrid,0.001,tag,0.25,1.0,0,0.04140770435333252,0.002632226322263223,4,4064,0.175,131,1000
1,100,0.3,0.0,harm,hybrid,0.001,tag,0.25,1.0,0,0.05379550904035568,0.002632226322263223,4,4064,0.175,131,1000
1,100,0.3,0.0,harm,hybrid,0.001,tag,0.25,1.0,0,0.06618331372737885,0.002632226322263223,4,4064,0.175,131,1000
1,100,0.3,0.0,harm,hybrid,0.001,tag,0.25,1.0,0,0.07857111841440201,0.002632226322263223,4,4064,0.175,131,1000
1,100,0.3,0.0,harm,hybrid,0.001,tag,0.25,1.0,0,0.09095892310142517,0.002632226322263223,4,4064,0.175,131,1000
1,100,0.3,0.0,harm,hybrid,0.001,tag,0.25,1.0,0,0.10334672778844833,0.002632226322263223,4,4064,0.175,131,1000
1,100,0.3,0.0,harm,hybrid,0.001,tag,0.25,1.0,0,0.1157345324754715,0.002632226322263223,4,4064,0.175,131,1000
1,100,0.3,0.0,harm,hybrid,0.001,tag,0.25,1.0,0,0.12812232971191406,0.002632226322263223,4,4064,0.175,131,1000
1,100,0.3,0.0,harm,hybrid,0.001,tag,0.25,1.0,0,0.14051014184951782,0.002632226322263223,4,4064,0.175,131,1000
1,100,0.3,0.0,harm,hybrid,0.001,tag,0.25,1.0,0,0.15289795398712158,0.002632226322263223,4,4064,0.175,131,1000
1,100,0.3,0.0,harm,hybrid,0.001,tag,0.25,1.0,0,0.16528575122356415,0.002632226322263223,4,4064,0.175,131,1000
1,100,0.3,0.0,harm,hybrid,0.001,tag,0.25,1.0,0,0.1776735484600067,0.002632226322263223,4,4064,0.175,131,1000
1,100,0.3,0.0,harm,hybrid,0.001,tag,0.25,1.0,0,0.19006136059761047,0.002632226322263223,4,4064,0.175,131,1000
1,100,0.3,0.0,harm,hybrid,0.001,tag,0.25,1.0,0,0.20244917273521423,0.002632226322263223,4,4064,0.175,131,1000
1,100,0.3,0.0,harm,hybrid,0.001,tag,0.25,1.0,0,0.2148369699716568,0.002632226322263223,4,4064,0.175,131,1000
1,100,0.3,0.0,harm,hybrid,0.001,tag,0.25,1.0,0,0.22722476720809937,0.002632226322263223,4,4064,0.175,131,1000
1,100,0.3,0.0,harm,hybrid,0.001,tag,0.25,1.0,0,0.23961257934570312,0.002632226322263223,4,4064,0.175,131,1000
1,100,0.3,0.0,harm,hybrid,0.001,tag,0.25,1.0,0,0.2520003914833069,0.002632226322263223,4,4064,0.175,131,1000
1,100,0.3,0.0,harm,hybrid,0.001,tag,0.25,1.0,0,0.26438820362091064,0.002632226322263223,4,4064,0.175,131,1000
1,100,0.3,0.0,harm,hybrid,0.001,tag,0.25,1.0,0,0.276775985956192,0.002632226322263223,4,4064,0.175,131,1000
1,100,0.3,0.0,harm,hybrid,0.001,tag,0.25,1.0,0,0.2891637980937958,0.002632226322263223,4,4064,0.175,131,1000
1,100,0.3,0.0,harm,hybrid,0.001,tag,0.25,1.0,0,0.30155161023139954,0.002619926199261993,4,4064,0.175,131,1000
1,100,0.3,0.0,harm,hybrid,0.001,tag,0.25,1.0,0,0.3139393925666809,0.002619926199261993,4,4064,0.175,131,1000
1,100,0.3,0.0,harm,hybrid,0.001,tag,0.25,1.0,0,0.32632720470428467,0.002619926199261993,4,4064,0.175,131,1000
1,100,0.3,0.0,harm,hybrid,0.001,tag,0.25,1.0,0,0.3387150168418884,0.002619926199261993,4,4064,0.175,131,1000
1,100,0.3,0.0,harm,hybrid,0.001,tag,0.25,1.0,0,0.3511028289794922,0.002619926199261993,4,4064,0.175,131,1000
1,100,0.3,0.0,harm,hybrid,0.001,tag,0.25,1.0,0,0.36349064111709595,0.002595325953259533,4,4064,0.175,131,1000
1,100,0.3,0.0,harm,hybrid,0.001,tag,0.25,1.0,0,0.3758784234523773,0.0025830258302583027,4,4064,0.175,131,1000
1,100,0.3,0.0,harm,hybrid,0.001,tag,0.25,1.0,0,0.3882662355899811,0.002570725707257073,4,4064,0.175,131,1000
1,100,0.3,0.0,harm,hybrid,0.001,tag,0.25,1.0,0,0.40065404772758484,0.002570725707257073,4,4064,0.175,131,1000
1,100,0.3,0.0,harm,hybrid,0.001,tag,0.25,1.0,0,0.4130418300628662,0.0025584255842558425,4,4064,0.1625,131,1000
1,100,0.3,0.0,harm,hybrid,0.001,tag,0.25,1.0,0,0.42542964220046997,0.0025092250922509225,4,4064,0.1375,131,1000
1,100,0.3,0.0,harm,hybrid,0.001,tag,0.25,1.0,0,0.43781745433807373,0.0024477244772447724,4,4064,0.125,131,1000
1,100,0.3,0.0,harm,hybrid,0.001,tag,0.25,1.0,0,0.4502052664756775,0.0024108241082410825,4,4064,0.09999999999999999,131,1000
1,100,0.3,0.0,harm,hybrid,0.001,tag,0.25,1.0,0,0.46259307861328125,0.0023862238622386223,4,4064,0.09999999999999999,131,1000
1,100,0.3,0.0,harm,hybrid,0.001,tag,0.25,1.0,0,0.4749808609485626,0.0023124231242312426,4,4064,0.09999999999999999,131,1000
1,100,0.3,0.0,harm,hybrid,0.001,tag,0.25,1.0,0,0.4873686730861664,0.0023001230012300125,4,4064,0.09999999999999999,131,1000
1,100,0.3,0.0,harm,hybrid,0.001,tag,0.25,1.0,0,0.49975648522377014,0.002287822878228783,4,4064,0.09999999999999999,131,1000
1,100,0.3,0.0,harm,hybrid,0.001,tag,0.25,1.0,0,0.5121442675590515,0.002287822878228783,4,4064,0.09999999999999999,131,1000
1,100,0.3,0.0,harm,hybrid,0.001,tag,0.25,1.0,0,0.5245320796966553,0.002263222632226323,4,4064,0.09999999999999999,131,1000
1,100,0.3,0.0,harm,hybrid,0.001,tag,0.25,1.0,0,0.536919891834259,0.0022509225092250925,4,4064,0.09999999999999999,131,1000
1,100,0.3,0.0,harm,hybrid,0.001,tag,0.25,1.0,0,0.5493077039718628,0.0021894218942189424,4,4064,0.09999999999999999,131,1000
1,100,0.3,0.0,harm,hybrid,0.001,tag,0.25,1.0,0,0.5616955161094666,0.0021894218942189424,4,4064,0.09999999999999999,131,1000
1,100,0.3,0.0,harm,hybrid,0.001,tag,0.25,1.0,0,0.5740833282470703,0.0021648216482164826,4,4064,0.09999999999999999,131,1000
1,100,0.3,0.0,harm,hybrid,0.001,tag,0.25,1.0,0,0.5864710807800293,0.002103321033210332,4,4064,0.09999999999999999,131,1000
1,100,0.3,0.0,harm,hybrid,0.001,tag,0.25,1.0,0,0.5988588929176331,0.0020910209102091024,4,4064,0.09999999999999999,131,1000
1,100,0.3,0.0,harm,hybrid,0.001,tag,0.25,1.0,0,0.6112467050552368,0.002054120541205412,4,4064,0.09999999999999999,131,1000
1,100,0.3,0.0,harm,hybrid,0.001,tag,0.25,1.0,0,0.6236345171928406,0.0020418204182041824,4,4064,0.09999999999999999,131,1000
1,100,0.3,0.0,harm,hybrid,0.001,tag,0.25,1.0,0,0.6360223293304443,0.002017220172201722,4,4064,0.09999999999999999,131,1000
1,100,0.3,0.0,harm,hybrid,0.001,tag,0.25,1.0,0,0.6484101414680481,0.0019926199261992624,4,4064,0.09999999999999999,131,1000
1,100,0.3,0.0,harm,hybrid,0.001,tag,0.25,1.0,0,0.6607979536056519,0.001968019680196802,4,4064,0.09999999999999999,131,1000
1,100,0.3,0.0,harm,hybrid,0.001,tag,0.25,1.0,0,0.6731857657432556,0.001943419434194342,4,4064,0.09999999999999999,131,1000
1,100,0.3,0.0,harm,hybrid,0.001,tag,0.25,1.0,0,0.6855735778808594,0.0019311193111931117,4,4064,0.09999999999999999,131,1000
1,100,0.3,0.0,harm,hybrid,0.001,tag,0.25,1.0,0,0.6979613304138184,0.0018942189421894218,4,4064,0.09999999999999999,131,1000
1,100,0.3,0.0,harm,hybrid,0.001,tag,0.25,1.0,0,0.7103491425514221,0.0018450184501845018,4,4064,0.09999999999999999,131,1000
1,100,0.3,0.0,harm,hybrid,0.001,tag,0.25,1.0,0,0.7227369546890259,0.001820418204182042,4,4064,0.09999999999999999,131,1000
1,100,0.3,0.0,harm,hybrid,0.001,tag,0.25,1.0,0,0.7351247668266296,0.001820418204182042,4,4064,0.09999999999999999,131,1000
1,100,0.3,0.0,harm,hybrid,0.001,tag,0.25,1.0,0,0.7475125789642334,0.0017466174661746618,4,4064,0.09999999999999999,131,1000
1,100,0.3,0.0,harm,hybrid,0.001,tag,0.25,1.0,0,0.7599003911018372,0.0016728167281672818,4,4064,0.09999999999999999,131,1000
1,100,0.3,0.0,harm,hybrid,0.001,tag,0.25,1.0,0,0.7722882032394409,0.0015990159901599014,4,4064,0.09999999999999999,131,1000
1,100,0.3,0.0,harm,hybrid,0.001,tag,0.25,1.0,0,0.7846759557723999,0.0015621156211562113,4,4064,0.09999999999999999,131,1000
1,100,0.3,0.0,harm,hybrid,0.001,tag,0.25,1.0,0,0.7970637679100037,0.0015129151291512915,4,4064,0.09999999999999999,131,1000
1,100,0.3,0.0,harm,hybrid,0.001,tag,0.25,1.0,0,0.8094515800476074,0.0014514145141451414,4,4064,0.09999999999999999,131,1000
1,100,0.3,0.0,harm,hybrid,0.001,tag,0.25,1.0,0,0.8218393921852112,0.0013038130381303813,4,4064,0.09999999999999999,131,1000
1,100,0.3,0.0,harm,hybrid,0.001,tag,0.25,1.0,0,0.8342272043228149,0.0011931119311193112,4,4064,0.09999999999999999,131,1000
1,100,0.3,0.0,harm,hybrid,0.001,tag,0.25,1.0,0,0.8466150164604187,0.001033210332103321,4,4064,0.09999999999999999,131,1000
1,100,0.3,0.0,harm,hybrid,0.001,tag,0.25,1.0,0,0.8590028285980225,0.000947109471094711,4,4064,0.09999999999999999,131,1000
1,100,0.3,0.0,harm,hybrid,0.001,tag,0.25,1.0,0,0.8713906407356262,0.0009102091020910209,4,4064,0.09999999999999999,131,1000
1,100,0.3,0.0,harm,hybrid,0.001,tag,0.25,1.0,0,0.88377845287323,0.0008610086100861009,4,4064,0.09999999999999999,131,1000
1,100,0.3,0.0,harm,hybrid,0.001,tag,0.25,1.0,0,0.896166205406189,0.0007872078720787207,4,4064,0.09999999999999999,131,1000
1,100,0.3,0.0,harm,hybrid,0.001,tag,0.25,1.0,0,0.9085540175437927,0.0007134071340713407,4,4064,0.08750000000000001,131,1000
1,100,0.3,0.0,harm,hybrid,0.001,tag,0.25,1.0,0,0.9209418296813965,0.0005781057810578105,4,4064,0.075,131,1000
1,100,0.3,0.0,harm,hybrid,0.001,tag,0.25,1.0,0,0.9333296418190002,0.0005412054120541205,4,4064,0.075,131,1000
1,100,0.3,0.0,harm,hybrid,0.001,tag,0.25,1.0,0,0.945717453956604,0.00046740467404674045,4,4064,0.0625,131,1000
1,100,0.3,0.0,harm,hybrid,0.001,tag,0.25,1.0,0,0.9581052660942078,0.00041820418204182046,4,4064,0.05,131,1000
1,100,0.3,0.0,harm,hybrid,0.001,tag,0.25,1.0,0,0.9704930782318115,0.00041820418204182046,4,4064,0.05,131,1000
1,100,0.3,0.0,harm,hybrid,0.001,tag,0.25,1.0,0,0.9828808307647705,0.00036900369003690036,4,4064,0.037500000000000006,131,1000
1,100,0.3,0.0,harm,hybrid,0.001,tag,0.25,1.0,0,0.9952686429023743,0.00035670356703567036,4,4064,0.037500000000000006,131,1000
1,100,0.3,0.0,harm,hybrid,0.001,tag,0.25,1.0,0,1.007656455039978,0.0003321033210332103,4,4064,0.037500000000000006,131,1000
1,100,0.3,0.0,harm,hybrid,0.001,tag,0.25,1.0,0,1.0200443267822266,0.0003198031980319803,4,4064,0.025,131,1000
1,100,0.3,0.0,harm,hybrid,0.001,tag,0.25,1.0,0,1.0324320793151855,0.00027060270602706027,4,4064,0.0,131,1000
1,100,0.3,0.0,harm,hybrid,0.001,tag,0.25,1.0,0,1.0448198318481445,0.00027060270602706027,4,4064,0.0,131,1000
1,100,0.3,0.0,harm,hybrid,0.001,tag,0.25,1.0,0,1.057207703590393,0.00027060270602706027,4,4064,0.0,131,1000
1,100,0.3,0.0,harm,hybrid,0.001,tag,0.25,1.0,0,1.069595456123352,0.00027060270602706027,4,4064,0.0,131,1000
1,100,0.3,0.0,harm,hybrid,0.001,tag,0.25,1.0,0,1.0819833278656006,0.00027060270602706027,4,4064,0.0,131,1000
1,100,0.3,0.0,harm,hybrid,0.001,tag,0.25,1.0,0,1.0943710803985596,0.0002583025830258302,4,4064,0.0,131,1000
1,100,0.3,0.0,harm,hybrid,0.001,tag,0.25,1.0,0,1.106758952140808,0.0002460024600246002,4,4064,0.0,131,1000
1,100,0.3,0.0,harm,hybrid,0.001,tag,0.25,1.0,0,1.119146704673767,0.0002460024600246002,4,4064,0.0,131,1000
1,100,0.3,0.0,harm,hybrid,0.001,tag,0.25,1.0,0,1.131534457206726,0.0002460024600246002,4,4064,0.0,131,1000
1,100,0.3,0.0,harm,hybrid,0.001,tag,0.25,1.0,0,1.1439223289489746,0.0002460024600246002,4,4064,0.0,131,1000
1,100,0.3,0.0,harm,hybrid,0.001,tag,0.25,1.0,0,1.1563100814819336,0.0002460024600246002,4,4064,0.0,131,1000
1,100,0.3,0.0,harm,hybrid,0.001,tag,0.25,1.0,0,1.1686979532241821,0.0002460024600246002,4,4064,0.0,131,1000
1,100,0.3,0.0,harm,hybrid,0.001,tag,0.25,1.0,0,1.1810857057571411,0.0002460024600246002,4,4064,0.0,131,1000
1,100,0.3,0.0,harm,hybrid,0.001,tag,0.25,1.0,0,1.1934735774993896,0.0002460024600246002,4,4064,0.0,131,1000
1,100,0.3,0.0,harm,hybrid,0.001,tag,0.25,1.0,0,1.2058613300323486,0.0002460024600246002,4,4064,0.0,131,1000
1,100,0.3,0.0,harm,hybrid,0.001,tag,0.25,1.0,0,1.2182492017745972,0.0002460024600246002,4,4064,0.0,131,1000
1,100,0.3,0.0,harm,hybrid,0.001,tag,0.25,1.0,0,1.2306369543075562,0.0002460024600246002,4,4064,0.0,131,1000
1,100,0.3,0.0,harm,hybrid,0.001,tag,0.25,1.0,0,1.2430247068405151,0.0002460024600246002,4,4064,0.0,131,1000
1,100,0.3,0.0,harm,hybrid,0.001,tag,0.25,1.0,0,1.2554125785827637,0.0002460024600246002,4,4064,0.0,131,1000
1,100,0.3,0.0,harm,hybrid,0.001,tag,0.25,1.0,0,1.2678003311157227,0.0002460024600246002,4,4064,0.0,131,1000
2,100,0.3,0.0,harm,hybrid,0.001,tag,0.25,1.0,0,0.03058314323425293,0.0026192818494835224,4,4065,0.15,117,1013
2,100,0.3,0.0,harm,hybrid,0.001,tag,0.25,1.0,0,0.04363076761364937,0.0026192818494835224,4,4065,0.15,117,1013
2,100,0.3,0.0,harm,hybrid,0.001,tag,0.25,1.0,0,0.05667839199304581,0.0026192818494835224,4,4065,0.15,117,1013
2,100,0.3,0.0,harm,hybrid,0.001,tag,0.25,1.0,0,0.06972602009773254,0.0026192818494835224,4,4065,0.15,117,1013
2,100,0.3,0.0,harm,hybrid,0.001,tag,0.25,1.0,0,0.08277364075183868,0.0026192818494835224,4,4065,0.15,117,1013
2,100,0.3,0.0,harm,hybrid,0.001,tag,0.25,1.0,0,0.09582126885652542,0.0026192818494835224,4,4065,0.15,117,1013
2,100,0.3,0.0,harm,hybrid,0.001,tag,0.25,1.0,0,0.10886889696121216,0.0026192818494835224,4,4065,0.15,117,1013
2,100,0.3,0.0,harm,hybrid,0.001,tag,0.25,1.0,0,0.1219165176153183,0.0026192818494835224,4,4065,0.15,117,1013
2,100,0.3,0.0,harm,hybrid,0.001,tag,0.25,1.0,0,0.13496413826942444,0.0026192818494835224,4,4065,0.15,117,1013
2,100,0.3,0.0,harm,hybrid,0.001,tag,0.25,1.0,0,0.14801177382469177,0.0026192818494835224,4,4065,0.15,117,1013
2,100,0.3,0.0,harm,hybrid,0.001,tag,0.25,1.0,0,0.1610593944787979,0.0026192818494835224,4,4065,0.15,117,1013
2,100,0.3,0.0,harm,hybrid,0.001,tag,0.25,1.0,0,0.17410701513290405,0.0026192818494835224,4,4065,0.15,117,1013
2,100,0.3,0.0,harm,hybrid,0.001,tag,0.25,1.0,0,0.1871546506881714,0.0026192818494835224,4,4065,0.15,117,1013
2,100,0.3,0.0,harm,hybrid,0.001,tag,0.25,1.0,0,0.20020227134227753,0.0026192818494835224,4,4065,0.15,117,1013
2,100,0.3,0.0,harm,hybrid,0.001,tag,0.25,1.0,0,0.21324989199638367,0.0026192818494835224,4,4065,0.15,117,1013
2,100,0.3,0.0,harm,hybrid,0.001,tag,0.25,1.0,0,0.226297527551651,0.0026069847515986224,4,4065,0.13749999999999998,117,1013
2,100,0.3,0.0,harm,hybrid,0.001,tag,0.25,1.0,0,0.23934514820575714,0.0026069847515986224,4,4065,0.13749999999999998,117,1013
2,100,0.3,0.0,harm,hybrid,0.001,tag,0.25,1.0,0,0.2523927688598633,0.0026069847515986224,4,4065,0.13749999999999998,117,1013
2,100,0.3,0.0,harm,hybrid,0.001,tag,0.25,1.0,0,0.2654404044151306,0.002594687653713724,4,4065,0.13749999999999998,117,1013
2,100,0.3,0.0,harm,hybrid,0.001,tag,0.25,1.0,0,0.27848803997039795,0.002594687653713724,4,4065,0.13749999999999998,117,1013
2,100,0.3,0.0,harm,hybrid,0.001,tag,0.25,1.0,0,0.2915356457233429,0.002594687653713724,4,4065,0.13749999999999998,117,1013
2,100,0.3,0.0,harm,hybrid,0.001,tag,0.25,1.0,0,0.30458328127861023,0.0025823905558288243,4,4065,0.13749999999999998,117,1013
2,100,0.3,0.0,harm,hybrid,0.001,tag,0.25,1.0,0,0.3176308870315552,0.0025823905558288243,4,4065,0.13749999999999998,117,1013
2,100,0.3,0.0,harm,hybrid,0.001,tag,0.25,1.0,0,0.3306785225868225,0.0025823905558288243,4,4065,0.13749999999999998,117,1013
2,100,0.3,0.0,harm,hybrid,0.001,tag,0.25,1.0,0,0.34372615814208984,0.0025823905558288243,4,4065,0.13749999999999998,117,1013
2,100,0.3,0.0,harm,hybrid,0.001,tag,0.25,1.0,0,0.3567737638950348,0.0025823905558288243,4,4065,0.13749999999999998,117,1013
2,100,0.3,0.0,harm,hybrid,0.001,tag,0.25,1.0,0,0.3698213994503021,0.0025700934579439257,4,4065,0.125,117,1013
2,100,0.3,0.0,harm,hybrid,0.001,tag,0.25,1.0,0,0.38286903500556946,0.002557796360059026,4,4065,0.125,117,1013
2,100,0.3,0.0,harm,hybrid,0.001,tag,0.25,1.0,0,0.3959166407585144,0.0025332021642892276,4,4065,0.125,117,1013
2,100,0.3,0.0,harm,hybrid,0.001,tag,0.25,1.0,0,0.40896427631378174,0.0025332021642892276,4,4065,0.125,117,1013
2,100,0.3,0.0,harm,hybrid,0.001,tag,0.25,1.0,0,0.4220119118690491,0.0024963108706345305,4,4065,0.125,117,1013
2,100,0.3,0.0,harm,hybrid,0.001,tag,0.25,1.0,0,0.435059517621994,0.002459419576979833,4,4065,0.125,117,1013
2,100,0.3,0.0,harm,hybrid,0.001,tag,0.25,1.0,0,0.44810715317726135,0.002447122479094934,4,4065,0.11249999999999999,117,1013
2,100,0.3,0.0,harm,hybrid,0.001,tag,0.25,1.0,0,0.4611547887325287,0.0024225282833251357,4,4065,0.11249999999999999,117,1013
2,100,0.3,0.0,harm,hybrid,0.001,tag,0.25,1.0,0,0.47420239448547363,0.002410231185440236,4,4065,0.11249999999999999,117,1013
2,100,0.3,0.0,harm,hybrid,0.001,tag,0.25,1.0,0,0.48725003004074097,0.0023979340875553367,4,4065,0.11249999999999999,117,1013
2,100,0.3,0.0,harm,hybrid,0.001,tag,0.25,1.0,0,0.5002976655960083,0.0023856369896704376,4,4065,0.11249999999999999,117,1013
2,100,0.3,0.0,harm,hybrid,0.001,tag,0.25,1.0,0,0.5133452415466309,0.00236104279390064,4,4065,0.11249999999999999,117,1013
2,100,0.3,0.0,harm,hybrid,0.001,tag,0.25,1.0,0,0.526392936706543,0.0023487456960157404,4,4065,0.11249999999999999,117,1013
2,100,0.3,0.0,harm,hybrid,0.001,tag,0.25,1.0,0,0.5394405126571655,0.002336448598130841,4,4065,0.11249999999999999,117,1013
2,100,0.3,0.0,harm,hybrid,0.001,tag,0.25,1.0,0,0.5524881482124329,0.0022872602065912447,4,4065,0.11249999999999999,117,1013
2,100,0.3,0.0,harm,hybrid,0.001,tag,0.25,1.0,0,0.5655357837677002,0.0022626660108214457,4,4065,0.11249999999999999,117,1013
2,100,0.3,0.0,harm,hybrid,0.001,tag,0.25,1.0,0,0.5785834193229675,0.002225774717166749,4,4065,0.11249999999999999,117,1013
2,100,0.3,0.0,harm,hybrid,0.001,tag,0.25,1.0,0,0.5916310548782349,0.0022011805213969504,4,4065,0.11249999999999999,117,1013
2,100,0.3,0.0,harm,hybrid,0.001,tag,0.25,1.0,0,0.6046786308288574,0.0021396950319724547,4,4065,0.11249999999999999,117,1013
2,100,0.3,0.0,harm,hybrid,0.001,tag,0.25,1.0,0,0.6177262663841248,0.0020782095425479585,4,4065,0.11249999999999999,117,1013
2,100,0.3,0.0,harm,hybrid,0.001,tag,0.25,1.0,0,0.6307739019393921,0.0020782095425479585,4,4065,0.11249999999999999,117,1013
2,100,0.3,0.0,harm,hybrid,0.001,tag,0.25,1.0,0,0.6438215374946594,0.0020413182488932613,4,4065,0.11249999999999999,117,1013
2,100,0.3,0.0,harm,hybrid,0.001,tag,0.25,1.0,0,0.6568691730499268,0.002029021151008362,4,4065,0.11249999999999999,117,1013
2,100,0.3,0.0,harm,hybrid,0.001,tag,0.25,1.0,0,0.6699168086051941,0.0020044269552385637,4,4065,0.11249999999999999,117,1013
2,100,0.3,0.0,harm,hybrid,0.001,tag,0.25,1.0,0,0.6829643845558167,0.001967535661583866,4,4065,0.11249999999999999,117,1013
2,100,0.3,0.0,harm,hybrid,0.001,tag,0.25,1.0,0,0.696012020111084,0.0019306443679291685,4,4065,0.11249999999999999,117,1013
2,100,0.3,0.0,harm,hybrid,0.001,tag,0.25,1.0,0,0.7090596556663513,0.0019183472700442694,4,4065,0.11249999999999999,117,1013
2,100,0.3,0.0,harm,hybrid,0.001,tag,0.25,1.0,0,0.7221072912216187,0.0018937530742744713,4,4065,0.11249999999999999,117,1013
2,100,0.3,0.0,harm,hybrid,0.001,tag,0.25,1.0,0,0.735154926776886,0.0018568617806197737,4,4065,0.11249999999999999,117,1013
2,100,0.3,0.0,harm,hybrid,0.001,tag,0.25,1.0,0,0.7482025623321533,0.0018322675848499756,4,4065,0.11249999999999999,117,1013
2,100,0.3,0.0,harm,hybrid,0.001,tag,0.25,1.0,0,0.7612501382827759,0.001795376291195278,4,4065,0.11249999999999999,117,1013
2,100,0.3,0.0,harm,hybrid,0.001,tag,0.25,1.0,0,0.7742977738380432,0.0017215937038858827,4,4065,0.11249999999999999,117,1013
2,100,0.3,0.0,harm,hybrid,0.001,tag,0.25,1.0,0,0.7873454093933105,0.001672405312346286,4,4065,0.11249999999999999,117,1013
2,100,0.3,0.0,harm,hybrid,0.001,tag,0.25,1.0,0,0.8003930449485779,0.001647811116576488,4,4065,0.11249999999999999,117,1013
2,100,0.3,0.0,harm,hybrid,0.001,tag,0.25,1.0,0,0.8134406805038452,0.0015617314313821937,4,4065,0.11249999999999999,117,1013
2,100,0.3,0.0,harm,hybrid,0.001,tag,0.25,1.0,0,0.8264883160591125,0.0014756517461878998,4,4065,0.11249999999999999,117,1013
2,100,0.3,0.0,harm,hybrid,0.001,tag,0.25,1.0,0,0.8395358920097351,0.0014387604525332022,4,4065,0.11249999999999999,117,1013
2,100,0.3,0.0,harm,hybrid,0.001,tag,0.25,1.0,0,0.8525835275650024,0.0013649778652238074,4,4065,0.11249999999999999,117,1013
2,100,0.3,0.0,harm,hybrid,0.001,tag,0.25,1.0,0,0.8656311631202698,0.0012297097884899164,4,4065,0.11249999999999999,117,1013
2,100,0.3,0.0,harm,hybrid,0.001,tag,0.25,1.0,0,0.8786787986755371,0.0011436301032956224,4,4065,0.11249999999999999,117,1013
2,100,0.3,0.0,harm,hybrid,0.001,tag,0.25,1.0,0,0.8917264342308044,0.0010083620265617316,4,4065,0.11249999999999999,117,1013
2,100,0.3,0.0,harm,hybrid,0.001,tag,0.25,1.0,0,0.904774010181427,0.0009345794392523365,4,4065,0.11249999999999999,117,1013
2,100,0.3,0.0,harm,hybrid,0.001,tag,0.25,1.0,0,0.9178216457366943,0.0008607968519429415,4,4065,0.11249999999999999,117,1013
2,100,0.3,0.0,harm,hybrid,0.001,tag,0.25,1.0,0,0.9308692812919617,0.0007870142646335465,4,4065,0.11249999999999999,117,1013
2,100,0.3,0.0,harm,hybrid,0.001,tag,0.25,1.0,0,0.943916916847229,0.0007009345794392523,4,4065,0.11249999999999999,117,1013
2,100,0.3,0.0,harm,hybrid,0.001,tag,0.25,1.0,0,0.9569645524024963,0.0006271519921298575,4,4065,0.11249999999999999,117,1013
2,100,0.3,0.0,harm,hybrid,0.001,tag,0.25,1.0,0,0.9700121879577637,0.0005902606984751599,4,4065,0.1,117,1013
2,100,0.3,0.0,harm,hybrid,0.001,tag,0.25,1.0,0,0.9830597639083862,0.000528775209050664,4,4065,0.0875,117,1013
2,100,0.3,0.0,harm,hybrid,0.001,tag,0.25,1.0,0,0.9961073994636536,0.0005041810132808657,4,4065,0.0875,117,1013
2,100,0.3,0.0,harm,hybrid,0.001,tag,0.25,1.0,0,1.009155035018921,0.00041810132808657157,4,4065,0.075,117,1013
2,100,0.3,0.0,harm,hybrid,0.001,tag,0.25,1.0,0,1.022202730178833,0.00038121003443187406,4,4065,0.075,117,1013
2,100,0.3,0.0,harm,hybrid,0.001,tag,0.25,1.0,0,1.0352503061294556,0.00038121003443187406,4,4065,0.075,117,1013
2,100,0.3,0.0,harm,hybrid,0.001,tag,0.25,1.0,0,1.0482978820800781,0.00033202164289227744,4,4065,0.037500000000000006,117,1013
2,100,0.3,0.0,harm,hybrid,0.001,tag,0.25,1.0,0,1.0613455772399902,0.0003074274471224791,4,4065,0.025,117,1013
2,100,0.3,0.0,harm,hybrid,0.001,tag,0.25,1.0,0,1.0743931531906128,0.00029513034923757994,4,4065,0.0125,117,1013
2,100,0.3,0.0,harm,hybrid,0.001,tag,0.25,1.0,0,1.087440848350525,0.00029513034923757994,4,4065,0.0125,117,1013
2,100,0.3,0.0,harm,hybrid,0.001,tag,0.25,1.0,0,1.1004884243011475,0.00025823905558288243,4,4065,0.0125,117,1013
2,100,0.3,0.0,harm,hybrid,0.001,tag,0.25,1.0,0,1.11353600025177,0.00025823905558288243,4,4065,0.0125,117,1013
2,100,0.3,0.0,harm,hybrid,0.001,tag,0.25,1.0,0,1.1265836954116821,0.00025823905558288243,4,4065,0.0125,117,1013
2,100,0.3,0.0,harm,hybrid,0.001,tag,0.25,1.0,0,1.1396312713623047,0.00025823905558288243,4,4065,0.0125,117,1013
2,100,0.3,0.0,harm,hybrid,0.001,tag,0.25,1.0,0,1.1526789665222168,0.00025823905558288243,4,4065,0.0125,117,1013
2,100,0.3,0.0,harm,hybrid,0.001,tag,0.25,1.0,0,1.1657265424728394,0.00025823905558288243,4,4065,0.0125,117,1013
2,100,0.3,0.0,harm,hybrid,0.001,tag,0.25,1.0,0,1.178774118423462,0.00024594195769798326,4,4065,0.0,117,1013
2,100,0.3,0.0,harm,hybrid,0.001,tag,0.25,1.0,0,1.191821813583374,0.00024594195769798326,4,4065,0.0,117,1013
2,100,0.3,0.0,harm,hybrid,0.001,tag,0.25,1.0,0,1.2048693895339966,0.00024594195769798326,4,4065,0.0,117,1013
2,100,0.3,0.0,harm,hybrid,0.001,tag,0.25,1.0,0,1.2179170846939087,0.00024594195769798326,4,4065,0.0,117,1013
2,100,0.3,0.0,harm,hybrid,0.001,tag,0.25,1.0,0,1.2309646606445312,0.00024594195769798326,4,4065,0.0,117,1013
2,100,0.3,0.0,harm,hybrid,0.001,tag,0.25,1.0,0,1.2440123558044434,0.00024594195769798326,4,4065,0.0,117,1013
2,100,0.3,0.0,harm,hybrid,0.001,tag,0.25,1.0,0,1.257059931755066,0.00024594195769798326,4,4065,0.0,117,1013
2,100,0.3,0.0,harm,hybrid,0.001,tag,0.25,1.0,0,1.2701075077056885,0.00024594195769798326,4,4065,0.0,117,1013
2,100,0.3,0.0,harm,hybrid,0.001,tag,0.25,1.0,0,1.2831552028656006,0.00024594195769798326,4,4065,0.0,117,1013
2,100,0.3,0.0,harm,hybrid,0.001,tag,0.25,1.0,0,1.2962027788162231,0.00024594195769798326,4,4065,0.0,117,1013
2,100,0.3,0.0,harm,hybrid,0.001,tag,0.25,1.0,0,1.3092504739761353,0.00024594195769798326,4,4065,0.0,117,1013
2,100,0.3,0.0,harm,hybrid,0.001,tag,0.25,1.0,0,1.3222980499267578,0.00024594195769798326,4,4065,0.0,117,1013
3,100,0.3,0.0,harm,hybrid,0.001,tag,0.25,1.0,0,0.05018720030784607,0.002383304519634478,4,4048,0.15,113,1012
3,100,0.3,0.0,harm,hybrid,0.001,tag,0.25,1.0,0,0.06261549144983292,0.002383304519634478,4,4048,0.15,113,1012
3,100,0.3,0.0,harm,hybrid,0.001,tag,0.25,1.0,0,0.07504378259181976,0.002383304519634478,4,4048,0.15,113,1012
3,100,0.3,0.0,harm,hybrid,0.001,tag,0.25,1.0,0,0.08747208118438721,0.002383304519634478,4,4048,0.15,113,1012
3,100,0.3,0.0,harm,hybrid,0.001,tag,0.25,1.0,0,0.09990036487579346,0.002383304519634478,4,4048,0.15,113,1012
3,100,0.3,0.0,harm,hybrid,0.001,tag,0.25,1.0,0,0.1123286634683609,0.002383304519634478,4,4048,0.15,113,1012
3,100,0.3,0.0,harm,hybrid,0.001,tag,0.25,1.0,0,0.12475695461034775,0.002383304519634478,4,4048,0.15,113,1012
3,100,0.3,0.0,harm,hybrid,0.001,tag,0.25,1.0,0,0.1371852457523346,0.002383304519634478,4,4048,0.15,113,1012
3,100,0.3,0.0,harm,hybrid,0.001,tag,0.25,1.0,0,0.14961352944374084,0.002383304519634478,4,4048,0.15,113,1012
3,100,0.3,0.0,harm,hybrid,0.001,tag,0.25,1.0,0,0.1620418280363083,0.002383304519634478,4,4048,0.15,113,1012
3,100,0.3,0.0,harm,hybrid,0.001,tag,0.25,1.0,0,0.17447012662887573,0.002383304519634478,4,4048,0.15,113,1012
3,100,0.3,0.0,harm,hybrid,0.001,tag,0.25,1.0,0,0.18689841032028198,0.002383304519634478,4,4048,0.15,113,1012
3,100,0.3,0.0,harm,hybrid,0.001,tag,0.25,1.0,0,0.19932670891284943,0.002383304519634478,4,4048,0.15,113,1012
3,100,0.3,0.0,harm,hybrid,0.001,tag,0.25,1.0,0,0.21175499260425568,0.002383304519634478,4,4048,0.15,113,1012
3,100,0.3,0.0,harm,hybrid,0.001,tag,0.25,1.0,0,0.22418329119682312,0.002383304519634478,4,4048,0.15,113,1012
3,100,0.3,0.0,harm,hybrid,0.001,tag,0.25,1.0,0,0.23661157488822937,0.002383304519634478,4,4048,0.15,113,1012
3,100,0.3,0.0,harm,hybrid,0.001,tag,0.25,1.0,0,0.24903987348079681,0.002383304519634478,4,4048,0.15,113,1012
3,100,0.3,0.0,harm,hybrid,0.001,tag,0.25,1.0,0,0.26146817207336426,0.002383304519634478,4,4048,0.15,113,1012
3,100,0.3,0.0,harm,hybrid,0.001,tag,0.25,1.0,0,0.2738964557647705,0.0023709557915534705,4,4048,0.15,113,1012
3,100,0.3,0.0,harm,hybrid,0.001,tag,0.25,1.0,0,0.28632473945617676,0.0023709557915534705,4,4048,0.15,113,1012
3,100,0.3,0.0,harm,hybrid,0.001,tag,0.25,1.0,0,0.298753023147583,0.0023709557915534705,4,4048,0.15,113,1012
3,100,0.3,0.0,harm,hybrid,0.001,tag,0.25,1.0,0,0.31118133664131165,0.0023709557915534705,4,4048,0.15,113,1012
3,100,0.3,0.0,harm,hybrid,0.001,tag,0.25,1.0,0,0.3236096203327179,0.0023709557915534705,4,4048,0.15,113,1012
3,100,0.3,0.0,harm,hybrid,0.001,tag,0.25,1.0,0,0.33603790402412415,0.0023709557915534705,4,4048,0.15,113,1012
3,100,0.3,0.0,harm,hybrid,0.001,tag,0.25,1.0,0,0.3484662175178528,0.0023709557915534705,4,4048,0.15,113,1012
3,100,0.3,0.0,harm,hybrid,0.001,tag,0.25,1.0,0,0.36089450120925903,0.0023709557915534705,4,4048,0.15,113,1012
3,100,0.3,0.0,harm,hybrid,0.001,tag,0.25,1.0,0,0.3733227849006653,0.002358607063472463,4,4048,0.15,113,1012
3,100,0.3,0.0,harm,hybrid,0.001,tag,0.25,1.0,0,0.3857510983943939,0.002346258335391455,4,4048,0.15,113,1012
3,100,0.3,0.0,harm,hybrid,0.001,tag,0.25,1.0,0,0.39817938208580017,0.00232156087922944,4,4048,0.15,113,1012
3,100,0.3,0.0,harm,hybrid,0.001,tag,0.25,1.0,0,0.4106076657772064,0.002309212151148432,4,4048,0.1375,113,1012
3,100,0.3,0.0,harm,hybrid,0.001,tag,0.25,1.0,0,0.42303594946861267,0.002309212151148432,4,4048,0.1375,113,1012
3,100,0.3,0.0,harm,hybrid,0.001,tag,0.25,1.0,0,0.4354642629623413,0.0022968634230674245,4,4048,0.1375,113,1012
3,100,0.3,0.0,harm,hybrid,0.001,tag,0.25,1.0,0,0.44789254665374756,0.0022968634230674245,4,4048,0.1375,113,1012
3,100,0.3,0.0,harm,hybrid,0.001,tag,0.25,1.0,0,0.4603208303451538,0.002259817238824401,4,4048,0.11249999999999999,113,1012
3,100,0.3,0.0,harm,hybrid,0.001,tag,0.25,1.0,0,0.47274914383888245,0.0022474685107433936,4,4048,0.1,113,1012
3,100,0.3,0.0,harm,hybrid,0.001,tag,0.25,1.0,0,0.4851774275302887,0.0022474685107433936,4,4048,0.08750000000000001,113,1012
3,100,0.3,0.0,harm,hybrid,0.001,tag,0.25,1.0,0,0.49760571122169495,0.002210422326500371,4,4048,0.1,113,1012
3,100,0.3,0.0,harm,hybrid,0.001,tag,0.25,1.0,0,0.5100339651107788,0.0021980735984193627,4,4048,0.075,113,1012
3,100,0.3,0.0,harm,hybrid,0.001,tag,0.25,1.0,0,0.5224623084068298,0.002185724870338355,4,4048,0.075,113,1012
3,100,0.3,0.0,harm,hybrid,0.001,tag,0.25,1.0,0,0.5348905920982361,0.0021486786860953327,4,4048,0.075,113,1012
3,100,0.3,0.0,harm,hybrid,0.001,tag,0.25,1.0,0,0.5473188757896423,0.0021116325018523093,4,4048,0.0625,113,1012
3,100,0.3,0.0,harm,hybrid,0.001,tag,0.25,1.0,0,0.5597472190856934,0.0020745863176092863,4,4048,0.05,113,1012
3,100,0.3,0.0,harm,hybrid,0.001,tag,0.25,1.0,0,0.5721755027770996,0.0020375401333662634,4,4048,0.05,113,1012
3,100,0.3,0.0,harm,hybrid,0.001,tag,0.25,1.0,0,0.5846037864685059,0.002012842677204248,4,4048,0.05,113,1012
3,100,0.3,0.0,harm,hybrid,0.001,tag,0.25,1.0,0,0.5970320701599121,0.00200049394912324,4,4048,0.05,113,1012
3,100,0.3,0.0,harm,hybrid,0.001,tag,0.25,1.0,0,0.6094603538513184,0.001975796492961225,4,4048,0.05,113,1012
3,100,0.3,0.0,harm,hybrid,0.001,tag,0.25,1.0,0,0.6218886375427246,0.001963447764880217,4,4048,0.05,113,1012
3,100,0.3,0.0,harm,hybrid,0.001,tag,0.25,1.0,0,0.6343169212341309,0.0019140528525561865,4,4048,0.05,113,1012
3,100,0.3,0.0,harm,hybrid,0.001,tag,0.25,1.0,0,0.6467452049255371,0.0019140528525561865,4,4048,0.05,113,1012
3,100,0.3,0.0,harm,hybrid,0.001,tag,0.25,1.0,0,0.6591734886169434,0.0018770066683131636,4,4048,0.05,113,1012
3,100,0.3,0.0,harm,hybrid,0.001,tag,0.25,1.0,0,0.6716017723083496,0.0018646579402321565,4,4048,0.05,113,1012
3,100,0.3,0.0,harm,hybrid,0.001,tag,0.25,1.0,0,0.6840300559997559,0.0018399604840701406,4,4048,0.05,113,1012
3,100,0.3,0.0,harm,hybrid,0.001,tag,0.25,1.0,0,0.6964583396911621,0.0017905655717461101,4,4048,0.05,113,1012
3,100,0.3,0.0,harm,hybrid,0.001,tag,0.25,1.0,0,0.7088866233825684,0.0017535193875030872,4,4048,0.05,113,1012
3,100,0.3,0.0,harm,hybrid,0.001,tag,0.25,1.0,0,0.7213150262832642,0.0017041244751790567,4,4048,0.05,113,1012
3,100,0.3,0.0,harm,hybrid,0.001,tag,0.25,1.0,0,0.7337433099746704,0.0016547295628550262,4,4048,0.05,113,1012
3,100,0.3,0.0,harm,hybrid,0.001,tag,0.25,1.0,0,0.7461715936660767,0.0016547295628550262,4,4048,0.05,113,1012
3,100,0.3,0.0,harm,hybrid,0.001,tag,0.25,1.0,0,0.7585998773574829,0.0016053346505309953,4,4048,0.05,113,1012
3,100,0.3,0.0,harm,hybrid,0.001,tag,0.25,1.0,0,0.7710281610488892,0.0015682884662879724,4,4048,0.05,113,1012
3,100,0.3,0.0,harm,hybrid,0.001,tag,0.25,1.0,0,0.7834564447402954,0.0014571499135589035,4,4048,0.05,113,1012
3,100,0.3,0.0,harm,hybrid,0.001,tag,0.25,1.0,0,0.7958847284317017,0.0014201037293158805,4,4048,0.05,113,1012
3,100,0.3,0.0,harm,hybrid,0.001,tag,0.25,1.0,0,0.8083130121231079,0.001395406273153865,4,4048,0.05,113,1012
3,100,0.3,0.0,harm,hybrid,0.001,tag,0.25,1.0,0,0.8207412958145142,0.001333662632748827,4,4048,0.05,113,1012
3,100,0.3,0.0,harm,hybrid,0.001,tag,0.25,1.0,0,0.8331695795059204,0.0012966164485058041,4,4048,0.05,113,1012
3,100,0.3,0.0,harm,hybrid,0.001,tag,0.25,1.0,0,0.8455978631973267,0.0012719189923437887,4,4048,0.05,113,1012
3,100,0.3,0.0,harm,hybrid,0.001,tag,0.25,1.0,0,0.8580261468887329,0.0011360829834527043,4,4048,0.05,113,1012
3,100,0.3,0.0,harm,hybrid,0.001,tag,0.25,1.0,0,0.8704544305801392,0.0010990367992096814,4,4048,0.05,113,1012
3,100,0.3,0.0,harm,hybrid,0.001,tag,0.25,1.0,0,0.8828827142715454,0.001012595702642628,4,4048,0.05,113,1012
3,100,0.3,0.0,harm,hybrid,0.001,tag,0.25,1.0,0,0.8953111171722412,0.0009508520622375896,4,4048,0.05,113,1012
3,100,0.3,0.0,harm,hybrid,0.001,tag,0.25,1.0,0,0.9077394008636475,0.0008644109656705361,4,4048,0.05,113,1012
3,100,0.3,0.0,harm,hybrid,0.001,tag,0.25,1.0,0,0.9201676845550537,0.00079031859718449,4,4048,0.05,113,1012
3,100,0.3,0.0,harm,hybrid,0.001,tag,0.25,1.0,0,0.93259596824646,0.0007409236848604594,4,4048,0.05,113,1012
3,100,0.3,0.0,harm,hybrid,0.001,tag,0.25,1.0,0,0.9450242519378662,0.0006297851321313904,4,4048,0.05,113,1012
3,100,0.3,0.0,harm,hybrid,0.001,tag,0.25,1.0,0,0.9574525356292725,0.0005680414917263522,4,4048,0.05,113,1012
3,100,0.3,0.0,harm,hybrid,0.001,tag,0.25,1.0,0,0.9698808193206787,0.0004939491232403062,4,4048,0.05,113,1012
3,100,0.3,0.0,harm,hybrid,0.001,tag,0.25,1.0,0,0.982309103012085,0.0004198567547542603,4,4048,0.05,113,1012
3,100,0.3,0.0,harm,hybrid,0.001,tag,0.25,1.0,0,0.9947373867034912,0.0003704618424302297,4,4048,0.037500000000000006,113,1012
3,100,0.3,0.0,harm,hybrid,0.001,tag,0.25,1.0,0,1.0071656703948975,0.00035811311434922206,4,4048,0.037500000000000006,113,1012
3,100,0.3,0.0,harm,hybrid,0.001,tag,0.25,1.0,0,1.0195939540863037,0.0003457643862682144,4,4048,0.025,113,1012
3,100,0.3,0.0,harm,hybrid,0.001,tag,0.25,1.0,0,1.03202223777771,0.00032106693010619904,4,4048,0.0125,113,1012
3,100,0.3,0.0,harm,hybrid,0.001,tag,0.25,1.0,0,1.0444505214691162,0.0002716720177821684,4,4048,0.0125,113,1012
3,100,0.3,0.0,harm,hybrid,0.001,tag,0.25,1.0,0,1.056878924369812,0.0002593232897011608,4,4048,0.0125,113,1012
3,100,0.3,0.0,harm,hybrid,0.001,tag,0.25,1.0,0,1.0693072080612183,0.0002469745616201531,4,4048,0.0,113,1012
3,100,0.3,0.0,harm,hybrid,0.001,tag,0.25,1.0,0,1.0817354917526245,0.0002469745616201531,4,4048,0.0,113,1012
3,100,0.3,0.0,harm,hybrid,0.001,tag,0.25,1.0,0,1.0941637754440308,0.0002469745616201531,4,4048,0.0,113,1012
3,100,0.3,0.0,harm,hybrid,0.001,tag,0.25,1.0,0,1.106592059135437,0.0002469745616201531,4,4048,0.0,113,1012
3,100,0.3,0.0,harm,hybrid,0.001,tag,0.25,1.0,0,1.1190203428268433,0.0002469745616201531,4,4048,0.0,113,1012
3,100,0.3,0.0,harm,hybrid,0.001,tag,0.25,1.0,0,1.1314486265182495,0.0002469745616201531,4,4048,0.0,113,1012
3,100,0.3,0.0,harm,hybrid,0.001,tag,0.25,1.0,0,1.1438769102096558,0.0002469745616201531,4,4048,0.0,113,1012
3,100,0.3,0.0,harm,hybrid,0.001,tag,0.25,1.0,0,1.156305193901062,0.0002469745616201531,4,4048,0.0,113,1012
3,100,0.3,0.0,harm,hybrid,0.001,tag,0.25,1.0,0,1.1687334775924683,0.0002469745616201531,4,4048,0.0,113,1012
3,100,0.3,0.0,harm,hybrid,0.001,tag,0.25,1.0,0,1.1811617612838745,0.0002469745616201531,4,4048,0.0,113,1012
3,100,0.3,0.0,harm,hybrid,0.001,tag,0.25,1.0,0,1.1935900449752808,0.0002469745616201531,4,4048,0.0,113,1012
3,100,0.3,0.0,harm,hybrid,0.001,tag,0.25,1.0,0,1.2060184478759766,0.0002469745616201531,4,4048,0.0,113,1012
3,100,0.3,0.0,harm,hybrid,0.001,tag,0.25,1.0,0,1.2184467315673828,0.0002469745616201531,4,4048,0.0,113,1012
3,100,0.3,0.0,harm,hybrid,0.001,tag,0.25,1.0,0,1.230875015258789,0.0002469745616201531,4,4048,0.0,113,1012
3,100,0.3,0.0,harm,hybrid,0.001,tag,0.25,1.0,0,1.2433032989501953,0.0002469745616201531,4,4048,0.0,113,1012
3,100,0.3,0.0,harm,hybrid,0.001,tag,0.25,1.0,0,1.2557315826416016,0.0002469745616201531,4,4048,0.0,113,1012
3,100,0.3,0.0,harm,hybrid,0.001,tag,0.25,1.0,0,1.2681598663330078,0.0002469745616201531,4,4048,0.0,113,1012
3,100,0.3,0.0,harm,hybrid,0.001,tag,0.25,1.0,0,1.280588150024414,0.0002469745616201531,4,4048,0.0,113,1012
4,100,0.3,0.0,harm,hybrid,0.001,tag,0.25,1.0,0,0.12783026695251465,0.0023868414543655706,4,4042,0.1,77,930
4,100,0.3,0.0,harm,hybrid,0.001,tag,0.25,1.0,0,0.14074985682964325,0.0023868414543655706,4,4042,0.1,77,930
4,100,0.3,0.0,harm,hybrid,0.001,tag,0.25,1.0,0,0.15366944670677185,0.0023868414543655706,4,4042,0.1,77,930
4,100,0.3,0.0,harm,hybrid,0.001,tag,0.25,1.0,0,0.16658903658390045,0.0023868414543655706,4,4042,0.1,77,930
4,100,0.3,0.0,harm,hybrid,0.001,tag,0.25,1.0,0,0.17950862646102905,0.0023868414543655706,4,4042,0.1,77,930
4,100,0.3,0.0,harm,hybrid,0.001,tag,0.25,1.0,0,0.19242820143699646,0.0023868414543655706,4,4042,0.1,77,930
4,100,0.3,0.0,harm,hybrid,0.001,tag,0.25,1.0,0,0.20534780621528625,0.0023868414543655706,4,4042,0.1,77,930
4,100,0.3,0.0,harm,hybrid,0.001,tag,0.25,1.0,0,0.21826738119125366,0.0023868414543655706,4,4042,0.1,77,930
4,100,0.3,0.0,harm,hybrid,0.001,tag,0.25,1.0,0,0.23118698596954346,0.0023868414543655706,4,4042,0.1,77,930
4,100,0.3,0.0,harm,hybrid,0.001,tag,0.25,1.0,0,0.24410656094551086,0.0023868414543655706,4,4042,0.1,77,930
4,100,0.3,0.0,harm,hybrid,0.001,tag,0.25,1.0,0,0.25702613592147827,0.0023868414543655706,4,4042,0.1,77,930
4,100,0.3,0.0,harm,hybrid,0.001,tag,0.25,1.0,0,0.26994574069976807,0.0023868414543655706,4,4042,0.1,77,930
4,100,0.3,0.0,harm,hybrid,0.001,tag,0.25,1.0,0,0.28286534547805786,0.0023868414543655706,4,4042,0.1,77,930
4,100,0.3,0.0,harm,hybrid,0.001,tag,0.25,1.0,0,0.29578492045402527,0.0023868414543655706,4,4042,0.1,77,930
4,100,0.3,0.0,harm,hybrid,0.001,tag,0.25,1.0,0,0.3087044954299927,0.0023868414543655706,4,4042,0.1,77,930
4,100,0.3,0.0,harm,hybrid,0.001,tag,0.25,1.0,0,0.32162410020828247,0.0023868414543655706,4,4042,0.1,77,930
4,100,0.3,0.0,harm,hybrid,0.001,tag,0.25,1.0,0,0.33454370498657227,0.0023868414543655706,4,4042,0.1,77,930
4,100,0.3,0.0,harm,hybrid,0.001,tag,0.25,1.0,0,0.3474632799625397,0.0023868414543655706,4,4042,0.1,77,930
4,100,0.3,0.0,harm,hybrid,0.001,tag,0.25,1.0,0,0.3603828549385071,0.0023868414543655706,4,4042,0.1,77,930
4,100,0.3,0.0,harm,hybrid,0.001,tag,0.25,1.0,0,0.3733024597167969,0.0023868414543655706,4,4042,0.1,77,930
4,100,0.3,0.0,harm,hybrid,0.001,tag,0.25,1.0,0,0.3862220346927643,0.0023868414543655706,4,4042,0.1,77,930
4,100,0.3,0.0,harm,hybrid,0.001,tag,0.25,1.0,0,0.3991416394710541,0.0023868414543655706,4,4042,0.1,77,930
4,100,0.3,0.0,harm,hybrid,0.001,tag,0.25,1.0,0,0.4120612144470215,0.0023744744001978732,4,4042,0.1,77,930
4,100,0.3,0.0,harm,hybrid,0.001,tag,0.25,1.0,0,0.4249808192253113,0.0023744744001978732,4,4042,0.1,77,930
4,100,0.3,0.0,harm,hybrid,0.001,tag,0.25,1.0,0,0.4379003942012787,0.0023744744001978732,4,4042,0.1,77,930
4,100,0.3,0.0,harm,hybrid,0.001,tag,0.25,1.0,0,0.4508199989795685,0.0023744744001978732,4,4042,0.1,77,930
4,100,0.3,0.0,harm,hybrid,0.001,tag,0.25,1.0,0,0.4637395739555359,0.0023744744001978732,4,4042,0.1,77,930
4,100,0.3,0.0,harm,hybrid,0.001,tag,0.25,1.0,0,0.4766591787338257,0.0023744744001978732,4,4042,0.1,77,930
4,100,0.3,0.0,harm,hybrid,0.001,tag,0.25,1.0,0,0.4895787537097931,0.0023744744001978732,4,4042,0.1,77,930
4,100,0.3,0.0,harm,hybrid,0.001,tag,0.25,1.0,0,0.5024983882904053,0.0023744744001978732,4,4042,0.1,77,930
4,100,0.3,0.0,harm,hybrid,0.001,tag,0.25,1.0,0,0.5154179334640503,0.002362107346030176,4,4042,0.1,77,930
4,100,0.3,0.0,harm,hybrid,0.001,tag,0.25,1.0,0,0.5283375382423401,0.0023497402918624785,4,4042,0.1,77,930
4,100,0.3,0.0,harm,hybrid,0.001,tag,0.25,1.0,0,0.5412571430206299,0.002325006183527084,4,4042,0.1,77,930
4,100,0.3,0.0,harm,hybrid,0.001,tag,0.25,1.0,0,0.5541766881942749,0.002325006183527084,4,4042,0.1,77,930
4,100,0.3,0.0,harm,hybrid,0.001,tag,0.25,1.0,0,0.5670962929725647,0.002312639129359387,4,4042,0.1,77,930
4,100,0.3,0.0,harm,hybrid,0.001,tag,0.25,1.0,0,0.5800158977508545,0.00230027207519169,4,4042,0.1,77,930
4,100,0.3,0.0,harm,hybrid,0.001,tag,0.25,1.0,0,0.5929354429244995,0.002275537966856295,4,4042,0.1,77,930
4,100,0.3,0.0,harm,hybrid,0.001,tag,0.25,1.0,0,0.6058550477027893,0.002275537966856295,4,4042,0.1,77,930
4,100,0.3,0.0,harm,hybrid,0.001,tag,0.25,1.0,0,0.6187746524810791,0.0022508038585209,4,4042,0.1,77,930
4,100,0.3,0.0,harm,hybrid,0.001,tag,0.25,1.0,0,0.6316942572593689,0.0022137026960178086,4,4042,0.1,77,930
4,100,0.3,0.0,harm,hybrid,0.001,tag,0.25,1.0,0,0.6446138024330139,0.002188968587682414,4,4042,0.1,77,930
4,100,0.3,0.0,harm,hybrid,0.001,tag,0.25,1.0,0,0.6575334072113037,0.0021518674251793223,4,4042,0.1,77,930
4,100,0.3,0.0,harm,hybrid,0.001,tag,0.25,1.0,0,0.6704530119895935,0.0021147662626762307,4,4042,0.1,77,930
4,100,0.3,0.0,harm,hybrid,0.001,tag,0.25,1.0,0,0.6833726167678833,0.002090032154340836,4,4042,0.1,77,930
4,100,0.3,0.0,harm,hybrid,0.001,tag,0.25,1.0,0,0.6962921619415283,0.0020652980460054413,4,4042,0.1,77,930
4,100,0.3,0.0,harm,hybrid,0.001,tag,0.25,1.0,0,0.7092117667198181,0.0020529309918377444,4,4042,0.1,77,930
4,100,0.3,0.0,harm,hybrid,0.001,tag,0.25,1.0,0,0.7221313714981079,0.0020034627751669555,4,4042,0.1,77,930
4,100,0.3,0.0,harm,hybrid,0.001,tag,0.25,1.0,0,0.7350509762763977,0.001978728666831561,4,4042,0.1,77,930
4,100,0.3,0.0,harm,hybrid,0.001,tag,0.25,1.0,0,0.7479705214500427,0.0019663616126638635,4,4042,0.1,77,930
4,100,0.3,0.0,harm,hybrid,0.001,tag,0.25,1.0,0,0.7608901262283325,0.0019539945584961665,4,4042,0.1,77,930
4,100,0.3,0.0,harm,hybrid,0.001,tag,0.25,1.0,0,0.7738097310066223,0.0019416275043284692,4,4042,0.1,77,930
4,100,0.3,0.0,harm,hybrid,0.001,tag,0.25,1.0,0,0.7867292761802673,0.0019292604501607719,4,4042,0.1,77,930
4,100,0.3,0.0,harm,hybrid,0.001,tag,0.25,1.0,0,0.7996488809585571,0.00189215928765768,4,4042,0.1,77,930
4,100,0.3,0.0,harm,hybrid,0.001,tag,0.25,1.0,0,0.8125684857368469,0.0018426910709868913,4,4042,0.1,77,930
4,100,0.3,0.0,harm,hybrid,0.001,tag,0.25,1.0,0,0.8254880905151367,0.0018179569626514964,4,4042,0.1,77,930
4,100,0.3,0.0,harm,hybrid,0.001,tag,0.25,1.0,0,0.8384076356887817,0.001805589908483799,4,4042,0.1,77,930
4,100,0.3,0.0,harm,hybrid,0.001,tag,0.25,1.0,0,0.8513272404670715,0.0017684887459807075,4,4042,0.1,77,930
4,100,0.3,0.0,harm,hybrid,0.001,tag,0.25,1.0,0,0.8642468452453613,0.0017066534751422214,4,4042,0.1,77,930
4,100,0.3,0.0,harm,hybrid,0.001,tag,0.25,1.0,0,0.8771664500236511,0.0016324511501360378,4,4042,0.1,77,930
4,100,0.3,0.0,harm,hybrid,0.001,tag,0.25,1.0,0,0.8900859951972961,0.0015829829334652488,4,4042,0.1,77,930
4,100,0.3,0.0,harm,hybrid,0.001,tag,0.25,1.0,0,0.9030055999755859,0.001496413554291368,4,4042,0.1,77,930
4,100,0.3,0.0,harm,hybrid,0.001,tag,0.25,1.0,0,0.9159252047538757,0.0014222112292851844,4,4042,0.1,77,930
4,100,0.3,0.0,harm,hybrid,0.001,tag,0.25,1.0,0,0.9288448095321655,0.0013851100667820928,4,4042,0.1,77,930
4,100,0.3,0.0,harm,hybrid,0.001,tag,0.25,1.0,0,0.9417643547058105,0.0012861736334405145,4,4042,0.1,77,930
4,100,0.3,0.0,harm,hybrid,0.001,tag,0.25,1.0,0,0.9546839594841003,0.0012367054167697258,4,4042,0.1,77,930
4,100,0.3,0.0,harm,hybrid,0.001,tag,0.25,1.0,0,0.9676035642623901,0.0011625030917635421,4,4042,0.1,77,930
4,100,0.3,0.0,harm,hybrid,0.001,tag,0.25,1.0,0,0.9805231094360352,0.0010883007667573585,4,4042,0.1,77,930
4,100,0.3,0.0,harm,hybrid,0.001,tag,0.25,1.0,0,0.993442714214325,0.0010140984417511749,4,4042,0.1,77,930
4,100,0.3,0.0,harm,hybrid,0.001,tag,0.25,1.0,0,1.0063623189926147,0.0008904279000742023,4,4042,0.1,77,930
4,100,0.3,0.0,harm,hybrid,0.001,tag,0.25,1.0,0,1.0192818641662598,0.0007791244125649273,4,4042,0.1,77,930
4,100,0.3,0.0,harm,hybrid,0.001,tag,0.25,1.0,0,1.0322015285491943,0.0007172891417264408,4,4042,0.0875,77,930
4,100,0.3,0.0,harm,hybrid,0.001,tag,0.25,1.0,0,1.0451210737228394,0.000680187979223349,4,4042,0.0875,77,930
4,100,0.3,0.0,harm,hybrid,0.001,tag,0.25,1.0,0,1.0580406188964844,0.0006554538708879546,4,4042,0.07500000000000001,77,930
4,100,0.3,0.0,harm,hybrid,0.001,tag,0.25,1.0,0,1.070960283279419,0.0005688844917140737,4,4042,0.05,77,930
4,100,0.3,0.0,harm,hybrid,0.001,tag,0.25,1.0,0,1.083879828453064,0.000531783329210982,4,4042,0.05,77,930
4,100,0.3,0.0,harm,hybrid,0.001,tag,0.25,1.0,0,1.096799373626709,0.0004699480583724957,4,4042,0.037500000000000006,77,930
4,100,0.3,0.0,harm,hybrid,0.001,tag,0.25,1.0,0,1.1097190380096436,0.0003833786791986149,4,4042,0.0125,77,930
4,100,0.3,0.0,harm,hybrid,0.001,tag,0.25,1.0,0,1.1226387023925781,0.0003710116250309177,4,4042,0.0125,77,930
4,100,0.3,0.0,harm,hybrid,0.001,tag,0.25,1.0,0,1.1355582475662231,0.0003710116250309177,4,4042,0.0125,77,930
4,100,0.3,0.0,harm,hybrid,0.001,tag,0.25,1.0,0,1.1484777927398682,0.0003586445708632204,4,4042,0.0125,77,930
4,100,0.3,0.0,harm,hybrid,0.001,tag,0.25,1.0,0,1.1613973379135132,0.0003339104625278259,4,4042,0.0125,77,930
4,100,0.3,0.0,harm,hybrid,0.001,tag,0.25,1.0,0,1.1743170022964478,0.00028444224585703686,4,4042,0.0,77,930
4,100,0.3,0.0,harm,hybrid,0.001,tag,0.25,1.0,0,1.1872365474700928,0.0002720751916893396,4,4042,0.0,77,930
4,100,0.3,0.0,harm,hybrid,0.001,tag,0.25,1.0,0,1.2001560926437378,0.0002473410833539451,4,4042,0.0,77,930
4,100,0.3,0.0,harm,hybrid,0.001,tag,0.25,1.0,0,1.2130757570266724,0.0002473410833539451,4,4042,0.0,77,930
4,100,0.3,0.0,harm,hybrid,0.001,tag,0.25,1.0,0,1.2259953022003174,0.0002473410833539451,4,4042,0.0,77,930
4,100,0.3,0.0,harm,hybrid,0.001,tag,0.25,1.0,0,1.238914966583252,0.0002473410833539451,4,4042,0.0,77,930
4,100,0.3,0.0,harm,hybrid,0.001,tag,0.25,1.0,0,1.251834511756897,0.0002473410833539451,4,4042,0.0,77,930
4,100,0.3,0.0,harm,hybrid,0.001,tag,0.25,1.0,0,1.264754056930542,0.0002473410833539451,4,4042,0.0,77,930
4,100,0.3,0.0,harm,hybrid,0.001,tag,0.25,1.0,0,1.2776737213134766,0.0002473410833539451,4,4042,0.0,77,930
4,100,0.3,0.0,harm,hybrid,0.001,tag,0.25,1.0,0,1.2905932664871216,0.0002473410833539451,4,4042,0.0,77,930
4,100,0.3,0.0,harm,hybrid,0.001,tag,0.25,1.0,0,1.3035128116607666,0.0002473410833539451,4,4042,0.0,77,930
4,100,0.3,0.0,harm,hybrid,0.001,tag,0.25,1.0,0,1.3164324760437012,0.0002473410833539451,4,4042,0.0,77,930
4,100,0.3,0.0,harm,hybrid,0.001,tag,0.25,1.0,0,1.3293520212173462,0.0002473410833539451,4,4042,0.0,77,930
4,100,0.3,0.0,harm,hybrid,0.001,tag,0.25,1.0,0,1.3422716856002808,0.0002473410833539451,4,4042,0.0,77,930
4,100,0.3,0.0,harm,hybrid,0.001,tag,0.25,1.0,0,1.3551912307739258,0.0002473410833539451,4,4042,0.0,77,930
4,100,0.3,0.0,harm,hybrid,0.001,tag,0.25,1.0,0,1.3681107759475708,0.0002473410833539451,4,4042,0.0,77,930
4,100,0.3,0.0,harm,hybrid,0.001,tag,0.25,1.0,0,1.3810304403305054,0.0002473410833539451,4,4042,0.0,77,930
4,100,0.3,0.0,harm,hybrid,0.001,tag,0.25,1.0,0,1.3939499855041504,0.0002473410833539451,4,4042,0.0,77,930
4,100,0.3,0.0,harm,hybrid,0.001,tag,0.25,1.0,0,1.4068695306777954,0.0002473410833539451,4,4042,0.0,77,930
5,100,0.3,0.0,harm,hybrid,0.001,tag,0.25,1.0,0,0.08004054427146912,0.0022862086010874937,4,4045,0.1,141,1102
5,100,0.3,0.0,harm,hybrid,0.001,tag,0.25,1.0,0,0.09199190139770508,0.0022862086010874937,4,4045,0.1,141,1102
5,100,0.3,0.0,harm,hybrid,0.001,tag,0.25,1.0,0,0.10394325852394104,0.0022862086010874937,4,4045,0.1,141,1102
5,100,0.3,0.0,harm,hybrid,0.001,tag,0.25,1.0,0,0.1158946231007576,0.0022862086010874937,4,4045,0.1,141,1102
5,100,0.3,0.0,harm,hybrid,0.001,tag,0.25,1.0,0,0.12784597277641296,0.0022862086010874937,4,4045,0.1,141,1102
5,100,0.3,0.0,harm,hybrid,0.001,tag,0.25,1.0,0,0.13979732990264893,0.0022862086010874937,4,4045,0.1,141,1102
5,100,0.3,0.0,harm,hybrid,0.001,tag,0.25,1.0,0,0.15174870193004608,0.0022862086010874937,4,4045,0.1,141,1102
5,100,0.3,0.0,harm,hybrid,0.001,tag,0.25,1.0,0,0.16370005905628204,0.0022862086010874937,4,4045,0.1,141,1102
5,100,0.3,0.0,harm,hybrid,0.001,tag,0.25,1.0,0,0.175651416182518,0.0022862086010874937,4,4045,0.1,141,1102
5,100,0.3,0.0,harm,hybrid,0.001,tag,0.25,1.0,0,0.18760277330875397,0.0022862086010874937,4,4045,0.1,141,1102
5,100,0.3,0.0,harm,hybrid,0.001,tag,0.25,1.0,0,0.19955413043498993,0.0022862086010874937,4,4045,0.1,141,1102
5,100,0.3,0.0,harm,hybrid,0.001,tag,0.25,1.0,0,0.2115054875612259,0.0022862086010874937,4,4045,0.1,141,1102
5,100,0.3,0.0,harm,hybrid,0.001,tag,0.25,1.0,0,0.22345685958862305,0.0022862086010874937,4,4045,0.1,141,1102
5,100,0.3,0.0,harm,hybrid,0.001,tag,0.25,1.0,0,0.235408216714859,0.0022862086010874937,4,4045,0.1,141,1102
5,100,0.3,0.0,harm,hybrid,0.001,tag,0.25,1.0,0,0.24735957384109497,0.0022862086010874937,4,4045,0.1,141,1102
5,100,0.3,0.0,harm,hybrid,0.001,tag,0.25,1.0,0,0.25931093096733093,0.0022862086010874937,4,4045,0.1,141,1102
5,100,0.3,0.0,harm,hybrid,0.001,tag,0.25,1.0,0,0.2712622880935669,0.0022862086010874937,4,4045,0.1,141,1102
5,100,0.3,0.0,harm,hybrid,0.001,tag,0.25,1.0,0,0.28321364521980286,0.0022862086010874937,4,4045,0.1,141,1102
5,100,0.3,0.0,harm,hybrid,0.001,tag,0.25,1.0,0,0.2951650023460388,0.0022862086010874937,4,4045,0.1,141,1102
5,100,0.3,0.0,harm,hybrid,0.001,tag,0.25,1.0,0,0.3071163594722748,0.0022862086010874937,4,4045,0.1,141,1102
5,100,0.3,0.0,harm,hybrid,0.001,tag,0.25,1.0,0,0.31906771659851074,0.0022862086010874937,4,4045,0.1,141,1102
5,100,0.3,0.0,harm,hybrid,0.001,tag,0.25,1.0,0,0.3310190737247467,0.0022738507167572915,4,4045,0.1,141,1102
5,100,0.3,0.0,harm,hybrid,0.001,tag,0.25,1.0,0,0.34297043085098267,0.0022738507167572915,4,4045,0.1,141,1102
5,100,0.3,0.0,harm,hybrid,0.001,tag,0.25,1.0,0,0.35492178797721863,0.0022738507167572915,4,4045,0.1,141,1102
5,100,0.3,0.0,harm,hybrid,0.001,tag,0.25,1.0,0,0.366873174905777,0.0022738507167572915,4,4045,0.1,141,1102
5,100,0.3,0.0,harm,hybrid,0.001,tag,0.25,1.0,0,0.37882453203201294,0.0022738507167572915,4,4045,0.1,141,1102
5,100,0.3,0.0,harm,hybrid,0.001,tag,0.25,1.0,0,0.3907758891582489,0.0022614928324270886,4,4045,0.1,141,1102
5,100,0.3,0.0,harm,hybrid,0.001,tag,0.25,1.0,0,0.40272724628448486,0.0022614928324270886,4,4045,0.1,141,1102
5,100,0.3,0.0,harm,hybrid,0.001,tag,0.25,1.0,0,0.4146786034107208,0.0022491349480968864,4,4045,0.1,141,1102
5,100,0.3,0.0,harm,hybrid,0.001,tag,0.25,1.0,0,0.4266299605369568,0.0022244191794364805,4,4045,0.1,141,1102
5,100,0.3,0.0,harm,hybrid,0.001,tag,0.25,1.0,0,0.43858131766319275,0.0022244191794364805,4,4045,0.1,141,1102
5,100,0.3,0.0,harm,hybrid,0.001,tag,0.25,1.0,0,0.4505326747894287,0.0022120612951062784,4,4045,0.1,141,1102
5,100,0.3,0.0,harm,hybrid,0.001,tag,0.25,1.0,0,0.4624840319156647,0.0021997034107760754,4,4045,0.1,141,1102
5,100,0.3,0.0,harm,hybrid,0.001,tag,0.25,1.0,0,0.47443538904190063,0.0021749876421156694,4,4045,0.1,141,1102
5,100,0.3,0.0,harm,hybrid,0.001,tag,0.25,1.0,0,0.4863867461681366,0.0021502718734552643,4,4045,0.1,141,1102
5,100,0.3,0.0,harm,hybrid,0.001,tag,0.25,1.0,0,0.49833810329437256,0.0021502718734552643,4,4045,0.1,141,1102
5,100,0.3,0.0,harm,hybrid,0.001,tag,0.25,1.0,0,0.5102894306182861,0.0021255561047948592,4,4045,0.1,141,1102
5,100,0.3,0.0,harm,hybrid,0.001,tag,0.25,1.0,0,0.5222408175468445,0.0021131982204646562,4,4045,0.1,141,1102
5,100,0.3,0.0,harm,hybrid,0.001,tag,0.25,1.0,0,0.5341922044754028,0.002063766683143846,4,4045,0.1,141,1102
5,100,0.3,0.0,harm,hybrid,0.001,tag,0.25,1.0,0,0.5461435317993164,0.002051408798813643,4,4045,0.1,141,1102
5,100,0.3,0.0,harm,hybrid,0.001,tag,0.25,1.0,0,0.55809485912323,0.0020390509144834405,4,4045,0.1,141,1102
5,100,0.3,0.0,harm,hybrid,0.001,tag,0.25,1.0,0,0.5700463056564331,0.002026693030153238,4,4045,0.0875,141,1102
5,100,0.3,0.0,harm,hybrid,0.001,tag,0.25,1.0,0,0.5819976329803467,0.002014335145823035,4,4045,0.0875,141,1102
5,100,0.3,0.0,harm,hybrid,0.001,tag,0.25,1.0,0,0.5939489603042603,0.002014335145823035,4,4045,0.0875,141,1102
5,100,0.3,0.0,harm,hybrid,0.001,tag,0.25,1.0,0,0.6059002876281738,0.002014335145823035,4,4045,0.0875,141,1102
5,100,0.3,0.0,harm,hybrid,0.001,tag,0.25,1.0,0,0.617851734161377,0.0019896193771626294,4,4045,0.0875,141,1102
5,100,0.3,0.0,harm,hybrid,0.001,tag,0.25,1.0,0,0.6298030614852905,0.0019896193771626294,4,4045,0.0875,141,1102
5,100,0.3,0.0,harm,hybrid,0.001,tag,0.25,1.0,0,0.6417543888092041,0.001977261492832427,4,4045,0.0875,141,1102
5,100,0.3,0.0,harm,hybrid,0.001,tag,0.25,1.0,0,0.6537058353424072,0.0019278299555116165,4,4045,0.0875,141,1102
5,100,0.3,0.0,harm,hybrid,0.001,tag,0.25,1.0,0,0.6656571626663208,0.001915472071181414,4,4045,0.0875,141,1102
5,100,0.3,0.0,harm,hybrid,0.001,tag,0.25,1.0,0,0.6776084899902344,0.001841324765200198,4,4045,0.0875,141,1102
5,100,0.3,0.0,harm,hybrid,0.001,tag,0.25,1.0,0,0.689559817314148,0.0018042511122095895,4,4045,0.0875,141,1102
5,100,0.3,0.0,harm,hybrid,0.001,tag,0.25,1.0,0,0.7015112638473511,0.0017548195748887789,4,4045,0.0875,141,1102
5,100,0.3,0.0,harm,hybrid,0.001,tag,0.25,1.0,0,0.7134625911712646,0.0017301038062283735,4,4045,0.0875,141,1102
5,100,0.3,0.0,harm,hybrid,0.001,tag,0.25,1.0,0,0.7254139184951782,0.0016683143845773604,4,4045,0.0875,141,1102
5,100,0.3,0.0,harm,hybrid,0.001,tag,0.25,1.0,0,0.7373652458190918,0.001631240731586752,4,4045,0.0875,141,1102
5,100,0.3,0.0,harm,hybrid,0.001,tag,0.25,1.0,0,0.7493166923522949,0.0016188828472565495,4,4045,0.0875,141,1102
5,100,0.3,0.0,harm,hybrid,0.001,tag,0.25,1.0,0,0.7612680196762085,0.001606524962926347,4,4045,0.0875,141,1102
5,100,0.3,0.0,harm,hybrid,0.001,tag,0.25,1.0,0,0.7732193470001221,0.0015570934256055363,4,4045,0.0875,141,1102
5,100,0.3,0.0,harm,hybrid,0.001,tag,0.25,1.0,0,0.7851706743240356,0.001532377656945131,4,4045,0.0875,141,1102
5,100,0.3,0.0,harm,hybrid,0.001,tag,0.25,1.0,0,0.7971221208572388,0.0015076618882847257,4,4045,0.0875,141,1102
5,100,0.3,0.0,harm,hybrid,0.001,tag,0.25,1.0,0,0.8090734481811523,0.001421156697973307,4,4045,0.0875,141,1102
5,100,0.3,0.0,harm,hybrid,0.001,tag,0.25,1.0,0,0.8210247755050659,0.0012975778546712802,4,4045,0.0875,141,1102
5,100,0.3,0.0,harm,hybrid,0.001,tag,0.25,1.0,0,0.8329761028289795,0.0012234305486900643,4,4045,0.0875,141,1102
5,100,0.3,0.0,harm,hybrid,0.001,tag,0.25,1.0,0,0.8449275493621826,0.0011616411270390509,4,4045,0.0875,141,1102
5,100,0.3,0.0,harm,hybrid,0.001,tag,0.25,1.0,0,0.8568788766860962,0.0010380622837370243,4,4045,0.0875,141,1102
5,100,0.3,0.0,harm,hybrid,0.001,tag,0.25,1.0,0,0.8688302040100098,0.0009515570934256055,4,4045,0.0875,141,1102
5,100,0.3,0.0,harm,hybrid,0.001,tag,0.25,1.0,0,0.8807816505432129,0.0008774097874443894,4,4045,0.0875,141,1102
5,100,0.3,0.0,harm,hybrid,0.001,tag,0.25,1.0,0,0.8927329778671265,0.0007785467128027682,4,4045,0.0875,141,1102
5,100,0.3,0.0,harm,hybrid,0.001,tag,0.25,1.0,0,0.90468430519104,0.0007291151754819575,4,4045,0.075,141,1102
5,100,0.3,0.0,harm,hybrid,0.001,tag,0.25,1.0,0,0.9166356325149536,0.0006673257538309441,4,4045,0.075,141,1102
5,100,0.3,0.0,harm,hybrid,0.001,tag,0.25,1.0,0,0.9285870790481567,0.0006302521008403361,4,4045,0.075,141,1102
5,100,0.3,0.0,harm,hybrid,0.001,tag,0.25,1.0,0,0.9405384063720703,0.0005808205635195254,4,4045,0.0625,141,1102
5,100,0.3,0.0,harm,hybrid,0.001,tag,0.25,1.0,0,0.9524897336959839,0.000519031141868512,4,4045,0.0625,141,1102
5,100,0.3,0.0,harm,hybrid,0.001,tag,0.25,1.0,0,0.9644410610198975,0.0004943153732081067,4,4045,0.05,141,1102
5,100,0.3,0.0,harm,hybrid,0.001,tag,0.25,1.0,0,0.9763925075531006,0.0004695996045477014,4,4045,0.05,141,1102
5,100,0.3,0.0,harm,hybrid,0.001,tag,0.25,1.0,0,0.9883438348770142,0.0004448838358872961,4,4045,0.05,141,1102
5,100,0.3,0.0,harm,hybrid,0.001,tag,0.25,1.0,0,1.0002951622009277,0.00040781018289668807,4,4045,0.037500000000000006,141,1102
5,100,0.3,0.0,harm,hybrid,0.001,tag,0.25,1.0,0,1.0122464895248413,0.00039545229856648536,4,4045,0.037500000000000006,141,1102
5,100,0.3,0.0,harm,hybrid,0.001,tag,0.25,1.0,0,1.0241979360580444,0.0003830944142362827,4,4045,0.037500000000000006,141,1102
5,100,0.3,0.0,harm,hybrid,0.001,tag,0.25,1.0,0,1.036149263381958,0.0003583786455758774,4,4045,0.037500000000000006,141,1102
5,100,0.3,0.0,harm,hybrid,0.001,tag,0.25,1.0,0,1.0481005907058716,0.0003089471082550667,4,4045,0.025,141,1102
5,100,0.3,0.0,harm,hybrid,0.001,tag,0.25,1.0,0,1.0600520372390747,0.00029658922392486405,4,4045,0.0125,141,1102
5,100,0.3,0.0,harm,hybrid,0.001,tag,0.25,1.0,0,1.0720033645629883,0.00029658922392486405,4,4045,0.0125,141,1102
5,100,0.3,0.0,harm,hybrid,0.001,tag,0.25,1.0,0,1.0839546918869019,0.00029658922392486405,4,4045,0.0125,141,1102
5,100,0.3,0.0,harm,hybrid,0.001,tag,0.25,1.0,0,1.095906138420105,0.00029658922392486405,4,4045,0.0125,141,1102
5,100,0.3,0.0,harm,hybrid,0.001,tag,0.25,1.0,0,1.1078574657440186,0.00029658922392486405,4,4045,0.0125,141,1102
5,100,0.3,0.0,harm,hybrid,0.001,tag,0.25,1.0,0,1.1198087930679321,0.0002842313395946614,4,4045,0.0,141,1102
5,100,0.3,0.0,harm,hybrid,0.001,tag,0.25,1.0,0,1.1317601203918457,0.0002718734552644587,4,4045,0.0,141,1102
5,100,0.3,0.0,harm,hybrid,0.001,tag,0.25,1.0,0,1.1437115669250488,0.000259515570934256,4,4045,0.0,141,1102
5,100,0.3,0.0,harm,hybrid,0.001,tag,0.25,1.0,0,1.1556628942489624,0.000259515570934256,4,4045,0.0,141,1102
5,100,0.3,0.0,harm,hybrid,0.001,tag,0.25,1.0,0,1.167614221572876,0.00024715768660405336,4,4045,0.0,141,1102
5,100,0.3,0.0,harm,hybrid,0.001,tag,0.25,1.0,0,1.1795655488967896,0.00024715768660405336,4,4045,0.0,141,1102
5,100,0.3,0.0,harm,hybrid,0.001,tag,0.25,1.0,0,1.1915169954299927,0.00024715768660405336,4,4045,0.0,141,1102
5,100,0.3,0.0,harm,hybrid,0.001,tag,0.25,1.0,0,1.2034683227539062,0.00024715768660405336,4,4045,0.0,141,1102
5,100,0.3,0.0,harm,hybrid,0.001,tag,0.25,1.0,0,1.2154196500778198,0.00024715768660405336,4,4045,0.0,141,1102
5,100,0.3,0.0,harm,hybrid,0.001,tag,0.25,1.0,0,1.227371096611023,0.00024715768660405336,4,4045,0.0,141,1102
5,100,0.3,0.0,harm,hybrid,0.001,tag,0.25,1.0,0,1.2393224239349365,0.00024715768660405336,4,4045,0.0,141,1102
5,100,0.3,0.0,harm,hybrid,0.001,tag,0.25,1.0,0,1.25127375125885,0.00024715768660405336,4,4045,0.0,141,1102
5,100,0.3,0.0,harm,hybrid,0.001,tag,0.25,1.0,0,1.2632250785827637,0.00024715768660405336,4,4045,0.0,141,1102
6,100,0.3,0.0,harm,hybrid,0.001,tag,0.25,1.0,0,0.04609692096710205,0.0024191557640088866,4,4050,0.11250000000000002,108,955
6,100,0.3,0.0,harm,hybrid,0.001,tag,0.25,1.0,0,0.05876820534467697,0.0024191557640088866,4,4050,0.11250000000000002,108,955
6,100,0.3,0.0,harm,hybrid,0.001,tag,0.25,1.0,0,0.07143948972225189,0.0024191557640088866,4,4050,0.11250000000000002,108,955
6,100,0.3,0.0,harm,hybrid,0.001,tag,0.25,1.0,0,0.08411078155040741,0.0024191557640088866,4,4050,0.11250000000000002,108,955
6,100,0.3,0.0,harm,hybrid,0.001,tag,0.25,1.0,0,0.09678206592798233,0.0024191557640088866,4,4050,0.11250000000000002,108,955
6,100,0.3,0.0,harm,hybrid,0.001,tag,0.25,1.0,0,0.10945335030555725,0.0024191557640088866,4,4050,0.11250000000000002,108,955
6,100,0.3,0.0,harm,hybrid,0.001,tag,0.25,1.0,0,0.12212464213371277,0.0024191557640088866,4,4050,0.11250000000000002,108,955
6,100,0.3,0.0,harm,hybrid,0.001,tag,0.25,1.0,0,0.1347959339618683,0.0024191557640088866,4,4050,0.11250000000000002,108,955
6,100,0.3,0.0,harm,hybrid,0.001,tag,0.25,1.0,0,0.1474672108888626,0.0024191557640088866,4,4050,0.11250000000000002,108,955
6,100,0.3,0.0,harm,hybrid,0.001,tag,0.25,1.0,0,0.16013848781585693,0.0024191557640088866,4,4050,0.11250000000000002,108,955
6,100,0.3,0.0,harm,hybrid,0.001,tag,0.25,1.0,0,0.17280977964401245,0.0024191557640088866,4,4050,0.11250000000000002,108,955
6,100,0.3,0.0,harm,hybrid,0.001,tag,0.25,1.0,0,0.18548107147216797,0.0024191557640088866,4,4050,0.11250000000000002,108,955
6,100,0.3,0.0,harm,hybrid,0.001,tag,0.25,1.0,0,0.1981523633003235,0.0024191557640088866,4,4050,0.11250000000000002,108,955
6,100,0.3,0.0,harm,hybrid,0.001,tag,0.25,1.0,0,0.2108236402273178,0.0024191557640088866,4,4050,0.11250000000000002,108,955
6,100,0.3,0.0,harm,hybrid,0.001,tag,0.25,1.0,0,0.22349493205547333,0.0024191557640088866,4,4050,0.11250000000000002,108,955
6,100,0.3,0.0,harm,hybrid,0.001,tag,0.25,1.0,0,0.23616620898246765,0.0024191557640088866,4,4050,0.11250000000000002,108,955
6,100,0.3,0.0,harm,hybrid,0.001,tag,0.25,1.0,0,0.24883750081062317,0.0024191557640088866,4,4050,0.11250000000000002,108,955
6,100,0.3,0.0,harm,hybrid,0.001,tag,0.25,1.0,0,0.2615087926387787,0.0024191557640088866,4,4050,0.11250000000000002,108,955
6,100,0.3,0.0,harm,hybrid,0.001,tag,0.25,1.0,0,0.2741800546646118,0.0024191557640088866,4,4050,0.11250000000000002,108,955
6,100,0.3,0.0,harm,hybrid,0.001,tag,0.25,1.0,0,0.28685134649276733,0.0024191557640088866,4,4050,0.11250000000000002,108,955
6,100,0.3,0.0,harm,hybrid,0.001,tag,0.25,1.0,0,0.29952263832092285,0.0024191557640088866,4,4050,0.11250000000000002,108,955
6,100,0.3,0.0,harm,hybrid,0.001,tag,0.25,1.0,0,0.31219393014907837,0.0024191557640088866,4,4050,0.11250000000000002,108,955
6,100,0.3,0.0,harm,hybrid,0.001,tag,0.25,1.0,0,0.3248652219772339,0.0024191557640088866,4,4050,0.11250000000000002,108,955
6,100,0.3,0.0,harm,hybrid,0.001,tag,0.25,1.0,0,0.3375365138053894,0.0024191557640088866,4,4050,0.11250000000000002,108,955
6,100,0.3,0.0,harm,hybrid,0.001,tag,0.25,1.0,0,0.3502078056335449,0.0024191557640088866,4,4050,0.11250000000000002,108,955
6,100,0.3,0.0,harm,hybrid,0.001,tag,0.25,1.0,0,0.36287906765937805,0.002394470501110837,4,4050,0.11250000000000002,108,955
6,100,0.3,0.0,harm,hybrid,0.001,tag,0.25,1.0,0,0.37555035948753357,0.0023821278696618126,4,4050,0.11250000000000002,108,955
6,100,0.3,0.0,harm,hybrid,0.001,tag,0.25,1.0,0,0.3882216513156891,0.0023821278696618126,4,4050,0.11250000000000002,108,955
6,100,0.3,0.0,harm,hybrid,0.001,tag,0.25,1.0,0,0.4008929431438446,0.0023821278696618126,4,4050,0.11250000000000002,108,955
6,100,0.3,0.0,harm,hybrid,0.001,tag,0.25,1.0,0,0.4135642349720001,0.0023697852382127873,4,4050,0.11250000000000002,108,955
6,100,0.3,0.0,harm,hybrid,0.001,tag,0.25,1.0,0,0.42623549699783325,0.0023697852382127873,4,4050,0.11250000000000002,108,955
6,100,0.3,0.0,harm,hybrid,0.001,tag,0.25,1.0,0,0.43890678882598877,0.0023450999753147368,4,4050,0.11250000000000002,108,955
6,100,0.3,0.0,harm,hybrid,0.001,tag,0.25,1.0,0,0.4515780806541443,0.0023450999753147368,4,4050,0.11250000000000002,108,955
6,100,0.3,0.0,harm,hybrid,0.001,tag,0.25,1.0,0,0.4642493724822998,0.0023327573438657124,4,4050,0.11250000000000002,108,955
6,100,0.3,0.0,harm,hybrid,0.001,tag,0.25,1.0,0,0.4769206643104553,0.0022587015551715625,4,4050,0.11250000000000002,108,955
6,100,0.3,0.0,harm,hybrid,0.001,tag,0.25,1.0,0,0.48959192633628845,0.002234016292273513,4,4050,0.11250000000000002,108,955
6,100,0.3,0.0,harm,hybrid,0.001,tag,0.25,1.0,0,0.5022631883621216,0.0022216736608244875,4,4050,0.11250000000000002,108,955
6,100,0.3,0.0,harm,hybrid,0.001,tag,0.25,1.0,0,0.5149345397949219,0.002196988397926438,4,4050,0.11250000000000002,108,955
6,100,0.3,0.0,harm,hybrid,0.001,tag,0.25,1.0,0,0.5276057720184326,0.002196988397926438,4,4050,0.11250000000000002,108,955
6,100,0.3,0.0,harm,hybrid,0.001,tag,0.25,1.0,0,0.5402771234512329,0.002159960503579363,4,4050,0.1,108,955
6,100,0.3,0.0,harm,hybrid,0.001,tag,0.25,1.0,0,0.5529483556747437,0.002172303135028388,4,4050,0.11250000000000002,108,955
6,100,0.3,0.0,harm,hybrid,0.001,tag,0.25,1.0,0,0.5656196475028992,0.0021352752406813133,4,4050,0.1,108,955
6,100,0.3,0.0,harm,hybrid,0.001,tag,0.25,1.0,0,0.5782909393310547,0.0021105899777832636,4,4050,0.1,108,955
6,100,0.3,0.0,harm,hybrid,0.001,tag,0.25,1.0,0,0.5909622311592102,0.0020735620834361887,4,4050,0.1,108,955
6,100,0.3,0.0,harm,hybrid,0.001,tag,0.25,1.0,0,0.6036335229873657,0.002061219451987164,4,4050,0.08750000000000001,108,955
6,100,0.3,0.0,harm,hybrid,0.001,tag,0.25,1.0,0,0.6163048148155212,0.0020365341890891137,4,4050,0.075,108,955
6,100,0.3,0.0,harm,hybrid,0.001,tag,0.25,1.0,0,0.6289761066436768,0.002011848926191064,4,4050,0.075,108,955
6,100,0.3,0.0,harm,hybrid,0.001,tag,0.25,1.0,0,0.6416473984718323,0.0019748210318439896,4,4050,0.0625,108,955
6,100,0.3,0.0,harm,hybrid,0.001,tag,0.25,1.0,0,0.6543186902999878,0.0019007652431498397,4,4050,0.0625,108,955
6,100,0.3,0.0,harm,hybrid,0.001,tag,0.25,1.0,0,0.6669899225234985,0.0018760799802517898,4,4050,0.0625,108,955
6,100,0.3,0.0,harm,hybrid,0.001,tag,0.25,1.0,0,0.679661214351654,0.0018513947173537397,4,4050,0.0625,108,955
6,100,0.3,0.0,harm,hybrid,0.001,tag,0.25,1.0,0,0.6923325061798096,0.0018513947173537397,4,4050,0.0625,108,955
6,100,0.3,0.0,harm,hybrid,0.001,tag,0.25,1.0,0,0.7050037980079651,0.001839052085904715,4,4050,0.0625,108,955
6,100,0.3,0.0,harm,hybrid,0.001,tag,0.25,1.0,0,0.7176750898361206,0.001814366823006665,4,4050,0.0625,108,955
6,100,0.3,0.0,harm,hybrid,0.001,tag,0.25,1.0,0,0.7303463816642761,0.0018020241915576401,4,4050,0.0625,108,955
6,100,0.3,0.0,harm,hybrid,0.001,tag,0.25,1.0,0,0.7430176734924316,0.0017649962972105654,4,4050,0.0625,108,955
6,100,0.3,0.0,harm,hybrid,0.001,tag,0.25,1.0,0,0.7556889653205872,0.0017279684028634905,4,4050,0.0625,108,955
6,100,0.3,0.0,harm,hybrid,0.001,tag,0.25,1.0,0,0.7683602571487427,0.001678597877067391,4,4050,0.0625,108,955
6,100,0.3,0.0,harm,hybrid,0.001,tag,0.25,1.0,0,0.7810315489768982,0.001629227351271291,4,4050,0.0625,108,955
6,100,0.3,0.0,harm,hybrid,0.001,tag,0.25,1.0,0,0.7937027812004089,0.0015798568254751914,4,4050,0.0625,108,955
6,100,0.3,0.0,harm,hybrid,0.001,tag,0.25,1.0,0,0.8063740730285645,0.0015428289311281164,4,4050,0.0625,108,955
6,100,0.3,0.0,harm,hybrid,0.001,tag,0.25,1.0,0,0.81904536485672,0.001431745248086892,4,4050,0.0625,108,955
6,100,0.3,0.0,harm,hybrid,0.001,tag,0.25,1.0,0,0.8317166566848755,0.0014070599851888422,4,4050,0.0625,108,955
6,100,0.3,0.0,harm,hybrid,0.001,tag,0.25,1.0,0,0.844387948513031,0.001283633670698593,4,4050,0.0625,108,955
6,100,0.3,0.0,harm,hybrid,0.001,tag,0.25,1.0,0,0.8570592403411865,0.0012095778820044435,4,4050,0.0625,108,955
6,100,0.3,0.0,harm,hybrid,0.001,tag,0.25,1.0,0,0.869730532169342,0.0011355220933102939,4,4050,0.0625,108,955
6,100,0.3,0.0,harm,hybrid,0.001,tag,0.25,1.0,0,0.8824018239974976,0.0010120957788200444,4,4050,0.0625,108,955
6,100,0.3,0.0,harm,hybrid,0.001,tag,0.25,1.0,0,0.8950731158256531,0.00092569735867687,4,4050,0.0625,108,955
6,100,0.3,0.0,harm,hybrid,0.001,tag,0.25,1.0,0,0.9077444076538086,0.0008516415699827203,4,4050,0.0625,108,955
6,100,0.3,0.0,harm,hybrid,0.001,tag,0.25,1.0,0,0.9204156994819641,0.0007775857812885709,4,4050,0.0625,108,955
6,100,0.3,0.0,harm,hybrid,0.001,tag,0.25,1.0,0,0.9330869317054749,0.000752900518390521,4,4050,0.0625,108,955
6,100,0.3,0.0,harm,hybrid,0.001,tag,0.25,1.0,0,0.9457582235336304,0.0006788447296963713,4,4050,0.0625,108,955
6,100,0.3,0.0,harm,hybrid,0.001,tag,0.25,1.0,0,0.9584295153617859,0.0006171315724512466,4,4050,0.0625,108,955
6,100,0.3,0.0,harm,hybrid,0.001,tag,0.25,1.0,0,0.9711008071899414,0.0005183905208590472,4,4050,0.05,108,955
6,100,0.3,0.0,harm,hybrid,0.001,tag,0.25,1.0,0,0.9837720990180969,0.0005060478894100222,4,4050,0.05,108,955
6,100,0.3,0.0,harm,hybrid,0.001,tag,0.25,1.0,0,0.9964433908462524,0.00041964946926684773,4,4050,0.025,108,955
6,100,0.3,0.0,harm,hybrid,0.001,tag,0.25,1.0,0,1.0091147422790527,0.00039496420636879785,4,4050,0.0125,108,955
6,100,0.3,0.0,harm,hybrid,0.001,tag,0.25,1.0,0,1.0217859745025635,0.0003826215749197729,4,4050,0.0125,108,955
6,100,0.3,0.0,harm,hybrid,0.001,tag,0.25,1.0,0,1.0344572067260742,0.0003332510491236732,4,4050,0.0125,108,955
6,100,0.3,0.0,harm,hybrid,0.001,tag,0.25,1.0,0,1.0471285581588745,0.00029622315477659836,4,4050,0.0,108,955
6,100,0.3,0.0,harm,hybrid,0.001,tag,0.25,1.0,0,1.0597997903823853,0.00028388052332757347,4,4050,0.0,108,955
6,100,0.3,0.0,harm,hybrid,0.001,tag,0.25,1.0,0,1.0724711418151855,0.0002715378918785485,4,4050,0.0,108,955
6,100,0.3,0.0,harm,hybrid,0.001,tag,0.25,1.0,0,1.0851423740386963,0.0002715378918785485,4,4050,0.0,108,955
6,100,0.3,0.0,harm,hybrid,0.001,tag,0.25,1.0,0,1.0978137254714966,0.0002715378918785485,4,4050,0.0,108,955
6,100,0.3,0.0,harm,hybrid,0.001,tag,0.25,1.0,0,1.1104849576950073,0.0002591952604295236,4,4050,0.0,108,955
6,100,0.3,0.0,harm,hybrid,0.001,tag,0.25,1.0,0,1.1231563091278076,0.0002591952604295236,4,4050,0.0,108,955
6,100,0.3,0.0,harm,hybrid,0.001,tag,0.25,1.0,0,1.1358275413513184,0.0002591952604295236,4,4050,0.0,108,955
6,100,0.3,0.0,harm,hybrid,0.001,tag,0.25,1.0,0,1.148498773574829,0.0002591952604295236,4,4050,0.0,108,955
6,100,0.3,0.0,harm,hybrid,0.001,tag,0.25,1.0,0,1.1611701250076294,0.0002591952604295236,4,4050,0.0,108,955
6,100,0.3,0.0,harm,hybrid,0.001,tag,0.25,1.0,0,1.1738413572311401,0.00024685262898049864,4,4050,0.0,108,955
6,100,0.3,0.0,harm,hybrid,0.001,tag,0.25,1.0,0,1.1865127086639404,0.00024685262898049864,4,4050,0.0,108,955
6,100,0.3,0.0,harm,hybrid,0.001,tag,0.25,1.0,0,1.1991839408874512,0.00024685262898049864,4,4050,0.0,108,955
6,100,0.3,0.0,harm,hybrid,0.001,tag,0.25,1.0,0,1.2118552923202515,0.00024685262898049864,4,4050,0.0,108,955
6,100,0.3,0.0,harm,hybrid,0.001,tag,0.25,1.0,0,1.2245265245437622,0.00024685262898049864,4,4050,0.0,108,955
6,100,0.3,0.0,harm,hybrid,0.001,tag,0.25,1.0,0,1.2371978759765625,0.00024685262898049864,4,4050,0.0,108,955
6,100,0.3,0.0,harm,hybrid,0.001,tag,0.25,1.0,0,1.2498691082000732,0.00024685262898049864,4,4050,0.0,108,955
6,100,0.3,0.0,harm,hybrid,0.001,tag,0.25,1.0,0,1.2625404596328735,0.00024685262898049864,4,4050,0.0,108,955
6,100,0.3,0.0,harm,hybrid,0.001,tag,0.25,1.0,0,1.2752116918563843,0.00024685262898049864,4,4050,0.0,108,955
6,100,0.3,0.0,harm,hybrid,0.001,tag,0.25,1.0,0,1.287882924079895,0.00024685262898049864,4,4050,0.0,108,955
6,100,0.3,0.0,harm,hybrid,0.001,tag,0.25,1.0,0,1.3005542755126953,0.00024685262898049864,4,4050,0.0,108,955
7,100,0.3,0.0,harm,hybrid,0.001,tag,0.25,1.0,0,0.047112464904785156,0.0025584255842558425,4,4064,0.175,107,919
7,100,0.3,0.0,harm,hybrid,0.001,tag,0.25,1.0,0,0.06021270900964737,0.0025584255842558425,4,4064,0.175,107,919
7,100,0.3,0.0,harm,hybrid,0.001,tag,0.25,1.0,0,0.07331295311450958,0.0025584255842558425,4,4064,0.175,107,919
7,100,0.3,0.0,harm,hybrid,0.001,tag,0.25,1.0,0,0.0864131897687912,0.0025584255842558425,4,4064,0.175,107,919
7,100,0.3,0.0,harm,hybrid,0.001,tag,0.25,1.0,0,0.09951344132423401,0.0025584255842558425,4,4064,0.175,107,919
7,100,0.3,0.0,harm,hybrid,0.001,tag,0.25,1.0,0,0.11261367797851562,0.0025584255842558425,4,4064,0.175,107,919
7,100,0.3,0.0,harm,hybrid,0.001,tag,0.25,1.0,0,0.12571391463279724,0.0025584255842558425,4,4064,0.175,107,919
7,100,0.3,0.0,harm,hybrid,0.001,tag,0.25,1.0,0,0.13881416618824005,0.0025584255842558425,4,4064,0.175,107,919
7,100,0.3,0.0,harm,hybrid,0.001,tag,0.25,1.0,0,0.15191441774368286,0.0025584255842558425,4,4064,0.175,107,919
7,100,0.3,0.0,harm,hybrid,0.001,tag,0.25,1.0,0,0.16501465439796448,0.0025584255842558425,4,4064,0.175,107,919
7,100,0.3,0.0,harm,hybrid,0.001,tag,0.25,1.0,0,0.1781148910522461,0.0025584255842558425,4,4064,0.175,107,919
7,100,0.3,0.0,harm,hybrid,0.001,tag,0.25,1.0,0,0.1912151426076889,0.0025584255842558425,4,4064,0.175,107,919
7,100,0.3,0.0,harm,hybrid,0.001,tag,0.25,1.0,0,0.20431537926197052,0.0025584255842558425,4,4064,0.175,107,919
7,100,0.3,0.0,harm,hybrid,0.001,tag,0.25,1.0,0,0.21741563081741333,0.0025584255842558425,4,4064,0.175,107,919
7,100,0.3,0.0,harm,hybrid,0.001,tag,0.25,1.0,0,0.23051586747169495,0.0025584255842558425,4,4064,0.175,107,919
7,100,0.3,0.0,harm,hybrid,0.001,tag,0.25,1.0,0,0.24361611902713776,0.0025584255842558425,4,4064,0.175,107,919
7,100,0.3,0.0,harm,hybrid,0.001,tag,0.25,1.0,0,0.25671637058258057,0.0025584255842558425,4,4064,0.175,107,919
7,100,0.3,0.0,harm,hybrid,0.001,tag,0.25,1.0,0,0.2698165774345398,0.0025584255842558425,4,4064,0.175,107,919
7,100,0.3,0.0,harm,hybrid,0.001,tag,0.25,1.0,0,0.2829168438911438,0.0025584255842558425,4,4064,0.175,107,919
7,100,0.3,0.0,harm,hybrid,0.001,tag,0.25,1.0,0,0.2960170805454254,0.0025584255842558425,4,4064,0.175,107,919
7,100,0.3,0.0,harm,hybrid,0.001,tag,0.25,1.0,0,0.30911731719970703,0.002546125461254613,4,4064,0.175,107,919
7,100,0.3,0.0,harm,hybrid,0.001,tag,0.25,1.0,0,0.32221758365631104,0.002546125461254613,4,4064,0.175,107,919
7,100,0.3,0.0,harm,hybrid,0.001,tag,0.25,1.0,0,0.33531782031059265,0.002546125461254613,4,4064,0.175,107,919
7,100,0.3,0.0,harm,hybrid,0.001,tag,0.25,1.0,0,0.34841805696487427,0.002546125461254613,4,4064,0.175,107,919
7,100,0.3,0.0,harm,hybrid,0.001,tag,0.25,1.0,0,0.3615182936191559,0.002546125461254613,4,4064,0.175,107,919
7,100,0.3,0.0,harm,hybrid,0.001,tag,0.25,1.0,0,0.3746185302734375,0.0025338253382533827,4,4064,0.16249999999999998,107,919
7,100,0.3,0.0,harm,hybrid,0.001,tag,0.25,1.0,0,0.3877187967300415,0.0025092250922509225,4,4064,0.16249999999999998,107,919
7,100,0.3,0.0,harm,hybrid,0.001,tag,0.25,1.0,0,0.4008190333843231,0.002496924969249693,4,4064,0.16249999999999998,107,919
7,100,0.3,0.0,harm,hybrid,0.001,tag,0.25,1.0,0,0.41391927003860474,0.0024600246002460025,4,4064,0.15,107,919
7,100,0.3,0.0,harm,hybrid,0.001,tag,0.25,1.0,0,0.42701950669288635,0.0024477244772447724,4,4064,0.1375,107,919
7,100,0.3,0.0,harm,hybrid,0.001,tag,0.25,1.0,0,0.44011977314949036,0.0024354243542435428,4,4064,0.1375,107,919
7,100,0.3,0.0,harm,hybrid,0.001,tag,0.25,1.0,0,0.453220009803772,0.0023985239852398524,4,4064,0.1375,107,919
7,100,0.3,0.0,harm,hybrid,0.001,tag,0.25,1.0,0,0.4663202464580536,0.002361623616236163,4,4064,0.125,107,919
7,100,0.3,0.0,harm,hybrid,0.001,tag,0.25,1.0,0,0.4794204831123352,0.002287822878228783,4,4064,0.1125,107,919
7,100,0.3,0.0,harm,hybrid,0.001,tag,0.25,1.0,0,0.4925207197666168,0.0022263222632226327,4,4064,0.1125,107,919
7,100,0.3,0.0,harm,hybrid,0.001,tag,0.25,1.0,0,0.5056209564208984,0.0022263222632226327,4,4064,0.1125,107,919
7,100,0.3,0.0,harm,hybrid,0.001,tag,0.25,1.0,0,0.5187212228775024,0.0022017220172201725,4,4064,0.1125,107,919
7,100,0.3,0.0,harm,hybrid,0.001,tag,0.25,1.0,0,0.5318214893341064,0.0021648216482164826,4,4064,0.1125,107,919
7,100,0.3,0.0,harm,hybrid,0.001,tag,0.25,1.0,0,0.5449216961860657,0.002115621156211562,4,4064,0.1125,107,919
7,100,0.3,0.0,harm,hybrid,0.001,tag,0.25,1.0,0,0.5580219626426697,0.002115621156211562,4,4064,0.1125,107,919
7,100,0.3,0.0,harm,hybrid,0.001,tag,0.25,1.0,0,0.5711221694946289,0.002103321033210332,4,4064,0.1125,107,919
7,100,0.3,0.0,harm,hybrid,0.001,tag,0.25,1.0,0,0.5842224359512329,0.0020418204182041824,4,4064,0.1,107,919
7,100,0.3,0.0,harm,hybrid,0.001,tag,0.25,1.0,0,0.5973227024078369,0.002017220172201722,4,4064,0.0875,107,919
7,100,0.3,0.0,harm,hybrid,0.001,tag,0.25,1.0,0,0.6104229092597961,0.001992619926199262,4,4064,0.07500000000000001,107,919
7,100,0.3,0.0,harm,hybrid,0.001,tag,0.25,1.0,0,0.6235231757164001,0.001992619926199262,4,4064,0.07500000000000001,107,919
7,100,0.3,0.0,harm,hybrid,0.001,tag,0.25,1.0,0,0.6366233825683594,0.001992619926199262,4,4064,0.07500000000000001,107,919
7,100,0.3,0.0,harm,hybrid,0.001,tag,0.25,1.0,0,0.6497236490249634,0.0019803198031980323,4,4064,0.07500000000000001,107,919
7,100,0.3,0.0,harm,hybrid,0.001,tag,0.25,1.0,0,0.6628239154815674,0.001943419434194342,4,4064,0.07500000000000001,107,919
7,100,0.3,0.0,harm,hybrid,0.001,tag,0.25,1.0,0,0.6759241223335266,0.001918819188191882,4,4064,0.07500000000000001,107,919
7,100,0.3,0.0,harm,hybrid,0.001,tag,0.25,1.0,0,0.6890243887901306,0.0019065190651906519,4,4064,0.07500000000000001,107,919
7,100,0.3,0.0,harm,hybrid,0.001,tag,0.25,1.0,0,0.7021245956420898,0.0018696186961869622,4,4064,0.07500000000000001,107,919
7,100,0.3,0.0,harm,hybrid,0.001,tag,0.25,1.0,0,0.7152248620986938,0.0017958179581795818,4,4064,0.07500000000000001,107,919
7,100,0.3,0.0,harm,hybrid,0.001,tag,0.25,1.0,0,0.7283251285552979,0.0017712177121771216,4,4064,0.07500000000000001,107,919
7,100,0.3,0.0,harm,hybrid,0.001,tag,0.25,1.0,0,0.7414253354072571,0.0017466174661746616,4,4064,0.07500000000000001,107,919
7,100,0.3,0.0,harm,hybrid,0.001,tag,0.25,1.0,0,0.7545256018638611,0.0017220172201722016,4,4064,0.07500000000000001,107,919
7,100,0.3,0.0,harm,hybrid,0.001,tag,0.25,1.0,0,0.7676258683204651,0.0016851168511685115,4,4064,0.07500000000000001,107,919
7,100,0.3,0.0,harm,hybrid,0.001,tag,0.25,1.0,0,0.7807260751724243,0.0016605166051660517,4,4064,0.07500000000000001,107,919
7,100,0.3,0.0,harm,hybrid,0.001,tag,0.25,1.0,0,0.7938263416290283,0.0016236162361623618,4,4064,0.07500000000000001,107,919
7,100,0.3,0.0,harm,hybrid,0.001,tag,0.25,1.0,0,0.8069265484809875,0.0015498154981549816,4,4064,0.07500000000000001,107,919
7,100,0.3,0.0,harm,hybrid,0.001,tag,0.25,1.0,0,0.8200268149375916,0.0014391143911439113,4,4064,0.07500000000000001,107,919
7,100,0.3,0.0,harm,hybrid,0.001,tag,0.25,1.0,0,0.8331270813941956,0.0013653136531365313,4,4064,0.07500000000000001,107,919
7,100,0.3,0.0,harm,hybrid,0.001,tag,0.25,1.0,0,0.8462272882461548,0.0013161131611316114,4,4064,0.07500000000000001,107,919
7,100,0.3,0.0,harm,hybrid,0.001,tag,0.25,1.0,0,0.8593275547027588,0.0012546125461254615,4,4064,0.07500000000000001,107,919
7,100,0.3,0.0,harm,hybrid,0.001,tag,0.25,1.0,0,0.872427761554718,0.001230012300123001,4,4064,0.07500000000000001,107,919
7,100,0.3,0.0,harm,hybrid,0.001,tag,0.25,1.0,0,0.885528028011322,0.0011439114391143912,4,4064,0.07500000000000001,107,919
7,100,0.3,0.0,harm,hybrid,0.001,tag,0.25,1.0,0,0.898628294467926,0.001045510455104551,4,4064,0.07500000000000001,107,919
7,100,0.3,0.0,harm,hybrid,0.001,tag,0.25,1.0,0,0.9117285013198853,0.000996309963099631,4,4064,0.07500000000000001,107,919
7,100,0.3,0.0,harm,hybrid,0.001,tag,0.25,1.0,0,0.9248287677764893,0.000873308733087331,4,4064,0.07500000000000001,107,919
7,100,0.3,0.0,harm,hybrid,0.001,tag,0.25,1.0,0,0.9379289746284485,0.0008241082410824108,4,4064,0.07500000000000001,107,919
7,100,0.3,0.0,harm,hybrid,0.001,tag,0.25,1.0,0,0.9510292410850525,0.0007380073800738007,4,4064,0.07500000000000001,107,919
7,100,0.3,0.0,harm,hybrid,0.001,tag,0.25,1.0,0,0.9641295075416565,0.0006888068880688807,4,4064,0.07500000000000001,107,919
7,100,0.3,0.0,harm,hybrid,0.001,tag,0.25,1.0,0,0.9772297143936157,0.0005781057810578105,4,4064,0.07500000000000001,107,919
7,100,0.3,0.0,harm,hybrid,0.001,tag,0.25,1.0,0,0.9903299808502197,0.0005289052890528904,4,4064,0.07500000000000001,107,919
7,100,0.3,0.0,harm,hybrid,0.001,tag,0.25,1.0,0,1.0034301280975342,0.00046740467404674045,4,4064,0.07500000000000001,107,919
7,100,0.3,0.0,harm,hybrid,0.001,tag,0.25,1.0,0,1.0165305137634277,0.00041820418204182046,4,4064,0.05,107,919
7,100,0.3,0.0,harm,hybrid,0.001,tag,0.25,1.0,0,1.0296306610107422,0.00035670356703567036,4,4064,0.037500000000000006,107,919
7,100,0.3,0.0,harm,hybrid,0.001,tag,0.25,1.0,0,1.0427309274673462,0.0003198031980319803,4,4064,0.037500000000000006,107,919
7,100,0.3,0.0,harm,hybrid,0.001,tag,0.25,1.0,0,1.0558311939239502,0.00029520295202952026,4,4064,0.025,107,919
7,100,0.3,0.0,harm,hybrid,0.001,tag,0.25,1.0,0,1.0689314603805542,0.00027060270602706027,4,4064,0.0125,107,919
7,100,0.3,0.0,harm,hybrid,0.001,tag,0.25,1.0,0,1.0820317268371582,0.0002583025830258302,4,4064,0.0125,107,919
7,100,0.3,0.0,harm,hybrid,0.001,tag,0.25,1.0,0,1.0951318740844727,0.0002583025830258302,4,4064,0.0125,107,919
7,100,0.3,0.0,harm,hybrid,0.001,tag,0.25,1.0,0,1.1082321405410767,0.0002460024600246002,4,4064,0.0,107,919
7,100,0.3,0.0,harm,hybrid,0.001,tag,0.25,1.0,0,1.1213324069976807,0.0002460024600246002,4,4064,0.0,107,919
7,100,0.3,0.0,harm,hybrid,0.001,tag,0.25,1.0,0,1.1344326734542847,0.0002460024600246002,4,4064,0.0,107,919
7,100,0.3,0.0,harm,hybrid,0.001,tag,0.25,1.0,0,1.1475329399108887,0.0002460024600246002,4,4064,0.0,107,919
7,100,0.3,0.0,harm,hybrid,0.001,tag,0.25,1.0,0,1.1606330871582031,0.0002460024600246002,4,4064,0.0,107,919
7,100,0.3,0.0,harm,hybrid,0.001,tag,0.25,1.0,0,1.1737333536148071,0.0002460024600246002,4,4064,0.0,107,919
7,100,0.3,0.0,harm,hybrid,0.001,tag,0.25,1.0,0,1.1868336200714111,0.0002460024600246002,4,4064,0.0,107,919
7,100,0.3,0.0,harm,hybrid,0.001,tag,0.25,1.0,0,1.1999338865280151,0.0002460024600246002,4,4064,0.0,107,919
7,100,0.3,0.0,harm,hybrid,0.001,tag,0.25,1.0,0,1.2130341529846191,0.0002460024600246002,4,4064,0.0,107,919
7,100,0.3,0.0,harm,hybrid,0.001,tag,0.25,1.0,0,1.2261343002319336,0.0002460024600246002,4,4064,0.0,107,919
7,100,0.3,0.0,harm,hybrid,0.001,tag,0.25,1.0,0,1.2392345666885376,0.0002460024600246002,4,4064,0.0,107,919
7,100,0.3,0.0,harm,hybrid,0.001,tag,0.25,1.0,0,1.2523348331451416,0.0002460024600246002,4,4064,0.0,107,919
7,100,0.3,0.0,harm,hybrid,0.001,tag,0.25,1.0,0,1.2654350996017456,0.0002460024600246002,4,4064,0.0,107,919
7,100,0.3,0.0,harm,hybrid,0.001,tag,0.25,1.0,0,1.2785353660583496,0.0002460024600246002,4,4064,0.0,107,919
7,100,0.3,0.0,harm,hybrid,0.001,tag,0.25,1.0,0,1.291635513305664,0.0002460024600246002,4,4064,0.0,107,919
7,100,0.3,0.0,harm,hybrid,0.001,tag,0.25,1.0,0,1.304735779762268,0.0002460024600246002,4,4064,0.0,107,919
7,100,0.3,0.0,harm,hybrid,0.001,tag,0.25,1.0,0,1.317836046218872,0.0002460024600246002,4,4064,0.0,107,919
7,100,0.3,0.0,harm,hybrid,0.001,tag,0.25,1.0,0,1.330936312675476,0.0002460024600246002,4,4064,0.0,107,919
7,100,0.3,0.0,harm,hybrid,0.001,tag,0.25,1.0,0,1.34403657913208,0.0002460024600246002,4,4064,0.0,107,919
8,100,0.3,0.0,harm,hybrid,0.001,tag,0.25,1.0,0,0.07922777533531189,0.0024378231962570796,4,4060,0.21250000000000002,121,980
8,100,0.3,0.0,harm,hybrid,0.001,tag,0.25,1.0,0,0.0916549414396286,0.0024378231962570796,4,4060,0.21250000000000002,121,980
8,100,0.3,0.0,harm,hybrid,0.001,tag,0.25,1.0,0,0.10408211499452591,0.0024378231962570796,4,4060,0.21250000000000002,121,980
8,100,0.3,0.0,harm,hybrid,0.001,tag,0.25,1.0,0,0.11650928109884262,0.0024378231962570796,4,4060,0.21250000000000002,121,980
8,100,0.3,0.0,harm,hybrid,0.001,tag,0.25,1.0,0,0.12893645465373993,0.0024378231962570796,4,4060,0.21250000000000002,121,980
8,100,0.3,0.0,harm,hybrid,0.001,tag,0.25,1.0,0,0.14136362075805664,0.0024378231962570796,4,4060,0.21250000000000002,121,980
8,100,0.3,0.0,harm,hybrid,0.001,tag,0.25,1.0,0,0.15379078686237335,0.0024378231962570796,4,4060,0.21250000000000002,121,980
8,100,0.3,0.0,harm,hybrid,0.001,tag,0.25,1.0,0,0.16621795296669006,0.0024378231962570796,4,4060,0.21250000000000002,121,980
8,100,0.3,0.0,harm,hybrid,0.001,tag,0.25,1.0,0,0.17864513397216797,0.0024378231962570796,4,4060,0.21250000000000002,121,980
8,100,0.3,0.0,harm,hybrid,0.001,tag,0.25,1.0,0,0.1910722851753235,0.0024378231962570796,4,4060,0.21250000000000002,121,980
8,100,0.3,0.0,harm,hybrid,0.001,tag,0.25,1.0,0,0.2034994661808014,0.0024378231962570796,4,4060,0.21250000000000002,121,980
8,100,0.3,0.0,harm,hybrid,0.001,tag,0.25,1.0,0,0.2159266322851181,0.0024378231962570796,4,4060,0.21250000000000002,121,980
8,100,0.3,0.0,harm,hybrid,0.001,tag,0.25,1.0,0,0.22835379838943481,0.0024378231962570796,4,4060,0.21250000000000002,121,980
8,100,0.3,0.0,harm,hybrid,0.001,tag,0.25,1.0,0,0.24078096449375153,0.0024378231962570796,4,4060,0.21250000000000002,121,980
8,100,0.3,0.0,harm,hybrid,0.001,tag,0.25,1.0,0,0.2532081604003906,0.0024378231962570796,4,4060,0.21250000000000002,121,980
8,100,0.3,0.0,harm,hybrid,0.001,tag,0.25,1.0,0,0.26563531160354614,0.0024378231962570796,4,4060,0.21250000000000002,121,980
8,100,0.3,0.0,harm,hybrid,0.001,tag,0.25,1.0,0,0.27806246280670166,0.0024378231962570796,4,4060,0.21250000000000002,121,980
8,100,0.3,0.0,harm,hybrid,0.001,tag,0.25,1.0,0,0.29048964381217957,0.0024378231962570796,4,4060,0.21250000000000002,121,980
8,100,0.3,0.0,harm,hybrid,0.001,tag,0.25,1.0,0,0.30291682481765747,0.0024378231962570796,4,4060,0.21250000000000002,121,980
8,100,0.3,0.0,harm,hybrid,0.001,tag,0.25,1.0,0,0.315343976020813,0.0024378231962570796,4,4060,0.21250000000000002,121,980
8,100,0.3,0.0,harm,hybrid,0.001,tag,0.25,1.0,0,0.3277711570262909,0.0024255109578921455,4,4060,0.2,121,980
8,100,0.3,0.0,harm,hybrid,0.001,tag,0.25,1.0,0,0.3401983082294464,0.0024255109578921455,4,4060,0.2,121,980
8,100,0.3,0.0,harm,hybrid,0.001,tag,0.25,1.0,0,0.3526254892349243,0.0024008864811622755,4,4060,0.1875,121,980
8,100,0.3,0.0,harm,hybrid,0.001,tag,0.25,1.0,0,0.3650526702404022,0.0023639497660674713,4,4060,0.1875,121,980
8,100,0.3,0.0,harm,hybrid,0.001,tag,0.25,1.0,0,0.37747982144355774,0.0023639497660674713,4,4060,0.1875,121,980
8,100,0.3,0.0,harm,hybrid,0.001,tag,0.25,1.0,0,0.38990700244903564,0.0023516375277025364,4,4060,0.175,121,980
8,100,0.3,0.0,harm,hybrid,0.001,tag,0.25,1.0,0,0.40233415365219116,0.0023516375277025364,4,4060,0.175,121,980
8,100,0.3,0.0,harm,hybrid,0.001,tag,0.25,1.0,0,0.41476133465766907,0.0023516375277025364,4,4060,0.175,121,980
8,100,0.3,0.0,harm,hybrid,0.001,tag,0.25,1.0,0,0.427188515663147,0.0023393252893376014,4,4060,0.175,121,980
8,100,0.3,0.0,harm,hybrid,0.001,tag,0.25,1.0,0,0.4396156668663025,0.0023023885742427972,4,4060,0.175,121,980
8,100,0.3,0.0,harm,hybrid,0.001,tag,0.25,1.0,0,0.4520428478717804,0.002277764097512928,4,4060,0.16249999999999998,121,980
8,100,0.3,0.0,harm,hybrid,0.001,tag,0.25,1.0,0,0.4644699990749359,0.002277764097512928,4,4060,0.16249999999999998,121,980
8,100,0.3,0.0,harm,hybrid,0.001,tag,0.25,1.0,0,0.4768971800804138,0.002253139620783058,4,4060,0.15000000000000002,121,980
8,100,0.3,0.0,harm,hybrid,0.001,tag,0.25,1.0,0,0.4893243610858917,0.002240827382418124,4,4060,0.1375,121,980
8,100,0.3,0.0,harm,hybrid,0.001,tag,0.25,1.0,0,0.5017515420913696,0.002216202905688254,4,4060,0.125,121,980
8,100,0.3,0.0,harm,hybrid,0.001,tag,0.25,1.0,0,0.5141786932945251,0.0021546417138635803,4,4060,0.0875,121,980
8,100,0.3,0.0,harm,hybrid,0.001,tag,0.25,1.0,0,0.5266058444976807,0.0021423294754986453,4,4060,0.075,121,980
8,100,0.3,0.0,harm,hybrid,0.001,tag,0.25,1.0,0,0.539033055305481,0.0021300172371337108,4,4060,0.075,121,980
8,100,0.3,0.0,harm,hybrid,0.001,tag,0.25,1.0,0,0.5514602065086365,0.0021300172371337108,4,4060,0.075,121,980
8,100,0.3,0.0,harm,hybrid,0.001,tag,0.25,1.0,0,0.563887357711792,0.0021053927604038417,4,4060,0.075,121,980
8,100,0.3,0.0,harm,hybrid,0.001,tag,0.25,1.0,0,0.5763145685195923,0.0020561438069441025,4,4060,0.075,121,980
8,100,0.3,0.0,harm,hybrid,0.001,tag,0.25,1.0,0,0.588741660118103,0.002043831568579168,4,4060,0.075,121,980
8,100,0.3,0.0,harm,hybrid,0.001,tag,0.25,1.0,0,0.6011688709259033,0.002043831568579168,4,4060,0.0625,121,980
8,100,0.3,0.0,harm,hybrid,0.001,tag,0.25,1.0,0,0.6135960817337036,0.001994582615119429,4,4060,0.075,121,980
8,100,0.3,0.0,harm,hybrid,0.001,tag,0.25,1.0,0,0.6260231733322144,0.0019699581383895593,4,4060,0.0625,121,980
8,100,0.3,0.0,harm,hybrid,0.001,tag,0.25,1.0,0,0.6384503841400146,0.0019699581383895593,4,4060,0.0625,121,980
8,100,0.3,0.0,harm,hybrid,0.001,tag,0.25,1.0,0,0.6508775949478149,0.0019207091849298202,4,4060,0.0625,121,980
8,100,0.3,0.0,harm,hybrid,0.001,tag,0.25,1.0,0,0.6633046865463257,0.001883772469835016,4,4060,0.0625,121,980
8,100,0.3,0.0,harm,hybrid,0.001,tag,0.25,1.0,0,0.675731897354126,0.0018591479931051465,4,4060,0.0625,121,980
8,100,0.3,0.0,harm,hybrid,0.001,tag,0.25,1.0,0,0.6881591081619263,0.0018098990396454076,4,4060,0.0625,121,980
8,100,0.3,0.0,harm,hybrid,0.001,tag,0.25,1.0,0,0.700586199760437,0.0017975868012804729,4,4060,0.0625,121,980
8,100,0.3,0.0,harm,hybrid,0.001,tag,0.25,1.0,0,0.7130134105682373,0.001736025609455799,4,4060,0.0625,121,980
8,100,0.3,0.0,harm,hybrid,0.001,tag,0.25,1.0,0,0.725440502166748,0.00168677665599606,4,4060,0.0625,121,980
8,100,0.3,0.0,harm,hybrid,0.001,tag,0.25,1.0,0,0.7378677129745483,0.0016744644176311255,4,4060,0.0625,121,980
8,100,0.3,0.0,harm,hybrid,0.001,tag,0.25,1.0,0,0.7502949237823486,0.0016621521792661905,4,4060,0.0625,121,980
8,100,0.3,0.0,harm,hybrid,0.001,tag,0.25,1.0,0,0.7627220153808594,0.0016005909874415168,4,4060,0.0625,121,980
8,100,0.3,0.0,harm,hybrid,0.001,tag,0.25,1.0,0,0.7751492261886597,0.001551342033981778,4,4060,0.0625,121,980
8,100,0.3,0.0,harm,hybrid,0.001,tag,0.25,1.0,0,0.78757643699646,0.0015390297956168432,4,4060,0.0625,121,980
8,100,0.3,0.0,harm,hybrid,0.001,tag,0.25,1.0,0,0.8000035285949707,0.0015020930805220388,4,4060,0.0625,121,980
8,100,0.3,0.0,harm,hybrid,0.001,tag,0.25,1.0,0,0.812430739402771,0.0014035951736025608,4,4060,0.0625,121,980
8,100,0.3,0.0,harm,hybrid,0.001,tag,0.25,1.0,0,0.8248579502105713,0.0012927850283181485,4,4060,0.0625,121,980
8,100,0.3,0.0,harm,hybrid,0.001,tag,0.25,1.0,0,0.837285041809082,0.0011942871213986702,4,4060,0.0625,121,980
8,100,0.3,0.0,harm,hybrid,0.001,tag,0.25,1.0,0,0.8497122526168823,0.0011573504063038661,4,4060,0.0625,121,980
8,100,0.3,0.0,harm,hybrid,0.001,tag,0.25,1.0,0,0.8621394634246826,0.0011327259295739966,4,4060,0.0625,121,980
8,100,0.3,0.0,harm,hybrid,0.001,tag,0.25,1.0,0,0.8745665550231934,0.0010711647377493229,4,4060,0.0625,121,980
8,100,0.3,0.0,harm,hybrid,0.001,tag,0.25,1.0,0,0.8869937658309937,0.0009972913075597142,4,4060,0.0625,121,980
8,100,0.3,0.0,harm,hybrid,0.001,tag,0.25,1.0,0,0.899420976638794,0.0009603545924649102,4,4060,0.0625,121,980
8,100,0.3,0.0,harm,hybrid,0.001,tag,0.25,1.0,0,0.9118480682373047,0.0008618566855454323,4,4060,0.0625,121,980
8,100,0.3,0.0,harm,hybrid,0.001,tag,0.25,1.0,0,0.924275279045105,0.000775671016990889,4,4060,0.0625,121,980
8,100,0.3,0.0,harm,hybrid,0.001,tag,0.25,1.0,0,0.9367023706436157,0.0006894853484363457,4,4060,0.0625,121,980
8,100,0.3,0.0,harm,hybrid,0.001,tag,0.25,1.0,0,0.949129581451416,0.0006525486333415415,4,4060,0.0625,121,980
8,100,0.3,0.0,harm,hybrid,0.001,tag,0.25,1.0,0,0.9615567922592163,0.0005540507264220635,4,4060,0.037500000000000006,121,980
8,100,0.3,0.0,harm,hybrid,0.001,tag,0.25,1.0,0,0.973983883857727,0.0004924895345973898,4,4060,0.025,121,980
8,100,0.3,0.0,harm,hybrid,0.001,tag,0.25,1.0,0,0.9864110946655273,0.00036936715094804237,4,4060,0.0125,121,980
8,100,0.3,0.0,harm,hybrid,0.001,tag,0.25,1.0,0,0.9988383054733276,0.00035705491258310765,4,4060,0.0125,121,980
8,100,0.3,0.0,harm,hybrid,0.001,tag,0.25,1.0,0,1.0112653970718384,0.00034474267421817287,4,4060,0.0125,121,980
8,100,0.3,0.0,harm,hybrid,0.001,tag,0.25,1.0,0,1.0236926078796387,0.00030780595912336864,4,4060,0.0125,121,980
8,100,0.3,0.0,harm,hybrid,0.001,tag,0.25,1.0,0,1.036119818687439,0.0002954937207584339,4,4060,0.0125,121,980
8,100,0.3,0.0,harm,hybrid,0.001,tag,0.25,1.0,0,1.0485469102859497,0.00025855700566362964,4,4060,0.0,121,980
8,100,0.3,0.0,harm,hybrid,0.001,tag,0.25,1.0,0,1.06097412109375,0.00025855700566362964,4,4060,0.0,121,980
8,100,0.3,0.0,harm,hybrid,0.001,tag,0.25,1.0,0,1.0734013319015503,0.0002462447672986949,4,4060,0.0,121,980
8,100,0.3,0.0,harm,hybrid,0.001,tag,0.25,1.0,0,1.0858285427093506,0.0002462447672986949,4,4060,0.0,121,980
8,100,0.3,0.0,harm,hybrid,0.001,tag,0.25,1.0,0,1.0982556343078613,0.0002462447672986949,4,4060,0.0,121,980
8,100,0.3,0.0,harm,hybrid,0.001,tag,0.25,1.0,0,1.1106828451156616,0.0002462447672986949,4,4060,0.0,121,980
8,100,0.3,0.0,harm,hybrid,0.001,tag,0.25,1.0,0,1.1231099367141724,0.0002462447672986949,4,4060,0.0,121,980
8,100,0.3,0.0,harm,hybrid,0.001,tag,0.25,1.0,0,1.1355371475219727,0.0002462447672986949,4,4060,0.0,121,980
8,100,0.3,0.0,harm,hybrid,0.001,tag,0.25,1.0,0,1.147964358329773,0.0002462447672986949,4,4060,0.0,121,980
8,100,0.3,0.0,harm,hybrid,0.001,tag,0.25,1.0,0,1.1603914499282837,0.0002462447672986949,4,4060,0.0,121,980
8,100,0.3,0.0,harm,hybrid,0.001,tag,0.25,1.0,0,1.172818660736084,0.0002462447672986949,4,4060,0.0,121,980
8,100,0.3,0.0,harm,hybrid,0.001,tag,0.25,1.0,0,1.1852458715438843,0.0002462447672986949,4,4060,0.0,121,980
8,100,0.3,0.0,harm,hybrid,0.001,tag,0.25,1.0,0,1.197672963142395,0.0002462447672986949,4,4060,0.0,121,980
8,100,0.3,0.0,harm,hybrid,0.001,tag,0.25,1.0,0,1.2101001739501953,0.0002462447672986949,4,4060,0.0,121,980
8,100,0.3,0.0,harm,hybrid,0.001,tag,0.25,1.0,0,1.2225273847579956,0.0002462447672986949,4,4060,0.0,121,980
8,100,0.3,0.0,harm,hybrid,0.001,tag,0.25,1.0,0,1.2349544763565063,0.0002462447672986949,4,4060,0.0,121,980
8,100,0.3,0.0,harm,hybrid,0.001,tag,0.25,1.0,0,1.2473816871643066,0.0002462447672986949,4,4060,0.0,121,980
8,100,0.3,0.0,harm,hybrid,0.001,tag,0.25,1.0,0,1.259808897972107,0.0002462447672986949,4,4060,0.0,121,980
8,100,0.3,0.0,harm,hybrid,0.001,tag,0.25,1.0,0,1.2722359895706177,0.0002462447672986949,4,4060,0.0,121,980
8,100,0.3,0.0,harm,hybrid,0.001,tag,0.25,1.0,0,1.284663200378418,0.0002462447672986949,4,4060,0.0,121,980
8,100,0.3,0.0,harm,hybrid,0.001,tag,0.25,1.0,0,1.2970904111862183,0.0002462447672986949,4,4060,0.0,121,980
8,100,0.3,0.0,harm,hybrid,0.001,tag,0.25,1.0,0,1.309517502784729,0.0002462447672986949,4,4060,0.0,121,980
9,100,0.3,0.0,harm,hybrid,0.001,tag,0.25,1.0,0,0.0,0.0025934119960668634,4,4067,0.1875,106,922
9,100,0.3,0.0,harm,hybrid,0.001,tag,0.25,1.0,0,0.013008207082748413,0.0025934119960668634,4,4067,0.1875,106,922
9,100,0.3,0.0,harm,hybrid,0.001,tag,0.25,1.0,0,0.026016414165496826,0.0025934119960668634,4,4067,0.1875,106,922
9,100,0.3,0.0,harm,hybrid,0.001,tag,0.25,1.0,0,0.03902462124824524,0.0025934119960668634,4,4067,0.1875,106,922
9,100,0.3,0.0,harm,hybrid,0.001,tag,0.25,1.0,0,0.05203282833099365,0.0025934119960668634,4,4067,0.1875,106,922
9,100,0.3,0.0,harm,hybrid,0.001,tag,0.25,1.0,0,0.06504103541374207,0.0025934119960668634,4,4067,0.1875,106,922
9,100,0.3,0.0,harm,hybrid,0.001,tag,0.25,1.0,0,0.07804924249649048,0.0025934119960668634,4,4067,0.1875,106,922
9,100,0.3,0.0,harm,hybrid,0.001,tag,0.25,1.0,0,0.09105744957923889,0.0025934119960668634,4,4067,0.1875,106,922
9,100,0.3,0.0,harm,hybrid,0.001,tag,0.25,1.0,0,0.1040656566619873,0.0025934119960668634,4,4067,0.1875,106,922
9,100,0.3,0.0,harm,hybrid,0.001,tag,0.25,1.0,0,0.11707386374473572,0.0025934119960668634,4,4067,0.1875,106,922
9,100,0.3,0.0,harm,hybrid,0.001,tag,0.25,1.0,0,0.13008207082748413,0.0025934119960668634,4,4067,0.1875,106,922
9,100,0.3,0.0,harm,hybrid,0.001,tag,0.25,1.0,0,0.14309027791023254,0.0025934119960668634,4,4067,0.1875,106,922
9,100,0.3,0.0,harm,hybrid,0.001,tag,0.25,1.0,0,0.15609848499298096,0.0025934119960668634,4,4067,0.1875,106,922
9,100,0.3,0.0,harm,hybrid,0.001,tag,0.25,1.0,0,0.16910669207572937,0.0025934119960668634,4,4067,0.1875,106,922
9,100,0.3,0.0,harm,hybrid,0.001,tag,0.25,1.0,0,0.18211489915847778,0.0025934119960668634,4,4067,0.1875,106,922
9,100,0.3,0.0,harm,hybrid,0.001,tag,0.25,1.0,0,0.1951231062412262,0.0025934119960668634,4,4067,0.1875,106,922
9,100,0.3,0.0,harm,hybrid,0.001,tag,0.25,1.0,0,0.2081313133239746,0.0025934119960668634,4,4067,0.1875,106,922
9,100,0.3,0.0,harm,hybrid,0.001,tag,0.25,1.0,0,0.22113952040672302,0.0025811209439528023,4,4067,0.175,106,922
9,100,0.3,0.0,harm,hybrid,0.001,tag,0.25,1.0,0,0.23414772748947144,0.0025811209439528023,4,4067,0.175,106,922
9,100,0.3,0.0,harm,hybrid,0.001,tag,0.25,1.0,0,0.24715593457221985,0.0025811209439528023,4,4067,0.175,106,922
9,100,0.3,0.0,harm,hybrid,0.001,tag,0.25,1.0,0,0.26016414165496826,0.0025811209439528023,4,4067,0.175,106,922
9,100,0.3,0.0,harm,hybrid,0.001,tag,0.25,1.0,0,0.2731723487377167,0.0025811209439528023,4,4067,0.175,106,922
9,100,0.3,0.0,harm,hybrid,0.001,tag,0.25,1.0,0,0.2861805558204651,0.0025811209439528023,4,4067,0.175,106,922
9,100,0.3,0.0,harm,hybrid,0.001,tag,0.25,1.0,0,0.2991887629032135,0.0025811209439528023,4,4067,0.175,106,922
9,100,0.3,0.0,harm,hybrid,0.001,tag,0.25,1.0,0,0.3121969699859619,0.002568829891838741,4,4067,0.175,106,922
9,100,0.3,0.0,harm,hybrid,0.001,tag,0.25,1.0,0,0.3252051770687103,0.002568829891838741,4,4067,0.175,106,922
9,100,0.3,0.0,harm,hybrid,0.001,tag,0.25,1.0,0,0.33821338415145874,0.002568829891838741,4,4067,0.175,106,922
9,100,0.3,0.0,harm,hybrid,0.001,tag,0.25,1.0,0,0.35122159123420715,0.002568829891838741,4,4067,0.175,106,922
9,100,0.3,0.0,harm,hybrid,0.001,tag,0.25,1.0,0,0.36422979831695557,0.002568829891838741,4,4067,0.175,106,922
9,100,0.3,0.0,harm,hybrid,0.001,tag,0.25,1.0,0,0.377238005399704,0.00255653883972468,4,4067,0.16249999999999998,106,922
9,100,0.3,0.0,harm,hybrid,0.001,tag,0.25,1.0,0,0.3902462124824524,0.0025196656833824977,4,4067,0.1375,106,922
9,100,0.3,0.0,harm,hybrid,0.001,tag,0.25,1.0,0,0.4032544195652008,0.0024705014749262537,4,4067,0.125,106,922
9,100,0.3,0.0,harm,hybrid,0.001,tag,0.25,1.0,0,0.4162626266479492,0.0024827925270403148,4,4067,0.125,106,922
9,100,0.3,0.0,harm,hybrid,0.001,tag,0.25,1.0,0,0.42927083373069763,0.0024582104228121925,4,4067,0.125,106,922
9,100,0.3,0.0,harm,hybrid,0.001,tag,0.25,1.0,0,0.44227904081344604,0.002433628318584071,4,4067,0.125,106,922
9,100,0.3,0.0,harm,hybrid,0.001,tag,0.25,1.0,0,0.45528724789619446,0.0023844641101278268,4,4067,0.125,106,922
9,100,0.3,0.0,harm,hybrid,0.001,tag,0.25,1.0,0,0.46829545497894287,0.0023721730580137657,4,4067,0.125,106,922
9,100,0.3,0.0,harm,hybrid,0.001,tag,0.25,1.0,0,0.4813036620616913,0.0023475909537856434,4,4067,0.125,106,922
9,100,0.3,0.0,harm,hybrid,0.001,tag,0.25,1.0,0,0.4943118691444397,0.0023107177974434614,4,4067,0.125,106,922
9,100,0.3,0.0,harm,hybrid,0.001,tag,0.25,1.0,0,0.5073200464248657,0.002273844641101278,4,4067,0.125,106,922
9,100,0.3,0.0,harm,hybrid,0.001,tag,0.25,1.0,0,0.5203282833099365,0.002249262536873156,4,4067,0.125,106,922
9,100,0.3,0.0,harm,hybrid,0.001,tag,0.25,1.0,0,0.5333365201950073,0.002236971484759095,4,4067,0.125,106,922
9,100,0.3,0.0,harm,hybrid,0.001,tag,0.25,1.0,0,0.5463446974754333,0.002224680432645034,4,4067,0.125,106,922
9,100,0.3,0.0,harm,hybrid,0.001,tag,0.25,1.0,0,0.5593528747558594,0.0021755162241887905,4,4067,0.125,106,922
9,100,0.3,0.0,harm,hybrid,0.001,tag,0.25,1.0,0,0.5723611116409302,0.0021755162241887905,4,4067,0.125,106,922
9,100,0.3,0.0,harm,hybrid,0.001,tag,0.25,1.0,0,0.585369348526001,0.0021509341199606687,4,4067,0.125,106,922
9,100,0.3,0.0,harm,hybrid,0.001,tag,0.25,1.0,0,0.598377525806427,0.0021386430678466076,4,4067,0.125,106,922
9,100,0.3,0.0,harm,hybrid,0.001,tag,0.25,1.0,0,0.611385703086853,0.0021386430678466076,4,4067,0.125,106,922
9,100,0.3,0.0,harm,hybrid,0.001,tag,0.25,1.0,0,0.6243939399719238,0.0021263520157325465,4,4067,0.125,106,922
9,100,0.3,0.0,harm,hybrid,0.001,tag,0.25,1.0,0,0.6374021768569946,0.0021017699115044247,4,4067,0.125,106,922
9,100,0.3,0.0,harm,hybrid,0.001,tag,0.25,1.0,0,0.6504103541374207,0.0020894788593903636,4,4067,0.125,106,922
9,100,0.3,0.0,harm,hybrid,0.001,tag,0.25,1.0,0,0.6634185314178467,0.00204031465093412,4,4067,0.125,106,922
9,100,0.3,0.0,harm,hybrid,0.001,tag,0.25,1.0,0,0.6764267683029175,0.0019542772861356936,4,4067,0.125,106,922
9,100,0.3,0.0,harm,hybrid,0.001,tag,0.25,1.0,0,0.6894350051879883,0.0019296951819075714,4,4067,0.125,106,922
9,100,0.3,0.0,harm,hybrid,0.001,tag,0.25,1.0,0,0.7024431824684143,0.0019174041297935103,4,4067,0.125,106,922
9,100,0.3,0.0,harm,hybrid,0.001,tag,0.25,1.0,0,0.7154513597488403,0.0018928220255653885,4,4067,0.125,106,922
9,100,0.3,0.0,harm,hybrid,0.001,tag,0.25,1.0,0,0.7284595966339111,0.0018559488692232056,4,4067,0.125,106,922
9,100,0.3,0.0,harm,hybrid,0.001,tag,0.25,1.0,0,0.7414678335189819,0.0017944936086529007,4,4067,0.125,106,922
9,100,0.3,0.0,harm,hybrid,0.001,tag,0.25,1.0,0,0.754476010799408,0.0017944936086529007,4,4067,0.125,106,922
9,100,0.3,0.0,harm,hybrid,0.001,tag,0.25,1.0,0,0.767484188079834,0.001720747295968535,4,4067,0.125,106,922
9,100,0.3,0.0,harm,hybrid,0.001,tag,0.25,1.0,0,0.7804924249649048,0.0016961651917404132,4,4067,0.125,106,922
9,100,0.3,0.0,harm,hybrid,0.001,tag,0.25,1.0,0,0.7935006618499756,0.00165929203539823,4,4067,0.125,106,922
9,100,0.3,0.0,harm,hybrid,0.001,tag,0.25,1.0,0,0.8065088391304016,0.0015855457227138645,4,4067,0.125,106,922
9,100,0.3,0.0,harm,hybrid,0.001,tag,0.25,1.0,0,0.8195170164108276,0.0015363815142576207,4,4067,0.125,106,922
9,100,0.3,0.0,harm,hybrid,0.001,tag,0.25,1.0,0,0.8325252532958984,0.0014749262536873156,4,4067,0.125,106,922
9,100,0.3,0.0,harm,hybrid,0.001,tag,0.25,1.0,0,0.8455334901809692,0.0013888888888888892,4,4067,0.125,106,922
9,100,0.3,0.0,harm,hybrid,0.001,tag,0.25,1.0,0,0.8585416674613953,0.0013151425762045232,4,4067,0.125,106,922
9,100,0.3,0.0,harm,hybrid,0.001,tag,0.25,1.0,0,0.8715498447418213,0.0012536873156342183,4,4067,0.125,106,922
9,100,0.3,0.0,harm,hybrid,0.001,tag,0.25,1.0,0,0.8845580816268921,0.0011553588987217307,4,4067,0.125,106,922
9,100,0.3,0.0,harm,hybrid,0.001,tag,0.25,1.0,0,0.8975663185119629,0.0010693215339233038,4,4067,0.125,106,922
9,100,0.3,0.0,harm,hybrid,0.001,tag,0.25,1.0,0,0.9105744957923889,0.0009587020648967554,4,4067,0.125,106,922
9,100,0.3,0.0,harm,hybrid,0.001,tag,0.25,1.0,0,0.9235826730728149,0.0009095378564405114,4,4067,0.125,106,922
9,100,0.3,0.0,harm,hybrid,0.001,tag,0.25,1.0,0,0.9365909099578857,0.0008480825958702065,4,4067,0.125,106,922
9,100,0.3,0.0,harm,hybrid,0.001,tag,0.25,1.0,0,0.9495991468429565,0.0007866273352999018,4,4067,0.11250000000000002,106,922
9,100,0.3,0.0,harm,hybrid,0.001,tag,0.25,1.0,0,0.9626073241233826,0.0007005899705014749,4,4067,0.11250000000000002,106,922
9,100,0.3,0.0,harm,hybrid,0.001,tag,0.25,1.0,0,0.9756155014038086,0.0006145526057030482,4,4067,0.11250000000000002,106,922
9,100,0.3,0.0,harm,hybrid,0.001,tag,0.25,1.0,0,0.9886237382888794,0.0005899705014749262,4,4067,0.11250000000000002,106,922
9,100,0.3,0.0,harm,hybrid,0.001,tag,0.25,1.0,0,1.0016319751739502,0.0005039331366764996,4,4067,0.07500000000000001,106,922
9,100,0.3,0.0,harm,hybrid,0.001,tag,0.25,1.0,0,1.0146400928497314,0.0004178957718780728,4,4067,0.05,106,922
9,100,0.3,0.0,harm,hybrid,0.001,tag,0.25,1.0,0,1.0276483297348022,0.00035644051130776796,4,4067,0.0125,106,922
9,100,0.3,0.0,harm,hybrid,0.001,tag,0.25,1.0,0,1.040656566619873,0.000344149459193707,4,4067,0.0125,106,922
9,100,0.3,0.0,harm,hybrid,0.001,tag,0.25,1.0,0,1.0536648035049438,0.000344149459193707,4,4067,0.0125,106,922
9,100,0.3,0.0,harm,hybrid,0.001,tag,0.25,1.0,0,1.0666730403900146,0.00031956735496558507,4,4067,0.0125,106,922
9,100,0.3,0.0,harm,hybrid,0.001,tag,0.25,1.0,0,1.079681158065796,0.0002949852507374631,4,4067,0.0,106,922
9,100,0.3,0.0,harm,hybrid,0.001,tag,0.25,1.0,0,1.0926893949508667,0.00027040314650934123,4,4067,0.0,106,922
9,100,0.3,0.0,harm,hybrid,0.001,tag,0.25,1.0,0,1.1056976318359375,0.00025811209439528023,4,4067,0.0,106,922
9,100,0.3,0.0,harm,hybrid,0.001,tag,0.25,1.0,0,1.1187057495117188,0.00025811209439528023,4,4067,0.0,106,922
9,100,0.3,0.0,harm,hybrid,0.001,tag,0.25,1.0,0,1.1317139863967896,0.00025811209439528023,4,4067,0.0,106,922
9,100,0.3,0.0,harm,hybrid,0.001,tag,0.25,1.0,0,1.1447222232818604,0.00025811209439528023,4,4067,0.0,106,922
9,100,0.3,0.0,harm,hybrid,0.001,tag,0.25,1.0,0,1.1577304601669312,0.00025811209439528023,4,4067,0.0,106,922
9,100,0.3,0.0,harm,hybrid,0.001,tag,0.25,1.0,0,1.170738697052002,0.00025811209439528023,4,4067,0.0,106,922
9,100,0.3,0.0,harm,hybrid,0.001,tag,0.25,1.0,0,1.1837468147277832,0.00025811209439528023,4,4067,0.0,106,922
9,100,0.3,0.0,harm,hybrid,0.001,tag,0.25,1.0,0,1.196755051612854,0.00025811209439528023,4,4067,0.0,106,922
9,100,0.3,0.0,harm,hybrid,0.001,tag,0.25,1.0,0,1.2097632884979248,0.0002458210422812193,4,4067,0.0,106,922
9,100,0.3,0.0,harm,hybrid,0.001,tag,0.25,1.0,0,1.222771406173706,0.0002458210422812193,4,4067,0.0,106,922
9,100,0.3,0.0,harm,hybrid,0.001,tag,0.25,1.0,0,1.2357796430587769,0.0002458210422812193,4,4067,0.0,106,922
9,100,0.3,0.0,harm,hybrid,0.001,tag,0.25,1.0,0,1.2487878799438477,0.0002458210422812193,4,4067,0.0,106,922
9,100,0.3,0.0,harm,hybrid,0.001,tag,0.25,1.0,0,1.2617961168289185,0.0002458210422812193,4,4067,0.0,106,922
9,100,0.3,0.0,harm,hybrid,0.001,tag,0.25,1.0,0,1.2748043537139893,0.0002458210422812193,4,4067,0.0,106,922
9,100,0.3,0.0,harm,hybrid,0.001,tag,0.25,1.0,0,1.2878124713897705,0.0002458210422812193,4,4067,0.0,106,922
