run_id,epoch,base_harm,beta,score_type,conformal_method,Collective,Report Strategy,Report Fraction,likes_softmax_temperature,topk_n,gamma,calib_risk_adjusted,num_adv_users,calib_set_size,avg_harm_adv_raw,total_flagged_items,total_items_seen_by_adv_users
0,100,0.3,0.0,harm,hybrid,0.023,random,0.023,1.0,0,0.11756947636604309,0.0028518518518518524,93,4049,0.02204301075268817,565,22588
0,100,0.3,0.0,harm,hybrid,0.023,random,0.023,1.0,0,0.12999893724918365,0.0028518518518518524,93,4049,0.02204301075268817,565,22588
0,100,0.3,0.0,harm,hybrid,0.023,random,0.023,1.0,0,0.14242839813232422,0.0028518518518518524,93,4049,0.02204301075268817,565,22588
0,100,0.3,0.0,harm,hybrid,0.023,random,0.023,1.0,0,0.1548578441143036,0.0028518518518518524,93,4049,0.02204301075268817,565,22588
0,100,0.3,0.0,harm,hybrid,0.023,random,0.023,1.0,0,0.16728731989860535,0.0028518518518518524,93,4049,0.02204301075268817,565,22588
0,100,0.3,0.0,harm,hybrid,0.023,random,0.023,1.0,0,0.17971676588058472,0.0028518518518518524,93,4049,0.02204301075268817,565,22588
0,100,0.3,0.0,harm,hybrid,0.023,random,0.023,1.0,0,0.19214622676372528,0.0028518518518518524,93,4049,0.02204301075268817,565,22588
0,100,0.3,0.0,harm,hybrid,0.023,random,0.023,1.0,0,0.20457568764686584,0.0028518518518518524,93,4049,0.02204301075268817,565,22588
0,100,0.3,0.0,harm,hybrid,0.023,random,0.023,1.0,0,0.2170051485300064,0.0028518518518518524,93,4049,0.02204301075268817,565,22588
0,100,0.3,0.0,harm,hybrid,0.023,random,0.023,1.0,0,0.22943460941314697,0.0028518518518518524,93,4049,0.02204301075268817,565,22588
0,100,0.3,0.0,harm,hybrid,0.023,random,0.023,1.0,0,0.24186407029628754,0.0028518518518518524,93,4049,0.02204301075268817,565,22588
0,100,0.3,0.0,harm,hybrid,0.023,random,0.023,1.0,0,0.2542935311794281,0.002839506172839506,93,4049,0.02204301075268817,565,22588
0,100,0.3,0.0,harm,hybrid,0.023,random,0.023,1.0,0,0.26672297716140747,0.002839506172839506,93,4049,0.02204301075268817,565,22588
0,100,0.3,0.0,harm,hybrid,0.023,random,0.023,1.0,0,0.27915245294570923,0.002839506172839506,93,4049,0.02204301075268817,565,22588
0,100,0.3,0.0,harm,hybrid,0.023,random,0.023,1.0,0,0.2915818989276886,0.0028271604938271606,93,4049,0.021505376344086023,565,22588
0,100,0.3,0.0,harm,hybrid,0.023,random,0.023,1.0,0,0.30401134490966797,0.0028148148148148156,93,4049,0.021505376344086023,565,22588
0,100,0.3,0.0,harm,hybrid,0.023,random,0.023,1.0,0,0.3164408206939697,0.0028148148148148156,93,4049,0.021505376344086023,565,22588
0,100,0.3,0.0,harm,hybrid,0.023,random,0.023,1.0,0,0.3288702964782715,0.0028148148148148156,93,4049,0.021505376344086023,565,22588
0,100,0.3,0.0,harm,hybrid,0.023,random,0.023,1.0,0,0.34129974246025085,0.0027901234567901238,93,4049,0.02043010752688172,565,22588
0,100,0.3,0.0,harm,hybrid,0.023,random,0.023,1.0,0,0.3537291884422302,0.0027901234567901238,93,4049,0.02043010752688172,565,22588
0,100,0.3,0.0,harm,hybrid,0.023,random,0.023,1.0,0,0.366158664226532,0.002777777777777778,93,4049,0.02043010752688172,565,22588
0,100,0.3,0.0,harm,hybrid,0.023,random,0.023,1.0,0,0.37858811020851135,0.002777777777777778,93,4049,0.02043010752688172,565,22588
0,100,0.3,0.0,harm,hybrid,0.023,random,0.023,1.0,0,0.3910175859928131,0.002753086419753087,93,4049,0.01989247311827957,565,22588
0,100,0.3,0.0,harm,hybrid,0.023,random,0.023,1.0,0,0.4034470319747925,0.002753086419753087,93,4049,0.01989247311827957,565,22588
0,100,0.3,0.0,harm,hybrid,0.023,random,0.023,1.0,0,0.41587647795677185,0.0027654320987654324,93,4049,0.01935483870967742,565,22588
0,100,0.3,0.0,harm,hybrid,0.023,random,0.023,1.0,0,0.4283059537410736,0.002740740740740741,93,4049,0.01935483870967742,565,22588
0,100,0.3,0.0,harm,hybrid,0.023,random,0.023,1.0,0,0.440735399723053,0.002728395061728395,93,4049,0.01935483870967742,565,22588
0,100,0.3,0.0,harm,hybrid,0.023,random,0.023,1.0,0,0.45316487550735474,0.002703703703703704,93,4049,0.01881720430107527,565,22588
0,100,0.3,0.0,harm,hybrid,0.023,random,0.023,1.0,0,0.4655943214893341,0.002703703703703704,93,4049,0.01935483870967742,565,22588
0,100,0.3,0.0,harm,hybrid,0.023,random,0.023,1.0,0,0.47802379727363586,0.002703703703703704,93,4049,0.01881720430107527,565,22588
0,100,0.3,0.0,harm,hybrid,0.023,random,0.023,1.0,0,0.49045324325561523,0.002666666666666667,93,4049,0.01881720430107527,565,22588
0,100,0.3,0.0,harm,hybrid,0.023,random,0.023,1.0,0,0.502882719039917,0.0026419753086419752,93,4049,0.017741935483870968,565,22588
0,100,0.3,0.0,harm,hybrid,0.023,random,0.023,1.0,0,0.5153121948242188,0.0025925925925925925,93,4049,0.017741935483870968,565,22588
0,100,0.3,0.0,harm,hybrid,0.023,random,0.023,1.0,0,0.5277416110038757,0.002580246913580247,93,4049,0.017741935483870968,565,22588
0,100,0.3,0.0,harm,hybrid,0.023,random,0.023,1.0,0,0.5401710867881775,0.0025679012345679016,93,4049,0.017741935483870968,565,22588
0,100,0.3,0.0,harm,hybrid,0.023,random,0.023,1.0,0,0.5526005029678345,0.0025679012345679016,93,4049,0.017741935483870968,565,22588
0,100,0.3,0.0,harm,hybrid,0.023,random,0.023,1.0,0,0.5650299787521362,0.0025308641975308644,93,4049,0.017204301075268817,565,22588
0,100,0.3,0.0,harm,hybrid,0.023,random,0.023,1.0,0,0.577459454536438,0.0024814814814814816,93,4049,0.017204301075268817,565,22588
0,100,0.3,0.0,harm,hybrid,0.023,random,0.023,1.0,0,0.5898889303207397,0.002444444444444444,93,4049,0.01666666666666667,565,22588
0,100,0.3,0.0,harm,hybrid,0.023,random,0.023,1.0,0,0.6023184061050415,0.002432098765432099,93,4049,0.01666666666666667,565,22588
0,100,0.3,0.0,harm,hybrid,0.023,random,0.023,1.0,0,0.6147478818893433,0.0023950617283950613,93,4049,0.01666666666666667,565,22588
0,100,0.3,0.0,harm,hybrid,0.023,random,0.023,1.0,0,0.6271772384643555,0.0023950617283950613,93,4049,0.01666666666666667,565,22588
0,100,0.3,0.0,harm,hybrid,0.023,random,0.023,1.0,0,0.6396067142486572,0.002358024691358025,93,4049,0.01666666666666667,565,22588
0,100,0.3,0.0,harm,hybrid,0.023,random,0.023,1.0,0,0.652036190032959,0.0023456790123456794,93,4049,0.01666666666666667,565,22588
0,100,0.3,0.0,harm,hybrid,0.023,random,0.023,1.0,0,0.6644656658172607,0.0022962962962962967,93,4049,0.01666666666666667,565,22588
0,100,0.3,0.0,harm,hybrid,0.023,random,0.023,1.0,0,0.6768951416015625,0.0022962962962962967,93,4049,0.01666666666666667,565,22588
0,100,0.3,0.0,harm,hybrid,0.023,random,0.023,1.0,0,0.6893246173858643,0.002271604938271605,93,4049,0.01666666666666667,565,22588
0,100,0.3,0.0,harm,hybrid,0.023,random,0.023,1.0,0,0.701754093170166,0.002197530864197531,93,4049,0.01666666666666667,565,22588
0,100,0.3,0.0,harm,hybrid,0.023,random,0.023,1.0,0,0.7141834497451782,0.002197530864197531,93,4049,0.01666666666666667,565,22588
0,100,0.3,0.0,harm,hybrid,0.023,random,0.023,1.0,0,0.72661292552948,0.0021851851851851854,93,4049,0.01666666666666667,565,22588
0,100,0.3,0.0,harm,hybrid,0.023,random,0.023,1.0,0,0.7390424013137817,0.00217283950617284,93,4049,0.01666666666666667,565,22588
0,100,0.3,0.0,harm,hybrid,0.023,random,0.023,1.0,0,0.7514718770980835,0.002160493827160494,93,4049,0.01666666666666667,565,22588
0,100,0.3,0.0,harm,hybrid,0.023,random,0.023,1.0,0,0.7639013528823853,0.0021358024691358027,93,4049,0.01666666666666667,565,22588
0,100,0.3,0.0,harm,hybrid,0.023,random,0.023,1.0,0,0.776330828666687,0.0021111111111111113,93,4049,0.01666666666666667,565,22588
0,100,0.3,0.0,harm,hybrid,0.023,random,0.023,1.0,0,0.7887603044509888,0.0020740740740740745,93,4049,0.01666666666666667,565,22588
0,100,0.3,0.0,harm,hybrid,0.023,random,0.023,1.0,0,0.8011897802352905,0.0020617283950617286,93,4049,0.01666666666666667,565,22588
0,100,0.3,0.0,harm,hybrid,0.023,random,0.023,1.0,0,0.8136191368103027,0.0020246913580246914,93,4049,0.01666666666666667,565,22588
0,100,0.3,0.0,harm,hybrid,0.023,random,0.023,1.0,0,0.8260486125946045,0.0019259259259259258,93,4049,0.01666666666666667,565,22588
0,100,0.3,0.0,harm,hybrid,0.023,random,0.023,1.0,0,0.8384780883789062,0.0018395061728395062,93,4049,0.01666666666666667,565,22588
0,100,0.3,0.0,harm,hybrid,0.023,random,0.023,1.0,0,0.850907564163208,0.0017901234567901235,93,4049,0.01666666666666667,565,22588
0,100,0.3,0.0,harm,hybrid,0.023,random,0.023,1.0,0,0.8633370399475098,0.0017037037037037038,93,4049,0.01666666666666667,565,22588
0,100,0.3,0.0,harm,hybrid,0.023,random,0.023,1.0,0,0.8757665157318115,0.0016543209876543209,93,4049,0.01666666666666667,565,22588
0,100,0.3,0.0,harm,hybrid,0.023,random,0.023,1.0,0,0.8881959915161133,0.001592592592592593,93,4049,0.01666666666666667,565,22588
0,100,0.3,0.0,harm,hybrid,0.023,random,0.023,1.0,0,0.9006253480911255,0.0015061728395061728,93,4049,0.01666666666666667,565,22588
0,100,0.3,0.0,harm,hybrid,0.023,random,0.023,1.0,0,0.9130548238754272,0.0013703703703703705,93,4049,0.01666666666666667,565,22588
0,100,0.3,0.0,harm,hybrid,0.023,random,0.023,1.0,0,0.925484299659729,0.0012469135802469136,93,4049,0.01612903225806452,565,22588
0,100,0.3,0.0,harm,hybrid,0.023,random,0.023,1.0,0,0.9379137754440308,0.001197530864197531,93,4049,0.01612903225806452,565,22588
0,100,0.3,0.0,harm,hybrid,0.023,random,0.023,1.0,0,0.9503432512283325,0.001160493827160494,93,4049,0.01612903225806452,565,22588
0,100,0.3,0.0,harm,hybrid,0.023,random,0.023,1.0,0,0.9627727270126343,0.0010617283950617286,93,4049,0.015591397849462367,565,22588
0,100,0.3,0.0,harm,hybrid,0.023,random,0.023,1.0,0,0.975202202796936,0.0010246913580246916,93,4049,0.015591397849462367,565,22588
0,100,0.3,0.0,harm,hybrid,0.023,random,0.023,1.0,0,0.9876315593719482,0.0009135802469135803,93,4049,0.013440860215053765,565,22588
0,100,0.3,0.0,harm,hybrid,0.023,random,0.023,1.0,0,1.00006103515625,0.0007777777777777778,93,4049,0.011827956989247313,565,22588
0,100,0.3,0.0,harm,hybrid,0.023,random,0.023,1.0,0,1.0124905109405518,0.0006790123456790124,93,4049,0.010752688172043013,565,22588
0,100,0.3,0.0,harm,hybrid,0.023,random,0.023,1.0,0,1.0249199867248535,0.0006172839506172839,93,4049,0.008602150537634409,565,22588
0,100,0.3,0.0,harm,hybrid,0.023,random,0.023,1.0,0,1.0373494625091553,0.0005061728395061728,93,4049,0.005376344086021506,565,22588
0,100,0.3,0.0,harm,hybrid,0.023,random,0.023,1.0,0,1.049778938293457,0.00045679012345679014,93,4049,0.004838709677419356,565,22588
0,100,0.3,0.0,harm,hybrid,0.023,random,0.023,1.0,0,1.0622084140777588,0.00040740740740740744,93,4049,0.0037634408602150535,565,22588
0,100,0.3,0.0,harm,hybrid,0.023,random,0.023,1.0,0,1.074637770652771,0.00035802469135802473,93,4049,0.002150537634408602,565,22588
0,100,0.3,0.0,harm,hybrid,0.023,random,0.023,1.0,0,1.0870672464370728,0.00035802469135802473,93,4049,0.002150537634408602,565,22588
0,100,0.3,0.0,harm,hybrid,0.023,random,0.023,1.0,0,1.0994967222213745,0.00030864197530864197,93,4049,0.001075268817204301,565,22588
0,100,0.3,0.0,harm,hybrid,0.023,random,0.023,1.0,0,1.1119261980056763,0.0002962962962962963,93,4049,0.001075268817204301,565,22588
0,100,0.3,0.0,harm,hybrid,0.023,random,0.023,1.0,0,1.124355673789978,0.0002839506172839506,93,4049,0.001075268817204301,565,22588
0,100,0.3,0.0,harm,hybrid,0.023,random,0.023,1.0,0,1.1367850303649902,0.00027160493827160494,93,4049,0.0005376344086021505,565,22588
0,100,0.3,0.0,harm,hybrid,0.023,random,0.023,1.0,0,1.149214506149292,0.00027160493827160494,93,4049,0.0005376344086021505,565,22588
0,100,0.3,0.0,harm,hybrid,0.023,random,0.023,1.0,0,1.1616439819335938,0.00027160493827160494,93,4049,0.0005376344086021505,565,22588
0,100,0.3,0.0,harm,hybrid,0.023,random,0.023,1.0,0,1.1740734577178955,0.00027160493827160494,93,4049,0.0005376344086021505,565,22588
0,100,0.3,0.0,harm,hybrid,0.023,random,0.023,1.0,0,1.1865029335021973,0.00027160493827160494,93,4049,0.0005376344086021505,565,22588
0,100,0.3,0.0,harm,hybrid,0.023,random,0.023,1.0,0,1.198932409286499,0.00027160493827160494,93,4049,0.0005376344086021505,565,22588
0,100,0.3,0.0,harm,hybrid,0.023,random,0.023,1.0,0,1.2113618850708008,0.0002469135802469136,93,4049,0.0,565,22588
0,100,0.3,0.0,harm,hybrid,0.023,random,0.023,1.0,0,1.223791241645813,0.0002469135802469136,93,4049,0.0,565,22588
0,100,0.3,0.0,harm,hybrid,0.023,random,0.023,1.0,0,1.2362207174301147,0.0002469135802469136,93,4049,0.0,565,22588
0,100,0.3,0.0,harm,hybrid,0.023,random,0.023,1.0,0,1.2486501932144165,0.0002469135802469136,93,4049,0.0,565,22588
0,100,0.3,0.0,harm,hybrid,0.023,random,0.023,1.0,0,1.2610796689987183,0.0002469135802469136,93,4049,0.0,565,22588
0,100,0.3,0.0,harm,hybrid,0.023,random,0.023,1.0,0,1.27350914478302,0.0002469135802469136,93,4049,0.0,565,22588
0,100,0.3,0.0,harm,hybrid,0.023,random,0.023,1.0,0,1.2859386205673218,0.0002469135802469136,93,4049,0.0,565,22588
0,100,0.3,0.0,harm,hybrid,0.023,random,0.023,1.0,0,1.2983680963516235,0.0002469135802469136,93,4049,0.0,565,22588
0,100,0.3,0.0,harm,hybrid,0.023,random,0.023,1.0,0,1.3107974529266357,0.0002469135802469136,93,4049,0.0,565,22588
0,100,0.3,0.0,harm,hybrid,0.023,random,0.023,1.0,0,1.3232269287109375,0.0002469135802469136,93,4049,0.0,565,22588
0,100,0.3,0.0,harm,hybrid,0.023,random,0.023,1.0,0,1.3356564044952393,0.0002469135802469136,93,4049,0.0,565,22588
0,100,0.3,0.0,harm,hybrid,0.023,random,0.023,1.0,0,1.348085880279541,0.0002469135802469136,93,4049,0.0,565,22588
1,100,0.3,0.0,harm,hybrid,0.023,random,0.023,1.0,0,0.04140770435333252,0.0029766297662976635,93,4064,0.02365591397849462,555,22306
1,100,0.3,0.0,harm,hybrid,0.023,random,0.023,1.0,0,0.05379550904035568,0.0029766297662976635,93,4064,0.02365591397849462,555,22306
1,100,0.3,0.0,harm,hybrid,0.023,random,0.023,1.0,0,0.06618331372737885,0.0029766297662976635,93,4064,0.02365591397849462,555,22306
1,100,0.3,0.0,harm,hybrid,0.023,random,0.023,1.0,0,0.07857111841440201,0.0029766297662976635,93,4064,0.02365591397849462,555,22306
1,100,0.3,0.0,harm,hybrid,0.023,random,0.023,1.0,0,0.09095892310142517,0.0029766297662976635,93,4064,0.02365591397849462,555,22306
1,100,0.3,0.0,harm,hybrid,0.023,random,0.023,1.0,0,0.10334672778844833,0.0029766297662976635,93,4064,0.02365591397849462,555,22306
1,100,0.3,0.0,harm,hybrid,0.023,random,0.023,1.0,0,0.1157345324754715,0.0029766297662976635,93,4064,0.02365591397849462,555,22306
1,100,0.3,0.0,harm,hybrid,0.023,random,0.023,1.0,0,0.12812232971191406,0.0029766297662976635,93,4064,0.02365591397849462,555,22306
1,100,0.3,0.0,harm,hybrid,0.023,random,0.023,1.0,0,0.14051014184951782,0.0029766297662976635,93,4064,0.02365591397849462,555,22306
1,100,0.3,0.0,harm,hybrid,0.023,random,0.023,1.0,0,0.15289795398712158,0.0029766297662976635,93,4064,0.02365591397849462,555,22306
1,100,0.3,0.0,harm,hybrid,0.023,random,0.023,1.0,0,0.16528575122356415,0.0029766297662976635,93,4064,0.02365591397849462,555,22306
1,100,0.3,0.0,harm,hybrid,0.023,random,0.023,1.0,0,0.1776735484600067,0.0029766297662976635,93,4064,0.02365591397849462,555,22306
1,100,0.3,0.0,harm,hybrid,0.023,random,0.023,1.0,0,0.19006136059761047,0.0029766297662976635,93,4064,0.02365591397849462,555,22306
1,100,0.3,0.0,harm,hybrid,0.023,random,0.023,1.0,0,0.20244917273521423,0.0029766297662976635,93,4064,0.02365591397849462,555,22306
1,100,0.3,0.0,harm,hybrid,0.023,random,0.023,1.0,0,0.2148369699716568,0.0029766297662976635,93,4064,0.02365591397849462,555,22306
1,100,0.3,0.0,harm,hybrid,0.023,random,0.023,1.0,0,0.22722476720809937,0.0029766297662976635,93,4064,0.02365591397849462,555,22306
1,100,0.3,0.0,harm,hybrid,0.023,random,0.023,1.0,0,0.23961257934570312,0.0029643296432964334,93,4064,0.023118279569892472,555,22306
1,100,0.3,0.0,harm,hybrid,0.023,random,0.023,1.0,0,0.2520003914833069,0.0029643296432964334,93,4064,0.023118279569892472,555,22306
1,100,0.3,0.0,harm,hybrid,0.023,random,0.023,1.0,0,0.26438820362091064,0.0029643296432964334,93,4064,0.023118279569892472,555,22306
1,100,0.3,0.0,harm,hybrid,0.023,random,0.023,1.0,0,0.276775985956192,0.0029643296432964334,93,4064,0.023118279569892472,555,22306
1,100,0.3,0.0,harm,hybrid,0.023,random,0.023,1.0,0,0.2891637980937958,0.0029397293972939728,93,4064,0.02204301075268817,555,22306
1,100,0.3,0.0,harm,hybrid,0.023,random,0.023,1.0,0,0.30155161023139954,0.0029397293972939728,93,4064,0.02204301075268817,555,22306
1,100,0.3,0.0,harm,hybrid,0.023,random,0.023,1.0,0,0.3139393925666809,0.0029397293972939728,93,4064,0.02204301075268817,555,22306
1,100,0.3,0.0,harm,hybrid,0.023,random,0.023,1.0,0,0.32632720470428467,0.0029397293972939728,93,4064,0.02204301075268817,555,22306
1,100,0.3,0.0,harm,hybrid,0.023,random,0.023,1.0,0,0.3387150168418884,0.0029397293972939728,93,4064,0.02204301075268817,555,22306
1,100,0.3,0.0,harm,hybrid,0.023,random,0.023,1.0,0,0.3511028289794922,0.0029397293972939728,93,4064,0.02204301075268817,555,22306
1,100,0.3,0.0,harm,hybrid,0.023,random,0.023,1.0,0,0.36349064111709595,0.0029151291512915134,93,4064,0.02204301075268817,555,22306
1,100,0.3,0.0,harm,hybrid,0.023,random,0.023,1.0,0,0.3758784234523773,0.002902829028290283,93,4064,0.02204301075268817,555,22306
1,100,0.3,0.0,harm,hybrid,0.023,random,0.023,1.0,0,0.3882662355899811,0.0028659286592865934,93,4064,0.020967741935483872,555,22306
1,100,0.3,0.0,harm,hybrid,0.023,random,0.023,1.0,0,0.40065404772758484,0.0028659286592865934,93,4064,0.02043010752688172,555,22306
1,100,0.3,0.0,harm,hybrid,0.023,random,0.023,1.0,0,0.4130418300628662,0.0028536285362853633,93,4064,0.02043010752688172,555,22306
1,100,0.3,0.0,harm,hybrid,0.023,random,0.023,1.0,0,0.42542964220046997,0.0028167281672816734,93,4064,0.019354838709677424,555,22306
1,100,0.3,0.0,harm,hybrid,0.023,random,0.023,1.0,0,0.43781745433807373,0.0027552275522755233,93,4064,0.019354838709677424,555,22306
1,100,0.3,0.0,harm,hybrid,0.023,random,0.023,1.0,0,0.4502052664756775,0.002693726937269373,93,4064,0.017741935483870968,555,22306
1,100,0.3,0.0,harm,hybrid,0.023,random,0.023,1.0,0,0.46259307861328125,0.002656826568265683,93,4064,0.01666666666666667,555,22306
1,100,0.3,0.0,harm,hybrid,0.023,random,0.023,1.0,0,0.4749808609485626,0.0025830258302583027,93,4064,0.01666666666666667,555,22306
1,100,0.3,0.0,harm,hybrid,0.023,random,0.023,1.0,0,0.4873686730861664,0.0025707257072570726,93,4064,0.01666666666666667,555,22306
1,100,0.3,0.0,harm,hybrid,0.023,random,0.023,1.0,0,0.49975648522377014,0.0025338253382533827,93,4064,0.015053763440860216,555,22306
1,100,0.3,0.0,harm,hybrid,0.023,random,0.023,1.0,0,0.5121442675590515,0.0025215252152521526,93,4064,0.015053763440860216,555,22306
1,100,0.3,0.0,harm,hybrid,0.023,random,0.023,1.0,0,0.5245320796966553,0.0024846248462484627,93,4064,0.014516129032258065,555,22306
1,100,0.3,0.0,harm,hybrid,0.023,random,0.023,1.0,0,0.536919891834259,0.002472324723247233,93,4064,0.014516129032258065,555,22306
1,100,0.3,0.0,harm,hybrid,0.023,random,0.023,1.0,0,0.5493077039718628,0.0024108241082410825,93,4064,0.014516129032258065,555,22306
1,100,0.3,0.0,harm,hybrid,0.023,random,0.023,1.0,0,0.5616955161094666,0.0023985239852398524,93,4064,0.013978494623655916,555,22306
1,100,0.3,0.0,harm,hybrid,0.023,random,0.023,1.0,0,0.5740833282470703,0.0023739237392373927,93,4064,0.013978494623655916,555,22306
1,100,0.3,0.0,harm,hybrid,0.023,random,0.023,1.0,0,0.5864710807800293,0.002312423124231243,93,4064,0.013978494623655916,555,22306
1,100,0.3,0.0,harm,hybrid,0.023,random,0.023,1.0,0,0.5988588929176331,0.002287822878228783,93,4064,0.013440860215053764,555,22306
1,100,0.3,0.0,harm,hybrid,0.023,random,0.023,1.0,0,0.6112467050552368,0.0022509225092250925,93,4064,0.013440860215053764,555,22306
1,100,0.3,0.0,harm,hybrid,0.023,random,0.023,1.0,0,0.6236345171928406,0.0022386223862238624,93,4064,0.013440860215053764,555,22306
1,100,0.3,0.0,harm,hybrid,0.023,random,0.023,1.0,0,0.6360223293304443,0.002214022140221402,93,4064,0.013440860215053764,555,22306
1,100,0.3,0.0,harm,hybrid,0.023,random,0.023,1.0,0,0.6484101414680481,0.0021894218942189424,93,4064,0.013440860215053764,555,22306
1,100,0.3,0.0,harm,hybrid,0.023,random,0.023,1.0,0,0.6607979536056519,0.002164821648216482,93,4064,0.013440860215053764,555,22306
1,100,0.3,0.0,harm,hybrid,0.023,random,0.023,1.0,0,0.6731857657432556,0.002140221402214022,93,4064,0.013440860215053764,555,22306
1,100,0.3,0.0,harm,hybrid,0.023,random,0.023,1.0,0,0.6855735778808594,0.0021279212792127923,93,4064,0.013440860215053764,555,22306
1,100,0.3,0.0,harm,hybrid,0.023,random,0.023,1.0,0,0.6979613304138184,0.002091020910209102,93,4064,0.013440860215053764,555,22306
1,100,0.3,0.0,harm,hybrid,0.023,random,0.023,1.0,0,0.7103491425514221,0.0020418204182041824,93,4064,0.013440860215053764,555,22306
1,100,0.3,0.0,harm,hybrid,0.023,random,0.023,1.0,0,0.7227369546890259,0.002017220172201722,93,4064,0.013440860215053764,555,22306
1,100,0.3,0.0,harm,hybrid,0.023,random,0.023,1.0,0,0.7351247668266296,0.002017220172201722,93,4064,0.013440860215053764,555,22306
1,100,0.3,0.0,harm,hybrid,0.023,random,0.023,1.0,0,0.7475125789642334,0.001943419434194342,93,4064,0.013440860215053764,555,22306
1,100,0.3,0.0,harm,hybrid,0.023,random,0.023,1.0,0,0.7599003911018372,0.0018696186961869618,93,4064,0.013440860215053764,555,22306
1,100,0.3,0.0,harm,hybrid,0.023,random,0.023,1.0,0,0.7722882032394409,0.001795817958179582,93,4064,0.013440860215053764,555,22306
1,100,0.3,0.0,harm,hybrid,0.023,random,0.023,1.0,0,0.7846759557723999,0.0017589175891758917,93,4064,0.013440860215053764,555,22306
1,100,0.3,0.0,harm,hybrid,0.023,random,0.023,1.0,0,0.7970637679100037,0.0017097170971709717,93,4064,0.013440860215053764,555,22306
1,100,0.3,0.0,harm,hybrid,0.023,random,0.023,1.0,0,0.8094515800476074,0.0016482164821648216,93,4064,0.013440860215053764,555,22306
1,100,0.3,0.0,harm,hybrid,0.023,random,0.023,1.0,0,0.8218393921852112,0.0015006150061500616,93,4064,0.013440860215053764,555,22306
1,100,0.3,0.0,harm,hybrid,0.023,random,0.023,1.0,0,0.8342272043228149,0.0013899138991389913,93,4064,0.013440860215053764,555,22306
1,100,0.3,0.0,harm,hybrid,0.023,random,0.023,1.0,0,0.8466150164604187,0.001230012300123001,93,4064,0.013440860215053764,555,22306
1,100,0.3,0.0,harm,hybrid,0.023,random,0.023,1.0,0,0.8590028285980225,0.0011439114391143912,93,4064,0.013440860215053764,555,22306
1,100,0.3,0.0,harm,hybrid,0.023,random,0.023,1.0,0,0.8713906407356262,0.001107011070110701,93,4064,0.013440860215053764,555,22306
1,100,0.3,0.0,harm,hybrid,0.023,random,0.023,1.0,0,0.88377845287323,0.001057810578105781,93,4064,0.013440860215053764,555,22306
1,100,0.3,0.0,harm,hybrid,0.023,random,0.023,1.0,0,0.896166205406189,0.0009840098400984009,93,4064,0.013440860215053764,555,22306
1,100,0.3,0.0,harm,hybrid,0.023,random,0.023,1.0,0,0.9085540175437927,0.0009102091020910209,93,4064,0.012903225806451615,555,22306
1,100,0.3,0.0,harm,hybrid,0.023,random,0.023,1.0,0,0.9209418296813965,0.0007749077490774908,93,4064,0.011827956989247313,555,22306
1,100,0.3,0.0,harm,hybrid,0.023,random,0.023,1.0,0,0.9333296418190002,0.0007134071340713407,93,4064,0.010752688172043012,555,22306
1,100,0.3,0.0,harm,hybrid,0.023,random,0.023,1.0,0,0.945717453956604,0.0006519065190651906,93,4064,0.010752688172043012,555,22306
1,100,0.3,0.0,harm,hybrid,0.023,random,0.023,1.0,0,0.9581052660942078,0.0005904059040590406,93,4064,0.00967741935483871,555,22306
1,100,0.3,0.0,harm,hybrid,0.023,random,0.023,1.0,0,0.9704930782318115,0.0005658056580565805,93,4064,0.008602150537634409,555,22306
1,100,0.3,0.0,harm,hybrid,0.023,random,0.023,1.0,0,0.9828808307647705,0.00047970479704797044,93,4064,0.006451612903225807,555,22306
1,100,0.3,0.0,harm,hybrid,0.023,random,0.023,1.0,0,0.9952686429023743,0.00044280442804428045,93,4064,0.005376344086021506,555,22306
1,100,0.3,0.0,harm,hybrid,0.023,random,0.023,1.0,0,1.007656455039978,0.00038130381303813036,93,4064,0.003763440860215054,555,22306
1,100,0.3,0.0,harm,hybrid,0.023,random,0.023,1.0,0,1.0200443267822266,0.00036900369003690036,93,4064,0.0032258064516129037,555,22306
1,100,0.3,0.0,harm,hybrid,0.023,random,0.023,1.0,0,1.0324320793151855,0.0003321033210332103,93,4064,0.002688172043010753,555,22306
1,100,0.3,0.0,harm,hybrid,0.023,random,0.023,1.0,0,1.0448198318481445,0.00029520295202952026,93,4064,0.001075268817204301,555,22306
1,100,0.3,0.0,harm,hybrid,0.023,random,0.023,1.0,0,1.057207703590393,0.00028290282902829027,93,4064,0.0005376344086021505,555,22306
1,100,0.3,0.0,harm,hybrid,0.023,random,0.023,1.0,0,1.069595456123352,0.00027060270602706027,93,4064,0.0,555,22306
1,100,0.3,0.0,harm,hybrid,0.023,random,0.023,1.0,0,1.0819833278656006,0.00027060270602706027,93,4064,0.0,555,22306
1,100,0.3,0.0,harm,hybrid,0.023,random,0.023,1.0,0,1.0943710803985596,0.0002583025830258302,93,4064,0.0,555,22306
1,100,0.3,0.0,harm,hybrid,0.023,random,0.023,1.0,0,1.106758952140808,0.0002460024600246002,93,4064,0.0,555,22306
1,100,0.3,0.0,harm,hybrid,0.023,random,0.023,1.0,0,1.119146704673767,0.0002460024600246002,93,4064,0.0,555,22306
1,100,0.3,0.0,harm,hybrid,0.023,random,0.023,1.0,0,1.131534457206726,0.0002460024600246002,93,4064,0.0,555,22306
1,100,0.3,0.0,harm,hybrid,0.023,random,0.023,1.0,0,1.1439223289489746,0.0002460024600246002,93,4064,0.0,555,22306
1,100,0.3,0.0,harm,hybrid,0.023,random,0.023,1.0,0,1.1563100814819336,0.0002460024600246002,93,4064,0.0,555,22306
1,100,0.3,0.0,harm,hybrid,0.023,random,0.023,1.0,0,1.1686979532241821,0.0002460024600246002,93,4064,0.0,555,22306
1,100,0.3,0.0,harm,hybrid,0.023,random,0.023,1.0,0,1.1810857057571411,0.0002460024600246002,93,4064,0.0,555,22306
1,100,0.3,0.0,harm,hybrid,0.023,random,0.023,1.0,0,1.1934735774993896,0.0002460024600246002,93,4064,0.0,555,22306
1,100,0.3,0.0,harm,hybrid,0.023,random,0.023,1.0,0,1.2058613300323486,0.0002460024600246002,93,4064,0.0,555,22306
1,100,0.3,0.0,harm,hybrid,0.023,random,0.023,1.0,0,1.2182492017745972,0.0002460024600246002,93,4064,0.0,555,22306
1,100,0.3,0.0,harm,hybrid,0.023,random,0.023,1.0,0,1.2306369543075562,0.0002460024600246002,93,4064,0.0,555,22306
1,100,0.3,0.0,harm,hybrid,0.023,random,0.023,1.0,0,1.2430247068405151,0.0002460024600246002,93,4064,0.0,555,22306
1,100,0.3,0.0,harm,hybrid,0.023,random,0.023,1.0,0,1.2554125785827637,0.0002460024600246002,93,4064,0.0,555,22306
1,100,0.3,0.0,harm,hybrid,0.023,random,0.023,1.0,0,1.2678003311157227,0.0002460024600246002,93,4064,0.0,555,22306
2,100,0.3,0.0,harm,hybrid,0.023,random,0.023,1.0,0,0.03058314323425293,0.003012788981800295,93,4065,0.026344086021505373,562,22499
2,100,0.3,0.0,harm,hybrid,0.023,random,0.023,1.0,0,0.04363076761364937,0.003012788981800295,93,4065,0.026344086021505373,562,22499
2,100,0.3,0.0,harm,hybrid,0.023,random,0.023,1.0,0,0.05667839199304581,0.003012788981800295,93,4065,0.026344086021505373,562,22499
2,100,0.3,0.0,harm,hybrid,0.023,random,0.023,1.0,0,0.06972602009773254,0.003012788981800295,93,4065,0.026344086021505373,562,22499
2,100,0.3,0.0,harm,hybrid,0.023,random,0.023,1.0,0,0.08277364075183868,0.003012788981800295,93,4065,0.026344086021505373,562,22499
2,100,0.3,0.0,harm,hybrid,0.023,random,0.023,1.0,0,0.09582126885652542,0.003012788981800295,93,4065,0.026344086021505373,562,22499
2,100,0.3,0.0,harm,hybrid,0.023,random,0.023,1.0,0,0.10886889696121216,0.003012788981800295,93,4065,0.026344086021505373,562,22499
2,100,0.3,0.0,harm,hybrid,0.023,random,0.023,1.0,0,0.1219165176153183,0.003012788981800295,93,4065,0.026344086021505373,562,22499
2,100,0.3,0.0,harm,hybrid,0.023,random,0.023,1.0,0,0.13496413826942444,0.003012788981800295,93,4065,0.026344086021505373,562,22499
2,100,0.3,0.0,harm,hybrid,0.023,random,0.023,1.0,0,0.14801177382469177,0.003012788981800295,93,4065,0.026344086021505373,562,22499
2,100,0.3,0.0,harm,hybrid,0.023,random,0.023,1.0,0,0.1610593944787979,0.003012788981800295,93,4065,0.026344086021505373,562,22499
2,100,0.3,0.0,harm,hybrid,0.023,random,0.023,1.0,0,0.17410701513290405,0.003012788981800295,93,4065,0.026344086021505373,562,22499
2,100,0.3,0.0,harm,hybrid,0.023,random,0.023,1.0,0,0.1871546506881714,0.003012788981800295,93,4065,0.026344086021505373,562,22499
2,100,0.3,0.0,harm,hybrid,0.023,random,0.023,1.0,0,0.20020227134227753,0.003012788981800295,93,4065,0.026344086021505373,562,22499
2,100,0.3,0.0,harm,hybrid,0.023,random,0.023,1.0,0,0.21324989199638367,0.003012788981800295,93,4065,0.026344086021505373,562,22499
2,100,0.3,0.0,harm,hybrid,0.023,random,0.023,1.0,0,0.226297527551651,0.003012788981800295,93,4065,0.026344086021505373,562,22499
2,100,0.3,0.0,harm,hybrid,0.023,random,0.023,1.0,0,0.23934514820575714,0.003012788981800295,93,4065,0.026344086021505373,562,22499
2,100,0.3,0.0,harm,hybrid,0.023,random,0.023,1.0,0,0.2523927688598633,0.003012788981800295,93,4065,0.026344086021505373,562,22499
2,100,0.3,0.0,harm,hybrid,0.023,random,0.023,1.0,0,0.2654404044151306,0.0030004918839153963,93,4065,0.026344086021505373,562,22499
2,100,0.3,0.0,harm,hybrid,0.023,random,0.023,1.0,0,0.27848803997039795,0.0030004918839153963,93,4065,0.026344086021505373,562,22499
2,100,0.3,0.0,harm,hybrid,0.023,random,0.023,1.0,0,0.2915356457233429,0.0030004918839153963,93,4065,0.026344086021505373,562,22499
2,100,0.3,0.0,harm,hybrid,0.023,random,0.023,1.0,0,0.30458328127861023,0.0029881947860304968,93,4065,0.026344086021505373,562,22499
2,100,0.3,0.0,harm,hybrid,0.023,random,0.023,1.0,0,0.3176308870315552,0.002975897688145598,93,4065,0.026344086021505373,562,22499
2,100,0.3,0.0,harm,hybrid,0.023,random,0.023,1.0,0,0.3306785225868225,0.002975897688145598,93,4065,0.026344086021505373,562,22499
2,100,0.3,0.0,harm,hybrid,0.023,random,0.023,1.0,0,0.34372615814208984,0.0029636005902606987,93,4065,0.025268817204301075,562,22499
2,100,0.3,0.0,harm,hybrid,0.023,random,0.023,1.0,0,0.3567737638950348,0.0029513034923757996,93,4065,0.024731182795698924,562,22499
2,100,0.3,0.0,harm,hybrid,0.023,random,0.023,1.0,0,0.3698213994503021,0.0029513034923757996,93,4065,0.024731182795698924,562,22499
2,100,0.3,0.0,harm,hybrid,0.023,random,0.023,1.0,0,0.38286903500556946,0.0029390063944908997,93,4065,0.024731182795698924,562,22499
2,100,0.3,0.0,harm,hybrid,0.023,random,0.023,1.0,0,0.3959166407585144,0.002914412198721102,93,4065,0.024731182795698924,562,22499
2,100,0.3,0.0,harm,hybrid,0.023,random,0.023,1.0,0,0.40896427631378174,0.002902115100836203,93,4065,0.024193548387096774,562,22499
2,100,0.3,0.0,harm,hybrid,0.023,random,0.023,1.0,0,0.4220119118690491,0.0028775209050664044,93,4065,0.024731182795698924,562,22499
2,100,0.3,0.0,harm,hybrid,0.023,random,0.023,1.0,0,0.435059517621994,0.002803738317757009,93,4065,0.023118279569892472,562,22499
2,100,0.3,0.0,harm,hybrid,0.023,random,0.023,1.0,0,0.44810715317726135,0.0027791441219872115,93,4065,0.022043010752688174,562,22499
2,100,0.3,0.0,harm,hybrid,0.023,random,0.023,1.0,0,0.4611547887325287,0.0027545499262174133,93,4065,0.022043010752688174,562,22499
2,100,0.3,0.0,harm,hybrid,0.023,random,0.023,1.0,0,0.47420239448547363,0.0027176586325627153,93,4065,0.020967741935483872,562,22499
2,100,0.3,0.0,harm,hybrid,0.023,random,0.023,1.0,0,0.48725003004074097,0.0026930644367929167,93,4065,0.01989247311827957,562,22499
2,100,0.3,0.0,harm,hybrid,0.023,random,0.023,1.0,0,0.5002976655960083,0.0026561731431382195,93,4065,0.019354838709677424,562,22499
2,100,0.3,0.0,harm,hybrid,0.023,random,0.023,1.0,0,0.5133452415466309,0.002594687653713724,93,4065,0.017741935483870968,562,22499
2,100,0.3,0.0,harm,hybrid,0.023,random,0.023,1.0,0,0.526392936706543,0.0025700934579439253,93,4065,0.01666666666666667,562,22499
2,100,0.3,0.0,harm,hybrid,0.023,random,0.023,1.0,0,0.5394405126571655,0.0025332021642892276,93,4065,0.01666666666666667,562,22499
2,100,0.3,0.0,harm,hybrid,0.023,random,0.023,1.0,0,0.5524881482124329,0.002484013772749632,93,4065,0.01612903225806452,562,22499
2,100,0.3,0.0,harm,hybrid,0.023,random,0.023,1.0,0,0.5655357837677002,0.002459419576979833,93,4065,0.015591397849462367,562,22499
2,100,0.3,0.0,harm,hybrid,0.023,random,0.023,1.0,0,0.5785834193229675,0.0024225282833251352,93,4065,0.015591397849462367,562,22499
2,100,0.3,0.0,harm,hybrid,0.023,random,0.023,1.0,0,0.5916310548782349,0.0023979340875553367,93,4065,0.015591397849462367,562,22499
2,100,0.3,0.0,harm,hybrid,0.023,random,0.023,1.0,0,0.6046786308288574,0.002336448598130841,93,4065,0.015591397849462367,562,22499
2,100,0.3,0.0,harm,hybrid,0.023,random,0.023,1.0,0,0.6177262663841248,0.002274963108706345,93,4065,0.015591397849462367,562,22499
2,100,0.3,0.0,harm,hybrid,0.023,random,0.023,1.0,0,0.6307739019393921,0.002274963108706345,93,4065,0.015591397849462367,562,22499
2,100,0.3,0.0,harm,hybrid,0.023,random,0.023,1.0,0,0.6438215374946594,0.002238071815051648,93,4065,0.015591397849462367,562,22499
2,100,0.3,0.0,harm,hybrid,0.023,random,0.023,1.0,0,0.6568691730499268,0.002225774717166749,93,4065,0.015591397849462367,562,22499
2,100,0.3,0.0,harm,hybrid,0.023,random,0.023,1.0,0,0.6699168086051941,0.00220118052139695,93,4065,0.015591397849462367,562,22499
2,100,0.3,0.0,harm,hybrid,0.023,random,0.023,1.0,0,0.6829643845558167,0.002164289227742253,93,4065,0.015591397849462367,562,22499
2,100,0.3,0.0,harm,hybrid,0.023,random,0.023,1.0,0,0.696012020111084,0.002127397934087555,93,4065,0.015591397849462367,562,22499
2,100,0.3,0.0,harm,hybrid,0.023,random,0.023,1.0,0,0.7090596556663513,0.002115100836202656,93,4065,0.015591397849462367,562,22499
2,100,0.3,0.0,harm,hybrid,0.023,random,0.023,1.0,0,0.7221072912216187,0.002090506640432858,93,4065,0.015591397849462367,562,22499
2,100,0.3,0.0,harm,hybrid,0.023,random,0.023,1.0,0,0.735154926776886,0.0020536153467781604,93,4065,0.015591397849462367,562,22499
2,100,0.3,0.0,harm,hybrid,0.023,random,0.023,1.0,0,0.7482025623321533,0.002029021151008362,93,4065,0.015591397849462367,562,22499
2,100,0.3,0.0,harm,hybrid,0.023,random,0.023,1.0,0,0.7612501382827759,0.0019921298573536647,93,4065,0.015591397849462367,562,22499
2,100,0.3,0.0,harm,hybrid,0.023,random,0.023,1.0,0,0.7742977738380432,0.0019183472700442694,93,4065,0.015591397849462367,562,22499
2,100,0.3,0.0,harm,hybrid,0.023,random,0.023,1.0,0,0.7873454093933105,0.0018691588785046732,93,4065,0.015591397849462367,562,22499
2,100,0.3,0.0,harm,hybrid,0.023,random,0.023,1.0,0,0.8003930449485779,0.0018445646827348746,93,4065,0.015591397849462367,562,22499
2,100,0.3,0.0,harm,hybrid,0.023,random,0.023,1.0,0,0.8134406805038452,0.0017584849975405803,93,4065,0.015591397849462367,562,22499
2,100,0.3,0.0,harm,hybrid,0.023,random,0.023,1.0,0,0.8264883160591125,0.0016724053123462865,93,4065,0.015591397849462367,562,22499
2,100,0.3,0.0,harm,hybrid,0.023,random,0.023,1.0,0,0.8395358920097351,0.0016355140186915889,93,4065,0.015591397849462367,562,22499
2,100,0.3,0.0,harm,hybrid,0.023,random,0.023,1.0,0,0.8525835275650024,0.0015617314313821937,93,4065,0.015591397849462367,562,22499
2,100,0.3,0.0,harm,hybrid,0.023,random,0.023,1.0,0,0.8656311631202698,0.0014264633546483027,93,4065,0.015591397849462367,562,22499
2,100,0.3,0.0,harm,hybrid,0.023,random,0.023,1.0,0,0.8786787986755371,0.0013403836694540088,93,4065,0.015591397849462367,562,22499
2,100,0.3,0.0,harm,hybrid,0.023,random,0.023,1.0,0,0.8917264342308044,0.001205115592720118,93,4065,0.015591397849462367,562,22499
2,100,0.3,0.0,harm,hybrid,0.023,random,0.023,1.0,0,0.904774010181427,0.001131333005410723,93,4065,0.015591397849462367,562,22499
2,100,0.3,0.0,harm,hybrid,0.023,random,0.023,1.0,0,0.9178216457366943,0.0010575504181013283,93,4065,0.015591397849462367,562,22499
2,100,0.3,0.0,harm,hybrid,0.023,random,0.023,1.0,0,0.9308692812919617,0.000983767830791933,93,4065,0.015591397849462367,562,22499
2,100,0.3,0.0,harm,hybrid,0.023,random,0.023,1.0,0,0.943916916847229,0.0008976881455976389,93,4065,0.015591397849462367,562,22499
2,100,0.3,0.0,harm,hybrid,0.023,random,0.023,1.0,0,0.9569645524024963,0.0008116084604033449,93,4065,0.014516129032258065,562,22499
2,100,0.3,0.0,harm,hybrid,0.023,random,0.023,1.0,0,0.9700121879577637,0.0007747171667486473,93,4065,0.013978494623655914,562,22499
2,100,0.3,0.0,harm,hybrid,0.023,random,0.023,1.0,0,0.9830597639083862,0.0007378258730939498,93,4065,0.013978494623655914,562,22499
2,100,0.3,0.0,harm,hybrid,0.023,random,0.023,1.0,0,0.9961073994636536,0.0006886374815543532,93,4065,0.012903225806451613,562,22499
2,100,0.3,0.0,harm,hybrid,0.023,random,0.023,1.0,0,1.009155035018921,0.0005533694048204624,93,4065,0.009677419354838712,562,22499
2,100,0.3,0.0,harm,hybrid,0.023,random,0.023,1.0,0,1.022202730178833,0.0004918839153959665,93,4065,0.00806451612903226,562,22499
2,100,0.3,0.0,harm,hybrid,0.023,random,0.023,1.0,0,1.0352503061294556,0.0004181013280865715,93,4065,0.004838709677419355,562,22499
2,100,0.3,0.0,harm,hybrid,0.023,random,0.023,1.0,0,1.0482978820800781,0.0003566158386620758,93,4065,0.002688172043010753,562,22499
2,100,0.3,0.0,harm,hybrid,0.023,random,0.023,1.0,0,1.0613455772399902,0.0003074274471224791,93,4065,0.001075268817204301,562,22499
2,100,0.3,0.0,harm,hybrid,0.023,random,0.023,1.0,0,1.0743931531906128,0.00029513034923757994,93,4065,0.0005376344086021505,562,22499
2,100,0.3,0.0,harm,hybrid,0.023,random,0.023,1.0,0,1.087440848350525,0.00028283325135268077,93,4065,0.0,562,22499
2,100,0.3,0.0,harm,hybrid,0.023,random,0.023,1.0,0,1.1004884243011475,0.00024594195769798326,93,4065,0.0,562,22499
2,100,0.3,0.0,harm,hybrid,0.023,random,0.023,1.0,0,1.11353600025177,0.00024594195769798326,93,4065,0.0,562,22499
2,100,0.3,0.0,harm,hybrid,0.023,random,0.023,1.0,0,1.1265836954116821,0.00024594195769798326,93,4065,0.0,562,22499
2,100,0.3,0.0,harm,hybrid,0.023,random,0.023,1.0,0,1.1396312713623047,0.00024594195769798326,93,4065,0.0,562,22499
2,100,0.3,0.0,harm,hybrid,0.023,random,0.023,1.0,0,1.1526789665222168,0.00024594195769798326,93,4065,0.0,562,22499
2,100,0.3,0.0,harm,hybrid,0.023,random,0.023,1.0,0,1.1657265424728394,0.00024594195769798326,93,4065,0.0,562,22499
2,100,0.3,0.0,harm,hybrid,0.023,random,0.023,1.0,0,1.178774118423462,0.00024594195769798326,93,4065,0.0,562,22499
2,100,0.3,0.0,harm,hybrid,0.023,random,0.023,1.0,0,1.191821813583374,0.00024594195769798326,93,4065,0.0,562,22499
2,100,0.3,0.0,harm,hybrid,0.023,random,0.023,1.0,0,1.2048693895339966,0.00024594195769798326,93,4065,0.0,562,22499
2,100,0.3,0.0,harm,hybrid,0.023,random,0.023,1.0,0,1.2179170846939087,0.00024594195769798326,93,4065,0.0,562,22499
2,100,0.3,0.0,harm,hybrid,0.023,random,0.023,1.0,0,1.2309646606445312,0.00024594195769798326,93,4065,0.0,562,22499
2,100,0.3,0.0,harm,hybrid,0.023,random,0.023,1.0,0,1.2440123558044434,0.00024594195769798326,93,4065,0.0,562,22499
2,100,0.3,0.0,harm,hybrid,0.023,random,0.023,1.0,0,1.257059931755066,0.00024594195769798326,93,4065,0.0,562,22499
2,100,0.3,0.0,harm,hybrid,0.023,random,0.023,1.0,0,1.2701075077056885,0.00024594195769798326,93,4065,0.0,562,22499
2,100,0.3,0.0,harm,hybrid,0.023,random,0.023,1.0,0,1.2831552028656006,0.00024594195769798326,93,4065,0.0,562,22499
2,100,0.3,0.0,harm,hybrid,0.023,random,0.023,1.0,0,1.2962027788162231,0.00024594195769798326,93,4065,0.0,562,22499
2,100,0.3,0.0,harm,hybrid,0.023,random,0.023,1.0,0,1.3092504739761353,0.00024594195769798326,93,4065,0.0,562,22499
2,100,0.3,0.0,harm,hybrid,0.023,random,0.023,1.0,0,1.3222980499267578,0.00024594195769798326,93,4065,0.0,562,22499
3,100,0.3,0.0,harm,hybrid,0.023,random,0.023,1.0,0,0.05018720030784607,0.002753766362064708,93,4048,0.024193548387096774,557,22428
3,100,0.3,0.0,harm,hybrid,0.023,random,0.023,1.0,0,0.06261549144983292,0.002753766362064708,93,4048,0.024193548387096774,557,22428
3,100,0.3,0.0,harm,hybrid,0.023,random,0.023,1.0,0,0.07504378259181976,0.002753766362064708,93,4048,0.024193548387096774,557,22428
3,100,0.3,0.0,harm,hybrid,0.023,random,0.023,1.0,0,0.08747208118438721,0.002753766362064708,93,4048,0.024193548387096774,557,22428
3,100,0.3,0.0,harm,hybrid,0.023,random,0.023,1.0,0,0.09990036487579346,0.002753766362064708,93,4048,0.024193548387096774,557,22428
3,100,0.3,0.0,harm,hybrid,0.023,random,0.023,1.0,0,0.1123286634683609,0.002753766362064708,93,4048,0.024193548387096774,557,22428
3,100,0.3,0.0,harm,hybrid,0.023,random,0.023,1.0,0,0.12475695461034775,0.002753766362064708,93,4048,0.024193548387096774,557,22428
3,100,0.3,0.0,harm,hybrid,0.023,random,0.023,1.0,0,0.1371852457523346,0.002753766362064708,93,4048,0.024193548387096774,557,22428
3,100,0.3,0.0,harm,hybrid,0.023,random,0.023,1.0,0,0.14961352944374084,0.002753766362064708,93,4048,0.024193548387096774,557,22428
3,100,0.3,0.0,harm,hybrid,0.023,random,0.023,1.0,0,0.1620418280363083,0.002753766362064708,93,4048,0.024193548387096774,557,22428
3,100,0.3,0.0,harm,hybrid,0.023,random,0.023,1.0,0,0.17447012662887573,0.002753766362064708,93,4048,0.024193548387096774,557,22428
3,100,0.3,0.0,harm,hybrid,0.023,random,0.023,1.0,0,0.18689841032028198,0.002753766362064708,93,4048,0.024193548387096774,557,22428
3,100,0.3,0.0,harm,hybrid,0.023,random,0.023,1.0,0,0.19932670891284943,0.002753766362064708,93,4048,0.024193548387096774,557,22428
3,100,0.3,0.0,harm,hybrid,0.023,random,0.023,1.0,0,0.21175499260425568,0.002753766362064708,93,4048,0.024193548387096774,557,22428
3,100,0.3,0.0,harm,hybrid,0.023,random,0.023,1.0,0,0.22418329119682312,0.002753766362064708,93,4048,0.024193548387096774,557,22428
3,100,0.3,0.0,harm,hybrid,0.023,random,0.023,1.0,0,0.23661157488822937,0.002753766362064708,93,4048,0.024193548387096774,557,22428
3,100,0.3,0.0,harm,hybrid,0.023,random,0.023,1.0,0,0.24903987348079681,0.002753766362064708,93,4048,0.024193548387096774,557,22428
3,100,0.3,0.0,harm,hybrid,0.023,random,0.023,1.0,0,0.26146817207336426,0.002753766362064708,93,4048,0.024193548387096774,557,22428
3,100,0.3,0.0,harm,hybrid,0.023,random,0.023,1.0,0,0.2738964557647705,0.0027414176339837,93,4048,0.024193548387096774,557,22428
3,100,0.3,0.0,harm,hybrid,0.023,random,0.023,1.0,0,0.28632473945617676,0.0027167201778216846,93,4048,0.023118279569892472,557,22428
3,100,0.3,0.0,harm,hybrid,0.023,random,0.023,1.0,0,0.298753023147583,0.0027167201778216846,93,4048,0.023118279569892472,557,22428
3,100,0.3,0.0,harm,hybrid,0.023,random,0.023,1.0,0,0.31118133664131165,0.0027167201778216846,93,4048,0.023118279569892472,557,22428
3,100,0.3,0.0,harm,hybrid,0.023,random,0.023,1.0,0,0.3236096203327179,0.002692022721659669,93,4048,0.02204301075268817,557,22428
3,100,0.3,0.0,harm,hybrid,0.023,random,0.023,1.0,0,0.33603790402412415,0.002692022721659669,93,4048,0.02204301075268817,557,22428
3,100,0.3,0.0,harm,hybrid,0.023,random,0.023,1.0,0,0.3484662175178528,0.002692022721659669,93,4048,0.02204301075268817,557,22428
3,100,0.3,0.0,harm,hybrid,0.023,random,0.023,1.0,0,0.36089450120925903,0.002692022721659669,93,4048,0.02204301075268817,557,22428
3,100,0.3,0.0,harm,hybrid,0.023,random,0.023,1.0,0,0.3733227849006653,0.002654976537416646,93,4048,0.020967741935483872,557,22428
3,100,0.3,0.0,harm,hybrid,0.023,random,0.023,1.0,0,0.3857510983943939,0.002642627809335639,93,4048,0.020967741935483872,557,22428
3,100,0.3,0.0,harm,hybrid,0.023,random,0.023,1.0,0,0.39817938208580017,0.002630279081254631,93,4048,0.020967741935483872,557,22428
3,100,0.3,0.0,harm,hybrid,0.023,random,0.023,1.0,0,0.4106076657772064,0.0026055816250926157,93,4048,0.01989247311827957,557,22428
3,100,0.3,0.0,harm,hybrid,0.023,random,0.023,1.0,0,0.42303594946861267,0.0026055816250926157,93,4048,0.01989247311827957,557,22428
3,100,0.3,0.0,harm,hybrid,0.023,random,0.023,1.0,0,0.4354642629623413,0.0026055816250926157,93,4048,0.01989247311827957,557,22428
3,100,0.3,0.0,harm,hybrid,0.023,random,0.023,1.0,0,0.44789254665374756,0.0026179303531736232,93,4048,0.01989247311827957,557,22428
3,100,0.3,0.0,harm,hybrid,0.023,random,0.023,1.0,0,0.4603208303451538,0.0026055816250926157,93,4048,0.01989247311827957,557,22428
3,100,0.3,0.0,harm,hybrid,0.023,random,0.023,1.0,0,0.47274914383888245,0.0025808841689306003,93,4048,0.01881720430107527,557,22428
3,100,0.3,0.0,harm,hybrid,0.023,random,0.023,1.0,0,0.4851774275302887,0.0025438379846875773,93,4048,0.017741935483870968,557,22428
3,100,0.3,0.0,harm,hybrid,0.023,random,0.023,1.0,0,0.49760571122169495,0.002506791800444555,93,4048,0.016666666666666666,557,22428
3,100,0.3,0.0,harm,hybrid,0.023,random,0.023,1.0,0,0.5100339651107788,0.0024944430723635473,93,4048,0.016666666666666666,557,22428
3,100,0.3,0.0,harm,hybrid,0.023,random,0.023,1.0,0,0.5224623084068298,0.002457396888120524,93,4048,0.016129032258064516,557,22428
3,100,0.3,0.0,harm,hybrid,0.023,random,0.023,1.0,0,0.5348905920982361,0.002432699431958509,93,4048,0.016129032258064516,557,22428
3,100,0.3,0.0,harm,hybrid,0.023,random,0.023,1.0,0,0.5473188757896423,0.00237095579155347,93,4048,0.014516129032258065,557,22428
3,100,0.3,0.0,harm,hybrid,0.023,random,0.023,1.0,0,0.5597472190856934,0.002346258335391455,93,4048,0.014516129032258065,557,22428
3,100,0.3,0.0,harm,hybrid,0.023,random,0.023,1.0,0,0.5721755027770996,0.002309212151148432,93,4048,0.014516129032258065,557,22428
3,100,0.3,0.0,harm,hybrid,0.023,random,0.023,1.0,0,0.5846037864685059,0.0022845146949864166,93,4048,0.014516129032258065,557,22428
3,100,0.3,0.0,harm,hybrid,0.023,random,0.023,1.0,0,0.5970320701599121,0.002272165966905409,93,4048,0.014516129032258065,557,22428
3,100,0.3,0.0,harm,hybrid,0.023,random,0.023,1.0,0,0.6094603538513184,0.002247468510743393,93,4048,0.014516129032258065,557,22428
3,100,0.3,0.0,harm,hybrid,0.023,random,0.023,1.0,0,0.6218886375427246,0.002235119782662386,93,4048,0.014516129032258065,557,22428
3,100,0.3,0.0,harm,hybrid,0.023,random,0.023,1.0,0,0.6343169212341309,0.002185724870338355,93,4048,0.014516129032258065,557,22428
3,100,0.3,0.0,harm,hybrid,0.023,random,0.023,1.0,0,0.6467452049255371,0.002185724870338355,93,4048,0.014516129032258065,557,22428
3,100,0.3,0.0,harm,hybrid,0.023,random,0.023,1.0,0,0.6591734886169434,0.0021486786860953322,93,4048,0.014516129032258065,557,22428
3,100,0.3,0.0,harm,hybrid,0.023,random,0.023,1.0,0,0.6716017723083496,0.0021363299580143247,93,4048,0.014516129032258065,557,22428
3,100,0.3,0.0,harm,hybrid,0.023,random,0.023,1.0,0,0.6840300559997559,0.0021116325018523093,93,4048,0.014516129032258065,557,22428
3,100,0.3,0.0,harm,hybrid,0.023,random,0.023,1.0,0,0.6964583396911621,0.002062237589528279,93,4048,0.014516129032258065,557,22428
3,100,0.3,0.0,harm,hybrid,0.023,random,0.023,1.0,0,0.7088866233825684,0.0020251914052852554,93,4048,0.014516129032258065,557,22428
3,100,0.3,0.0,harm,hybrid,0.023,random,0.023,1.0,0,0.7213150262832642,0.0019757964929612254,93,4048,0.014516129032258065,557,22428
3,100,0.3,0.0,harm,hybrid,0.023,random,0.023,1.0,0,0.7337433099746704,0.0019264015806371945,93,4048,0.014516129032258065,557,22428
3,100,0.3,0.0,harm,hybrid,0.023,random,0.023,1.0,0,0.7461715936660767,0.0019264015806371945,93,4048,0.014516129032258065,557,22428
3,100,0.3,0.0,harm,hybrid,0.023,random,0.023,1.0,0,0.7585998773574829,0.001877006668313164,93,4048,0.014516129032258065,557,22428
3,100,0.3,0.0,harm,hybrid,0.023,random,0.023,1.0,0,0.7710281610488892,0.001839960484070141,93,4048,0.014516129032258065,557,22428
3,100,0.3,0.0,harm,hybrid,0.023,random,0.023,1.0,0,0.7834564447402954,0.0017288219313410717,93,4048,0.014516129032258065,557,22428
3,100,0.3,0.0,harm,hybrid,0.023,random,0.023,1.0,0,0.7958847284317017,0.0016917757470980492,93,4048,0.014516129032258065,557,22428
3,100,0.3,0.0,harm,hybrid,0.023,random,0.023,1.0,0,0.8083130121231079,0.0016670782909360337,93,4048,0.014516129032258065,557,22428
3,100,0.3,0.0,harm,hybrid,0.023,random,0.023,1.0,0,0.8207412958145142,0.0016053346505309953,93,4048,0.014516129032258065,557,22428
3,100,0.3,0.0,harm,hybrid,0.023,random,0.023,1.0,0,0.8331695795059204,0.0015682884662879724,93,4048,0.014516129032258065,557,22428
3,100,0.3,0.0,harm,hybrid,0.023,random,0.023,1.0,0,0.8455978631973267,0.0015435910101259573,93,4048,0.014516129032258065,557,22428
3,100,0.3,0.0,harm,hybrid,0.023,random,0.023,1.0,0,0.8580261468887329,0.001407755001234873,93,4048,0.014516129032258065,557,22428
3,100,0.3,0.0,harm,hybrid,0.023,random,0.023,1.0,0,0.8704544305801392,0.00137070881699185,93,4048,0.014516129032258065,557,22428
3,100,0.3,0.0,harm,hybrid,0.023,random,0.023,1.0,0,0.8828827142715454,0.0012842677204247962,93,4048,0.014516129032258065,557,22428
3,100,0.3,0.0,harm,hybrid,0.023,random,0.023,1.0,0,0.8953111171722412,0.001222524080019758,93,4048,0.014516129032258065,557,22428
3,100,0.3,0.0,harm,hybrid,0.023,random,0.023,1.0,0,0.9077394008636475,0.0011360829834527043,93,4048,0.014516129032258065,557,22428
3,100,0.3,0.0,harm,hybrid,0.023,random,0.023,1.0,0,0.9201676845550537,0.0010496418868856509,93,4048,0.013978494623655914,557,22428
3,100,0.3,0.0,harm,hybrid,0.023,random,0.023,1.0,0,0.93259596824646,0.0010002469745616202,93,4048,0.013978494623655914,557,22428
3,100,0.3,0.0,harm,hybrid,0.023,random,0.023,1.0,0,0.9450242519378662,0.0008891084218325512,93,4048,0.013440860215053764,557,22428
3,100,0.3,0.0,harm,hybrid,0.023,random,0.023,1.0,0,0.9574525356292725,0.0008150160533465053,93,4048,0.012903225806451615,557,22428
3,100,0.3,0.0,harm,hybrid,0.023,random,0.023,1.0,0,0.9698808193206787,0.0007285749567794517,93,4048,0.012365591397849462,557,22428
3,100,0.3,0.0,harm,hybrid,0.023,random,0.023,1.0,0,0.982309103012085,0.0006050876759693751,93,4048,0.01021505376344086,557,22428
3,100,0.3,0.0,harm,hybrid,0.023,random,0.023,1.0,0,0.9947373867034912,0.0005309953074833292,93,4048,0.008602150537634409,557,22428
3,100,0.3,0.0,harm,hybrid,0.023,random,0.023,1.0,0,1.0071656703948975,0.0004692516670782909,93,4048,0.006451612903225807,557,22428
3,100,0.3,0.0,harm,hybrid,0.023,random,0.023,1.0,0,1.0195939540863037,0.0004692516670782909,93,4048,0.006451612903225807,557,22428
3,100,0.3,0.0,harm,hybrid,0.023,random,0.023,1.0,0,1.03202223777771,0.00040750802667325264,93,4048,0.004301075268817204,557,22428
3,100,0.3,0.0,harm,hybrid,0.023,random,0.023,1.0,0,1.0444505214691162,0.00032106693010619904,93,4048,0.002688172043010753,557,22428
3,100,0.3,0.0,harm,hybrid,0.023,random,0.023,1.0,0,1.056878924369812,0.0002840207458631761,93,4048,0.0016129032258064518,557,22428
3,100,0.3,0.0,harm,hybrid,0.023,random,0.023,1.0,0,1.0693072080612183,0.0002593232897011608,93,4048,0.0005376344086021505,557,22428
3,100,0.3,0.0,harm,hybrid,0.023,random,0.023,1.0,0,1.0817354917526245,0.0002593232897011608,93,4048,0.0005376344086021505,557,22428
3,100,0.3,0.0,harm,hybrid,0.023,random,0.023,1.0,0,1.0941637754440308,0.0002593232897011608,93,4048,0.0005376344086021505,557,22428
3,100,0.3,0.0,harm,hybrid,0.023,random,0.023,1.0,0,1.106592059135437,0.0002593232897011608,93,4048,0.0005376344086021505,557,22428
3,100,0.3,0.0,harm,hybrid,0.023,random,0.023,1.0,0,1.1190203428268433,0.0002593232897011608,93,4048,0.0005376344086021505,557,22428
3,100,0.3,0.0,harm,hybrid,0.023,random,0.023,1.0,0,1.1314486265182495,0.0002593232897011608,93,4048,0.0005376344086021505,557,22428
3,100,0.3,0.0,harm,hybrid,0.023,random,0.023,1.0,0,1.1438769102096558,0.0002593232897011608,93,4048,0.0005376344086021505,557,22428
3,100,0.3,0.0,harm,hybrid,0.023,random,0.023,1.0,0,1.156305193901062,0.0002469745616201531,93,4048,0.0,557,22428
3,100,0.3,0.0,harm,hybrid,0.023,random,0.023,1.0,0,1.1687334775924683,0.0002469745616201531,93,4048,0.0,557,22428
3,100,0.3,0.0,harm,hybrid,0.023,random,0.023,1.0,0,1.1811617612838745,0.0002469745616201531,93,4048,0.0,557,22428
3,100,0.3,0.0,harm,hybrid,0.023,random,0.023,1.0,0,1.1935900449752808,0.0002469745616201531,93,4048,0.0,557,22428
3,100,0.3,0.0,harm,hybrid,0.023,random,0.023,1.0,0,1.2060184478759766,0.0002469745616201531,93,4048,0.0,557,22428
3,100,0.3,0.0,harm,hybrid,0.023,random,0.023,1.0,0,1.2184467315673828,0.0002469745616201531,93,4048,0.0,557,22428
3,100,0.3,0.0,harm,hybrid,0.023,random,0.023,1.0,0,1.230875015258789,0.0002469745616201531,93,4048,0.0,557,22428
3,100,0.3,0.0,harm,hybrid,0.023,random,0.023,1.0,0,1.2433032989501953,0.0002469745616201531,93,4048,0.0,557,22428
3,100,0.3,0.0,harm,hybrid,0.023,random,0.023,1.0,0,1.2557315826416016,0.0002469745616201531,93,4048,0.0,557,22428
3,100,0.3,0.0,harm,hybrid,0.023,random,0.023,1.0,0,1.2681598663330078,0.0002469745616201531,93,4048,0.0,557,22428
3,100,0.3,0.0,harm,hybrid,0.023,random,0.023,1.0,0,1.280588150024414,0.0002469745616201531,93,4048,0.0,557,22428
4,100,0.3,0.0,harm,hybrid,0.023,random,0.023,1.0,0,0.12783026695251465,0.002844422458570369,92,4042,0.02608695652173913,558,22448
4,100,0.3,0.0,harm,hybrid,0.023,random,0.023,1.0,0,0.14074985682964325,0.002844422458570369,92,4042,0.02608695652173913,558,22448
4,100,0.3,0.0,harm,hybrid,0.023,random,0.023,1.0,0,0.15366944670677185,0.002844422458570369,92,4042,0.02608695652173913,558,22448
4,100,0.3,0.0,harm,hybrid,0.023,random,0.023,1.0,0,0.16658903658390045,0.002844422458570369,92,4042,0.02608695652173913,558,22448
4,100,0.3,0.0,harm,hybrid,0.023,random,0.023,1.0,0,0.17950862646102905,0.002844422458570369,92,4042,0.02608695652173913,558,22448
4,100,0.3,0.0,harm,hybrid,0.023,random,0.023,1.0,0,0.19242820143699646,0.002844422458570369,92,4042,0.02608695652173913,558,22448
4,100,0.3,0.0,harm,hybrid,0.023,random,0.023,1.0,0,0.20534780621528625,0.002844422458570369,92,4042,0.02608695652173913,558,22448
4,100,0.3,0.0,harm,hybrid,0.023,random,0.023,1.0,0,0.21826738119125366,0.002844422458570369,92,4042,0.02608695652173913,558,22448
4,100,0.3,0.0,harm,hybrid,0.023,random,0.023,1.0,0,0.23118698596954346,0.002844422458570369,92,4042,0.02608695652173913,558,22448
4,100,0.3,0.0,harm,hybrid,0.023,random,0.023,1.0,0,0.24410656094551086,0.002844422458570369,92,4042,0.02608695652173913,558,22448
4,100,0.3,0.0,harm,hybrid,0.023,random,0.023,1.0,0,0.25702613592147827,0.002844422458570369,92,4042,0.02608695652173913,558,22448
4,100,0.3,0.0,harm,hybrid,0.023,random,0.023,1.0,0,0.26994574069976807,0.002844422458570369,92,4042,0.02608695652173913,558,22448
4,100,0.3,0.0,harm,hybrid,0.023,random,0.023,1.0,0,0.28286534547805786,0.002844422458570369,92,4042,0.02608695652173913,558,22448
4,100,0.3,0.0,harm,hybrid,0.023,random,0.023,1.0,0,0.29578492045402527,0.002844422458570369,92,4042,0.02608695652173913,558,22448
4,100,0.3,0.0,harm,hybrid,0.023,random,0.023,1.0,0,0.3087044954299927,0.002844422458570369,92,4042,0.02608695652173913,558,22448
4,100,0.3,0.0,harm,hybrid,0.023,random,0.023,1.0,0,0.32162410020828247,0.002844422458570369,92,4042,0.02608695652173913,558,22448
4,100,0.3,0.0,harm,hybrid,0.023,random,0.023,1.0,0,0.33454370498657227,0.002844422458570369,92,4042,0.02608695652173913,558,22448
4,100,0.3,0.0,harm,hybrid,0.023,random,0.023,1.0,0,0.3474632799625397,0.002844422458570369,92,4042,0.02608695652173913,558,22448
4,100,0.3,0.0,harm,hybrid,0.023,random,0.023,1.0,0,0.3603828549385071,0.002844422458570369,92,4042,0.02608695652173913,558,22448
4,100,0.3,0.0,harm,hybrid,0.023,random,0.023,1.0,0,0.3733024597167969,0.002844422458570369,92,4042,0.02608695652173913,558,22448
4,100,0.3,0.0,harm,hybrid,0.023,random,0.023,1.0,0,0.3862220346927643,0.002844422458570369,92,4042,0.02608695652173913,558,22448
4,100,0.3,0.0,harm,hybrid,0.023,random,0.023,1.0,0,0.3991416394710541,0.0028320554044026715,92,4042,0.025543478260869567,558,22448
4,100,0.3,0.0,harm,hybrid,0.023,random,0.023,1.0,0,0.4120612144470215,0.002807321296067277,92,4042,0.024999999999999998,558,22448
4,100,0.3,0.0,harm,hybrid,0.023,random,0.023,1.0,0,0.4249808192253113,0.002807321296067277,92,4042,0.024999999999999998,558,22448
4,100,0.3,0.0,harm,hybrid,0.023,random,0.023,1.0,0,0.4379003942012787,0.002807321296067277,92,4042,0.024999999999999998,558,22448
4,100,0.3,0.0,harm,hybrid,0.023,random,0.023,1.0,0,0.4508199989795685,0.00279495424189958,92,4042,0.024456521739130436,558,22448
4,100,0.3,0.0,harm,hybrid,0.023,random,0.023,1.0,0,0.4637395739555359,0.00279495424189958,92,4042,0.024456521739130436,558,22448
4,100,0.3,0.0,harm,hybrid,0.023,random,0.023,1.0,0,0.4766591787338257,0.00279495424189958,92,4042,0.024456521739130436,558,22448
4,100,0.3,0.0,harm,hybrid,0.023,random,0.023,1.0,0,0.4895787537097931,0.00279495424189958,92,4042,0.024456521739130436,558,22448
4,100,0.3,0.0,harm,hybrid,0.023,random,0.023,1.0,0,0.5024983882904053,0.0027825871877318826,92,4042,0.02391304347826087,558,22448
4,100,0.3,0.0,harm,hybrid,0.023,random,0.023,1.0,0,0.5154179334640503,0.002770220133564185,92,4042,0.023369565217391308,558,22448
4,100,0.3,0.0,harm,hybrid,0.023,random,0.023,1.0,0,0.5283375382423401,0.002696017808558002,92,4042,0.021739130434782608,558,22448
4,100,0.3,0.0,harm,hybrid,0.023,random,0.023,1.0,0,0.5412571430206299,0.00265891664605491,92,4042,0.02065217391304348,558,22448
4,100,0.3,0.0,harm,hybrid,0.023,random,0.023,1.0,0,0.5541766881942749,0.00265891664605491,92,4042,0.02065217391304348,558,22448
4,100,0.3,0.0,harm,hybrid,0.023,random,0.023,1.0,0,0.5670962929725647,0.002646549591887212,92,4042,0.02065217391304348,558,22448
4,100,0.3,0.0,harm,hybrid,0.023,random,0.023,1.0,0,0.5800158977508545,0.002621815483551819,92,4042,0.020108695652173915,558,22448
4,100,0.3,0.0,harm,hybrid,0.023,random,0.023,1.0,0,0.5929354429244995,0.0025723472668810286,92,4042,0.019021739130434784,558,22448
4,100,0.3,0.0,harm,hybrid,0.023,random,0.023,1.0,0,0.6058550477027893,0.0025723472668810286,92,4042,0.019021739130434784,558,22448
4,100,0.3,0.0,harm,hybrid,0.023,random,0.023,1.0,0,0.6187746524810791,0.0025352461043779374,92,4042,0.01847826086956522,558,22448
4,100,0.3,0.0,harm,hybrid,0.023,random,0.023,1.0,0,0.6316942572593689,0.0025105119960425427,92,4042,0.01847826086956522,558,22448
4,100,0.3,0.0,harm,hybrid,0.023,random,0.023,1.0,0,0.6446138024330139,0.0024734108335394507,92,4042,0.01847826086956522,558,22448
4,100,0.3,0.0,harm,hybrid,0.023,random,0.023,1.0,0,0.6575334072113037,0.0024363096710363595,92,4042,0.01847826086956522,558,22448
4,100,0.3,0.0,harm,hybrid,0.023,random,0.023,1.0,0,0.6704530119895935,0.002399208508533267,92,4042,0.01847826086956522,558,22448
4,100,0.3,0.0,harm,hybrid,0.023,random,0.023,1.0,0,0.6833726167678833,0.0023744744001978737,92,4042,0.01847826086956522,558,22448
4,100,0.3,0.0,harm,hybrid,0.023,random,0.023,1.0,0,0.6962921619415283,0.0023497402918624785,92,4042,0.01847826086956522,558,22448
4,100,0.3,0.0,harm,hybrid,0.023,random,0.023,1.0,0,0.7092117667198181,0.0023373732376947816,92,4042,0.01847826086956522,558,22448
4,100,0.3,0.0,harm,hybrid,0.023,random,0.023,1.0,0,0.7221313714981079,0.0022879050210239922,92,4042,0.01847826086956522,558,22448
4,100,0.3,0.0,harm,hybrid,0.023,random,0.023,1.0,0,0.7350509762763977,0.002263170912688598,92,4042,0.01847826086956522,558,22448
4,100,0.3,0.0,harm,hybrid,0.023,random,0.023,1.0,0,0.7479705214500427,0.0022508038585209006,92,4042,0.01847826086956522,558,22448
4,100,0.3,0.0,harm,hybrid,0.023,random,0.023,1.0,0,0.7608901262283325,0.0022384368043532033,92,4042,0.01847826086956522,558,22448
4,100,0.3,0.0,harm,hybrid,0.023,random,0.023,1.0,0,0.7738097310066223,0.0022260697501855064,92,4042,0.01847826086956522,558,22448
4,100,0.3,0.0,harm,hybrid,0.023,random,0.023,1.0,0,0.7867292761802673,0.002213702696017809,92,4042,0.01847826086956522,558,22448
4,100,0.3,0.0,harm,hybrid,0.023,random,0.023,1.0,0,0.7996488809585571,0.0021766015335147166,92,4042,0.01847826086956522,558,22448
4,100,0.3,0.0,harm,hybrid,0.023,random,0.023,1.0,0,0.8125684857368469,0.002127133316843928,92,4042,0.01847826086956522,558,22448
4,100,0.3,0.0,harm,hybrid,0.023,random,0.023,1.0,0,0.8254880905151367,0.0021023992085085334,92,4042,0.01847826086956522,558,22448
4,100,0.3,0.0,harm,hybrid,0.023,random,0.023,1.0,0,0.8384076356887817,0.002090032154340836,92,4042,0.01847826086956522,558,22448
4,100,0.3,0.0,harm,hybrid,0.023,random,0.023,1.0,0,0.8513272404670715,0.0020529309918377444,92,4042,0.01847826086956522,558,22448
4,100,0.3,0.0,harm,hybrid,0.023,random,0.023,1.0,0,0.8642468452453613,0.001991095720999258,92,4042,0.01847826086956522,558,22448
4,100,0.3,0.0,harm,hybrid,0.023,random,0.023,1.0,0,0.8771664500236511,0.001916893395993075,92,4042,0.01847826086956522,558,22448
4,100,0.3,0.0,harm,hybrid,0.023,random,0.023,1.0,0,0.8900859951972961,0.0018674251793222856,92,4042,0.01847826086956522,558,22448
4,100,0.3,0.0,harm,hybrid,0.023,random,0.023,1.0,0,0.9030055999755859,0.0017808558001484048,92,4042,0.01847826086956522,558,22448
4,100,0.3,0.0,harm,hybrid,0.023,random,0.023,1.0,0,0.9159252047538757,0.0017066534751422214,92,4042,0.01847826086956522,558,22448
4,100,0.3,0.0,harm,hybrid,0.023,random,0.023,1.0,0,0.9288448095321655,0.0016695523126391296,92,4042,0.01847826086956522,558,22448
4,100,0.3,0.0,harm,hybrid,0.023,random,0.023,1.0,0,0.9417643547058105,0.0015706158792975513,92,4042,0.01847826086956522,558,22448
4,100,0.3,0.0,harm,hybrid,0.023,random,0.023,1.0,0,0.9546839594841003,0.0015211476626267625,92,4042,0.01847826086956522,558,22448
4,100,0.3,0.0,harm,hybrid,0.023,random,0.023,1.0,0,0.9676035642623901,0.001446945337620579,92,4042,0.01847826086956522,558,22448
4,100,0.3,0.0,harm,hybrid,0.023,random,0.023,1.0,0,0.9805231094360352,0.0013727430126143955,92,4042,0.01847826086956522,558,22448
4,100,0.3,0.0,harm,hybrid,0.023,random,0.023,1.0,0,0.993442714214325,0.0012985406876082118,92,4042,0.01847826086956522,558,22448
4,100,0.3,0.0,harm,hybrid,0.023,random,0.023,1.0,0,1.0063623189926147,0.0011748701459312393,92,4042,0.01847826086956522,558,22448
4,100,0.3,0.0,harm,hybrid,0.023,random,0.023,1.0,0,1.0192818641662598,0.001063566658421964,92,4042,0.01847826086956522,558,22448
4,100,0.3,0.0,harm,hybrid,0.023,random,0.023,1.0,0,1.0322015285491943,0.0010140984417511749,92,4042,0.01847826086956522,558,22448
4,100,0.3,0.0,harm,hybrid,0.023,random,0.023,1.0,0,1.0451210737228394,0.0009522631709126886,92,4042,0.017391304347826087,558,22448
4,100,0.3,0.0,harm,hybrid,0.023,random,0.023,1.0,0,1.0580406188964844,0.0009275290625772941,92,4042,0.01684782608695652,558,22448
4,100,0.3,0.0,harm,hybrid,0.023,random,0.023,1.0,0,1.070960283279419,0.0008409596834034134,92,4042,0.015217391304347825,558,22448
4,100,0.3,0.0,harm,hybrid,0.023,random,0.023,1.0,0,1.083879828453064,0.0007420232500618355,92,4042,0.0125,558,22448
4,100,0.3,0.0,harm,hybrid,0.023,random,0.023,1.0,0,1.096799373626709,0.0005936186000494682,92,4042,0.008152173913043478,558,22448
4,100,0.3,0.0,harm,hybrid,0.023,random,0.023,1.0,0,1.1097190380096436,0.00048231511254019296,92,4042,0.005434782608695652,558,22448
4,100,0.3,0.0,harm,hybrid,0.023,random,0.023,1.0,0,1.1226387023925781,0.00046994805837249573,92,4042,0.005434782608695652,558,22448
4,100,0.3,0.0,harm,hybrid,0.023,random,0.023,1.0,0,1.1355582475662231,0.0004452139500371012,92,4042,0.004347826086956522,558,22448
4,100,0.3,0.0,harm,hybrid,0.023,random,0.023,1.0,0,1.1484777927398682,0.00040811278753400944,92,4042,0.003260869565217391,558,22448
4,100,0.3,0.0,harm,hybrid,0.023,random,0.023,1.0,0,1.1613973379135132,0.0003586445708632204,92,4042,0.002173913043478261,558,22448
4,100,0.3,0.0,harm,hybrid,0.023,random,0.023,1.0,0,1.1743170022964478,0.0002968093000247341,92,4042,0.0010869565217391304,558,22448
4,100,0.3,0.0,harm,hybrid,0.023,random,0.023,1.0,0,1.1872365474700928,0.0002720751916893396,92,4042,0.0005434782608695652,558,22448
4,100,0.3,0.0,harm,hybrid,0.023,random,0.023,1.0,0,1.2001560926437378,0.0002473410833539451,92,4042,0.0,558,22448
4,100,0.3,0.0,harm,hybrid,0.023,random,0.023,1.0,0,1.2130757570266724,0.0002473410833539451,92,4042,0.0,558,22448
4,100,0.3,0.0,harm,hybrid,0.023,random,0.023,1.0,0,1.2259953022003174,0.0002473410833539451,92,4042,0.0,558,22448
4,100,0.3,0.0,harm,hybrid,0.023,random,0.023,1.0,0,1.238914966583252,0.0002473410833539451,92,4042,0.0,558,22448
4,100,0.3,0.0,harm,hybrid,0.023,random,0.023,1.0,0,1.251834511756897,0.0002473410833539451,92,4042,0.0,558,22448
4,100,0.3,0.0,harm,hybrid,0.023,random,0.023,1.0,0,1.264754056930542,0.0002473410833539451,92,4042,0.0,558,22448
4,100,0.3,0.0,harm,hybrid,0.023,random,0.023,1.0,0,1.2776737213134766,0.0002473410833539451,92,4042,0.0,558,22448
4,100,0.3,0.0,harm,hybrid,0.023,random,0.023,1.0,0,1.2905932664871216,0.0002473410833539451,92,4042,0.0,558,22448
4,100,0.3,0.0,harm,hybrid,0.023,random,0.023,1.0,0,1.3035128116607666,0.0002473410833539451,92,4042,0.0,558,22448
4,100,0.3,0.0,harm,hybrid,0.023,random,0.023,1.0,0,1.3164324760437012,0.0002473410833539451,92,4042,0.0,558,22448
4,100,0.3,0.0,harm,hybrid,0.023,random,0.023,1.0,0,1.3293520212173462,0.0002473410833539451,92,4042,0.0,558,22448
4,100,0.3,0.0,harm,hybrid,0.023,random,0.023,1.0,0,1.3422716856002808,0.0002473410833539451,92,4042,0.0,558,22448
4,100,0.3,0.0,harm,hybrid,0.023,random,0.023,1.0,0,1.3551912307739258,0.0002473410833539451,92,4042,0.0,558,22448
4,100,0.3,0.0,harm,hybrid,0.023,random,0.023,1.0,0,1.3681107759475708,0.0002473410833539451,92,4042,0.0,558,22448
4,100,0.3,0.0,harm,hybrid,0.023,random,0.023,1.0,0,1.3810304403305054,0.0002473410833539451,92,4042,0.0,558,22448
4,100,0.3,0.0,harm,hybrid,0.023,random,0.023,1.0,0,1.3939499855041504,0.0002473410833539451,92,4042,0.0,558,22448
4,100,0.3,0.0,harm,hybrid,0.023,random,0.023,1.0,0,1.4068695306777954,0.0002473410833539451,92,4042,0.0,558,22448
5,100,0.3,0.0,harm,hybrid,0.023,random,0.023,1.0,0,0.08004054427146912,0.0026569451309935736,93,4045,0.02204301075268817,569,23025
5,100,0.3,0.0,harm,hybrid,0.023,random,0.023,1.0,0,0.09199190139770508,0.0026569451309935736,93,4045,0.02204301075268817,569,23025
5,100,0.3,0.0,harm,hybrid,0.023,random,0.023,1.0,0,0.10394325852394104,0.0026569451309935736,93,4045,0.02204301075268817,569,23025
5,100,0.3,0.0,harm,hybrid,0.023,random,0.023,1.0,0,0.1158946231007576,0.0026569451309935736,93,4045,0.02204301075268817,569,23025
5,100,0.3,0.0,harm,hybrid,0.023,random,0.023,1.0,0,0.12784597277641296,0.0026569451309935736,93,4045,0.02204301075268817,569,23025
5,100,0.3,0.0,harm,hybrid,0.023,random,0.023,1.0,0,0.13979732990264893,0.0026569451309935736,93,4045,0.02204301075268817,569,23025
5,100,0.3,0.0,harm,hybrid,0.023,random,0.023,1.0,0,0.15174870193004608,0.0026569451309935736,93,4045,0.02204301075268817,569,23025
5,100,0.3,0.0,harm,hybrid,0.023,random,0.023,1.0,0,0.16370005905628204,0.0026569451309935736,93,4045,0.02204301075268817,569,23025
5,100,0.3,0.0,harm,hybrid,0.023,random,0.023,1.0,0,0.175651416182518,0.0026569451309935736,93,4045,0.02204301075268817,569,23025
5,100,0.3,0.0,harm,hybrid,0.023,random,0.023,1.0,0,0.18760277330875397,0.0026569451309935736,93,4045,0.02204301075268817,569,23025
5,100,0.3,0.0,harm,hybrid,0.023,random,0.023,1.0,0,0.19955413043498993,0.0026569451309935736,93,4045,0.02204301075268817,569,23025
5,100,0.3,0.0,harm,hybrid,0.023,random,0.023,1.0,0,0.2115054875612259,0.0026569451309935736,93,4045,0.02204301075268817,569,23025
5,100,0.3,0.0,harm,hybrid,0.023,random,0.023,1.0,0,0.22345685958862305,0.0026569451309935736,93,4045,0.02204301075268817,569,23025
5,100,0.3,0.0,harm,hybrid,0.023,random,0.023,1.0,0,0.235408216714859,0.0026569451309935736,93,4045,0.02204301075268817,569,23025
5,100,0.3,0.0,harm,hybrid,0.023,random,0.023,1.0,0,0.24735957384109497,0.0026445872466633715,93,4045,0.021505376344086023,569,23025
5,100,0.3,0.0,harm,hybrid,0.023,random,0.023,1.0,0,0.25931093096733093,0.0026445872466633715,93,4045,0.021505376344086023,569,23025
5,100,0.3,0.0,harm,hybrid,0.023,random,0.023,1.0,0,0.2712622880935669,0.0026445872466633715,93,4045,0.021505376344086023,569,23025
5,100,0.3,0.0,harm,hybrid,0.023,random,0.023,1.0,0,0.28321364521980286,0.0026445872466633715,93,4045,0.021505376344086023,569,23025
5,100,0.3,0.0,harm,hybrid,0.023,random,0.023,1.0,0,0.2951650023460388,0.0026445872466633715,93,4045,0.021505376344086023,569,23025
5,100,0.3,0.0,harm,hybrid,0.023,random,0.023,1.0,0,0.3071163594722748,0.0026445872466633715,93,4045,0.021505376344086023,569,23025
5,100,0.3,0.0,harm,hybrid,0.023,random,0.023,1.0,0,0.31906771659851074,0.0026445872466633715,93,4045,0.021505376344086023,569,23025
5,100,0.3,0.0,harm,hybrid,0.023,random,0.023,1.0,0,0.3310190737247467,0.0026322293623331685,93,4045,0.021505376344086023,569,23025
5,100,0.3,0.0,harm,hybrid,0.023,random,0.023,1.0,0,0.34297043085098267,0.0026198714780029664,93,4045,0.020967741935483872,569,23025
5,100,0.3,0.0,harm,hybrid,0.023,random,0.023,1.0,0,0.35492178797721863,0.0026075135936727634,93,4045,0.02043010752688172,569,23025
5,100,0.3,0.0,harm,hybrid,0.023,random,0.023,1.0,0,0.366873174905777,0.0026075135936727634,93,4045,0.02043010752688172,569,23025
5,100,0.3,0.0,harm,hybrid,0.023,random,0.023,1.0,0,0.37882453203201294,0.0025951557093425604,93,4045,0.01989247311827957,569,23025
5,100,0.3,0.0,harm,hybrid,0.023,random,0.023,1.0,0,0.3907758891582489,0.0025827978250123583,93,4045,0.01989247311827957,569,23025
5,100,0.3,0.0,harm,hybrid,0.023,random,0.023,1.0,0,0.40272724628448486,0.0025580820563519523,93,4045,0.018817204301075273,569,23025
5,100,0.3,0.0,harm,hybrid,0.023,random,0.023,1.0,0,0.4146786034107208,0.0025333662876915472,93,4045,0.01827956989247312,569,23025
5,100,0.3,0.0,harm,hybrid,0.023,random,0.023,1.0,0,0.4266299605369568,0.0025210084033613443,93,4045,0.01827956989247312,569,23025
5,100,0.3,0.0,harm,hybrid,0.023,random,0.023,1.0,0,0.43858131766319275,0.002483934750370737,93,4045,0.017741935483870968,569,23025
5,100,0.3,0.0,harm,hybrid,0.023,random,0.023,1.0,0,0.4505326747894287,0.002446861097380128,93,4045,0.016129032258064516,569,23025
5,100,0.3,0.0,harm,hybrid,0.023,random,0.023,1.0,0,0.4624840319156647,0.00240978744438952,93,4045,0.015591397849462367,569,23025
5,100,0.3,0.0,harm,hybrid,0.023,random,0.023,1.0,0,0.47443538904190063,0.002397429560059318,93,4045,0.015591397849462367,569,23025
5,100,0.3,0.0,harm,hybrid,0.023,random,0.023,1.0,0,0.4863867461681366,0.002372713791398912,93,4045,0.015591397849462367,569,23025
5,100,0.3,0.0,harm,hybrid,0.023,random,0.023,1.0,0,0.49833810329437256,0.002372713791398912,93,4045,0.015591397849462367,569,23025
5,100,0.3,0.0,harm,hybrid,0.023,random,0.023,1.0,0,0.5102894306182861,0.0023356401384083047,93,4045,0.015591397849462367,569,23025
5,100,0.3,0.0,harm,hybrid,0.023,random,0.023,1.0,0,0.5222408175468445,0.0022738507167572915,93,4045,0.013440860215053765,569,23025
5,100,0.3,0.0,harm,hybrid,0.023,random,0.023,1.0,0,0.5341922044754028,0.0022244191794364805,93,4045,0.012903225806451615,569,23025
5,100,0.3,0.0,harm,hybrid,0.023,random,0.023,1.0,0,0.5461435317993164,0.0022120612951062784,93,4045,0.012903225806451615,569,23025
5,100,0.3,0.0,harm,hybrid,0.023,random,0.023,1.0,0,0.55809485912323,0.0022120612951062784,93,4045,0.012903225806451615,569,23025
5,100,0.3,0.0,harm,hybrid,0.023,random,0.023,1.0,0,0.5700463056564331,0.0021997034107760754,93,4045,0.012903225806451615,569,23025
5,100,0.3,0.0,harm,hybrid,0.023,random,0.023,1.0,0,0.5819976329803467,0.0021873455264458724,93,4045,0.012903225806451615,569,23025
5,100,0.3,0.0,harm,hybrid,0.023,random,0.023,1.0,0,0.5939489603042603,0.0021873455264458724,93,4045,0.012903225806451615,569,23025
5,100,0.3,0.0,harm,hybrid,0.023,random,0.023,1.0,0,0.6059002876281738,0.0021873455264458724,93,4045,0.012903225806451615,569,23025
5,100,0.3,0.0,harm,hybrid,0.023,random,0.023,1.0,0,0.617851734161377,0.002162629757785467,93,4045,0.012903225806451615,569,23025
5,100,0.3,0.0,harm,hybrid,0.023,random,0.023,1.0,0,0.6298030614852905,0.002162629757785467,93,4045,0.012903225806451615,569,23025
5,100,0.3,0.0,harm,hybrid,0.023,random,0.023,1.0,0,0.6417543888092041,0.0021502718734552643,93,4045,0.012903225806451615,569,23025
5,100,0.3,0.0,harm,hybrid,0.023,random,0.023,1.0,0,0.6537058353424072,0.002100840336134454,93,4045,0.012903225806451615,569,23025
5,100,0.3,0.0,harm,hybrid,0.023,random,0.023,1.0,0,0.6656571626663208,0.002088482451804251,93,4045,0.012903225806451615,569,23025
5,100,0.3,0.0,harm,hybrid,0.023,random,0.023,1.0,0,0.6776084899902344,0.0020143351458230354,93,4045,0.012903225806451615,569,23025
5,100,0.3,0.0,harm,hybrid,0.023,random,0.023,1.0,0,0.689559817314148,0.001977261492832427,93,4045,0.012903225806451615,569,23025
5,100,0.3,0.0,harm,hybrid,0.023,random,0.023,1.0,0,0.7015112638473511,0.0019278299555116163,93,4045,0.012903225806451615,569,23025
5,100,0.3,0.0,harm,hybrid,0.023,random,0.023,1.0,0,0.7134625911712646,0.001903114186851211,93,4045,0.012903225806451615,569,23025
5,100,0.3,0.0,harm,hybrid,0.023,random,0.023,1.0,0,0.7254139184951782,0.0018413247652001978,93,4045,0.012903225806451615,569,23025
5,100,0.3,0.0,harm,hybrid,0.023,random,0.023,1.0,0,0.7373652458190918,0.0018042511122095897,93,4045,0.012903225806451615,569,23025
5,100,0.3,0.0,harm,hybrid,0.023,random,0.023,1.0,0,0.7493166923522949,0.001791893227879387,93,4045,0.012903225806451615,569,23025
5,100,0.3,0.0,harm,hybrid,0.023,random,0.023,1.0,0,0.7612680196762085,0.0017795353435491846,93,4045,0.012903225806451615,569,23025
5,100,0.3,0.0,harm,hybrid,0.023,random,0.023,1.0,0,0.7732193470001221,0.0017301038062283738,93,4045,0.012903225806451615,569,23025
5,100,0.3,0.0,harm,hybrid,0.023,random,0.023,1.0,0,0.7851706743240356,0.0017053880375679682,93,4045,0.012903225806451615,569,23025
5,100,0.3,0.0,harm,hybrid,0.023,random,0.023,1.0,0,0.7971221208572388,0.0016806722689075631,93,4045,0.012903225806451615,569,23025
5,100,0.3,0.0,harm,hybrid,0.023,random,0.023,1.0,0,0.8090734481811523,0.0015941670785961444,93,4045,0.012903225806451615,569,23025
5,100,0.3,0.0,harm,hybrid,0.023,random,0.023,1.0,0,0.8210247755050659,0.0014705882352941176,93,4045,0.012903225806451615,569,23025
5,100,0.3,0.0,harm,hybrid,0.023,random,0.023,1.0,0,0.8329761028289795,0.0013964409293129015,93,4045,0.012903225806451615,569,23025
5,100,0.3,0.0,harm,hybrid,0.023,random,0.023,1.0,0,0.8449275493621826,0.0013346515076618883,93,4045,0.012903225806451615,569,23025
5,100,0.3,0.0,harm,hybrid,0.023,random,0.023,1.0,0,0.8568788766860962,0.0012110726643598615,93,4045,0.012903225806451615,569,23025
5,100,0.3,0.0,harm,hybrid,0.023,random,0.023,1.0,0,0.8688302040100098,0.0011245674740484428,93,4045,0.012903225806451615,569,23025
5,100,0.3,0.0,harm,hybrid,0.023,random,0.023,1.0,0,0.8807816505432129,0.0010504201680672268,93,4045,0.012903225806451615,569,23025
5,100,0.3,0.0,harm,hybrid,0.023,random,0.023,1.0,0,0.8927329778671265,0.0009515570934256056,93,4045,0.012903225806451615,569,23025
5,100,0.3,0.0,harm,hybrid,0.023,random,0.023,1.0,0,0.90468430519104,0.0009021255561047948,93,4045,0.012365591397849464,569,23025
5,100,0.3,0.0,harm,hybrid,0.023,random,0.023,1.0,0,0.9166356325149536,0.0008403361344537816,93,4045,0.012365591397849464,569,23025
5,100,0.3,0.0,harm,hybrid,0.023,random,0.023,1.0,0,0.9285870790481567,0.0007909045971329708,93,4045,0.011827956989247313,569,23025
5,100,0.3,0.0,harm,hybrid,0.023,random,0.023,1.0,0,0.9405384063720703,0.0007291151754819575,93,4045,0.010752688172043012,569,23025
5,100,0.3,0.0,harm,hybrid,0.023,random,0.023,1.0,0,0.9524897336959839,0.0006302521008403362,93,4045,0.00913978494623656,569,23025
5,100,0.3,0.0,harm,hybrid,0.023,random,0.023,1.0,0,0.9644410610198975,0.0005561047948591201,93,4045,0.006451612903225807,569,23025
5,100,0.3,0.0,harm,hybrid,0.023,random,0.023,1.0,0,0.9763925075531006,0.0004943153732081067,93,4045,0.004838709677419355,569,23025
5,100,0.3,0.0,harm,hybrid,0.023,random,0.023,1.0,0,0.9883438348770142,0.00045724172021749875,93,4045,0.004301075268817204,569,23025
5,100,0.3,0.0,harm,hybrid,0.023,random,0.023,1.0,0,1.0002951622009277,0.00043252595155709344,93,4045,0.0037634408602150535,569,23025
5,100,0.3,0.0,harm,hybrid,0.023,random,0.023,1.0,0,1.0122464895248413,0.0003583786455758774,93,4045,0.001075268817204301,569,23025
5,100,0.3,0.0,harm,hybrid,0.023,random,0.023,1.0,0,1.0241979360580444,0.00034602076124567473,93,4045,0.001075268817204301,569,23025
5,100,0.3,0.0,harm,hybrid,0.023,random,0.023,1.0,0,1.036149263381958,0.000333662876915472,93,4045,0.001075268817204301,569,23025
5,100,0.3,0.0,harm,hybrid,0.023,random,0.023,1.0,0,1.0481005907058716,0.00029658922392486405,93,4045,0.0005376344086021505,569,23025
5,100,0.3,0.0,harm,hybrid,0.023,random,0.023,1.0,0,1.0600520372390747,0.0002842313395946614,93,4045,0.0,569,23025
5,100,0.3,0.0,harm,hybrid,0.023,random,0.023,1.0,0,1.0720033645629883,0.0002842313395946614,93,4045,0.0,569,23025
5,100,0.3,0.0,harm,hybrid,0.023,random,0.023,1.0,0,1.0839546918869019,0.0002842313395946614,93,4045,0.0,569,23025
5,100,0.3,0.0,harm,hybrid,0.023,random,0.023,1.0,0,1.095906138420105,0.0002842313395946614,93,4045,0.0,569,23025
5,100,0.3,0.0,harm,hybrid,0.023,random,0.023,1.0,0,1.1078574657440186,0.0002842313395946614,93,4045,0.0,569,23025
5,100,0.3,0.0,harm,hybrid,0.023,random,0.023,1.0,0,1.1198087930679321,0.0002842313395946614,93,4045,0.0,569,23025
5,100,0.3,0.0,harm,hybrid,0.023,random,0.023,1.0,0,1.1317601203918457,0.0002718734552644587,93,4045,0.0,569,23025
5,100,0.3,0.0,harm,hybrid,0.023,random,0.023,1.0,0,1.1437115669250488,0.000259515570934256,93,4045,0.0,569,23025
5,100,0.3,0.0,harm,hybrid,0.023,random,0.023,1.0,0,1.1556628942489624,0.000259515570934256,93,4045,0.0,569,23025
5,100,0.3,0.0,harm,hybrid,0.023,random,0.023,1.0,0,1.167614221572876,0.00024715768660405336,93,4045,0.0,569,23025
5,100,0.3,0.0,harm,hybrid,0.023,random,0.023,1.0,0,1.1795655488967896,0.00024715768660405336,93,4045,0.0,569,23025
5,100,0.3,0.0,harm,hybrid,0.023,random,0.023,1.0,0,1.1915169954299927,0.00024715768660405336,93,4045,0.0,569,23025
5,100,0.3,0.0,harm,hybrid,0.023,random,0.023,1.0,0,1.2034683227539062,0.00024715768660405336,93,4045,0.0,569,23025
5,100,0.3,0.0,harm,hybrid,0.023,random,0.023,1.0,0,1.2154196500778198,0.00024715768660405336,93,4045,0.0,569,23025
5,100,0.3,0.0,harm,hybrid,0.023,random,0.023,1.0,0,1.227371096611023,0.00024715768660405336,93,4045,0.0,569,23025
5,100,0.3,0.0,harm,hybrid,0.023,random,0.023,1.0,0,1.2393224239349365,0.00024715768660405336,93,4045,0.0,569,23025
5,100,0.3,0.0,harm,hybrid,0.023,random,0.023,1.0,0,1.25127375125885,0.00024715768660405336,93,4045,0.0,569,23025
5,100,0.3,0.0,harm,hybrid,0.023,random,0.023,1.0,0,1.2632250785827637,0.00024715768660405336,93,4045,0.0,569,23025
6,100,0.3,0.0,harm,hybrid,0.023,random,0.023,1.0,0,0.04609692096710205,0.0028758331276228094,93,4050,0.027956989247311825,567,22824
6,100,0.3,0.0,harm,hybrid,0.023,random,0.023,1.0,0,0.05876820534467697,0.0028758331276228094,93,4050,0.027956989247311825,567,22824
6,100,0.3,0.0,harm,hybrid,0.023,random,0.023,1.0,0,0.07143948972225189,0.0028758331276228094,93,4050,0.027956989247311825,567,22824
6,100,0.3,0.0,harm,hybrid,0.023,random,0.023,1.0,0,0.08411078155040741,0.0028758331276228094,93,4050,0.027956989247311825,567,22824
6,100,0.3,0.0,harm,hybrid,0.023,random,0.023,1.0,0,0.09678206592798233,0.0028758331276228094,93,4050,0.027956989247311825,567,22824
6,100,0.3,0.0,harm,hybrid,0.023,random,0.023,1.0,0,0.10945335030555725,0.0028758331276228094,93,4050,0.027956989247311825,567,22824
6,100,0.3,0.0,harm,hybrid,0.023,random,0.023,1.0,0,0.12212464213371277,0.0028758331276228094,93,4050,0.027956989247311825,567,22824
6,100,0.3,0.0,harm,hybrid,0.023,random,0.023,1.0,0,0.1347959339618683,0.0028758331276228094,93,4050,0.027956989247311825,567,22824
6,100,0.3,0.0,harm,hybrid,0.023,random,0.023,1.0,0,0.1474672108888626,0.0028758331276228094,93,4050,0.027956989247311825,567,22824
6,100,0.3,0.0,harm,hybrid,0.023,random,0.023,1.0,0,0.16013848781585693,0.0028758331276228094,93,4050,0.027956989247311825,567,22824
6,100,0.3,0.0,harm,hybrid,0.023,random,0.023,1.0,0,0.17280977964401245,0.0028758331276228094,93,4050,0.027956989247311825,567,22824
6,100,0.3,0.0,harm,hybrid,0.023,random,0.023,1.0,0,0.18548107147216797,0.0028758331276228094,93,4050,0.027956989247311825,567,22824
6,100,0.3,0.0,harm,hybrid,0.023,random,0.023,1.0,0,0.1981523633003235,0.0028758331276228094,93,4050,0.027956989247311825,567,22824
6,100,0.3,0.0,harm,hybrid,0.023,random,0.023,1.0,0,0.2108236402273178,0.0028758331276228094,93,4050,0.027956989247311825,567,22824
6,100,0.3,0.0,harm,hybrid,0.023,random,0.023,1.0,0,0.22349493205547333,0.0028758331276228094,93,4050,0.027956989247311825,567,22824
6,100,0.3,0.0,harm,hybrid,0.023,random,0.023,1.0,0,0.23616620898246765,0.0028758331276228094,93,4050,0.027956989247311825,567,22824
6,100,0.3,0.0,harm,hybrid,0.023,random,0.023,1.0,0,0.24883750081062317,0.0028758331276228094,93,4050,0.027956989247311825,567,22824
6,100,0.3,0.0,harm,hybrid,0.023,random,0.023,1.0,0,0.2615087926387787,0.0028758331276228094,93,4050,0.027956989247311825,567,22824
6,100,0.3,0.0,harm,hybrid,0.023,random,0.023,1.0,0,0.2741800546646118,0.0028758331276228094,93,4050,0.027956989247311825,567,22824
6,100,0.3,0.0,harm,hybrid,0.023,random,0.023,1.0,0,0.28685134649276733,0.0028758331276228094,93,4050,0.027956989247311825,567,22824
6,100,0.3,0.0,harm,hybrid,0.023,random,0.023,1.0,0,0.29952263832092285,0.002863490496173785,93,4050,0.02741935483870967,567,22824
6,100,0.3,0.0,harm,hybrid,0.023,random,0.023,1.0,0,0.31219393014907837,0.0028511478647247597,93,4050,0.026881720430107524,567,22824
6,100,0.3,0.0,harm,hybrid,0.023,random,0.023,1.0,0,0.3248652219772339,0.0028511478647247597,93,4050,0.026881720430107524,567,22824
6,100,0.3,0.0,harm,hybrid,0.023,random,0.023,1.0,0,0.3375365138053894,0.0028388052332757345,93,4050,0.026344086021505373,567,22824
6,100,0.3,0.0,harm,hybrid,0.023,random,0.023,1.0,0,0.3502078056335449,0.0028388052332757345,93,4050,0.026344086021505373,567,22824
6,100,0.3,0.0,harm,hybrid,0.023,random,0.023,1.0,0,0.36287906765937805,0.002814119970377685,93,4050,0.026344086021505373,567,22824
6,100,0.3,0.0,harm,hybrid,0.023,random,0.023,1.0,0,0.37555035948753357,0.002789434707479635,93,4050,0.026344086021505373,567,22824
6,100,0.3,0.0,harm,hybrid,0.023,random,0.023,1.0,0,0.3882216513156891,0.002789434707479635,93,4050,0.025806451612903226,567,22824
6,100,0.3,0.0,harm,hybrid,0.023,random,0.023,1.0,0,0.4008929431438446,0.0027770920760306107,93,4050,0.024731182795698924,567,22824
6,100,0.3,0.0,harm,hybrid,0.023,random,0.023,1.0,0,0.4135642349720001,0.00275240681313256,93,4050,0.02419354838709677,567,22824
6,100,0.3,0.0,harm,hybrid,0.023,random,0.023,1.0,0,0.42623549699783325,0.0027277215502345105,93,4050,0.022580645161290318,567,22824
6,100,0.3,0.0,harm,hybrid,0.023,random,0.023,1.0,0,0.43890678882598877,0.0026906936558874356,93,4050,0.02204301075268817,567,22824
6,100,0.3,0.0,harm,hybrid,0.023,random,0.023,1.0,0,0.4515780806541443,0.002628980498642311,93,4050,0.019892473118279574,567,22824
6,100,0.3,0.0,harm,hybrid,0.023,random,0.023,1.0,0,0.4642493724822998,0.0026166378671932857,93,4050,0.019892473118279574,567,22824
6,100,0.3,0.0,harm,hybrid,0.023,random,0.023,1.0,0,0.4769206643104553,0.002542582078499136,93,4050,0.01827956989247312,567,22824
6,100,0.3,0.0,harm,hybrid,0.023,random,0.023,1.0,0,0.48959192633628845,0.0024932115527030365,93,4050,0.017741935483870968,567,22824
6,100,0.3,0.0,harm,hybrid,0.023,random,0.023,1.0,0,0.5022631883621216,0.0024561836583559616,93,4050,0.017204301075268817,567,22824
6,100,0.3,0.0,harm,hybrid,0.023,random,0.023,1.0,0,0.5149345397949219,0.002431498395457911,93,4050,0.017204301075268817,567,22824
6,100,0.3,0.0,harm,hybrid,0.023,random,0.023,1.0,0,0.5276057720184326,0.0024191557640088866,93,4050,0.016666666666666666,567,22824
6,100,0.3,0.0,harm,hybrid,0.023,random,0.023,1.0,0,0.5402771234512329,0.0023821278696618117,93,4050,0.016129032258064516,567,22824
6,100,0.3,0.0,harm,hybrid,0.023,random,0.023,1.0,0,0.5529483556747437,0.0023821278696618117,93,4050,0.016129032258064516,567,22824
6,100,0.3,0.0,harm,hybrid,0.023,random,0.023,1.0,0,0.5656196475028992,0.002357442606763762,93,4050,0.016129032258064516,567,22824
6,100,0.3,0.0,harm,hybrid,0.023,random,0.023,1.0,0,0.5782909393310547,0.0023327573438657124,93,4050,0.016129032258064516,567,22824
6,100,0.3,0.0,harm,hybrid,0.023,random,0.023,1.0,0,0.5909622311592102,0.0022957294495186374,93,4050,0.015591397849462367,567,22824
6,100,0.3,0.0,harm,hybrid,0.023,random,0.023,1.0,0,0.6036335229873657,0.002283386818069612,93,4050,0.015591397849462367,567,22824
6,100,0.3,0.0,harm,hybrid,0.023,random,0.023,1.0,0,0.6163048148155212,0.0022710441866205877,93,4050,0.015591397849462367,567,22824
6,100,0.3,0.0,harm,hybrid,0.023,random,0.023,1.0,0,0.6289761066436768,0.002246358923722538,93,4050,0.015591397849462367,567,22824
6,100,0.3,0.0,harm,hybrid,0.023,random,0.023,1.0,0,0.6416473984718323,0.0022216736608244875,93,4050,0.015591397849462367,567,22824
6,100,0.3,0.0,harm,hybrid,0.023,random,0.023,1.0,0,0.6543186902999878,0.0021476178721303385,93,4050,0.015591397849462367,567,22824
6,100,0.3,0.0,harm,hybrid,0.023,random,0.023,1.0,0,0.6669899225234985,0.0021229326092322884,93,4050,0.015591397849462367,567,22824
6,100,0.3,0.0,harm,hybrid,0.023,random,0.023,1.0,0,0.679661214351654,0.0020982473463342383,93,4050,0.015591397849462367,567,22824
6,100,0.3,0.0,harm,hybrid,0.023,random,0.023,1.0,0,0.6923325061798096,0.0020982473463342383,93,4050,0.015591397849462367,567,22824
6,100,0.3,0.0,harm,hybrid,0.023,random,0.023,1.0,0,0.7050037980079651,0.0020859047148852135,93,4050,0.015591397849462367,567,22824
6,100,0.3,0.0,harm,hybrid,0.023,random,0.023,1.0,0,0.7176750898361206,0.0020612194519871634,93,4050,0.015591397849462367,567,22824
6,100,0.3,0.0,harm,hybrid,0.023,random,0.023,1.0,0,0.7303463816642761,0.002048876820538139,93,4050,0.015591397849462367,567,22824
6,100,0.3,0.0,harm,hybrid,0.023,random,0.023,1.0,0,0.7430176734924316,0.002011848926191064,93,4050,0.015591397849462367,567,22824
6,100,0.3,0.0,harm,hybrid,0.023,random,0.023,1.0,0,0.7556889653205872,0.001974821031843989,93,4050,0.015591397849462367,567,22824
6,100,0.3,0.0,harm,hybrid,0.023,random,0.023,1.0,0,0.7683602571487427,0.0019254505060478896,93,4050,0.015591397849462367,567,22824
6,100,0.3,0.0,harm,hybrid,0.023,random,0.023,1.0,0,0.7810315489768982,0.0018760799802517898,93,4050,0.015591397849462367,567,22824
6,100,0.3,0.0,harm,hybrid,0.023,random,0.023,1.0,0,0.7937027812004089,0.00182670945445569,93,4050,0.015591397849462367,567,22824
6,100,0.3,0.0,harm,hybrid,0.023,random,0.023,1.0,0,0.8063740730285645,0.001789681560108615,93,4050,0.015591397849462367,567,22824
6,100,0.3,0.0,harm,hybrid,0.023,random,0.023,1.0,0,0.81904536485672,0.001678597877067391,93,4050,0.015591397849462367,567,22824
6,100,0.3,0.0,harm,hybrid,0.023,random,0.023,1.0,0,0.8317166566848755,0.001653912614169341,93,4050,0.015591397849462367,567,22824
6,100,0.3,0.0,harm,hybrid,0.023,random,0.023,1.0,0,0.844387948513031,0.0015304862996790918,93,4050,0.015591397849462367,567,22824
6,100,0.3,0.0,harm,hybrid,0.023,random,0.023,1.0,0,0.8570592403411865,0.001456430510984942,93,4050,0.015591397849462367,567,22824
6,100,0.3,0.0,harm,hybrid,0.023,random,0.023,1.0,0,0.869730532169342,0.0013823747222907923,93,4050,0.015591397849462367,567,22824
6,100,0.3,0.0,harm,hybrid,0.023,random,0.023,1.0,0,0.8824018239974976,0.001258948407800543,93,4050,0.015591397849462367,567,22824
6,100,0.3,0.0,harm,hybrid,0.023,random,0.023,1.0,0,0.8950731158256531,0.0011725499876573686,93,4050,0.015591397849462367,567,22824
6,100,0.3,0.0,harm,hybrid,0.023,random,0.023,1.0,0,0.9077444076538086,0.001098494198963219,93,4050,0.015591397849462367,567,22824
6,100,0.3,0.0,harm,hybrid,0.023,random,0.023,1.0,0,0.9204156994819641,0.0010367810417180943,93,4050,0.015591397849462367,567,22824
6,100,0.3,0.0,harm,hybrid,0.023,random,0.023,1.0,0,0.9330869317054749,0.0010120957788200444,93,4050,0.015591397849462367,567,22824
6,100,0.3,0.0,harm,hybrid,0.023,random,0.023,1.0,0,0.9457582235336304,0.0009380399901258948,93,4050,0.015591397849462367,567,22824
6,100,0.3,0.0,harm,hybrid,0.023,random,0.023,1.0,0,0.9584295153617859,0.0008516415699827203,93,4050,0.014516129032258065,567,22824
6,100,0.3,0.0,harm,hybrid,0.023,random,0.023,1.0,0,0.9711008071899414,0.0007405578869414959,93,4050,0.013440860215053765,567,22824
6,100,0.3,0.0,harm,hybrid,0.023,random,0.023,1.0,0,0.9837720990180969,0.0007035299925944212,93,4050,0.012365591397849464,567,22824
6,100,0.3,0.0,harm,hybrid,0.023,random,0.023,1.0,0,0.9964433908462524,0.0005924463095531968,93,4050,0.00967741935483871,567,22824
6,100,0.3,0.0,harm,hybrid,0.023,random,0.023,1.0,0,1.0091147422790527,0.0005183905208590472,93,4050,0.006989247311827958,567,22824
6,100,0.3,0.0,harm,hybrid,0.023,random,0.023,1.0,0,1.0217859745025635,0.00046901999506294745,93,4050,0.005376344086021505,567,22824
6,100,0.3,0.0,harm,hybrid,0.023,random,0.023,1.0,0,1.0344572067260742,0.00039496420636879785,93,4050,0.0032258064516129032,567,22824
6,100,0.3,0.0,harm,hybrid,0.023,random,0.023,1.0,0,1.0471285581588745,0.000357936312021723,93,4050,0.002688172043010753,567,22824
6,100,0.3,0.0,harm,hybrid,0.023,random,0.023,1.0,0,1.0597997903823853,0.0003332510491236732,93,4050,0.002150537634408602,567,22824
6,100,0.3,0.0,harm,hybrid,0.023,random,0.023,1.0,0,1.0724711418151855,0.0003085657862256233,93,4050,0.0016129032258064518,567,22824
6,100,0.3,0.0,harm,hybrid,0.023,random,0.023,1.0,0,1.0851423740386963,0.00028388052332757347,93,4050,0.0005376344086021505,567,22824
6,100,0.3,0.0,harm,hybrid,0.023,random,0.023,1.0,0,1.0978137254714966,0.00028388052332757347,93,4050,0.0005376344086021505,567,22824
6,100,0.3,0.0,harm,hybrid,0.023,random,0.023,1.0,0,1.1104849576950073,0.0002715378918785485,93,4050,0.0005376344086021505,567,22824
6,100,0.3,0.0,harm,hybrid,0.023,random,0.023,1.0,0,1.1231563091278076,0.0002591952604295236,93,4050,0.0,567,22824
6,100,0.3,0.0,harm,hybrid,0.023,random,0.023,1.0,0,1.1358275413513184,0.0002591952604295236,93,4050,0.0,567,22824
6,100,0.3,0.0,harm,hybrid,0.023,random,0.023,1.0,0,1.148498773574829,0.0002591952604295236,93,4050,0.0,567,22824
6,100,0.3,0.0,harm,hybrid,0.023,random,0.023,1.0,0,1.1611701250076294,0.0002591952604295236,93,4050,0.0,567,22824
6,100,0.3,0.0,harm,hybrid,0.023,random,0.023,1.0,0,1.1738413572311401,0.00024685262898049864,93,4050,0.0,567,22824
6,100,0.3,0.0,harm,hybrid,0.023,random,0.023,1.0,0,1.1865127086639404,0.00024685262898049864,93,4050,0.0,567,22824
6,100,0.3,0.0,harm,hybrid,0.023,random,0.023,1.0,0,1.1991839408874512,0.00024685262898049864,93,4050,0.0,567,22824
6,100,0.3,0.0,harm,hybrid,0.023,random,0.023,1.0,0,1.2118552923202515,0.00024685262898049864,93,4050,0.0,567,22824
6,100,0.3,0.0,harm,hybrid,0.023,random,0.023,1.0,0,1.2245265245437622,0.00024685262898049864,93,4050,0.0,567,22824
6,100,0.3,0.0,harm,hybrid,0.023,random,0.023,1.0,0,1.2371978759765625,0.00024685262898049864,93,4050,0.0,567,22824
6,100,0.3,0.0,harm,hybrid,0.023,random,0.023,1.0,0,1.2498691082000732,0.00024685262898049864,93,4050,0.0,567,22824
6,100,0.3,0.0,harm,hybrid,0.023,random,0.023,1.0,0,1.2625404596328735,0.00024685262898049864,93,4050,0.0,567,22824
6,100,0.3,0.0,harm,hybrid,0.023,random,0.023,1.0,0,1.2752116918563843,0.00024685262898049864,93,4050,0.0,567,22824
6,100,0.3,0.0,harm,hybrid,0.023,random,0.023,1.0,0,1.287882924079895,0.00024685262898049864,93,4050,0.0,567,22824
6,100,0.3,0.0,harm,hybrid,0.023,random,0.023,1.0,0,1.3005542755126953,0.00024685262898049864,93,4050,0.0,567,22824
7,100,0.3,0.0,harm,hybrid,0.023,random,0.023,1.0,0,0.047112464904785156,0.002988929889298893,93,4064,0.028494623655913973,568,22666
7,100,0.3,0.0,harm,hybrid,0.023,random,0.023,1.0,0,0.06021270900964737,0.002988929889298893,93,4064,0.028494623655913973,568,22666
7,100,0.3,0.0,harm,hybrid,0.023,random,0.023,1.0,0,0.07331295311450958,0.002988929889298893,93,4064,0.028494623655913973,568,22666
7,100,0.3,0.0,harm,hybrid,0.023,random,0.023,1.0,0,0.0864131897687912,0.002988929889298893,93,4064,0.028494623655913973,568,22666
7,100,0.3,0.0,harm,hybrid,0.023,random,0.023,1.0,0,0.09951344132423401,0.002988929889298893,93,4064,0.028494623655913973,568,22666
7,100,0.3,0.0,harm,hybrid,0.023,random,0.023,1.0,0,0.11261367797851562,0.002988929889298893,93,4064,0.028494623655913973,568,22666
7,100,0.3,0.0,harm,hybrid,0.023,random,0.023,1.0,0,0.12571391463279724,0.002988929889298893,93,4064,0.028494623655913973,568,22666
7,100,0.3,0.0,harm,hybrid,0.023,random,0.023,1.0,0,0.13881416618824005,0.002988929889298893,93,4064,0.028494623655913973,568,22666
7,100,0.3,0.0,harm,hybrid,0.023,random,0.023,1.0,0,0.15191441774368286,0.002988929889298893,93,4064,0.028494623655913973,568,22666
7,100,0.3,0.0,harm,hybrid,0.023,random,0.023,1.0,0,0.16501465439796448,0.002988929889298893,93,4064,0.028494623655913973,568,22666
7,100,0.3,0.0,harm,hybrid,0.023,random,0.023,1.0,0,0.1781148910522461,0.002988929889298893,93,4064,0.028494623655913973,568,22666
7,100,0.3,0.0,harm,hybrid,0.023,random,0.023,1.0,0,0.1912151426076889,0.002988929889298893,93,4064,0.028494623655913973,568,22666
7,100,0.3,0.0,harm,hybrid,0.023,random,0.023,1.0,0,0.20431537926197052,0.002988929889298893,93,4064,0.028494623655913973,568,22666
7,100,0.3,0.0,harm,hybrid,0.023,random,0.023,1.0,0,0.21741563081741333,0.002988929889298893,93,4064,0.028494623655913973,568,22666
7,100,0.3,0.0,harm,hybrid,0.023,random,0.023,1.0,0,0.23051586747169495,0.002988929889298893,93,4064,0.028494623655913973,568,22666
7,100,0.3,0.0,harm,hybrid,0.023,random,0.023,1.0,0,0.24361611902713776,0.002988929889298893,93,4064,0.028494623655913973,568,22666
7,100,0.3,0.0,harm,hybrid,0.023,random,0.023,1.0,0,0.25671637058258057,0.002988929889298893,93,4064,0.028494623655913973,568,22666
7,100,0.3,0.0,harm,hybrid,0.023,random,0.023,1.0,0,0.2698165774345398,0.002988929889298893,93,4064,0.028494623655913973,568,22666
7,100,0.3,0.0,harm,hybrid,0.023,random,0.023,1.0,0,0.2829168438911438,0.0029643296432964334,93,4064,0.02741935483870967,568,22666
7,100,0.3,0.0,harm,hybrid,0.023,random,0.023,1.0,0,0.2960170805454254,0.0029643296432964334,93,4064,0.02741935483870967,568,22666
7,100,0.3,0.0,harm,hybrid,0.023,random,0.023,1.0,0,0.30911731719970703,0.002952029520295203,93,4064,0.02741935483870967,568,22666
7,100,0.3,0.0,harm,hybrid,0.023,random,0.023,1.0,0,0.32221758365631104,0.002952029520295203,93,4064,0.02741935483870967,568,22666
7,100,0.3,0.0,harm,hybrid,0.023,random,0.023,1.0,0,0.33531782031059265,0.002952029520295203,93,4064,0.02741935483870967,568,22666
7,100,0.3,0.0,harm,hybrid,0.023,random,0.023,1.0,0,0.34841805696487427,0.002939729397293973,93,4064,0.026881720430107524,568,22666
7,100,0.3,0.0,harm,hybrid,0.023,random,0.023,1.0,0,0.3615182936191559,0.002927429274292743,93,4064,0.02634408602150537,568,22666
7,100,0.3,0.0,harm,hybrid,0.023,random,0.023,1.0,0,0.3746185302734375,0.002927429274292743,93,4064,0.02634408602150537,568,22666
7,100,0.3,0.0,harm,hybrid,0.023,random,0.023,1.0,0,0.3877187967300415,0.002878228782287823,93,4064,0.02526881720430107,568,22666
7,100,0.3,0.0,harm,hybrid,0.023,random,0.023,1.0,0,0.4008190333843231,0.002841328413284133,93,4064,0.024731182795698917,568,22666
7,100,0.3,0.0,harm,hybrid,0.023,random,0.023,1.0,0,0.41391927003860474,0.0028044280442804433,93,4064,0.023655913978494616,568,22666
7,100,0.3,0.0,harm,hybrid,0.023,random,0.023,1.0,0,0.42701950669288635,0.002767527675276753,93,4064,0.02204301075268817,568,22666
7,100,0.3,0.0,harm,hybrid,0.023,random,0.023,1.0,0,0.44011977314949036,0.002718327183271833,93,4064,0.020430107526881725,568,22666
7,100,0.3,0.0,harm,hybrid,0.023,random,0.023,1.0,0,0.453220009803772,0.002669126691266913,93,4064,0.02043010752688172,568,22666
7,100,0.3,0.0,harm,hybrid,0.023,random,0.023,1.0,0,0.4663202464580536,0.002619926199261993,93,4064,0.019354838709677424,568,22666
7,100,0.3,0.0,harm,hybrid,0.023,random,0.023,1.0,0,0.4794204831123352,0.0025584255842558425,93,4064,0.01827956989247312,568,22666
7,100,0.3,0.0,harm,hybrid,0.023,random,0.023,1.0,0,0.4925207197666168,0.002472324723247233,93,4064,0.01720430107526882,568,22666
7,100,0.3,0.0,harm,hybrid,0.023,random,0.023,1.0,0,0.5056209564208984,0.002423124231242312,93,4064,0.01612903225806452,568,22666
7,100,0.3,0.0,harm,hybrid,0.023,random,0.023,1.0,0,0.5187212228775024,0.0024108241082410825,93,4064,0.01612903225806452,568,22666
7,100,0.3,0.0,harm,hybrid,0.023,random,0.023,1.0,0,0.5318214893341064,0.002361623616236163,93,4064,0.01612903225806452,568,22666
7,100,0.3,0.0,harm,hybrid,0.023,random,0.023,1.0,0,0.5449216961860657,0.0023124231242312426,93,4064,0.015591397849462367,568,22666
7,100,0.3,0.0,harm,hybrid,0.023,random,0.023,1.0,0,0.5580219626426697,0.002300123001230013,93,4064,0.015591397849462367,568,22666
7,100,0.3,0.0,harm,hybrid,0.023,random,0.023,1.0,0,0.5711221694946289,0.002287822878228783,93,4064,0.015053763440860216,568,22666
7,100,0.3,0.0,harm,hybrid,0.023,random,0.023,1.0,0,0.5842224359512329,0.0022386223862238624,93,4064,0.015053763440860216,568,22666
7,100,0.3,0.0,harm,hybrid,0.023,random,0.023,1.0,0,0.5973227024078369,0.0022263222632226327,93,4064,0.015053763440860216,568,22666
7,100,0.3,0.0,harm,hybrid,0.023,random,0.023,1.0,0,0.6104229092597961,0.002214022140221402,93,4064,0.015053763440860216,568,22666
7,100,0.3,0.0,harm,hybrid,0.023,random,0.023,1.0,0,0.6235231757164001,0.002214022140221402,93,4064,0.015053763440860216,568,22666
7,100,0.3,0.0,harm,hybrid,0.023,random,0.023,1.0,0,0.6366233825683594,0.002214022140221402,93,4064,0.015053763440860216,568,22666
7,100,0.3,0.0,harm,hybrid,0.023,random,0.023,1.0,0,0.6497236490249634,0.0022017220172201725,93,4064,0.015053763440860216,568,22666
7,100,0.3,0.0,harm,hybrid,0.023,random,0.023,1.0,0,0.6628239154815674,0.0021648216482164826,93,4064,0.015053763440860216,568,22666
7,100,0.3,0.0,harm,hybrid,0.023,random,0.023,1.0,0,0.6759241223335266,0.002140221402214022,93,4064,0.015053763440860216,568,22666
7,100,0.3,0.0,harm,hybrid,0.023,random,0.023,1.0,0,0.6890243887901306,0.0021279212792127923,93,4064,0.015053763440860216,568,22666
7,100,0.3,0.0,harm,hybrid,0.023,random,0.023,1.0,0,0.7021245956420898,0.002091020910209102,93,4064,0.015053763440860216,568,22666
7,100,0.3,0.0,harm,hybrid,0.023,random,0.023,1.0,0,0.7152248620986938,0.002017220172201722,93,4064,0.015053763440860216,568,22666
7,100,0.3,0.0,harm,hybrid,0.023,random,0.023,1.0,0,0.7283251285552979,0.0019926199261992624,93,4064,0.015053763440860216,568,22666
7,100,0.3,0.0,harm,hybrid,0.023,random,0.023,1.0,0,0.7414253354072571,0.0019680196801968018,93,4064,0.015053763440860216,568,22666
7,100,0.3,0.0,harm,hybrid,0.023,random,0.023,1.0,0,0.7545256018638611,0.001943419434194342,93,4064,0.015053763440860216,568,22666
7,100,0.3,0.0,harm,hybrid,0.023,random,0.023,1.0,0,0.7676258683204651,0.0019065190651906519,93,4064,0.015053763440860216,568,22666
7,100,0.3,0.0,harm,hybrid,0.023,random,0.023,1.0,0,0.7807260751724243,0.0018819188191881917,93,4064,0.015053763440860216,568,22666
7,100,0.3,0.0,harm,hybrid,0.023,random,0.023,1.0,0,0.7938263416290283,0.0018450184501845018,93,4064,0.015053763440860216,568,22666
7,100,0.3,0.0,harm,hybrid,0.023,random,0.023,1.0,0,0.8069265484809875,0.0017712177121771216,93,4064,0.015053763440860216,568,22666
7,100,0.3,0.0,harm,hybrid,0.023,random,0.023,1.0,0,0.8200268149375916,0.0016605166051660517,93,4064,0.015053763440860216,568,22666
7,100,0.3,0.0,harm,hybrid,0.023,random,0.023,1.0,0,0.8331270813941956,0.0015867158671586715,93,4064,0.015053763440860216,568,22666
7,100,0.3,0.0,harm,hybrid,0.023,random,0.023,1.0,0,0.8462272882461548,0.0015375153751537515,93,4064,0.015053763440860216,568,22666
7,100,0.3,0.0,harm,hybrid,0.023,random,0.023,1.0,0,0.8593275547027588,0.0014760147601476014,93,4064,0.015053763440860216,568,22666
7,100,0.3,0.0,harm,hybrid,0.023,random,0.023,1.0,0,0.872427761554718,0.0014514145141451414,93,4064,0.015053763440860216,568,22666
7,100,0.3,0.0,harm,hybrid,0.023,random,0.023,1.0,0,0.885528028011322,0.0013653136531365311,93,4064,0.015053763440860216,568,22666
7,100,0.3,0.0,harm,hybrid,0.023,random,0.023,1.0,0,0.898628294467926,0.0012669126691266914,93,4064,0.015053763440860216,568,22666
7,100,0.3,0.0,harm,hybrid,0.023,random,0.023,1.0,0,0.9117285013198853,0.0012054120541205413,93,4064,0.014516129032258065,568,22666
7,100,0.3,0.0,harm,hybrid,0.023,random,0.023,1.0,0,0.9248287677764893,0.001082410824108241,93,4064,0.014516129032258065,568,22666
7,100,0.3,0.0,harm,hybrid,0.023,random,0.023,1.0,0,0.9379289746284485,0.001033210332103321,93,4064,0.014516129032258065,568,22666
7,100,0.3,0.0,harm,hybrid,0.023,random,0.023,1.0,0,0.9510292410850525,0.0009225092250922508,93,4064,0.013440860215053765,568,22666
7,100,0.3,0.0,harm,hybrid,0.023,random,0.023,1.0,0,0.9641295075416565,0.0008856088560885609,93,4064,0.013440860215053765,568,22666
7,100,0.3,0.0,harm,hybrid,0.023,random,0.023,1.0,0,0.9772297143936157,0.0007626076260762609,93,4064,0.011827956989247315,568,22666
7,100,0.3,0.0,harm,hybrid,0.023,random,0.023,1.0,0,0.9903299808502197,0.0006888068880688807,93,4064,0.010752688172043012,568,22666
7,100,0.3,0.0,harm,hybrid,0.023,random,0.023,1.0,0,1.0034301280975342,0.0005781057810578105,93,4064,0.008602150537634409,568,22666
7,100,0.3,0.0,harm,hybrid,0.023,random,0.023,1.0,0,1.0165305137634277,0.0005289052890528905,93,4064,0.006989247311827957,568,22666
7,100,0.3,0.0,harm,hybrid,0.023,random,0.023,1.0,0,1.0296306610107422,0.00040590405904059035,93,4064,0.003763440860215054,568,22666
7,100,0.3,0.0,harm,hybrid,0.023,random,0.023,1.0,0,1.0427309274673462,0.00035670356703567036,93,4064,0.0032258064516129032,568,22666
7,100,0.3,0.0,harm,hybrid,0.023,random,0.023,1.0,0,1.0558311939239502,0.0003198031980319803,93,4064,0.002150537634408602,568,22666
7,100,0.3,0.0,harm,hybrid,0.023,random,0.023,1.0,0,1.0689314603805542,0.00028290282902829027,93,4064,0.001075268817204301,568,22666
7,100,0.3,0.0,harm,hybrid,0.023,random,0.023,1.0,0,1.0820317268371582,0.0002583025830258302,93,4064,0.0005376344086021505,568,22666
7,100,0.3,0.0,harm,hybrid,0.023,random,0.023,1.0,0,1.0951318740844727,0.0002583025830258302,93,4064,0.0005376344086021505,568,22666
7,100,0.3,0.0,harm,hybrid,0.023,random,0.023,1.0,0,1.1082321405410767,0.0002583025830258302,93,4064,0.0005376344086021505,568,22666
7,100,0.3,0.0,harm,hybrid,0.023,random,0.023,1.0,0,1.1213324069976807,0.0002583025830258302,93,4064,0.0005376344086021505,568,22666
7,100,0.3,0.0,harm,hybrid,0.023,random,0.023,1.0,0,1.1344326734542847,0.0002583025830258302,93,4064,0.0005376344086021505,568,22666
7,100,0.3,0.0,harm,hybrid,0.023,random,0.023,1.0,0,1.1475329399108887,0.0002460024600246002,93,4064,0.0,568,22666
7,100,0.3,0.0,harm,hybrid,0.023,random,0.023,1.0,0,1.1606330871582031,0.0002460024600246002,93,4064,0.0,568,22666
7,100,0.3,0.0,harm,hybrid,0.023,random,0.023,1.0,0,1.1737333536148071,0.0002460024600246002,93,4064,0.0,568,22666
7,100,0.3,0.0,harm,hybrid,0.023,random,0.023,1.0,0,1.1868336200714111,0.0002460024600246002,93,4064,0.0,568,22666
7,100,0.3,0.0,harm,hybrid,0.023,random,0.023,1.0,0,1.1999338865280151,0.0002460024600246002,93,4064,0.0,568,22666
7,100,0.3,0.0,harm,hybrid,0.023,random,0.023,1.0,0,1.2130341529846191,0.0002460024600246002,93,4064,0.0,568,22666
7,100,0.3,0.0,harm,hybrid,0.023,random,0.023,1.0,0,1.2261343002319336,0.0002460024600246002,93,4064,0.0,568,22666
7,100,0.3,0.0,harm,hybrid,0.023,random,0.023,1.0,0,1.2392345666885376,0.0002460024600246002,93,4064,0.0,568,22666
7,100,0.3,0.0,harm,hybrid,0.023,random,0.023,1.0,0,1.2523348331451416,0.0002460024600246002,93,4064,0.0,568,22666
7,100,0.3,0.0,harm,hybrid,0.023,random,0.023,1.0,0,1.2654350996017456,0.0002460024600246002,93,4064,0.0,568,22666
7,100,0.3,0.0,harm,hybrid,0.023,random,0.023,1.0,0,1.2785353660583496,0.0002460024600246002,93,4064,0.0,568,22666
7,100,0.3,0.0,harm,hybrid,0.023,random,0.023,1.0,0,1.291635513305664,0.0002460024600246002,93,4064,0.0,568,22666
7,100,0.3,0.0,harm,hybrid,0.023,random,0.023,1.0,0,1.304735779762268,0.0002460024600246002,93,4064,0.0,568,22666
7,100,0.3,0.0,harm,hybrid,0.023,random,0.023,1.0,0,1.317836046218872,0.0002460024600246002,93,4064,0.0,568,22666
7,100,0.3,0.0,harm,hybrid,0.023,random,0.023,1.0,0,1.330936312675476,0.0002460024600246002,93,4064,0.0,568,22666
7,100,0.3,0.0,harm,hybrid,0.023,random,0.023,1.0,0,1.34403657913208,0.0002460024600246002,93,4064,0.0,568,22666
8,100,0.3,0.0,harm,hybrid,0.023,random,0.023,1.0,0,0.07922777533531189,0.0027702536321103175,93,4060,0.024731182795698928,563,22828
8,100,0.3,0.0,harm,hybrid,0.023,random,0.023,1.0,0,0.0916549414396286,0.0027702536321103175,93,4060,0.024731182795698928,563,22828
8,100,0.3,0.0,harm,hybrid,0.023,random,0.023,1.0,0,0.10408211499452591,0.0027702536321103175,93,4060,0.024731182795698928,563,22828
8,100,0.3,0.0,harm,hybrid,0.023,random,0.023,1.0,0,0.11650928109884262,0.0027702536321103175,93,4060,0.024731182795698928,563,22828
8,100,0.3,0.0,harm,hybrid,0.023,random,0.023,1.0,0,0.12893645465373993,0.0027702536321103175,93,4060,0.024731182795698928,563,22828
8,100,0.3,0.0,harm,hybrid,0.023,random,0.023,1.0,0,0.14136362075805664,0.0027702536321103175,93,4060,0.024731182795698928,563,22828
8,100,0.3,0.0,harm,hybrid,0.023,random,0.023,1.0,0,0.15379078686237335,0.0027702536321103175,93,4060,0.024731182795698928,563,22828
8,100,0.3,0.0,harm,hybrid,0.023,random,0.023,1.0,0,0.16621795296669006,0.0027702536321103175,93,4060,0.024731182795698928,563,22828
8,100,0.3,0.0,harm,hybrid,0.023,random,0.023,1.0,0,0.17864513397216797,0.0027702536321103175,93,4060,0.024731182795698928,563,22828
8,100,0.3,0.0,harm,hybrid,0.023,random,0.023,1.0,0,0.1910722851753235,0.0027702536321103175,93,4060,0.024731182795698928,563,22828
8,100,0.3,0.0,harm,hybrid,0.023,random,0.023,1.0,0,0.2034994661808014,0.0027702536321103175,93,4060,0.024731182795698928,563,22828
8,100,0.3,0.0,harm,hybrid,0.023,random,0.023,1.0,0,0.2159266322851181,0.0027579413937453834,93,4060,0.024193548387096774,563,22828
8,100,0.3,0.0,harm,hybrid,0.023,random,0.023,1.0,0,0.22835379838943481,0.0027579413937453834,93,4060,0.024193548387096774,563,22828
8,100,0.3,0.0,harm,hybrid,0.023,random,0.023,1.0,0,0.24078096449375153,0.0027579413937453834,93,4060,0.024193548387096774,563,22828
8,100,0.3,0.0,harm,hybrid,0.023,random,0.023,1.0,0,0.2532081604003906,0.0027579413937453834,93,4060,0.024193548387096774,563,22828
8,100,0.3,0.0,harm,hybrid,0.023,random,0.023,1.0,0,0.26563531160354614,0.0027579413937453834,93,4060,0.024193548387096774,563,22828
8,100,0.3,0.0,harm,hybrid,0.023,random,0.023,1.0,0,0.27806246280670166,0.0027456291553804484,93,4060,0.023655913978494626,563,22828
8,100,0.3,0.0,harm,hybrid,0.023,random,0.023,1.0,0,0.29048964381217957,0.0027456291553804484,93,4060,0.023655913978494626,563,22828
8,100,0.3,0.0,harm,hybrid,0.023,random,0.023,1.0,0,0.30291682481765747,0.0027456291553804484,93,4060,0.023655913978494626,563,22828
8,100,0.3,0.0,harm,hybrid,0.023,random,0.023,1.0,0,0.315343976020813,0.0027456291553804484,93,4060,0.023655913978494626,563,22828
8,100,0.3,0.0,harm,hybrid,0.023,random,0.023,1.0,0,0.3277711570262909,0.0027333169170155134,93,4060,0.023118279569892472,563,22828
8,100,0.3,0.0,harm,hybrid,0.023,random,0.023,1.0,0,0.3401983082294464,0.0027333169170155134,93,4060,0.023118279569892472,563,22828
8,100,0.3,0.0,harm,hybrid,0.023,random,0.023,1.0,0,0.3526254892349243,0.0027210046786505793,93,4060,0.023118279569892472,563,22828
8,100,0.3,0.0,harm,hybrid,0.023,random,0.023,1.0,0,0.3650526702404022,0.002684067963555775,93,4060,0.023118279569892472,563,22828
8,100,0.3,0.0,harm,hybrid,0.023,random,0.023,1.0,0,0.37747982144355774,0.00267175572519084,93,4060,0.022580645161290325,563,22828
8,100,0.3,0.0,harm,hybrid,0.023,random,0.023,1.0,0,0.38990700244903564,0.002634819010096036,93,4060,0.021505376344086023,563,22828
8,100,0.3,0.0,harm,hybrid,0.023,random,0.023,1.0,0,0.40233415365219116,0.002622506771731101,93,4060,0.02043010752688172,563,22828
8,100,0.3,0.0,harm,hybrid,0.023,random,0.023,1.0,0,0.41476133465766907,0.002597882295001232,93,4060,0.01935483870967742,563,22828
8,100,0.3,0.0,harm,hybrid,0.023,random,0.023,1.0,0,0.427188515663147,0.002573257818271361,93,4060,0.01881720430107527,563,22828
8,100,0.3,0.0,harm,hybrid,0.023,random,0.023,1.0,0,0.4396156668663025,0.002536321103176558,93,4060,0.01881720430107527,563,22828
8,100,0.3,0.0,harm,hybrid,0.023,random,0.023,1.0,0,0.4520428478717804,0.0024870721497168187,93,4060,0.017204301075268817,563,22828
8,100,0.3,0.0,harm,hybrid,0.023,random,0.023,1.0,0,0.4644699990749359,0.0024747599113518837,93,4060,0.016666666666666666,563,22828
8,100,0.3,0.0,harm,hybrid,0.023,random,0.023,1.0,0,0.4768971800804138,0.0024624476729869487,93,4060,0.016666666666666666,563,22828
8,100,0.3,0.0,harm,hybrid,0.023,random,0.023,1.0,0,0.4893243610858917,0.0024501354346220137,93,4060,0.01612903225806452,563,22828
8,100,0.3,0.0,harm,hybrid,0.023,random,0.023,1.0,0,0.5017515420913696,0.0024255109578921455,93,4060,0.015591397849462367,563,22828
8,100,0.3,0.0,harm,hybrid,0.023,random,0.023,1.0,0,0.5141786932945251,0.0024131987195272105,93,4060,0.015053763440860216,563,22828
8,100,0.3,0.0,harm,hybrid,0.023,random,0.023,1.0,0,0.5266058444976807,0.0023762620044324063,93,4060,0.013978494623655914,563,22828
8,100,0.3,0.0,harm,hybrid,0.023,random,0.023,1.0,0,0.539033055305481,0.0023516375277025364,93,4060,0.013978494623655914,563,22828
8,100,0.3,0.0,harm,hybrid,0.023,random,0.023,1.0,0,0.5514602065086365,0.0023516375277025364,93,4060,0.013978494623655914,563,22828
8,100,0.3,0.0,harm,hybrid,0.023,random,0.023,1.0,0,0.563887357711792,0.0023270130509726664,93,4060,0.013978494623655914,563,22828
8,100,0.3,0.0,harm,hybrid,0.023,random,0.023,1.0,0,0.5763145685195923,0.002277764097512928,93,4060,0.013978494623655914,563,22828
8,100,0.3,0.0,harm,hybrid,0.023,random,0.023,1.0,0,0.588741660118103,0.002265451859147993,93,4060,0.013978494623655914,563,22828
8,100,0.3,0.0,harm,hybrid,0.023,random,0.023,1.0,0,0.6011688709259033,0.002253139620783058,93,4060,0.013440860215053765,563,22828
8,100,0.3,0.0,harm,hybrid,0.023,random,0.023,1.0,0,0.6135960817337036,0.00220389066732332,93,4060,0.013440860215053765,563,22828
8,100,0.3,0.0,harm,hybrid,0.023,random,0.023,1.0,0,0.6260231733322144,0.002191578428958385,93,4060,0.013440860215053765,563,22828
8,100,0.3,0.0,harm,hybrid,0.023,random,0.023,1.0,0,0.6384503841400146,0.002191578428958385,93,4060,0.013440860215053765,563,22828
8,100,0.3,0.0,harm,hybrid,0.023,random,0.023,1.0,0,0.6508775949478149,0.0021423294754986458,93,4060,0.013440860215053765,563,22828
8,100,0.3,0.0,harm,hybrid,0.023,random,0.023,1.0,0,0.6633046865463257,0.0021053927604038417,93,4060,0.013440860215053765,563,22828
8,100,0.3,0.0,harm,hybrid,0.023,random,0.023,1.0,0,0.675731897354126,0.0020807682836739717,93,4060,0.013440860215053765,563,22828
8,100,0.3,0.0,harm,hybrid,0.023,random,0.023,1.0,0,0.6881591081619263,0.0020192070918492984,93,4060,0.013440860215053765,563,22828
8,100,0.3,0.0,harm,hybrid,0.023,random,0.023,1.0,0,0.700586199760437,0.0020192070918492984,93,4060,0.013440860215053765,563,22828
8,100,0.3,0.0,harm,hybrid,0.023,random,0.023,1.0,0,0.7130134105682373,0.0019576459000246248,93,4060,0.013440860215053765,563,22828
8,100,0.3,0.0,harm,hybrid,0.023,random,0.023,1.0,0,0.725440502166748,0.0019083969465648854,93,4060,0.013440860215053765,563,22828
8,100,0.3,0.0,harm,hybrid,0.023,random,0.023,1.0,0,0.7378677129745483,0.0018960847081999509,93,4060,0.013440860215053765,563,22828
8,100,0.3,0.0,harm,hybrid,0.023,random,0.023,1.0,0,0.7502949237823486,0.001883772469835016,93,4060,0.013440860215053765,563,22828
8,100,0.3,0.0,harm,hybrid,0.023,random,0.023,1.0,0,0.7627220153808594,0.0018222112780103422,93,4060,0.013440860215053765,563,22828
8,100,0.3,0.0,harm,hybrid,0.023,random,0.023,1.0,0,0.7751492261886597,0.0017729623245506033,93,4060,0.013440860215053765,563,22828
8,100,0.3,0.0,harm,hybrid,0.023,random,0.023,1.0,0,0.78757643699646,0.0017606500861856687,93,4060,0.013440860215053765,563,22828
8,100,0.3,0.0,harm,hybrid,0.023,random,0.023,1.0,0,0.8000035285949707,0.0017237133710908646,93,4060,0.013440860215053765,563,22828
8,100,0.3,0.0,harm,hybrid,0.023,random,0.023,1.0,0,0.812430739402771,0.0016252154641713864,93,4060,0.013440860215053765,563,22828
8,100,0.3,0.0,harm,hybrid,0.023,random,0.023,1.0,0,0.8248579502105713,0.0015144053188869736,93,4060,0.013440860215053765,563,22828
8,100,0.3,0.0,harm,hybrid,0.023,random,0.023,1.0,0,0.837285041809082,0.0014159074119674958,93,4060,0.013440860215053765,563,22828
8,100,0.3,0.0,harm,hybrid,0.023,random,0.023,1.0,0,0.8497122526168823,0.0013789706968726913,93,4060,0.013440860215053765,563,22828
8,100,0.3,0.0,harm,hybrid,0.023,random,0.023,1.0,0,0.8621394634246826,0.001354346220142822,93,4060,0.013440860215053765,563,22828
8,100,0.3,0.0,harm,hybrid,0.023,random,0.023,1.0,0,0.8745665550231934,0.001292785028318148,93,4060,0.013440860215053765,563,22828
8,100,0.3,0.0,harm,hybrid,0.023,random,0.023,1.0,0,0.8869937658309937,0.0012189115981285398,93,4060,0.013440860215053765,563,22828
8,100,0.3,0.0,harm,hybrid,0.023,random,0.023,1.0,0,0.899420976638794,0.0011819748830337355,93,4060,0.013440860215053765,563,22828
8,100,0.3,0.0,harm,hybrid,0.023,random,0.023,1.0,0,0.9118480682373047,0.0010711647377493229,93,4060,0.012903225806451613,563,22828
8,100,0.3,0.0,harm,hybrid,0.023,random,0.023,1.0,0,0.924275279045105,0.0009849790691947797,93,4060,0.012903225806451613,563,22828
8,100,0.3,0.0,harm,hybrid,0.023,random,0.023,1.0,0,0.9367023706436157,0.0008987934006402365,93,4060,0.012903225806451613,563,22828
8,100,0.3,0.0,harm,hybrid,0.023,random,0.023,1.0,0,0.949129581451416,0.0008372322088155628,93,4060,0.011827956989247313,563,22828
8,100,0.3,0.0,harm,hybrid,0.023,random,0.023,1.0,0,0.9615567922592163,0.0007387343018960846,93,4060,0.010752688172043012,563,22828
8,100,0.3,0.0,harm,hybrid,0.023,random,0.023,1.0,0,0.973983883857727,0.0006402363949766067,93,4060,0.008602150537634409,563,22828
8,100,0.3,0.0,harm,hybrid,0.023,random,0.023,1.0,0,0.9864110946655273,0.0005294262496921942,93,4060,0.008064516129032258,563,22828
8,100,0.3,0.0,harm,hybrid,0.023,random,0.023,1.0,0,0.9988383054733276,0.0004924895345973898,93,4060,0.006989247311827958,563,22828
8,100,0.3,0.0,harm,hybrid,0.023,random,0.023,1.0,0,1.0112653970718384,0.0004309283427727161,93,4060,0.004838709677419354,563,22828
8,100,0.3,0.0,harm,hybrid,0.023,random,0.023,1.0,0,1.0236926078796387,0.00038167938931297715,93,4060,0.0037634408602150535,563,22828
8,100,0.3,0.0,harm,hybrid,0.023,random,0.023,1.0,0,1.036119818687439,0.00036936715094804237,93,4060,0.0037634408602150535,563,22828
8,100,0.3,0.0,harm,hybrid,0.023,random,0.023,1.0,0,1.0485469102859497,0.00032011819748830337,93,4060,0.002688172043010753,563,22828
8,100,0.3,0.0,harm,hybrid,0.023,random,0.023,1.0,0,1.06097412109375,0.0002954937207584339,93,4060,0.0016129032258064518,563,22828
8,100,0.3,0.0,harm,hybrid,0.023,random,0.023,1.0,0,1.0734013319015503,0.0002708692440285644,93,4060,0.001075268817204301,563,22828
8,100,0.3,0.0,harm,hybrid,0.023,random,0.023,1.0,0,1.0858285427093506,0.0002462447672986949,93,4060,0.0,563,22828
8,100,0.3,0.0,harm,hybrid,0.023,random,0.023,1.0,0,1.0982556343078613,0.0002462447672986949,93,4060,0.0,563,22828
8,100,0.3,0.0,harm,hybrid,0.023,random,0.023,1.0,0,1.1106828451156616,0.0002462447672986949,93,4060,0.0,563,22828
8,100,0.3,0.0,harm,hybrid,0.023,random,0.023,1.0,0,1.1231099367141724,0.0002462447672986949,93,4060,0.0,563,22828
8,100,0.3,0.0,harm,hybrid,0.023,random,0.023,1.0,0,1.1355371475219727,0.0002462447672986949,93,4060,0.0,563,22828
8,100,0.3,0.0,harm,hybrid,0.023,random,0.023,1.0,0,1.147964358329773,0.0002462447672986949,93,4060,0.0,563,22828
8,100,0.3,0.0,harm,hybrid,0.023,random,0.023,1.0,0,1.1603914499282837,0.0002462447672986949,93,4060,0.0,563,22828
8,100,0.3,0.0,harm,hybrid,0.023,random,0.023,1.0,0,1.172818660736084,0.0002462447672986949,93,4060,0.0,563,22828
8,100,0.3,0.0,harm,hybrid,0.023,random,0.023,1.0,0,1.1852458715438843,0.0002462447672986949,93,4060,0.0,563,22828
8,100,0.3,0.0,harm,hybrid,0.023,random,0.023,1.0,0,1.197672963142395,0.0002462447672986949,93,4060,0.0,563,22828
8,100,0.3,0.0,harm,hybrid,0.023,random,0.023,1.0,0,1.2101001739501953,0.0002462447672986949,93,4060,0.0,563,22828
8,100,0.3,0.0,harm,hybrid,0.023,random,0.023,1.0,0,1.2225273847579956,0.0002462447672986949,93,4060,0.0,563,22828
8,100,0.3,0.0,harm,hybrid,0.023,random,0.023,1.0,0,1.2349544763565063,0.0002462447672986949,93,4060,0.0,563,22828
8,100,0.3,0.0,harm,hybrid,0.023,random,0.023,1.0,0,1.2473816871643066,0.0002462447672986949,93,4060,0.0,563,22828
8,100,0.3,0.0,harm,hybrid,0.023,random,0.023,1.0,0,1.259808897972107,0.0002462447672986949,93,4060,0.0,563,22828
8,100,0.3,0.0,harm,hybrid,0.023,random,0.023,1.0,0,1.2722359895706177,0.0002462447672986949,93,4060,0.0,563,22828
8,100,0.3,0.0,harm,hybrid,0.023,random,0.023,1.0,0,1.284663200378418,0.0002462447672986949,93,4060,0.0,563,22828
8,100,0.3,0.0,harm,hybrid,0.023,random,0.023,1.0,0,1.2970904111862183,0.0002462447672986949,93,4060,0.0,563,22828
8,100,0.3,0.0,harm,hybrid,0.023,random,0.023,1.0,0,1.309517502784729,0.0002462447672986949,93,4060,0.0,563,22828
9,100,0.3,0.0,harm,hybrid,0.023,random,0.023,1.0,0,0.0,0.002876106194690266,93,4067,0.02311827956989247,577,23298
9,100,0.3,0.0,harm,hybrid,0.023,random,0.023,1.0,0,0.013008207082748413,0.002876106194690266,93,4067,0.02311827956989247,577,23298
9,100,0.3,0.0,harm,hybrid,0.023,random,0.023,1.0,0,0.026016414165496826,0.002876106194690266,93,4067,0.02311827956989247,577,23298
9,100,0.3,0.0,harm,hybrid,0.023,random,0.023,1.0,0,0.03902462124824524,0.002876106194690266,93,4067,0.02311827956989247,577,23298
9,100,0.3,0.0,harm,hybrid,0.023,random,0.023,1.0,0,0.05203282833099365,0.002876106194690266,93,4067,0.02311827956989247,577,23298
9,100,0.3,0.0,harm,hybrid,0.023,random,0.023,1.0,0,0.06504103541374207,0.002876106194690266,93,4067,0.02311827956989247,577,23298
9,100,0.3,0.0,harm,hybrid,0.023,random,0.023,1.0,0,0.07804924249649048,0.002876106194690266,93,4067,0.02311827956989247,577,23298
9,100,0.3,0.0,harm,hybrid,0.023,random,0.023,1.0,0,0.09105744957923889,0.002876106194690266,93,4067,0.02311827956989247,577,23298
9,100,0.3,0.0,harm,hybrid,0.023,random,0.023,1.0,0,0.1040656566619873,0.002876106194690266,93,4067,0.02311827956989247,577,23298
9,100,0.3,0.0,harm,hybrid,0.023,random,0.023,1.0,0,0.11707386374473572,0.002876106194690266,93,4067,0.02311827956989247,577,23298
9,100,0.3,0.0,harm,hybrid,0.023,random,0.023,1.0,0,0.13008207082748413,0.002876106194690266,93,4067,0.02311827956989247,577,23298
9,100,0.3,0.0,harm,hybrid,0.023,random,0.023,1.0,0,0.14309027791023254,0.002876106194690266,93,4067,0.02311827956989247,577,23298
9,100,0.3,0.0,harm,hybrid,0.023,random,0.023,1.0,0,0.15609848499298096,0.002876106194690266,93,4067,0.02311827956989247,577,23298
9,100,0.3,0.0,harm,hybrid,0.023,random,0.023,1.0,0,0.16910669207572937,0.002876106194690266,93,4067,0.02311827956989247,577,23298
9,100,0.3,0.0,harm,hybrid,0.023,random,0.023,1.0,0,0.18211489915847778,0.002876106194690266,93,4067,0.02311827956989247,577,23298
9,100,0.3,0.0,harm,hybrid,0.023,random,0.023,1.0,0,0.1951231062412262,0.002876106194690266,93,4067,0.02311827956989247,577,23298
9,100,0.3,0.0,harm,hybrid,0.023,random,0.023,1.0,0,0.2081313133239746,0.002876106194690266,93,4067,0.02311827956989247,577,23298
9,100,0.3,0.0,harm,hybrid,0.023,random,0.023,1.0,0,0.22113952040672302,0.002876106194690266,93,4067,0.02311827956989247,577,23298
9,100,0.3,0.0,harm,hybrid,0.023,random,0.023,1.0,0,0.23414772748947144,0.002876106194690266,93,4067,0.02311827956989247,577,23298
9,100,0.3,0.0,harm,hybrid,0.023,random,0.023,1.0,0,0.24715593457221985,0.0028638151425762043,93,4067,0.022580645161290318,577,23298
9,100,0.3,0.0,harm,hybrid,0.023,random,0.023,1.0,0,0.26016414165496826,0.0028638151425762043,93,4067,0.022580645161290318,577,23298
9,100,0.3,0.0,harm,hybrid,0.023,random,0.023,1.0,0,0.2731723487377167,0.0028638151425762043,93,4067,0.022580645161290318,577,23298
9,100,0.3,0.0,harm,hybrid,0.023,random,0.023,1.0,0,0.2861805558204651,0.0028638151425762043,93,4067,0.022580645161290318,577,23298
9,100,0.3,0.0,harm,hybrid,0.023,random,0.023,1.0,0,0.2991887629032135,0.0028638151425762043,93,4067,0.022580645161290318,577,23298
9,100,0.3,0.0,harm,hybrid,0.023,random,0.023,1.0,0,0.3121969699859619,0.0028515240904621437,93,4067,0.022580645161290318,577,23298
9,100,0.3,0.0,harm,hybrid,0.023,random,0.023,1.0,0,0.3252051770687103,0.0028515240904621437,93,4067,0.022580645161290318,577,23298
9,100,0.3,0.0,harm,hybrid,0.023,random,0.023,1.0,0,0.33821338415145874,0.0028515240904621437,93,4067,0.022580645161290318,577,23298
9,100,0.3,0.0,harm,hybrid,0.023,random,0.023,1.0,0,0.35122159123420715,0.0028515240904621437,93,4067,0.022580645161290318,577,23298
9,100,0.3,0.0,harm,hybrid,0.023,random,0.023,1.0,0,0.36422979831695557,0.0028515240904621437,93,4067,0.022580645161290318,577,23298
9,100,0.3,0.0,harm,hybrid,0.023,random,0.023,1.0,0,0.377238005399704,0.0028515240904621437,93,4067,0.022580645161290318,577,23298
9,100,0.3,0.0,harm,hybrid,0.023,random,0.023,1.0,0,0.3902462124824524,0.0028146509341199608,93,4067,0.021505376344086023,577,23298
9,100,0.3,0.0,harm,hybrid,0.023,random,0.023,1.0,0,0.4032544195652008,0.002790068829891839,93,4067,0.021505376344086023,577,23298
9,100,0.3,0.0,harm,hybrid,0.023,random,0.023,1.0,0,0.4162626266479492,0.002790068829891839,93,4067,0.021505376344086023,577,23298
9,100,0.3,0.0,harm,hybrid,0.023,random,0.023,1.0,0,0.42927083373069763,0.002777777777777778,93,4067,0.021505376344086023,577,23298
9,100,0.3,0.0,harm,hybrid,0.023,random,0.023,1.0,0,0.44227904081344604,0.0027531956735496557,93,4067,0.021505376344086023,577,23298
9,100,0.3,0.0,harm,hybrid,0.023,random,0.023,1.0,0,0.45528724789619446,0.002667158308751229,93,4067,0.01989247311827957,577,23298
9,100,0.3,0.0,harm,hybrid,0.023,random,0.023,1.0,0,0.46829545497894287,0.002630285152409046,93,4067,0.01827956989247312,577,23298
9,100,0.3,0.0,harm,hybrid,0.023,random,0.023,1.0,0,0.4813036620616913,0.002568829891838741,93,4067,0.016666666666666666,577,23298
9,100,0.3,0.0,harm,hybrid,0.023,random,0.023,1.0,0,0.4943118691444397,0.0025319567354965588,93,4067,0.016666666666666666,577,23298
9,100,0.3,0.0,harm,hybrid,0.023,random,0.023,1.0,0,0.5073200464248657,0.0024827925270403148,93,4067,0.01612903225806452,577,23298
9,100,0.3,0.0,harm,hybrid,0.023,random,0.023,1.0,0,0.5203282833099365,0.002445919370698132,93,4067,0.015591397849462367,577,23298
9,100,0.3,0.0,harm,hybrid,0.023,random,0.023,1.0,0,0.5333365201950073,0.0024336283185840708,93,4067,0.015591397849462367,577,23298
9,100,0.3,0.0,harm,hybrid,0.023,random,0.023,1.0,0,0.5463446974754333,0.0024336283185840708,93,4067,0.015591397849462367,577,23298
9,100,0.3,0.0,harm,hybrid,0.023,random,0.023,1.0,0,0.5593528747558594,0.002372173058013766,93,4067,0.015591397849462367,577,23298
9,100,0.3,0.0,harm,hybrid,0.023,random,0.023,1.0,0,0.5723611116409302,0.0023598820058997054,93,4067,0.015053763440860216,577,23298
9,100,0.3,0.0,harm,hybrid,0.023,random,0.023,1.0,0,0.585369348526001,0.0023352999016715828,93,4067,0.015053763440860216,577,23298
9,100,0.3,0.0,harm,hybrid,0.023,random,0.023,1.0,0,0.598377525806427,0.002323008849557522,93,4067,0.015053763440860216,577,23298
9,100,0.3,0.0,harm,hybrid,0.023,random,0.023,1.0,0,0.611385703086853,0.002323008849557522,93,4067,0.015053763440860216,577,23298
9,100,0.3,0.0,harm,hybrid,0.023,random,0.023,1.0,0,0.6243939399719238,0.002310717797443462,93,4067,0.015053763440860216,577,23298
9,100,0.3,0.0,harm,hybrid,0.023,random,0.023,1.0,0,0.6374021768569946,0.002286135693215339,93,4067,0.015053763440860216,577,23298
9,100,0.3,0.0,harm,hybrid,0.023,random,0.023,1.0,0,0.6504103541374207,0.002273844641101278,93,4067,0.015053763440860216,577,23298
9,100,0.3,0.0,harm,hybrid,0.023,random,0.023,1.0,0,0.6634185314178467,0.0022246804326450345,93,4067,0.015053763440860216,577,23298
9,100,0.3,0.0,harm,hybrid,0.023,random,0.023,1.0,0,0.6764267683029175,0.0021386430678466076,93,4067,0.015053763440860216,577,23298
9,100,0.3,0.0,harm,hybrid,0.023,random,0.023,1.0,0,0.6894350051879883,0.002114060963618486,93,4067,0.015053763440860216,577,23298
9,100,0.3,0.0,harm,hybrid,0.023,random,0.023,1.0,0,0.7024431824684143,0.0021017699115044243,93,4067,0.015053763440860216,577,23298
9,100,0.3,0.0,harm,hybrid,0.023,random,0.023,1.0,0,0.7154513597488403,0.0020771878072763025,93,4067,0.015053763440860216,577,23298
9,100,0.3,0.0,harm,hybrid,0.023,random,0.023,1.0,0,0.7284595966339111,0.00204031465093412,93,4067,0.015053763440860216,577,23298
9,100,0.3,0.0,harm,hybrid,0.023,random,0.023,1.0,0,0.7414678335189819,0.0019788593903638154,93,4067,0.015053763440860216,577,23298
9,100,0.3,0.0,harm,hybrid,0.023,random,0.023,1.0,0,0.754476010799408,0.0019788593903638154,93,4067,0.015053763440860216,577,23298
9,100,0.3,0.0,harm,hybrid,0.023,random,0.023,1.0,0,0.767484188079834,0.0019051130776794494,93,4067,0.015053763440860216,577,23298
9,100,0.3,0.0,harm,hybrid,0.023,random,0.023,1.0,0,0.7804924249649048,0.0018805309734513276,93,4067,0.015053763440860216,577,23298
9,100,0.3,0.0,harm,hybrid,0.023,random,0.023,1.0,0,0.7935006618499756,0.0018436578171091445,93,4067,0.015053763440860216,577,23298
9,100,0.3,0.0,harm,hybrid,0.023,random,0.023,1.0,0,0.8065088391304016,0.001769911504424779,93,4067,0.015053763440860216,577,23298
9,100,0.3,0.0,harm,hybrid,0.023,random,0.023,1.0,0,0.8195170164108276,0.001720747295968535,93,4067,0.015053763440860216,577,23298
9,100,0.3,0.0,harm,hybrid,0.023,random,0.023,1.0,0,0.8325252532958984,0.00165929203539823,93,4067,0.015053763440860216,577,23298
9,100,0.3,0.0,harm,hybrid,0.023,random,0.023,1.0,0,0.8455334901809692,0.0015732546705998036,93,4067,0.015053763440860216,577,23298
9,100,0.3,0.0,harm,hybrid,0.023,random,0.023,1.0,0,0.8585416674613953,0.0014995083579154376,93,4067,0.015053763440860216,577,23298
9,100,0.3,0.0,harm,hybrid,0.023,random,0.023,1.0,0,0.8715498447418213,0.001438053097345133,93,4067,0.015053763440860216,577,23298
9,100,0.3,0.0,harm,hybrid,0.023,random,0.023,1.0,0,0.8845580816268921,0.0013397246804326452,93,4067,0.015053763440860216,577,23298
9,100,0.3,0.0,harm,hybrid,0.023,random,0.023,1.0,0,0.8975663185119629,0.0012536873156342183,93,4067,0.015053763440860216,577,23298
9,100,0.3,0.0,harm,hybrid,0.023,random,0.023,1.0,0,0.9105744957923889,0.0011430678466076698,93,4067,0.015053763440860216,577,23298
9,100,0.3,0.0,harm,hybrid,0.023,random,0.023,1.0,0,0.9235826730728149,0.0010939036381514258,93,4067,0.015053763440860216,577,23298
9,100,0.3,0.0,harm,hybrid,0.023,random,0.023,1.0,0,0.9365909099578857,0.00102015732546706,93,4067,0.014516129032258069,577,23298
9,100,0.3,0.0,harm,hybrid,0.023,random,0.023,1.0,0,0.9495991468429565,0.0009709931170108163,93,4067,0.014516129032258069,577,23298
9,100,0.3,0.0,harm,hybrid,0.023,random,0.023,1.0,0,0.9626073241233826,0.0008726647000983285,93,4067,0.013978494623655914,577,23298
9,100,0.3,0.0,harm,hybrid,0.023,random,0.023,1.0,0,0.9756155014038086,0.0007620452310717798,93,4067,0.012903225806451615,577,23298
9,100,0.3,0.0,harm,hybrid,0.023,random,0.023,1.0,0,0.9886237382888794,0.000676007866273353,93,4067,0.010215053763440863,577,23298
9,100,0.3,0.0,harm,hybrid,0.023,random,0.023,1.0,0,1.0016319751739502,0.0005776794493608654,93,4067,0.008064516129032258,577,23298
9,100,0.3,0.0,harm,hybrid,0.023,random,0.023,1.0,0,1.0146400928497314,0.0004670599803343167,93,4067,0.0059139784946236566,577,23298
9,100,0.3,0.0,harm,hybrid,0.023,random,0.023,1.0,0,1.0276483297348022,0.0004056047197640118,93,4067,0.003763440860215054,577,23298
9,100,0.3,0.0,harm,hybrid,0.023,random,0.023,1.0,0,1.040656566619873,0.0003687315634218289,93,4067,0.002688172043010753,577,23298
9,100,0.3,0.0,harm,hybrid,0.023,random,0.023,1.0,0,1.0536648035049438,0.00035644051130776796,93,4067,0.002150537634408602,577,23298
9,100,0.3,0.0,harm,hybrid,0.023,random,0.023,1.0,0,1.0666730403900146,0.00031956735496558507,93,4067,0.0016129032258064518,577,23298
9,100,0.3,0.0,harm,hybrid,0.023,random,0.023,1.0,0,1.079681158065796,0.0002949852507374631,93,4067,0.0005376344086021505,577,23298
9,100,0.3,0.0,harm,hybrid,0.023,random,0.023,1.0,0,1.0926893949508667,0.00027040314650934123,93,4067,0.0,577,23298
9,100,0.3,0.0,harm,hybrid,0.023,random,0.023,1.0,0,1.1056976318359375,0.00025811209439528023,93,4067,0.0,577,23298
9,100,0.3,0.0,harm,hybrid,0.023,random,0.023,1.0,0,1.1187057495117188,0.00025811209439528023,93,4067,0.0,577,23298
9,100,0.3,0.0,harm,hybrid,0.023,random,0.023,1.0,0,1.1317139863967896,0.00025811209439528023,93,4067,0.0,577,23298
9,100,0.3,0.0,harm,hybrid,0.023,random,0.023,1.0,0,1.1447222232818604,0.00025811209439528023,93,4067,0.0,577,23298
9,100,0.3,0.0,harm,hybrid,0.023,random,0.023,1.0,0,1.1577304601669312,0.00025811209439528023,93,4067,0.0,577,23298
9,100,0.3,0.0,harm,hybrid,0.023,random,0.023,1.0,0,1.170738697052002,0.00025811209439528023,93,4067,0.0,577,23298
9,100,0.3,0.0,harm,hybrid,0.023,random,0.023,1.0,0,1.1837468147277832,0.00025811209439528023,93,4067,0.0,577,23298
9,100,0.3,0.0,harm,hybrid,0.023,random,0.023,1.0,0,1.196755051612854,0.00025811209439528023,93,4067,0.0,577,23298
9,100,0.3,0.0,harm,hybrid,0.023,random,0.023,1.0,0,1.2097632884979248,0.0002458210422812193,93,4067,0.0,577,23298
9,100,0.3,0.0,harm,hybrid,0.023,random,0.023,1.0,0,1.222771406173706,0.0002458210422812193,93,4067,0.0,577,23298
9,100,0.3,0.0,harm,hybrid,0.023,random,0.023,1.0,0,1.2357796430587769,0.0002458210422812193,93,4067,0.0,577,23298
9,100,0.3,0.0,harm,hybrid,0.023,random,0.023,1.0,0,1.2487878799438477,0.0002458210422812193,93,4067,0.0,577,23298
9,100,0.3,0.0,harm,hybrid,0.023,random,0.023,1.0,0,1.2617961168289185,0.0002458210422812193,93,4067,0.0,577,23298
9,100,0.3,0.0,harm,hybrid,0.023,random,0.023,1.0,0,1.2748043537139893,0.0002458210422812193,93,4067,0.0,577,23298
9,100,0.3,0.0,harm,hybrid,0.023,random,0.023,1.0,0,1.2878124713897705,0.0002458210422812193,93,4067,0.0,577,23298
