run_id,epoch,base_harm,beta,score_type,conformal_method,Collective,Report Strategy,Report Fraction,likes_softmax_temperature,topk_n,gamma,calib_risk_adjusted,num_adv_users,calib_set_size,avg_harm_adv_raw,total_flagged_items,total_items_seen_by_adv_users
0,100,0.3,0.0,harm,hybrid,0.005,low_risk_q1,0.1,1.0,0,0.11756947636604309,0.007333333333333333,20,4049,1.0,494,4843
0,100,0.3,0.0,harm,hybrid,0.005,low_risk_q1,0.1,1.0,0,0.12999893724918365,0.007333333333333333,20,4049,1.0,494,4843
0,100,0.3,0.0,harm,hybrid,0.005,low_risk_q1,0.1,1.0,0,0.14242839813232422,0.007333333333333333,20,4049,1.0,494,4843
0,100,0.3,0.0,harm,hybrid,0.005,low_risk_q1,0.1,1.0,0,0.1548578441143036,0.007333333333333333,20,4049,1.0,494,4843
0,100,0.3,0.0,harm,hybrid,0.005,low_risk_q1,0.1,1.0,0,0.16728731989860535,0.007333333333333333,20,4049,1.0,494,4843
0,100,0.3,0.0,harm,hybrid,0.005,low_risk_q1,0.1,1.0,0,0.17971676588058472,0.007333333333333333,20,4049,1.0,494,4843
0,100,0.3,0.0,harm,hybrid,0.005,low_risk_q1,0.1,1.0,0,0.19214622676372528,0.007320987654320988,20,4049,0.9974999999999999,494,4843
0,100,0.3,0.0,harm,hybrid,0.005,low_risk_q1,0.1,1.0,0,0.20457568764686584,0.007320987654320988,20,4049,0.9974999999999999,494,4843
0,100,0.3,0.0,harm,hybrid,0.005,low_risk_q1,0.1,1.0,0,0.2170051485300064,0.007320987654320988,20,4049,0.9974999999999999,494,4843
0,100,0.3,0.0,harm,hybrid,0.005,low_risk_q1,0.1,1.0,0,0.22943460941314697,0.007320987654320988,20,4049,0.9974999999999999,494,4843
0,100,0.3,0.0,harm,hybrid,0.005,low_risk_q1,0.1,1.0,0,0.24186407029628754,0.007320987654320988,20,4049,0.9974999999999999,494,4843
0,100,0.3,0.0,harm,hybrid,0.005,low_risk_q1,0.1,1.0,0,0.2542935311794281,0.0072839506172839505,20,4049,0.9924999999999999,494,4843
0,100,0.3,0.0,harm,hybrid,0.005,low_risk_q1,0.1,1.0,0,0.26672297716140747,0.0072839506172839505,20,4049,0.9924999999999999,494,4843
0,100,0.3,0.0,harm,hybrid,0.005,low_risk_q1,0.1,1.0,0,0.27915245294570923,0.0072839506172839505,20,4049,0.9924999999999999,494,4843
0,100,0.3,0.0,harm,hybrid,0.005,low_risk_q1,0.1,1.0,0,0.2915818989276886,0.00725925925925926,20,4049,0.9874999999999998,494,4843
0,100,0.3,0.0,harm,hybrid,0.005,low_risk_q1,0.1,1.0,0,0.30401134490966797,0.007234567901234568,20,4049,0.985,494,4843
0,100,0.3,0.0,harm,hybrid,0.005,low_risk_q1,0.1,1.0,0,0.3164408206939697,0.007222222222222223,20,4049,0.9824999999999999,494,4843
0,100,0.3,0.0,harm,hybrid,0.005,low_risk_q1,0.1,1.0,0,0.3288702964782715,0.007209876543209878,20,4049,0.9799999999999999,494,4843
0,100,0.3,0.0,harm,hybrid,0.005,low_risk_q1,0.1,1.0,0,0.34129974246025085,0.007197530864197532,20,4049,0.9774999999999998,494,4843
0,100,0.3,0.0,harm,hybrid,0.005,low_risk_q1,0.1,1.0,0,0.3537291884422302,0.007148148148148149,20,4049,0.9674999999999999,494,4843
0,100,0.3,0.0,harm,hybrid,0.005,low_risk_q1,0.1,1.0,0,0.366158664226532,0.007111111111111112,20,4049,0.9624999999999998,494,4843
0,100,0.3,0.0,harm,hybrid,0.005,low_risk_q1,0.1,1.0,0,0.37858811020851135,0.0070987654320987656,20,4049,0.9599999999999997,494,4843
0,100,0.3,0.0,harm,hybrid,0.005,low_risk_q1,0.1,1.0,0,0.3910175859928131,0.007037037037037037,20,4049,0.9474999999999998,494,4843
0,100,0.3,0.0,harm,hybrid,0.005,low_risk_q1,0.1,1.0,0,0.4034470319747925,0.007024691358024693,20,4049,0.9449999999999997,494,4843
0,100,0.3,0.0,harm,hybrid,0.005,low_risk_q1,0.1,1.0,0,0.41587647795677185,0.0069259259259259265,20,4049,0.9274999999999999,494,4843
0,100,0.3,0.0,harm,hybrid,0.005,low_risk_q1,0.1,1.0,0,0.4283059537410736,0.006876543209876544,20,4049,0.9175000000000001,494,4843
0,100,0.3,0.0,harm,hybrid,0.005,low_risk_q1,0.1,1.0,0,0.440735399723053,0.006827160493827161,20,4049,0.9075,494,4843
0,100,0.3,0.0,harm,hybrid,0.005,low_risk_q1,0.1,1.0,0,0.45316487550735474,0.006666666666666667,20,4049,0.8799999999999999,494,4843
0,100,0.3,0.0,harm,hybrid,0.005,low_risk_q1,0.1,1.0,0,0.4655943214893341,0.0066049382716049385,20,4049,0.8675,494,4843
0,100,0.3,0.0,harm,hybrid,0.005,low_risk_q1,0.1,1.0,0,0.47802379727363586,0.006555555555555557,20,4049,0.8599999999999998,494,4843
0,100,0.3,0.0,harm,hybrid,0.005,low_risk_q1,0.1,1.0,0,0.49045324325561523,0.0064197530864197536,20,4049,0.8424999999999999,494,4843
0,100,0.3,0.0,harm,hybrid,0.005,low_risk_q1,0.1,1.0,0,0.502882719039917,0.006271604938271605,20,4049,0.8125,494,4843
0,100,0.3,0.0,harm,hybrid,0.005,low_risk_q1,0.1,1.0,0,0.5153121948242188,0.006160493827160494,20,4049,0.8,494,4843
0,100,0.3,0.0,harm,hybrid,0.005,low_risk_q1,0.1,1.0,0,0.5277416110038757,0.006037037037037038,20,4049,0.775,494,4843
0,100,0.3,0.0,harm,hybrid,0.005,low_risk_q1,0.1,1.0,0,0.5401710867881775,0.005950617283950618,20,4049,0.7625000000000001,494,4843
0,100,0.3,0.0,harm,hybrid,0.005,low_risk_q1,0.1,1.0,0,0.5526005029678345,0.005851851851851853,20,4049,0.7424999999999999,494,4843
0,100,0.3,0.0,harm,hybrid,0.005,low_risk_q1,0.1,1.0,0,0.5650299787521362,0.005740740740740741,20,4049,0.72,494,4843
0,100,0.3,0.0,harm,hybrid,0.005,low_risk_q1,0.1,1.0,0,0.577459454536438,0.0055925925925925934,20,4049,0.7025,494,4843
0,100,0.3,0.0,harm,hybrid,0.005,low_risk_q1,0.1,1.0,0,0.5898889303207397,0.005580246913580247,20,4049,0.7,494,4843
0,100,0.3,0.0,harm,hybrid,0.005,low_risk_q1,0.1,1.0,0,0.6023184061050415,0.005493827160493827,20,4049,0.6950000000000001,494,4843
0,100,0.3,0.0,harm,hybrid,0.005,low_risk_q1,0.1,1.0,0,0.6147478818893433,0.005456790123456791,20,4049,0.6900000000000001,494,4843
0,100,0.3,0.0,harm,hybrid,0.005,low_risk_q1,0.1,1.0,0,0.6271772384643555,0.0054444444444444445,20,4049,0.6875,494,4843
0,100,0.3,0.0,harm,hybrid,0.005,low_risk_q1,0.1,1.0,0,0.6396067142486572,0.005407407407407407,20,4049,0.6875,494,4843
0,100,0.3,0.0,harm,hybrid,0.005,low_risk_q1,0.1,1.0,0,0.652036190032959,0.005382716049382717,20,4049,0.6849999999999999,494,4843
0,100,0.3,0.0,harm,hybrid,0.005,low_risk_q1,0.1,1.0,0,0.6644656658172607,0.005333333333333334,20,4049,0.6849999999999999,494,4843
0,100,0.3,0.0,harm,hybrid,0.005,low_risk_q1,0.1,1.0,0,0.6768951416015625,0.005333333333333334,20,4049,0.6849999999999999,494,4843
0,100,0.3,0.0,harm,hybrid,0.005,low_risk_q1,0.1,1.0,0,0.6893246173858643,0.005296296296296296,20,4049,0.6849999999999999,494,4843
0,100,0.3,0.0,harm,hybrid,0.005,low_risk_q1,0.1,1.0,0,0.701754093170166,0.005246913580246914,20,4049,0.6849999999999999,494,4843
0,100,0.3,0.0,harm,hybrid,0.005,low_risk_q1,0.1,1.0,0,0.7141834497451782,0.005234567901234569,20,4049,0.6849999999999999,494,4843
0,100,0.3,0.0,harm,hybrid,0.005,low_risk_q1,0.1,1.0,0,0.72661292552948,0.005222222222222222,20,4049,0.6849999999999999,494,4843
0,100,0.3,0.0,harm,hybrid,0.005,low_risk_q1,0.1,1.0,0,0.7390424013137817,0.005209876543209877,20,4049,0.6849999999999999,494,4843
0,100,0.3,0.0,harm,hybrid,0.005,low_risk_q1,0.1,1.0,0,0.7514718770980835,0.005197530864197531,20,4049,0.6849999999999999,494,4843
0,100,0.3,0.0,harm,hybrid,0.005,low_risk_q1,0.1,1.0,0,0.7639013528823853,0.00517283950617284,20,4049,0.6849999999999999,494,4843
0,100,0.3,0.0,harm,hybrid,0.005,low_risk_q1,0.1,1.0,0,0.776330828666687,0.005148148148148149,20,4049,0.6849999999999999,494,4843
0,100,0.3,0.0,harm,hybrid,0.005,low_risk_q1,0.1,1.0,0,0.7887603044509888,0.005111111111111111,20,4049,0.6849999999999999,494,4843
0,100,0.3,0.0,harm,hybrid,0.005,low_risk_q1,0.1,1.0,0,0.8011897802352905,0.005098765432098766,20,4049,0.6849999999999999,494,4843
0,100,0.3,0.0,harm,hybrid,0.005,low_risk_q1,0.1,1.0,0,0.8136191368103027,0.005061728395061729,20,4049,0.6849999999999999,494,4843
0,100,0.3,0.0,harm,hybrid,0.005,low_risk_q1,0.1,1.0,0,0.8260486125946045,0.004962962962962963,20,4049,0.6849999999999999,494,4843
0,100,0.3,0.0,harm,hybrid,0.005,low_risk_q1,0.1,1.0,0,0.8384780883789062,0.004876543209876543,20,4049,0.6849999999999999,494,4843
0,100,0.3,0.0,harm,hybrid,0.005,low_risk_q1,0.1,1.0,0,0.850907564163208,0.004827160493827162,20,4049,0.6849999999999999,494,4843
0,100,0.3,0.0,harm,hybrid,0.005,low_risk_q1,0.1,1.0,0,0.8633370399475098,0.0047407407407407415,20,4049,0.6849999999999999,494,4843
0,100,0.3,0.0,harm,hybrid,0.005,low_risk_q1,0.1,1.0,0,0.8757665157318115,0.004691358024691358,20,4049,0.6849999999999999,494,4843
0,100,0.3,0.0,harm,hybrid,0.005,low_risk_q1,0.1,1.0,0,0.8881959915161133,0.004629629629629629,20,4049,0.6849999999999999,494,4843
0,100,0.3,0.0,harm,hybrid,0.005,low_risk_q1,0.1,1.0,0,0.9006253480911255,0.004543209876543209,20,4049,0.6849999999999999,494,4843
0,100,0.3,0.0,harm,hybrid,0.005,low_risk_q1,0.1,1.0,0,0.9130548238754272,0.004407407407407408,20,4049,0.6849999999999999,494,4843
0,100,0.3,0.0,harm,hybrid,0.005,low_risk_q1,0.1,1.0,0,0.925484299659729,0.004296296296296297,20,4049,0.6849999999999999,494,4843
0,100,0.3,0.0,harm,hybrid,0.005,low_risk_q1,0.1,1.0,0,0.9379137754440308,0.004246913580246914,20,4049,0.6849999999999999,494,4843
0,100,0.3,0.0,harm,hybrid,0.005,low_risk_q1,0.1,1.0,0,0.9503432512283325,0.004185185185185185,20,4049,0.6799999999999999,494,4843
0,100,0.3,0.0,harm,hybrid,0.005,low_risk_q1,0.1,1.0,0,0.9627727270126343,0.004061728395061729,20,4049,0.6725,494,4843
0,100,0.3,0.0,harm,hybrid,0.005,low_risk_q1,0.1,1.0,0,0.975202202796936,0.003962962962962963,20,4049,0.6599999999999999,494,4843
0,100,0.3,0.0,harm,hybrid,0.005,low_risk_q1,0.1,1.0,0,0.9876315593719482,0.0037530864197530866,20,4049,0.63,494,4843
0,100,0.3,0.0,harm,hybrid,0.005,low_risk_q1,0.1,1.0,0,1.00006103515625,0.0033209876543209877,20,4049,0.5650000000000001,494,4843
0,100,0.3,0.0,harm,hybrid,0.005,low_risk_q1,0.1,1.0,0,1.0124905109405518,0.0028271604938271606,20,4049,0.48,494,4843
0,100,0.3,0.0,harm,hybrid,0.005,low_risk_q1,0.1,1.0,0,1.0249199867248535,0.002271604938271605,20,4049,0.37250000000000005,494,4843
0,100,0.3,0.0,harm,hybrid,0.005,low_risk_q1,0.1,1.0,0,1.0373494625091553,0.0019012345679012346,20,4049,0.30500000000000005,494,4843
0,100,0.3,0.0,harm,hybrid,0.005,low_risk_q1,0.1,1.0,0,1.049778938293457,0.0015185185185185187,20,4049,0.2375,494,4843
0,100,0.3,0.0,harm,hybrid,0.005,low_risk_q1,0.1,1.0,0,1.0622084140777588,0.001160493827160494,20,4049,0.17,494,4843
0,100,0.3,0.0,harm,hybrid,0.005,low_risk_q1,0.1,1.0,0,1.074637770652771,0.0009506172839506173,20,4049,0.13,494,4843
0,100,0.3,0.0,harm,hybrid,0.005,low_risk_q1,0.1,1.0,0,1.0870672464370728,0.0007283950617283951,20,4049,0.085,494,4843
0,100,0.3,0.0,harm,hybrid,0.005,low_risk_q1,0.1,1.0,0,1.0994967222213745,0.0005802469135802468,20,4049,0.06000000000000001,494,4843
0,100,0.3,0.0,harm,hybrid,0.005,low_risk_q1,0.1,1.0,0,1.1119261980056763,0.00044444444444444447,20,4049,0.034999999999999996,494,4843
0,100,0.3,0.0,harm,hybrid,0.005,low_risk_q1,0.1,1.0,0,1.124355673789978,0.0003827160493827161,20,4049,0.025,494,4843
0,100,0.3,0.0,harm,hybrid,0.005,low_risk_q1,0.1,1.0,0,1.1367850303649902,0.00034567901234567905,20,4049,0.017499999999999998,494,4843
0,100,0.3,0.0,harm,hybrid,0.005,low_risk_q1,0.1,1.0,0,1.149214506149292,0.0003333333333333333,20,4049,0.015000000000000003,494,4843
0,100,0.3,0.0,harm,hybrid,0.005,low_risk_q1,0.1,1.0,0,1.1616439819335938,0.00032098765432098765,20,4049,0.0125,494,4843
0,100,0.3,0.0,harm,hybrid,0.005,low_risk_q1,0.1,1.0,0,1.1740734577178955,0.00027160493827160494,20,4049,0.0025,494,4843
0,100,0.3,0.0,harm,hybrid,0.005,low_risk_q1,0.1,1.0,0,1.1865029335021973,0.00027160493827160494,20,4049,0.0025,494,4843
0,100,0.3,0.0,harm,hybrid,0.005,low_risk_q1,0.1,1.0,0,1.198932409286499,0.00027160493827160494,20,4049,0.0025,494,4843
0,100,0.3,0.0,harm,hybrid,0.005,low_risk_q1,0.1,1.0,0,1.2113618850708008,0.0002469135802469136,20,4049,0.0,494,4843
0,100,0.3,0.0,harm,hybrid,0.005,low_risk_q1,0.1,1.0,0,1.223791241645813,0.0002469135802469136,20,4049,0.0,494,4843
0,100,0.3,0.0,harm,hybrid,0.005,low_risk_q1,0.1,1.0,0,1.2362207174301147,0.0002469135802469136,20,4049,0.0,494,4843
0,100,0.3,0.0,harm,hybrid,0.005,low_risk_q1,0.1,1.0,0,1.2486501932144165,0.0002469135802469136,20,4049,0.0,494,4843
0,100,0.3,0.0,harm,hybrid,0.005,low_risk_q1,0.1,1.0,0,1.2610796689987183,0.0002469135802469136,20,4049,0.0,494,4843
0,100,0.3,0.0,harm,hybrid,0.005,low_risk_q1,0.1,1.0,0,1.27350914478302,0.0002469135802469136,20,4049,0.0,494,4843
0,100,0.3,0.0,harm,hybrid,0.005,low_risk_q1,0.1,1.0,0,1.2859386205673218,0.0002469135802469136,20,4049,0.0,494,4843
0,100,0.3,0.0,harm,hybrid,0.005,low_risk_q1,0.1,1.0,0,1.2983680963516235,0.0002469135802469136,20,4049,0.0,494,4843
0,100,0.3,0.0,harm,hybrid,0.005,low_risk_q1,0.1,1.0,0,1.3107974529266357,0.0002469135802469136,20,4049,0.0,494,4843
0,100,0.3,0.0,harm,hybrid,0.005,low_risk_q1,0.1,1.0,0,1.3232269287109375,0.0002469135802469136,20,4049,0.0,494,4843
0,100,0.3,0.0,harm,hybrid,0.005,low_risk_q1,0.1,1.0,0,1.3356564044952393,0.0002469135802469136,20,4049,0.0,494,4843
0,100,0.3,0.0,harm,hybrid,0.005,low_risk_q1,0.1,1.0,0,1.348085880279541,0.0002469135802469136,20,4049,0.0,494,4843
1,100,0.3,0.0,harm,hybrid,0.005,low_risk_q1,0.1,1.0,0,0.04140770435333252,0.007380073800738008,20,4064,1.0,521,5126
1,100,0.3,0.0,harm,hybrid,0.005,low_risk_q1,0.1,1.0,0,0.05379550904035568,0.007380073800738008,20,4064,1.0,521,5126
1,100,0.3,0.0,harm,hybrid,0.005,low_risk_q1,0.1,1.0,0,0.06618331372737885,0.007380073800738008,20,4064,1.0,521,5126
1,100,0.3,0.0,harm,hybrid,0.005,low_risk_q1,0.1,1.0,0,0.07857111841440201,0.007380073800738008,20,4064,1.0,521,5126
1,100,0.3,0.0,harm,hybrid,0.005,low_risk_q1,0.1,1.0,0,0.09095892310142517,0.007380073800738008,20,4064,1.0,521,5126
1,100,0.3,0.0,harm,hybrid,0.005,low_risk_q1,0.1,1.0,0,0.10334672778844833,0.007380073800738008,20,4064,1.0,521,5126
1,100,0.3,0.0,harm,hybrid,0.005,low_risk_q1,0.1,1.0,0,0.1157345324754715,0.007380073800738008,20,4064,1.0,521,5126
1,100,0.3,0.0,harm,hybrid,0.005,low_risk_q1,0.1,1.0,0,0.12812232971191406,0.007380073800738008,20,4064,1.0,521,5126
1,100,0.3,0.0,harm,hybrid,0.005,low_risk_q1,0.1,1.0,0,0.14051014184951782,0.007380073800738008,20,4064,1.0,521,5126
1,100,0.3,0.0,harm,hybrid,0.005,low_risk_q1,0.1,1.0,0,0.15289795398712158,0.007380073800738008,20,4064,1.0,521,5126
1,100,0.3,0.0,harm,hybrid,0.005,low_risk_q1,0.1,1.0,0,0.16528575122356415,0.0073677736777367775,20,4064,0.9974999999999999,521,5126
1,100,0.3,0.0,harm,hybrid,0.005,low_risk_q1,0.1,1.0,0,0.1776735484600067,0.0073308733087330885,20,4064,0.99,521,5126
1,100,0.3,0.0,harm,hybrid,0.005,low_risk_q1,0.1,1.0,0,0.19006136059761047,0.0073308733087330885,20,4064,0.99,521,5126
1,100,0.3,0.0,harm,hybrid,0.005,low_risk_q1,0.1,1.0,0,0.20244917273521423,0.0073308733087330885,20,4064,0.99,521,5126
1,100,0.3,0.0,harm,hybrid,0.005,low_risk_q1,0.1,1.0,0,0.2148369699716568,0.0073308733087330885,20,4064,0.99,521,5126
1,100,0.3,0.0,harm,hybrid,0.005,low_risk_q1,0.1,1.0,0,0.22722476720809937,0.007318573185731857,20,4064,0.9875,521,5126
1,100,0.3,0.0,harm,hybrid,0.005,low_risk_q1,0.1,1.0,0,0.23961257934570312,0.007318573185731857,20,4064,0.9875,521,5126
1,100,0.3,0.0,harm,hybrid,0.005,low_risk_q1,0.1,1.0,0,0.2520003914833069,0.007318573185731857,20,4064,0.9875,521,5126
1,100,0.3,0.0,harm,hybrid,0.005,low_risk_q1,0.1,1.0,0,0.26438820362091064,0.007281672816728168,20,4064,0.9799999999999999,521,5126
1,100,0.3,0.0,harm,hybrid,0.005,low_risk_q1,0.1,1.0,0,0.276775985956192,0.007257072570725708,20,4064,0.975,521,5126
1,100,0.3,0.0,harm,hybrid,0.005,low_risk_q1,0.1,1.0,0,0.2891637980937958,0.007207872078720788,20,4064,0.9650000000000001,521,5126
1,100,0.3,0.0,harm,hybrid,0.005,low_risk_q1,0.1,1.0,0,0.30155161023139954,0.007183271832718328,20,4064,0.9624999999999998,521,5126
1,100,0.3,0.0,harm,hybrid,0.005,low_risk_q1,0.1,1.0,0,0.3139393925666809,0.007134071340713407,20,4064,0.9525,521,5126
1,100,0.3,0.0,harm,hybrid,0.005,low_risk_q1,0.1,1.0,0,0.32632720470428467,0.007134071340713407,20,4064,0.9499999999999998,521,5126
1,100,0.3,0.0,harm,hybrid,0.005,low_risk_q1,0.1,1.0,0,0.3387150168418884,0.007023370233702337,20,4064,0.9299999999999999,521,5126
1,100,0.3,0.0,harm,hybrid,0.005,low_risk_q1,0.1,1.0,0,0.3511028289794922,0.006949569495694957,20,4064,0.9149999999999998,521,5126
1,100,0.3,0.0,harm,hybrid,0.005,low_risk_q1,0.1,1.0,0,0.36349064111709595,0.006888068880688808,20,4064,0.9075,521,5126
1,100,0.3,0.0,harm,hybrid,0.005,low_risk_q1,0.1,1.0,0,0.3758784234523773,0.006715867158671586,20,4064,0.8800000000000001,521,5126
1,100,0.3,0.0,harm,hybrid,0.005,low_risk_q1,0.1,1.0,0,0.3882662355899811,0.006617466174661746,20,4064,0.8574999999999999,521,5126
1,100,0.3,0.0,harm,hybrid,0.005,low_risk_q1,0.1,1.0,0,0.40065404772758484,0.006506765067650677,20,4064,0.8375,521,5126
1,100,0.3,0.0,harm,hybrid,0.005,low_risk_q1,0.1,1.0,0,0.4130418300628662,0.006346863468634685,20,4064,0.8024999999999999,521,5126
1,100,0.3,0.0,harm,hybrid,0.005,low_risk_q1,0.1,1.0,0,0.42542964220046997,0.006211562115621156,20,4064,0.7849999999999999,521,5126
1,100,0.3,0.0,harm,hybrid,0.005,low_risk_q1,0.1,1.0,0,0.43781745433807373,0.0061377613776137764,20,4064,0.7675000000000001,521,5126
1,100,0.3,0.0,harm,hybrid,0.005,low_risk_q1,0.1,1.0,0,0.4502052664756775,0.005867158671586716,20,4064,0.72,521,5126
1,100,0.3,0.0,harm,hybrid,0.005,low_risk_q1,0.1,1.0,0,0.46259307861328125,0.005768757687576877,20,4064,0.7125,521,5126
1,100,0.3,0.0,harm,hybrid,0.005,low_risk_q1,0.1,1.0,0,0.4749808609485626,0.005535055350553506,20,4064,0.6775,521,5126
1,100,0.3,0.0,harm,hybrid,0.005,low_risk_q1,0.1,1.0,0,0.4873686730861664,0.0053874538745387465,20,4064,0.6475000000000001,521,5126
1,100,0.3,0.0,harm,hybrid,0.005,low_risk_q1,0.1,1.0,0,0.49975648522377014,0.005252152521525216,20,4064,0.62,521,5126
1,100,0.3,0.0,harm,hybrid,0.005,low_risk_q1,0.1,1.0,0,0.5121442675590515,0.005104551045510455,20,4064,0.5925,521,5126
1,100,0.3,0.0,harm,hybrid,0.005,low_risk_q1,0.1,1.0,0,0.5245320796966553,0.0049692496924969255,20,4064,0.5700000000000001,521,5126
1,100,0.3,0.0,harm,hybrid,0.005,low_risk_q1,0.1,1.0,0,0.536919891834259,0.004920049200492005,20,4064,0.5599999999999999,521,5126
1,100,0.3,0.0,harm,hybrid,0.005,low_risk_q1,0.1,1.0,0,0.5493077039718628,0.004784747847478476,20,4064,0.5475,521,5126
1,100,0.3,0.0,harm,hybrid,0.005,low_risk_q1,0.1,1.0,0,0.5616955161094666,0.004760147601476015,20,4064,0.5425,521,5126
1,100,0.3,0.0,harm,hybrid,0.005,low_risk_q1,0.1,1.0,0,0.5740833282470703,0.004723247232472325,20,4064,0.54,521,5126
1,100,0.3,0.0,harm,hybrid,0.005,low_risk_q1,0.1,1.0,0,0.5864710807800293,0.004661746617466174,20,4064,0.54,521,5126
1,100,0.3,0.0,harm,hybrid,0.005,low_risk_q1,0.1,1.0,0,0.5988588929176331,0.0046494464944649445,20,4064,0.54,521,5126
1,100,0.3,0.0,harm,hybrid,0.005,low_risk_q1,0.1,1.0,0,0.6112467050552368,0.004612546125461255,20,4064,0.54,521,5126
1,100,0.3,0.0,harm,hybrid,0.005,low_risk_q1,0.1,1.0,0,0.6236345171928406,0.004600246002460025,20,4064,0.54,521,5126
1,100,0.3,0.0,harm,hybrid,0.005,low_risk_q1,0.1,1.0,0,0.6360223293304443,0.004575645756457565,20,4064,0.54,521,5126
1,100,0.3,0.0,harm,hybrid,0.005,low_risk_q1,0.1,1.0,0,0.6484101414680481,0.0045510455104551045,20,4064,0.54,521,5126
1,100,0.3,0.0,harm,hybrid,0.005,low_risk_q1,0.1,1.0,0,0.6607979536056519,0.004526445264452644,20,4064,0.54,521,5126
1,100,0.3,0.0,harm,hybrid,0.005,low_risk_q1,0.1,1.0,0,0.6731857657432556,0.004501845018450185,20,4064,0.54,521,5126
1,100,0.3,0.0,harm,hybrid,0.005,low_risk_q1,0.1,1.0,0,0.6855735778808594,0.004489544895448955,20,4064,0.54,521,5126
1,100,0.3,0.0,harm,hybrid,0.005,low_risk_q1,0.1,1.0,0,0.6979613304138184,0.0044526445264452645,20,4064,0.54,521,5126
1,100,0.3,0.0,harm,hybrid,0.005,low_risk_q1,0.1,1.0,0,0.7103491425514221,0.004403444034440344,20,4064,0.54,521,5126
1,100,0.3,0.0,harm,hybrid,0.005,low_risk_q1,0.1,1.0,0,0.7227369546890259,0.004378843788437884,20,4064,0.54,521,5126
1,100,0.3,0.0,harm,hybrid,0.005,low_risk_q1,0.1,1.0,0,0.7351247668266296,0.004378843788437884,20,4064,0.54,521,5126
1,100,0.3,0.0,harm,hybrid,0.005,low_risk_q1,0.1,1.0,0,0.7475125789642334,0.004305043050430504,20,4064,0.54,521,5126
1,100,0.3,0.0,harm,hybrid,0.005,low_risk_q1,0.1,1.0,0,0.7599003911018372,0.0042312423124231235,20,4064,0.54,521,5126
1,100,0.3,0.0,harm,hybrid,0.005,low_risk_q1,0.1,1.0,0,0.7722882032394409,0.004157441574415745,20,4064,0.54,521,5126
1,100,0.3,0.0,harm,hybrid,0.005,low_risk_q1,0.1,1.0,0,0.7846759557723999,0.004120541205412054,20,4064,0.54,521,5126
1,100,0.3,0.0,harm,hybrid,0.005,low_risk_q1,0.1,1.0,0,0.7970637679100037,0.004071340713407134,20,4064,0.54,521,5126
1,100,0.3,0.0,harm,hybrid,0.005,low_risk_q1,0.1,1.0,0,0.8094515800476074,0.004009840098400983,20,4064,0.54,521,5126
1,100,0.3,0.0,harm,hybrid,0.005,low_risk_q1,0.1,1.0,0,0.8218393921852112,0.0038622386223862238,20,4064,0.54,521,5126
1,100,0.3,0.0,harm,hybrid,0.005,low_risk_q1,0.1,1.0,0,0.8342272043228149,0.0037515375153751537,20,4064,0.54,521,5126
1,100,0.3,0.0,harm,hybrid,0.005,low_risk_q1,0.1,1.0,0,0.8466150164604187,0.003591635916359163,20,4064,0.54,521,5126
1,100,0.3,0.0,harm,hybrid,0.005,low_risk_q1,0.1,1.0,0,0.8590028285980225,0.0035055350553505533,20,4064,0.54,521,5126
1,100,0.3,0.0,harm,hybrid,0.005,low_risk_q1,0.1,1.0,0,0.8713906407356262,0.0034194341943419443,20,4064,0.53,521,5126
1,100,0.3,0.0,harm,hybrid,0.005,low_risk_q1,0.1,1.0,0,0.88377845287323,0.0033579335793357938,20,4064,0.5275000000000001,521,5126
1,100,0.3,0.0,harm,hybrid,0.005,low_risk_q1,0.1,1.0,0,0.896166205406189,0.003210332103321034,20,4064,0.5125,521,5126
1,100,0.3,0.0,harm,hybrid,0.005,low_risk_q1,0.1,1.0,0,0.9085540175437927,0.003038130381303813,20,4064,0.48999999999999994,521,5126
1,100,0.3,0.0,harm,hybrid,0.005,low_risk_q1,0.1,1.0,0,0.9209418296813965,0.0027429274292742924,20,4064,0.45499999999999996,521,5126
1,100,0.3,0.0,harm,hybrid,0.005,low_risk_q1,0.1,1.0,0,0.9333296418190002,0.002546125461254613,20,4064,0.4225,521,5126
1,100,0.3,0.0,harm,hybrid,0.005,low_risk_q1,0.1,1.0,0,0.945717453956604,0.0022755227552275522,20,4064,0.38,521,5126
1,100,0.3,0.0,harm,hybrid,0.005,low_risk_q1,0.1,1.0,0,0.9581052660942078,0.0018450184501845018,20,4064,0.3,521,5126
1,100,0.3,0.0,harm,hybrid,0.005,low_risk_q1,0.1,1.0,0,0.9704930782318115,0.0016113161131611317,20,4064,0.2525,521,5126
1,100,0.3,0.0,harm,hybrid,0.005,low_risk_q1,0.1,1.0,0,0.9828808307647705,0.0013038130381303813,20,4064,0.19749999999999998,521,5126
1,100,0.3,0.0,harm,hybrid,0.005,low_risk_q1,0.1,1.0,0,0.9952686429023743,0.0010209102091020912,20,4064,0.14250000000000002,521,5126
1,100,0.3,0.0,harm,hybrid,0.005,low_risk_q1,0.1,1.0,0,1.007656455039978,0.0008364083640836409,20,4064,0.11000000000000001,521,5126
1,100,0.3,0.0,harm,hybrid,0.005,low_risk_q1,0.1,1.0,0,1.0200443267822266,0.0006642066420664206,20,4064,0.07500000000000001,521,5126
1,100,0.3,0.0,harm,hybrid,0.005,low_risk_q1,0.1,1.0,0,1.0324320793151855,0.0004920049200492005,20,4064,0.045000000000000005,521,5126
1,100,0.3,0.0,harm,hybrid,0.005,low_risk_q1,0.1,1.0,0,1.0448198318481445,0.00041820418204182046,20,4064,0.030000000000000006,521,5126
1,100,0.3,0.0,harm,hybrid,0.005,low_risk_q1,0.1,1.0,0,1.057207703590393,0.00035670356703567036,20,4064,0.0175,521,5126
1,100,0.3,0.0,harm,hybrid,0.005,low_risk_q1,0.1,1.0,0,1.069595456123352,0.00030750307503075026,20,4064,0.0075000000000000015,521,5126
1,100,0.3,0.0,harm,hybrid,0.005,low_risk_q1,0.1,1.0,0,1.0819833278656006,0.00030750307503075026,20,4064,0.0075000000000000015,521,5126
1,100,0.3,0.0,harm,hybrid,0.005,low_risk_q1,0.1,1.0,0,1.0943710803985596,0.00028290282902829027,20,4064,0.005,521,5126
1,100,0.3,0.0,harm,hybrid,0.005,low_risk_q1,0.1,1.0,0,1.106758952140808,0.0002583025830258302,20,4064,0.0025,521,5126
1,100,0.3,0.0,harm,hybrid,0.005,low_risk_q1,0.1,1.0,0,1.119146704673767,0.0002460024600246002,20,4064,0.0,521,5126
1,100,0.3,0.0,harm,hybrid,0.005,low_risk_q1,0.1,1.0,0,1.131534457206726,0.0002460024600246002,20,4064,0.0,521,5126
1,100,0.3,0.0,harm,hybrid,0.005,low_risk_q1,0.1,1.0,0,1.1439223289489746,0.0002460024600246002,20,4064,0.0,521,5126
1,100,0.3,0.0,harm,hybrid,0.005,low_risk_q1,0.1,1.0,0,1.1563100814819336,0.0002460024600246002,20,4064,0.0,521,5126
1,100,0.3,0.0,harm,hybrid,0.005,low_risk_q1,0.1,1.0,0,1.1686979532241821,0.0002460024600246002,20,4064,0.0,521,5126
1,100,0.3,0.0,harm,hybrid,0.005,low_risk_q1,0.1,1.0,0,1.1810857057571411,0.0002460024600246002,20,4064,0.0,521,5126
1,100,0.3,0.0,harm,hybrid,0.005,low_risk_q1,0.1,1.0,0,1.1934735774993896,0.0002460024600246002,20,4064,0.0,521,5126
1,100,0.3,0.0,harm,hybrid,0.005,low_risk_q1,0.1,1.0,0,1.2058613300323486,0.0002460024600246002,20,4064,0.0,521,5126
1,100,0.3,0.0,harm,hybrid,0.005,low_risk_q1,0.1,1.0,0,1.2182492017745972,0.0002460024600246002,20,4064,0.0,521,5126
1,100,0.3,0.0,harm,hybrid,0.005,low_risk_q1,0.1,1.0,0,1.2306369543075562,0.0002460024600246002,20,4064,0.0,521,5126
1,100,0.3,0.0,harm,hybrid,0.005,low_risk_q1,0.1,1.0,0,1.2430247068405151,0.0002460024600246002,20,4064,0.0,521,5126
1,100,0.3,0.0,harm,hybrid,0.005,low_risk_q1,0.1,1.0,0,1.2554125785827637,0.0002460024600246002,20,4064,0.0,521,5126
1,100,0.3,0.0,harm,hybrid,0.005,low_risk_q1,0.1,1.0,0,1.2678003311157227,0.0002460024600246002,20,4064,0.0,521,5126
2,100,0.3,0.0,harm,hybrid,0.005,low_risk_q1,0.1,1.0,0,0.03058314323425293,0.0073782587309394985,20,4065,1.0,482,4725
2,100,0.3,0.0,harm,hybrid,0.005,low_risk_q1,0.1,1.0,0,0.04363076761364937,0.0073782587309394985,20,4065,1.0,482,4725
2,100,0.3,0.0,harm,hybrid,0.005,low_risk_q1,0.1,1.0,0,0.05667839199304581,0.0073782587309394985,20,4065,1.0,482,4725
2,100,0.3,0.0,harm,hybrid,0.005,low_risk_q1,0.1,1.0,0,0.06972602009773254,0.0073782587309394985,20,4065,1.0,482,4725
2,100,0.3,0.0,harm,hybrid,0.005,low_risk_q1,0.1,1.0,0,0.08277364075183868,0.0073782587309394985,20,4065,1.0,482,4725
2,100,0.3,0.0,harm,hybrid,0.005,low_risk_q1,0.1,1.0,0,0.09582126885652542,0.0073782587309394985,20,4065,1.0,482,4725
2,100,0.3,0.0,harm,hybrid,0.005,low_risk_q1,0.1,1.0,0,0.10886889696121216,0.0073782587309394985,20,4065,1.0,482,4725
2,100,0.3,0.0,harm,hybrid,0.005,low_risk_q1,0.1,1.0,0,0.1219165176153183,0.0073782587309394985,20,4065,1.0,482,4725
2,100,0.3,0.0,harm,hybrid,0.005,low_risk_q1,0.1,1.0,0,0.13496413826942444,0.0073782587309394985,20,4065,1.0,482,4725
2,100,0.3,0.0,harm,hybrid,0.005,low_risk_q1,0.1,1.0,0,0.14801177382469177,0.0073782587309394985,20,4065,1.0,482,4725
2,100,0.3,0.0,harm,hybrid,0.005,low_risk_q1,0.1,1.0,0,0.1610593944787979,0.0073782587309394985,20,4065,1.0,482,4725
2,100,0.3,0.0,harm,hybrid,0.005,low_risk_q1,0.1,1.0,0,0.17410701513290405,0.0073782587309394985,20,4065,1.0,482,4725
2,100,0.3,0.0,harm,hybrid,0.005,low_risk_q1,0.1,1.0,0,0.1871546506881714,0.0073782587309394985,20,4065,1.0,482,4725
2,100,0.3,0.0,harm,hybrid,0.005,low_risk_q1,0.1,1.0,0,0.20020227134227753,0.0073782587309394985,20,4065,1.0,482,4725
2,100,0.3,0.0,harm,hybrid,0.005,low_risk_q1,0.1,1.0,0,0.21324989199638367,0.007365961633054598,20,4065,0.9974999999999999,482,4725
2,100,0.3,0.0,harm,hybrid,0.005,low_risk_q1,0.1,1.0,0,0.226297527551651,0.007341367437284801,20,4065,0.9924999999999999,482,4725
2,100,0.3,0.0,harm,hybrid,0.005,low_risk_q1,0.1,1.0,0,0.23934514820575714,0.007341367437284801,20,4065,0.9924999999999999,482,4725
2,100,0.3,0.0,harm,hybrid,0.005,low_risk_q1,0.1,1.0,0,0.2523927688598633,0.0073290703393999014,20,4065,0.99,482,4725
2,100,0.3,0.0,harm,hybrid,0.005,low_risk_q1,0.1,1.0,0,0.2654404044151306,0.007304476143630103,20,4065,0.9875,482,4725
2,100,0.3,0.0,harm,hybrid,0.005,low_risk_q1,0.1,1.0,0,0.27848803997039795,0.007279881947860305,20,4065,0.9824999999999999,482,4725
2,100,0.3,0.0,harm,hybrid,0.005,low_risk_q1,0.1,1.0,0,0.2915356457233429,0.007279881947860305,20,4065,0.9824999999999999,482,4725
2,100,0.3,0.0,harm,hybrid,0.005,low_risk_q1,0.1,1.0,0,0.30458328127861023,0.007242990654205608,20,4065,0.9775,482,4725
2,100,0.3,0.0,harm,hybrid,0.005,low_risk_q1,0.1,1.0,0,0.3176308870315552,0.007242990654205608,20,4065,0.9775,482,4725
2,100,0.3,0.0,harm,hybrid,0.005,low_risk_q1,0.1,1.0,0,0.3306785225868225,0.0072183964584358095,20,4065,0.9724999999999999,482,4725
2,100,0.3,0.0,harm,hybrid,0.005,low_risk_q1,0.1,1.0,0,0.34372615814208984,0.007193802262666012,20,4065,0.9674999999999999,482,4725
2,100,0.3,0.0,harm,hybrid,0.005,low_risk_q1,0.1,1.0,0,0.3567737638950348,0.007107722577471717,20,4065,0.9475,482,4725
2,100,0.3,0.0,harm,hybrid,0.005,low_risk_q1,0.1,1.0,0,0.3698213994503021,0.00704623708804722,20,4065,0.9400000000000001,482,4725
2,100,0.3,0.0,harm,hybrid,0.005,low_risk_q1,0.1,1.0,0,0.38286903500556946,0.006947860304968028,20,4065,0.9225000000000001,482,4725
2,100,0.3,0.0,harm,hybrid,0.005,low_risk_q1,0.1,1.0,0,0.3959166407585144,0.006812592228234135,20,4065,0.8949999999999999,482,4725
2,100,0.3,0.0,harm,hybrid,0.005,low_risk_q1,0.1,1.0,0,0.40896427631378174,0.006701918347270044,20,4065,0.875,482,4725
2,100,0.3,0.0,harm,hybrid,0.005,low_risk_q1,0.1,1.0,0,0.4220119118690491,0.006591244466305953,20,4065,0.8574999999999999,482,4725
2,100,0.3,0.0,harm,hybrid,0.005,low_risk_q1,0.1,1.0,0,0.435059517621994,0.006431382193802262,20,4065,0.8375,482,4725
2,100,0.3,0.0,harm,hybrid,0.005,low_risk_q1,0.1,1.0,0,0.44810715317726135,0.006296114117068371,20,4065,0.8024999999999999,482,4725
2,100,0.3,0.0,harm,hybrid,0.005,low_risk_q1,0.1,1.0,0,0.4611547887325287,0.006148548942449581,20,4065,0.7825,482,4725
2,100,0.3,0.0,harm,hybrid,0.005,low_risk_q1,0.1,1.0,0,0.47420239448547363,0.006037875061485489,20,4065,0.7575000000000001,482,4725
2,100,0.3,0.0,harm,hybrid,0.005,low_risk_q1,0.1,1.0,0,0.48725003004074097,0.0058780127889818,20,4065,0.7325,482,4725
2,100,0.3,0.0,harm,hybrid,0.005,low_risk_q1,0.1,1.0,0,0.5002976655960083,0.0057058534185932125,20,4065,0.6975,482,4725
2,100,0.3,0.0,harm,hybrid,0.005,low_risk_q1,0.1,1.0,0,0.5133452415466309,0.005459911460895229,20,4065,0.6500000000000001,482,4725
2,100,0.3,0.0,harm,hybrid,0.005,low_risk_q1,0.1,1.0,0,0.526392936706543,0.005300049188391539,20,4065,0.6275000000000001,482,4725
2,100,0.3,0.0,harm,hybrid,0.005,low_risk_q1,0.1,1.0,0,0.5394405126571655,0.005164781111657649,20,4065,0.595,482,4725
2,100,0.3,0.0,harm,hybrid,0.005,low_risk_q1,0.1,1.0,0,0.5524881482124329,0.005017215937038858,20,4065,0.5700000000000001,482,4725
2,100,0.3,0.0,harm,hybrid,0.005,low_risk_q1,0.1,1.0,0,0.5655357837677002,0.004943433349729464,20,4065,0.57,482,4725
2,100,0.3,0.0,harm,hybrid,0.005,low_risk_q1,0.1,1.0,0,0.5785834193229675,0.004832759468765371,20,4065,0.5599999999999999,482,4725
2,100,0.3,0.0,harm,hybrid,0.005,low_risk_q1,0.1,1.0,0,0.5916310548782349,0.00472208558780128,20,4065,0.545,482,4725
2,100,0.3,0.0,harm,hybrid,0.005,low_risk_q1,0.1,1.0,0,0.6046786308288574,0.004611411706837186,20,4065,0.5325,482,4725
2,100,0.3,0.0,harm,hybrid,0.005,low_risk_q1,0.1,1.0,0,0.6177262663841248,0.004513034923757993,20,4065,0.52,482,4725
2,100,0.3,0.0,harm,hybrid,0.005,low_risk_q1,0.1,1.0,0,0.6307739019393921,0.004513034923757993,20,4065,0.5149999999999999,482,4725
2,100,0.3,0.0,harm,hybrid,0.005,low_risk_q1,0.1,1.0,0,0.6438215374946594,0.004463846532218396,20,4065,0.5149999999999999,482,4725
2,100,0.3,0.0,harm,hybrid,0.005,low_risk_q1,0.1,1.0,0,0.6568691730499268,0.004451549434333497,20,4065,0.5149999999999999,482,4725
2,100,0.3,0.0,harm,hybrid,0.005,low_risk_q1,0.1,1.0,0,0.6699168086051941,0.004426955238563698,20,4065,0.5149999999999999,482,4725
2,100,0.3,0.0,harm,hybrid,0.005,low_risk_q1,0.1,1.0,0,0.6829643845558167,0.004390063944909002,20,4065,0.5149999999999999,482,4725
2,100,0.3,0.0,harm,hybrid,0.005,low_risk_q1,0.1,1.0,0,0.696012020111084,0.004353172651254305,20,4065,0.5149999999999999,482,4725
2,100,0.3,0.0,harm,hybrid,0.005,low_risk_q1,0.1,1.0,0,0.7090596556663513,0.004340875553369404,20,4065,0.5149999999999999,482,4725
2,100,0.3,0.0,harm,hybrid,0.005,low_risk_q1,0.1,1.0,0,0.7221072912216187,0.004316281357599606,20,4065,0.5149999999999999,482,4725
2,100,0.3,0.0,harm,hybrid,0.005,low_risk_q1,0.1,1.0,0,0.735154926776886,0.004279390063944908,20,4065,0.5149999999999999,482,4725
2,100,0.3,0.0,harm,hybrid,0.005,low_risk_q1,0.1,1.0,0,0.7482025623321533,0.00425479586817511,20,4065,0.5149999999999999,482,4725
2,100,0.3,0.0,harm,hybrid,0.005,low_risk_q1,0.1,1.0,0,0.7612501382827759,0.004217904574520412,20,4065,0.5149999999999999,482,4725
2,100,0.3,0.0,harm,hybrid,0.005,low_risk_q1,0.1,1.0,0,0.7742977738380432,0.0041441219872110175,20,4065,0.5149999999999999,482,4725
2,100,0.3,0.0,harm,hybrid,0.005,low_risk_q1,0.1,1.0,0,0.7873454093933105,0.004094933595671421,20,4065,0.5149999999999999,482,4725
2,100,0.3,0.0,harm,hybrid,0.005,low_risk_q1,0.1,1.0,0,0.8003930449485779,0.004070339399901623,20,4065,0.5149999999999999,482,4725
2,100,0.3,0.0,harm,hybrid,0.005,low_risk_q1,0.1,1.0,0,0.8134406805038452,0.0039842597147073285,20,4065,0.5149999999999999,482,4725
2,100,0.3,0.0,harm,hybrid,0.005,low_risk_q1,0.1,1.0,0,0.8264883160591125,0.0038981800295130355,20,4065,0.5149999999999999,482,4725
2,100,0.3,0.0,harm,hybrid,0.005,low_risk_q1,0.1,1.0,0,0.8395358920097351,0.0038612887358583374,20,4065,0.5149999999999999,482,4725
2,100,0.3,0.0,harm,hybrid,0.005,low_risk_q1,0.1,1.0,0,0.8525835275650024,0.003787506148548942,20,4065,0.5149999999999999,482,4725
2,100,0.3,0.0,harm,hybrid,0.005,low_risk_q1,0.1,1.0,0,0.8656311631202698,0.0036522380718150517,20,4065,0.5149999999999999,482,4725
2,100,0.3,0.0,harm,hybrid,0.005,low_risk_q1,0.1,1.0,0,0.8786787986755371,0.0035661583866207582,20,4065,0.5149999999999999,482,4725
2,100,0.3,0.0,harm,hybrid,0.005,low_risk_q1,0.1,1.0,0,0.8917264342308044,0.0034308903098868673,20,4065,0.5149999999999999,482,4725
2,100,0.3,0.0,harm,hybrid,0.005,low_risk_q1,0.1,1.0,0,0.904774010181427,0.003357107722577472,20,4065,0.5149999999999999,482,4725
2,100,0.3,0.0,harm,hybrid,0.005,low_risk_q1,0.1,1.0,0,0.9178216457366943,0.003283325135268077,20,4065,0.5149999999999999,482,4725
2,100,0.3,0.0,harm,hybrid,0.005,low_risk_q1,0.1,1.0,0,0.9308692812919617,0.0031849483521888835,20,4065,0.51,482,4725
2,100,0.3,0.0,harm,hybrid,0.005,low_risk_q1,0.1,1.0,0,0.943916916847229,0.0030496802754549925,20,4065,0.5,482,4725
2,100,0.3,0.0,harm,hybrid,0.005,low_risk_q1,0.1,1.0,0,0.9569645524024963,0.002902115100836203,20,4065,0.485,482,4725
2,100,0.3,0.0,harm,hybrid,0.005,low_risk_q1,0.1,1.0,0,0.9700121879577637,0.0026930644367929167,20,4065,0.44749999999999995,482,4725
2,100,0.3,0.0,harm,hybrid,0.005,low_risk_q1,0.1,1.0,0,0.9830597639083862,0.0022872602065912447,20,4065,0.375,482,4725
2,100,0.3,0.0,harm,hybrid,0.005,low_risk_q1,0.1,1.0,0,0.9961073994636536,0.0017707820954254798,20,4065,0.275,482,4725
2,100,0.3,0.0,harm,hybrid,0.005,low_risk_q1,0.1,1.0,0,1.009155035018921,0.001352680767338908,20,4065,0.20500000000000002,482,4725
2,100,0.3,0.0,harm,hybrid,0.005,low_risk_q1,0.1,1.0,0,1.022202730178833,0.0010821446138711264,20,4065,0.1575,482,4725
2,100,0.3,0.0,harm,hybrid,0.005,low_risk_q1,0.1,1.0,0,1.0352503061294556,0.0008607968519429415,20,4065,0.1125,482,4725
2,100,0.3,0.0,harm,hybrid,0.005,low_risk_q1,0.1,1.0,0,1.0482978820800781,0.0007378258730939498,20,4065,0.09,482,4725
2,100,0.3,0.0,harm,hybrid,0.005,low_risk_q1,0.1,1.0,0,1.0613455772399902,0.0005656665027053615,20,4065,0.05750000000000001,482,4725
2,100,0.3,0.0,harm,hybrid,0.005,low_risk_q1,0.1,1.0,0,1.0743931531906128,0.00046728971962616824,20,4065,0.0375,482,4725
2,100,0.3,0.0,harm,hybrid,0.005,low_risk_q1,0.1,1.0,0,1.087440848350525,0.00039350713231677323,20,4065,0.0225,482,4725
2,100,0.3,0.0,harm,hybrid,0.005,low_risk_q1,0.1,1.0,0,1.1004884243011475,0.00033202164289227744,20,4065,0.0175,482,4725
2,100,0.3,0.0,harm,hybrid,0.005,low_risk_q1,0.1,1.0,0,1.11353600025177,0.0003197245450073782,20,4065,0.015000000000000003,482,4725
2,100,0.3,0.0,harm,hybrid,0.005,low_risk_q1,0.1,1.0,0,1.1265836954116821,0.00029513034923757994,20,4065,0.01,482,4725
2,100,0.3,0.0,harm,hybrid,0.005,low_risk_q1,0.1,1.0,0,1.1396312713623047,0.00029513034923757994,20,4065,0.01,482,4725
2,100,0.3,0.0,harm,hybrid,0.005,low_risk_q1,0.1,1.0,0,1.1526789665222168,0.0002705361534677816,20,4065,0.005,482,4725
2,100,0.3,0.0,harm,hybrid,0.005,low_risk_q1,0.1,1.0,0,1.1657265424728394,0.00025823905558288243,20,4065,0.0025,482,4725
2,100,0.3,0.0,harm,hybrid,0.005,low_risk_q1,0.1,1.0,0,1.178774118423462,0.00024594195769798326,20,4065,0.0,482,4725
2,100,0.3,0.0,harm,hybrid,0.005,low_risk_q1,0.1,1.0,0,1.191821813583374,0.00024594195769798326,20,4065,0.0,482,4725
2,100,0.3,0.0,harm,hybrid,0.005,low_risk_q1,0.1,1.0,0,1.2048693895339966,0.00024594195769798326,20,4065,0.0,482,4725
2,100,0.3,0.0,harm,hybrid,0.005,low_risk_q1,0.1,1.0,0,1.2179170846939087,0.00024594195769798326,20,4065,0.0,482,4725
2,100,0.3,0.0,harm,hybrid,0.005,low_risk_q1,0.1,1.0,0,1.2309646606445312,0.00024594195769798326,20,4065,0.0,482,4725
2,100,0.3,0.0,harm,hybrid,0.005,low_risk_q1,0.1,1.0,0,1.2440123558044434,0.00024594195769798326,20,4065,0.0,482,4725
2,100,0.3,0.0,harm,hybrid,0.005,low_risk_q1,0.1,1.0,0,1.257059931755066,0.00024594195769798326,20,4065,0.0,482,4725
2,100,0.3,0.0,harm,hybrid,0.005,low_risk_q1,0.1,1.0,0,1.2701075077056885,0.00024594195769798326,20,4065,0.0,482,4725
2,100,0.3,0.0,harm,hybrid,0.005,low_risk_q1,0.1,1.0,0,1.2831552028656006,0.00024594195769798326,20,4065,0.0,482,4725
2,100,0.3,0.0,harm,hybrid,0.005,low_risk_q1,0.1,1.0,0,1.2962027788162231,0.00024594195769798326,20,4065,0.0,482,4725
2,100,0.3,0.0,harm,hybrid,0.005,low_risk_q1,0.1,1.0,0,1.3092504739761353,0.00024594195769798326,20,4065,0.0,482,4725
2,100,0.3,0.0,harm,hybrid,0.005,low_risk_q1,0.1,1.0,0,1.3222980499267578,0.00024594195769798326,20,4065,0.0,482,4725
3,100,0.3,0.0,harm,hybrid,0.005,low_risk_q1,0.1,1.0,0,0.05018720030784607,0.007174611015065449,20,4048,1.0,525,5160
3,100,0.3,0.0,harm,hybrid,0.005,low_risk_q1,0.1,1.0,0,0.06261549144983292,0.007174611015065449,20,4048,1.0,525,5160
3,100,0.3,0.0,harm,hybrid,0.005,low_risk_q1,0.1,1.0,0,0.07504378259181976,0.007174611015065449,20,4048,1.0,525,5160
3,100,0.3,0.0,harm,hybrid,0.005,low_risk_q1,0.1,1.0,0,0.08747208118438721,0.007174611015065449,20,4048,1.0,525,5160
3,100,0.3,0.0,harm,hybrid,0.005,low_risk_q1,0.1,1.0,0,0.09990036487579346,0.007174611015065449,20,4048,1.0,525,5160
3,100,0.3,0.0,harm,hybrid,0.005,low_risk_q1,0.1,1.0,0,0.1123286634683609,0.007174611015065449,20,4048,1.0,525,5160
3,100,0.3,0.0,harm,hybrid,0.005,low_risk_q1,0.1,1.0,0,0.12475695461034775,0.007174611015065449,20,4048,1.0,525,5160
3,100,0.3,0.0,harm,hybrid,0.005,low_risk_q1,0.1,1.0,0,0.1371852457523346,0.007174611015065449,20,4048,1.0,525,5160
3,100,0.3,0.0,harm,hybrid,0.005,low_risk_q1,0.1,1.0,0,0.14961352944374084,0.007174611015065449,20,4048,1.0,525,5160
3,100,0.3,0.0,harm,hybrid,0.005,low_risk_q1,0.1,1.0,0,0.1620418280363083,0.007174611015065449,20,4048,1.0,525,5160
3,100,0.3,0.0,harm,hybrid,0.005,low_risk_q1,0.1,1.0,0,0.17447012662887573,0.007174611015065449,20,4048,1.0,525,5160
3,100,0.3,0.0,harm,hybrid,0.005,low_risk_q1,0.1,1.0,0,0.18689841032028198,0.007174611015065449,20,4048,1.0,525,5160
3,100,0.3,0.0,harm,hybrid,0.005,low_risk_q1,0.1,1.0,0,0.19932670891284943,0.007162262286984441,20,4048,0.9974999999999999,525,5160
3,100,0.3,0.0,harm,hybrid,0.005,low_risk_q1,0.1,1.0,0,0.21175499260425568,0.007162262286984441,20,4048,0.9974999999999999,525,5160
3,100,0.3,0.0,harm,hybrid,0.005,low_risk_q1,0.1,1.0,0,0.22418329119682312,0.007162262286984441,20,4048,0.9974999999999999,525,5160
3,100,0.3,0.0,harm,hybrid,0.005,low_risk_q1,0.1,1.0,0,0.23661157488822937,0.0071375648308224255,20,4048,0.9924999999999999,525,5160
3,100,0.3,0.0,harm,hybrid,0.005,low_risk_q1,0.1,1.0,0,0.24903987348079681,0.0071375648308224255,20,4048,0.9924999999999999,525,5160
3,100,0.3,0.0,harm,hybrid,0.005,low_risk_q1,0.1,1.0,0,0.26146817207336426,0.007125216102741417,20,4048,0.9899999999999999,525,5160
3,100,0.3,0.0,harm,hybrid,0.005,low_risk_q1,0.1,1.0,0,0.2738964557647705,0.007088169918498395,20,4048,0.985,525,5160
3,100,0.3,0.0,harm,hybrid,0.005,low_risk_q1,0.1,1.0,0,0.28632473945617676,0.00706347246233638,20,4048,0.9799999999999999,525,5160
3,100,0.3,0.0,harm,hybrid,0.005,low_risk_q1,0.1,1.0,0,0.298753023147583,0.007038775006174364,20,4048,0.975,525,5160
3,100,0.3,0.0,harm,hybrid,0.005,low_risk_q1,0.1,1.0,0,0.31118133664131165,0.007014077550012349,20,4048,0.97,525,5160
3,100,0.3,0.0,harm,hybrid,0.005,low_risk_q1,0.1,1.0,0,0.3236096203327179,0.006977031365769325,20,4048,0.9624999999999998,525,5160
3,100,0.3,0.0,harm,hybrid,0.005,low_risk_q1,0.1,1.0,0,0.33603790402412415,0.006915287725364287,20,4048,0.9499999999999998,525,5160
3,100,0.3,0.0,harm,hybrid,0.005,low_risk_q1,0.1,1.0,0,0.3484662175178528,0.006865892813040256,20,4048,0.9399999999999998,525,5160
3,100,0.3,0.0,harm,hybrid,0.005,low_risk_q1,0.1,1.0,0,0.36089450120925903,0.006791800444554211,20,4048,0.9274999999999999,525,5160
3,100,0.3,0.0,harm,hybrid,0.005,low_risk_q1,0.1,1.0,0,0.3733227849006653,0.006767102988392195,20,4048,0.9224999999999998,525,5160
3,100,0.3,0.0,harm,hybrid,0.005,low_risk_q1,0.1,1.0,0,0.3857510983943939,0.006668313163744134,20,4048,0.9049999999999999,525,5160
3,100,0.3,0.0,harm,hybrid,0.005,low_risk_q1,0.1,1.0,0,0.39817938208580017,0.006569523339096073,20,4048,0.8899999999999999,525,5160
3,100,0.3,0.0,harm,hybrid,0.005,low_risk_q1,0.1,1.0,0,0.4106076657772064,0.00648308224252902,20,4048,0.8700000000000001,525,5160
3,100,0.3,0.0,harm,hybrid,0.005,low_risk_q1,0.1,1.0,0,0.42303594946861267,0.00632254877747592,20,4048,0.8375,525,5160
3,100,0.3,0.0,harm,hybrid,0.005,low_risk_q1,0.1,1.0,0,0.4354642629623413,0.006174364040503828,20,4048,0.805,525,5160
3,100,0.3,0.0,harm,hybrid,0.005,low_risk_q1,0.1,1.0,0,0.44789254665374756,0.006124969128179797,20,4048,0.8075000000000001,525,5160
3,100,0.3,0.0,harm,hybrid,0.005,low_risk_q1,0.1,1.0,0,0.4603208303451538,0.005989133119288712,20,4048,0.78,525,5160
3,100,0.3,0.0,harm,hybrid,0.005,low_risk_q1,0.1,1.0,0,0.47274914383888245,0.005853297110397628,20,4048,0.7525000000000001,525,5160
3,100,0.3,0.0,harm,hybrid,0.005,low_risk_q1,0.1,1.0,0,0.4851774275302887,0.005779204741911582,20,4048,0.7324999999999999,525,5160
3,100,0.3,0.0,harm,hybrid,0.005,low_risk_q1,0.1,1.0,0,0.49760571122169495,0.005606322548777476,20,4048,0.7075,525,5160
3,100,0.3,0.0,harm,hybrid,0.005,low_risk_q1,0.1,1.0,0,0.5100339651107788,0.005519881452210423,20,4048,0.6850000000000002,525,5160
3,100,0.3,0.0,harm,hybrid,0.005,low_risk_q1,0.1,1.0,0,0.5224623084068298,0.00537169671523833,20,4048,0.6625,525,5160
3,100,0.3,0.0,harm,hybrid,0.005,low_risk_q1,0.1,1.0,0,0.5348905920982361,0.0051370708816991855,20,4048,0.615,525,5160
3,100,0.3,0.0,harm,hybrid,0.005,low_risk_q1,0.1,1.0,0,0.5473188757896423,0.005025932328970116,20,4048,0.6025,525,5160
3,100,0.3,0.0,harm,hybrid,0.005,low_risk_q1,0.1,1.0,0,0.5597472190856934,0.004939491232403062,20,4048,0.5900000000000001,525,5160
3,100,0.3,0.0,harm,hybrid,0.005,low_risk_q1,0.1,1.0,0,0.5721755027770996,0.004877747591998024,20,4048,0.5850000000000001,525,5160
3,100,0.3,0.0,harm,hybrid,0.005,low_risk_q1,0.1,1.0,0,0.5846037864685059,0.0048530501358360085,20,4048,0.5850000000000001,525,5160
3,100,0.3,0.0,harm,hybrid,0.005,low_risk_q1,0.1,1.0,0,0.5970320701599121,0.004840701407755001,20,4048,0.5850000000000001,525,5160
3,100,0.3,0.0,harm,hybrid,0.005,low_risk_q1,0.1,1.0,0,0.6094603538513184,0.004816003951592985,20,4048,0.5850000000000001,525,5160
3,100,0.3,0.0,harm,hybrid,0.005,low_risk_q1,0.1,1.0,0,0.6218886375427246,0.0048036552235119784,20,4048,0.5850000000000001,525,5160
3,100,0.3,0.0,harm,hybrid,0.005,low_risk_q1,0.1,1.0,0,0.6343169212341309,0.0047542603111879475,20,4048,0.5850000000000001,525,5160
3,100,0.3,0.0,harm,hybrid,0.005,low_risk_q1,0.1,1.0,0,0.6467452049255371,0.0047542603111879475,20,4048,0.5850000000000001,525,5160
3,100,0.3,0.0,harm,hybrid,0.005,low_risk_q1,0.1,1.0,0,0.6591734886169434,0.004717214126944924,20,4048,0.5850000000000001,525,5160
3,100,0.3,0.0,harm,hybrid,0.005,low_risk_q1,0.1,1.0,0,0.6716017723083496,0.004704865398863917,20,4048,0.5850000000000001,525,5160
3,100,0.3,0.0,harm,hybrid,0.005,low_risk_q1,0.1,1.0,0,0.6840300559997559,0.004680167942701902,20,4048,0.5850000000000001,525,5160
3,100,0.3,0.0,harm,hybrid,0.005,low_risk_q1,0.1,1.0,0,0.6964583396911621,0.004630773030377871,20,4048,0.5850000000000001,525,5160
3,100,0.3,0.0,harm,hybrid,0.005,low_risk_q1,0.1,1.0,0,0.7088866233825684,0.004593726846134848,20,4048,0.5850000000000001,525,5160
3,100,0.3,0.0,harm,hybrid,0.005,low_risk_q1,0.1,1.0,0,0.7213150262832642,0.004544331933810816,20,4048,0.5850000000000001,525,5160
3,100,0.3,0.0,harm,hybrid,0.005,low_risk_q1,0.1,1.0,0,0.7337433099746704,0.004494937021486787,20,4048,0.5850000000000001,525,5160
3,100,0.3,0.0,harm,hybrid,0.005,low_risk_q1,0.1,1.0,0,0.7461715936660767,0.004494937021486787,20,4048,0.5850000000000001,525,5160
3,100,0.3,0.0,harm,hybrid,0.005,low_risk_q1,0.1,1.0,0,0.7585998773574829,0.004445542109162756,20,4048,0.5850000000000001,525,5160
3,100,0.3,0.0,harm,hybrid,0.005,low_risk_q1,0.1,1.0,0,0.7710281610488892,0.004408495924919733,20,4048,0.5850000000000001,525,5160
3,100,0.3,0.0,harm,hybrid,0.005,low_risk_q1,0.1,1.0,0,0.7834564447402954,0.0042973573721906645,20,4048,0.5850000000000001,525,5160
3,100,0.3,0.0,harm,hybrid,0.005,low_risk_q1,0.1,1.0,0,0.7958847284317017,0.004260311187947641,20,4048,0.5850000000000001,525,5160
3,100,0.3,0.0,harm,hybrid,0.005,low_risk_q1,0.1,1.0,0,0.8083130121231079,0.004235613731785626,20,4048,0.5850000000000001,525,5160
3,100,0.3,0.0,harm,hybrid,0.005,low_risk_q1,0.1,1.0,0,0.8207412958145142,0.004173870091380588,20,4048,0.5850000000000001,525,5160
3,100,0.3,0.0,harm,hybrid,0.005,low_risk_q1,0.1,1.0,0,0.8331695795059204,0.004136823907137565,20,4048,0.5850000000000001,525,5160
3,100,0.3,0.0,harm,hybrid,0.005,low_risk_q1,0.1,1.0,0,0.8455978631973267,0.004112126450975549,20,4048,0.5850000000000001,525,5160
3,100,0.3,0.0,harm,hybrid,0.005,low_risk_q1,0.1,1.0,0,0.8580261468887329,0.003976290442084466,20,4048,0.5850000000000001,525,5160
3,100,0.3,0.0,harm,hybrid,0.005,low_risk_q1,0.1,1.0,0,0.8704544305801392,0.003939244257841442,20,4048,0.5850000000000001,525,5160
3,100,0.3,0.0,harm,hybrid,0.005,low_risk_q1,0.1,1.0,0,0.8828827142715454,0.0038404544331933814,20,4048,0.5825000000000001,525,5160
3,100,0.3,0.0,harm,hybrid,0.005,low_risk_q1,0.1,1.0,0,0.8953111171722412,0.003679920968140282,20,4048,0.5625000000000001,525,5160
3,100,0.3,0.0,harm,hybrid,0.005,low_risk_q1,0.1,1.0,0,0.9077394008636475,0.0035811311434922203,20,4048,0.56,525,5160
3,100,0.3,0.0,harm,hybrid,0.005,low_risk_q1,0.1,1.0,0,0.9201676845550537,0.0034823413188441593,20,4048,0.555,525,5160
3,100,0.3,0.0,harm,hybrid,0.005,low_risk_q1,0.1,1.0,0,0.93259596824646,0.003358854038034083,20,4048,0.5400000000000001,525,5160
3,100,0.3,0.0,harm,hybrid,0.005,low_risk_q1,0.1,1.0,0,0.9450242519378662,0.0031365769325759447,20,4048,0.5175000000000001,525,5160
3,100,0.3,0.0,harm,hybrid,0.005,low_risk_q1,0.1,1.0,0,0.9574525356292725,0.002926648555198814,20,4048,0.4875000000000001,525,5160
3,100,0.3,0.0,harm,hybrid,0.005,low_risk_q1,0.1,1.0,0,0.9698808193206787,0.0025685354408495928,20,4048,0.43000000000000005,525,5160
3,100,0.3,0.0,harm,hybrid,0.005,low_risk_q1,0.1,1.0,0,0.982309103012085,0.002309212151148432,20,4048,0.39249999999999996,525,5160
3,100,0.3,0.0,harm,hybrid,0.005,low_risk_q1,0.1,1.0,0,0.9947373867034912,0.001975796492961225,20,4048,0.3325,525,5160
3,100,0.3,0.0,harm,hybrid,0.005,low_risk_q1,0.1,1.0,0,1.0071656703948975,0.0015435910101259573,20,4048,0.24750000000000005,525,5160
3,100,0.3,0.0,harm,hybrid,0.005,low_risk_q1,0.1,1.0,0,1.0195939540863037,0.0013830575450728575,20,4048,0.215,525,5160
3,100,0.3,0.0,harm,hybrid,0.005,low_risk_q1,0.1,1.0,0,1.03202223777771,0.001074339343047666,20,4048,0.15500000000000003,525,5160
3,100,0.3,0.0,harm,hybrid,0.005,low_risk_q1,0.1,1.0,0,1.0444505214691162,0.0007532724129414671,20,4048,0.1,525,5160
3,100,0.3,0.0,harm,hybrid,0.005,low_risk_q1,0.1,1.0,0,1.056878924369812,0.0006174364040503828,20,4048,0.075,525,5160
3,100,0.3,0.0,harm,hybrid,0.005,low_risk_q1,0.1,1.0,0,1.0693072080612183,0.0004816003951592986,20,4048,0.04750000000000001,525,5160
3,100,0.3,0.0,harm,hybrid,0.005,low_risk_q1,0.1,1.0,0,1.0817354917526245,0.0004198567547542603,20,4048,0.034999999999999996,525,5160
3,100,0.3,0.0,harm,hybrid,0.005,low_risk_q1,0.1,1.0,0,1.0941637754440308,0.00038281057051123735,20,4048,0.027500000000000004,525,5160
3,100,0.3,0.0,harm,hybrid,0.005,low_risk_q1,0.1,1.0,0,1.106592059135437,0.0003457643862682144,20,4048,0.02,525,5160
3,100,0.3,0.0,harm,hybrid,0.005,low_risk_q1,0.1,1.0,0,1.1190203428268433,0.00029636947394418375,20,4048,0.01,525,5160
3,100,0.3,0.0,harm,hybrid,0.005,low_risk_q1,0.1,1.0,0,1.1314486265182495,0.00029636947394418375,20,4048,0.01,525,5160
3,100,0.3,0.0,harm,hybrid,0.005,low_risk_q1,0.1,1.0,0,1.1438769102096558,0.00029636947394418375,20,4048,0.01,525,5160
3,100,0.3,0.0,harm,hybrid,0.005,low_risk_q1,0.1,1.0,0,1.156305193901062,0.0002716720177821684,20,4048,0.005,525,5160
3,100,0.3,0.0,harm,hybrid,0.005,low_risk_q1,0.1,1.0,0,1.1687334775924683,0.0002716720177821684,20,4048,0.005,525,5160
3,100,0.3,0.0,harm,hybrid,0.005,low_risk_q1,0.1,1.0,0,1.1811617612838745,0.0002716720177821684,20,4048,0.005,525,5160
3,100,0.3,0.0,harm,hybrid,0.005,low_risk_q1,0.1,1.0,0,1.1935900449752808,0.0002593232897011608,20,4048,0.0025,525,5160
3,100,0.3,0.0,harm,hybrid,0.005,low_risk_q1,0.1,1.0,0,1.2060184478759766,0.0002593232897011608,20,4048,0.0025,525,5160
3,100,0.3,0.0,harm,hybrid,0.005,low_risk_q1,0.1,1.0,0,1.2184467315673828,0.0002469745616201531,20,4048,0.0,525,5160
3,100,0.3,0.0,harm,hybrid,0.005,low_risk_q1,0.1,1.0,0,1.230875015258789,0.0002469745616201531,20,4048,0.0,525,5160
3,100,0.3,0.0,harm,hybrid,0.005,low_risk_q1,0.1,1.0,0,1.2433032989501953,0.0002469745616201531,20,4048,0.0,525,5160
3,100,0.3,0.0,harm,hybrid,0.005,low_risk_q1,0.1,1.0,0,1.2557315826416016,0.0002469745616201531,20,4048,0.0,525,5160
3,100,0.3,0.0,harm,hybrid,0.005,low_risk_q1,0.1,1.0,0,1.2681598663330078,0.0002469745616201531,20,4048,0.0,525,5160
3,100,0.3,0.0,harm,hybrid,0.005,low_risk_q1,0.1,1.0,0,1.280588150024414,0.0002469745616201531,20,4048,0.0,525,5160
4,100,0.3,0.0,harm,hybrid,0.005,low_risk_q1,0.1,1.0,0,0.12783026695251465,0.0072347266881028945,20,4042,1.0,503,4917
4,100,0.3,0.0,harm,hybrid,0.005,low_risk_q1,0.1,1.0,0,0.14074985682964325,0.0072347266881028945,20,4042,1.0,503,4917
4,100,0.3,0.0,harm,hybrid,0.005,low_risk_q1,0.1,1.0,0,0.15366944670677185,0.0072347266881028945,20,4042,1.0,503,4917
4,100,0.3,0.0,harm,hybrid,0.005,low_risk_q1,0.1,1.0,0,0.16658903658390045,0.0072347266881028945,20,4042,1.0,503,4917
4,100,0.3,0.0,harm,hybrid,0.005,low_risk_q1,0.1,1.0,0,0.17950862646102905,0.0072347266881028945,20,4042,1.0,503,4917
4,100,0.3,0.0,harm,hybrid,0.005,low_risk_q1,0.1,1.0,0,0.19242820143699646,0.0072347266881028945,20,4042,1.0,503,4917
4,100,0.3,0.0,harm,hybrid,0.005,low_risk_q1,0.1,1.0,0,0.20534780621528625,0.0072347266881028945,20,4042,1.0,503,4917
4,100,0.3,0.0,harm,hybrid,0.005,low_risk_q1,0.1,1.0,0,0.21826738119125366,0.0072347266881028945,20,4042,1.0,503,4917
4,100,0.3,0.0,harm,hybrid,0.005,low_risk_q1,0.1,1.0,0,0.23118698596954346,0.0072347266881028945,20,4042,1.0,503,4917
4,100,0.3,0.0,harm,hybrid,0.005,low_risk_q1,0.1,1.0,0,0.24410656094551086,0.0072347266881028945,20,4042,1.0,503,4917
4,100,0.3,0.0,harm,hybrid,0.005,low_risk_q1,0.1,1.0,0,0.25702613592147827,0.0072347266881028945,20,4042,1.0,503,4917
4,100,0.3,0.0,harm,hybrid,0.005,low_risk_q1,0.1,1.0,0,0.26994574069976807,0.0072347266881028945,20,4042,1.0,503,4917
4,100,0.3,0.0,harm,hybrid,0.005,low_risk_q1,0.1,1.0,0,0.28286534547805786,0.0072347266881028945,20,4042,1.0,503,4917
4,100,0.3,0.0,harm,hybrid,0.005,low_risk_q1,0.1,1.0,0,0.29578492045402527,0.0072347266881028945,20,4042,1.0,503,4917
4,100,0.3,0.0,harm,hybrid,0.005,low_risk_q1,0.1,1.0,0,0.3087044954299927,0.0072347266881028945,20,4042,1.0,503,4917
4,100,0.3,0.0,harm,hybrid,0.005,low_risk_q1,0.1,1.0,0,0.32162410020828247,0.007222359633935198,20,4042,0.9974999999999999,503,4917
4,100,0.3,0.0,harm,hybrid,0.005,low_risk_q1,0.1,1.0,0,0.33454370498657227,0.007222359633935198,20,4042,0.9974999999999999,503,4917
4,100,0.3,0.0,harm,hybrid,0.005,low_risk_q1,0.1,1.0,0,0.3474632799625397,0.0072099925797675015,20,4042,0.9949999999999999,503,4917
4,100,0.3,0.0,harm,hybrid,0.005,low_risk_q1,0.1,1.0,0,0.3603828549385071,0.007185258471432106,20,4042,0.99,503,4917
4,100,0.3,0.0,harm,hybrid,0.005,low_risk_q1,0.1,1.0,0,0.3733024597167969,0.007172891417264408,20,4042,0.99,503,4917
4,100,0.3,0.0,harm,hybrid,0.005,low_risk_q1,0.1,1.0,0,0.3862220346927643,0.007160524363096711,20,4042,0.9875,503,4917
4,100,0.3,0.0,harm,hybrid,0.005,low_risk_q1,0.1,1.0,0,0.3991416394710541,0.007148157308929015,20,4042,0.9799999999999999,503,4917
4,100,0.3,0.0,harm,hybrid,0.005,low_risk_q1,0.1,1.0,0,0.4120612144470215,0.007098689092258225,20,4042,0.975,503,4917
4,100,0.3,0.0,harm,hybrid,0.005,low_risk_q1,0.1,1.0,0,0.4249808192253113,0.007061587929755134,20,4042,0.97,503,4917
4,100,0.3,0.0,harm,hybrid,0.005,low_risk_q1,0.1,1.0,0,0.4379003942012787,0.007036853821419739,20,4042,0.9625,503,4917
4,100,0.3,0.0,harm,hybrid,0.005,low_risk_q1,0.1,1.0,0,0.4508199989795685,0.006987385604748949,20,4042,0.9499999999999998,503,4917
4,100,0.3,0.0,harm,hybrid,0.005,low_risk_q1,0.1,1.0,0,0.4637395739555359,0.006937917388078162,20,4042,0.9399999999999998,503,4917
4,100,0.3,0.0,harm,hybrid,0.005,low_risk_q1,0.1,1.0,0,0.4766591787338257,0.00685134800890428,20,4042,0.9225,503,4917
4,100,0.3,0.0,harm,hybrid,0.005,low_risk_q1,0.1,1.0,0,0.4895787537097931,0.006789512738065794,20,4042,0.9224999999999998,503,4917
4,100,0.3,0.0,harm,hybrid,0.005,low_risk_q1,0.1,1.0,0,0.5024983882904053,0.006702943358891913,20,4042,0.9025000000000001,503,4917
4,100,0.3,0.0,harm,hybrid,0.005,low_risk_q1,0.1,1.0,0,0.5154179334640503,0.006690576304724215,20,4042,0.8899999999999999,503,4917
4,100,0.3,0.0,harm,hybrid,0.005,low_risk_q1,0.1,1.0,0,0.5283375382423401,0.00662874103388573,20,4042,0.8775000000000001,503,4917
4,100,0.3,0.0,harm,hybrid,0.005,low_risk_q1,0.1,1.0,0,0.5412571430206299,0.006505070492208756,20,4042,0.8625000000000002,503,4917
4,100,0.3,0.0,harm,hybrid,0.005,low_risk_q1,0.1,1.0,0,0.5541766881942749,0.0064061340588671785,20,4042,0.8424999999999999,503,4917
4,100,0.3,0.0,harm,hybrid,0.005,low_risk_q1,0.1,1.0,0,0.5670962929725647,0.00635666584219639,20,4042,0.8424999999999999,503,4917
4,100,0.3,0.0,harm,hybrid,0.005,low_risk_q1,0.1,1.0,0,0.5800158977508545,0.006294830571357904,20,4042,0.8225,503,4917
4,100,0.3,0.0,harm,hybrid,0.005,low_risk_q1,0.1,1.0,0,0.5929354429244995,0.006171160029680931,20,4042,0.8074999999999999,503,4917
4,100,0.3,0.0,harm,hybrid,0.005,low_risk_q1,0.1,1.0,0,0.6058550477027893,0.006109324758842445,20,4042,0.7975,503,4917
4,100,0.3,0.0,harm,hybrid,0.005,low_risk_q1,0.1,1.0,0,0.6187746524810791,0.006059856542171655,20,4042,0.79,503,4917
4,100,0.3,0.0,harm,hybrid,0.005,low_risk_q1,0.1,1.0,0,0.6316942572593689,0.005998021271333169,20,4042,0.7875,503,4917
4,100,0.3,0.0,harm,hybrid,0.005,low_risk_q1,0.1,1.0,0,0.6446138024330139,0.00594855305466238,20,4042,0.78,503,4917
4,100,0.3,0.0,harm,hybrid,0.005,low_risk_q1,0.1,1.0,0,0.6575334072113037,0.0058619836754885,20,4042,0.7675,503,4917
4,100,0.3,0.0,harm,hybrid,0.005,low_risk_q1,0.1,1.0,0,0.6704530119895935,0.00581251545881771,20,4042,0.7675,503,4917
4,100,0.3,0.0,harm,hybrid,0.005,low_risk_q1,0.1,1.0,0,0.6833726167678833,0.005713579025476132,20,4042,0.75,503,4917
4,100,0.3,0.0,harm,hybrid,0.005,low_risk_q1,0.1,1.0,0,0.6962921619415283,0.00567647786297304,20,4042,0.75,503,4917
4,100,0.3,0.0,harm,hybrid,0.005,low_risk_q1,0.1,1.0,0,0.7092117667198181,0.005664110808805344,20,4042,0.75,503,4917
4,100,0.3,0.0,harm,hybrid,0.005,low_risk_q1,0.1,1.0,0,0.7221313714981079,0.0056146425921345545,20,4042,0.75,503,4917
4,100,0.3,0.0,harm,hybrid,0.005,low_risk_q1,0.1,1.0,0,0.7350509762763977,0.00558990848379916,20,4042,0.75,503,4917
4,100,0.3,0.0,harm,hybrid,0.005,low_risk_q1,0.1,1.0,0,0.7479705214500427,0.005577541429631463,20,4042,0.75,503,4917
4,100,0.3,0.0,harm,hybrid,0.005,low_risk_q1,0.1,1.0,0,0.7608901262283325,0.005565174375463765,20,4042,0.75,503,4917
4,100,0.3,0.0,harm,hybrid,0.005,low_risk_q1,0.1,1.0,0,0.7738097310066223,0.005552807321296068,20,4042,0.75,503,4917
4,100,0.3,0.0,harm,hybrid,0.005,low_risk_q1,0.1,1.0,0,0.7867292761802673,0.00554044026712837,20,4042,0.75,503,4917
4,100,0.3,0.0,harm,hybrid,0.005,low_risk_q1,0.1,1.0,0,0.7996488809585571,0.005503339104625279,20,4042,0.75,503,4917
4,100,0.3,0.0,harm,hybrid,0.005,low_risk_q1,0.1,1.0,0,0.8125684857368469,0.00545387088795449,20,4042,0.75,503,4917
4,100,0.3,0.0,harm,hybrid,0.005,low_risk_q1,0.1,1.0,0,0.8254880905151367,0.005429136779619095,20,4042,0.75,503,4917
4,100,0.3,0.0,harm,hybrid,0.005,low_risk_q1,0.1,1.0,0,0.8384076356887817,0.005416769725451398,20,4042,0.75,503,4917
4,100,0.3,0.0,harm,hybrid,0.005,low_risk_q1,0.1,1.0,0,0.8513272404670715,0.005379668562948306,20,4042,0.75,503,4917
4,100,0.3,0.0,harm,hybrid,0.005,low_risk_q1,0.1,1.0,0,0.8642468452453613,0.00531783329210982,20,4042,0.75,503,4917
4,100,0.3,0.0,harm,hybrid,0.005,low_risk_q1,0.1,1.0,0,0.8771664500236511,0.005243630967103637,20,4042,0.75,503,4917
4,100,0.3,0.0,harm,hybrid,0.005,low_risk_q1,0.1,1.0,0,0.8900859951972961,0.0051941627504328465,20,4042,0.75,503,4917
4,100,0.3,0.0,harm,hybrid,0.005,low_risk_q1,0.1,1.0,0,0.9030055999755859,0.005107593371258966,20,4042,0.75,503,4917
4,100,0.3,0.0,harm,hybrid,0.005,low_risk_q1,0.1,1.0,0,0.9159252047538757,0.005033391046252783,20,4042,0.75,503,4917
4,100,0.3,0.0,harm,hybrid,0.005,low_risk_q1,0.1,1.0,0,0.9288448095321655,0.0049962898837496925,20,4042,0.75,503,4917
4,100,0.3,0.0,harm,hybrid,0.005,low_risk_q1,0.1,1.0,0,0.9417643547058105,0.004897353450408112,20,4042,0.75,503,4917
4,100,0.3,0.0,harm,hybrid,0.005,low_risk_q1,0.1,1.0,0,0.9546839594841003,0.004847885233737325,20,4042,0.75,503,4917
4,100,0.3,0.0,harm,hybrid,0.005,low_risk_q1,0.1,1.0,0,0.9676035642623901,0.00477368290873114,20,4042,0.75,503,4917
4,100,0.3,0.0,harm,hybrid,0.005,low_risk_q1,0.1,1.0,0,0.9805231094360352,0.004699480583724958,20,4042,0.75,503,4917
4,100,0.3,0.0,harm,hybrid,0.005,low_risk_q1,0.1,1.0,0,0.993442714214325,0.004625278258718774,20,4042,0.75,503,4917
4,100,0.3,0.0,harm,hybrid,0.005,low_risk_q1,0.1,1.0,0,1.0063623189926147,0.004501607717041802,20,4042,0.75,503,4917
4,100,0.3,0.0,harm,hybrid,0.005,low_risk_q1,0.1,1.0,0,1.0192818641662598,0.004390304229532525,20,4042,0.75,503,4917
4,100,0.3,0.0,harm,hybrid,0.005,low_risk_q1,0.1,1.0,0,1.0322015285491943,0.004340836012861737,20,4042,0.75,503,4917
4,100,0.3,0.0,harm,hybrid,0.005,low_risk_q1,0.1,1.0,0,1.0451210737228394,0.004266633687855553,20,4042,0.7424999999999999,503,4917
4,100,0.3,0.0,harm,hybrid,0.005,low_risk_q1,0.1,1.0,0,1.0580406188964844,0.004006925550333911,20,4042,0.6925,503,4917
4,100,0.3,0.0,harm,hybrid,0.005,low_risk_q1,0.1,1.0,0,1.070960283279419,0.0035122433836260215,20,4042,0.6050000000000001,503,4917
4,100,0.3,0.0,harm,hybrid,0.005,low_risk_q1,0.1,1.0,0,1.083879828453064,0.002955725946079644,20,4042,0.5,503,4917
4,100,0.3,0.0,harm,hybrid,0.005,low_risk_q1,0.1,1.0,0,1.096799373626709,0.0023497402918624785,20,4042,0.3875,503,4917
4,100,0.3,0.0,harm,hybrid,0.005,low_risk_q1,0.1,1.0,0,1.1097190380096436,0.001978728666831561,20,4042,0.325,503,4917
4,100,0.3,0.0,harm,hybrid,0.005,low_risk_q1,0.1,1.0,0,1.1226387023925781,0.0016571852584714322,20,4042,0.2625,503,4917
4,100,0.3,0.0,harm,hybrid,0.005,low_risk_q1,0.1,1.0,0,1.1355582475662231,0.0012985406876082118,20,4042,0.19,503,4917
4,100,0.3,0.0,harm,hybrid,0.005,low_risk_q1,0.1,1.0,0,1.1484777927398682,0.0009522631709126886,20,4042,0.12249999999999998,503,4917
4,100,0.3,0.0,harm,hybrid,0.005,low_risk_q1,0.1,1.0,0,1.1613973379135132,0.000680187979223349,20,4042,0.07250000000000001,503,4917
4,100,0.3,0.0,harm,hybrid,0.005,low_risk_q1,0.1,1.0,0,1.1743170022964478,0.0005194162750432848,20,4042,0.0475,503,4917
4,100,0.3,0.0,harm,hybrid,0.005,low_risk_q1,0.1,1.0,0,1.1872365474700928,0.0003710116250309177,20,4042,0.02,503,4917
4,100,0.3,0.0,harm,hybrid,0.005,low_risk_q1,0.1,1.0,0,1.2001560926437378,0.00028444224585703686,20,4042,0.0075000000000000015,503,4917
4,100,0.3,0.0,harm,hybrid,0.005,low_risk_q1,0.1,1.0,0,1.2130757570266724,0.00028444224585703686,20,4042,0.0075000000000000015,503,4917
4,100,0.3,0.0,harm,hybrid,0.005,low_risk_q1,0.1,1.0,0,1.2259953022003174,0.0002720751916893396,20,4042,0.005,503,4917
4,100,0.3,0.0,harm,hybrid,0.005,low_risk_q1,0.1,1.0,0,1.238914966583252,0.00025970813752164234,20,4042,0.0025,503,4917
4,100,0.3,0.0,harm,hybrid,0.005,low_risk_q1,0.1,1.0,0,1.251834511756897,0.0002473410833539451,20,4042,0.0,503,4917
4,100,0.3,0.0,harm,hybrid,0.005,low_risk_q1,0.1,1.0,0,1.264754056930542,0.0002473410833539451,20,4042,0.0,503,4917
4,100,0.3,0.0,harm,hybrid,0.005,low_risk_q1,0.1,1.0,0,1.2776737213134766,0.0002473410833539451,20,4042,0.0,503,4917
4,100,0.3,0.0,harm,hybrid,0.005,low_risk_q1,0.1,1.0,0,1.2905932664871216,0.0002473410833539451,20,4042,0.0,503,4917
4,100,0.3,0.0,harm,hybrid,0.005,low_risk_q1,0.1,1.0,0,1.3035128116607666,0.0002473410833539451,20,4042,0.0,503,4917
4,100,0.3,0.0,harm,hybrid,0.005,low_risk_q1,0.1,1.0,0,1.3164324760437012,0.0002473410833539451,20,4042,0.0,503,4917
4,100,0.3,0.0,harm,hybrid,0.005,low_risk_q1,0.1,1.0,0,1.3293520212173462,0.0002473410833539451,20,4042,0.0,503,4917
4,100,0.3,0.0,harm,hybrid,0.005,low_risk_q1,0.1,1.0,0,1.3422716856002808,0.0002473410833539451,20,4042,0.0,503,4917
4,100,0.3,0.0,harm,hybrid,0.005,low_risk_q1,0.1,1.0,0,1.3551912307739258,0.0002473410833539451,20,4042,0.0,503,4917
4,100,0.3,0.0,harm,hybrid,0.005,low_risk_q1,0.1,1.0,0,1.3681107759475708,0.0002473410833539451,20,4042,0.0,503,4917
4,100,0.3,0.0,harm,hybrid,0.005,low_risk_q1,0.1,1.0,0,1.3810304403305054,0.0002473410833539451,20,4042,0.0,503,4917
4,100,0.3,0.0,harm,hybrid,0.005,low_risk_q1,0.1,1.0,0,1.3939499855041504,0.0002473410833539451,20,4042,0.0,503,4917
4,100,0.3,0.0,harm,hybrid,0.005,low_risk_q1,0.1,1.0,0,1.4068695306777954,0.0002473410833539451,20,4042,0.0,503,4917
5,100,0.3,0.0,harm,hybrid,0.005,low_risk_q1,0.1,1.0,0,0.08004054427146912,0.00713049925852694,20,4045,1.0,509,4997
5,100,0.3,0.0,harm,hybrid,0.005,low_risk_q1,0.1,1.0,0,0.09199190139770508,0.00713049925852694,20,4045,1.0,509,4997
5,100,0.3,0.0,harm,hybrid,0.005,low_risk_q1,0.1,1.0,0,0.10394325852394104,0.00713049925852694,20,4045,1.0,509,4997
5,100,0.3,0.0,harm,hybrid,0.005,low_risk_q1,0.1,1.0,0,0.1158946231007576,0.00713049925852694,20,4045,1.0,509,4997
5,100,0.3,0.0,harm,hybrid,0.005,low_risk_q1,0.1,1.0,0,0.12784597277641296,0.00713049925852694,20,4045,1.0,509,4997
5,100,0.3,0.0,harm,hybrid,0.005,low_risk_q1,0.1,1.0,0,0.13979732990264893,0.0071181413741967375,20,4045,0.9974999999999999,509,4997
5,100,0.3,0.0,harm,hybrid,0.005,low_risk_q1,0.1,1.0,0,0.15174870193004608,0.0071181413741967375,20,4045,0.9974999999999999,509,4997
5,100,0.3,0.0,harm,hybrid,0.005,low_risk_q1,0.1,1.0,0,0.16370005905628204,0.0071181413741967375,20,4045,0.9974999999999999,509,4997
5,100,0.3,0.0,harm,hybrid,0.005,low_risk_q1,0.1,1.0,0,0.175651416182518,0.0071181413741967375,20,4045,0.9974999999999999,509,4997
5,100,0.3,0.0,harm,hybrid,0.005,low_risk_q1,0.1,1.0,0,0.18760277330875397,0.0071057834898665346,20,4045,0.9949999999999999,509,4997
5,100,0.3,0.0,harm,hybrid,0.005,low_risk_q1,0.1,1.0,0,0.19955413043498993,0.007093425605536333,20,4045,0.9924999999999999,509,4997
5,100,0.3,0.0,harm,hybrid,0.005,low_risk_q1,0.1,1.0,0,0.2115054875612259,0.007093425605536333,20,4045,0.9924999999999999,509,4997
5,100,0.3,0.0,harm,hybrid,0.005,low_risk_q1,0.1,1.0,0,0.22345685958862305,0.007081067721206129,20,4045,0.99,509,4997
5,100,0.3,0.0,harm,hybrid,0.005,low_risk_q1,0.1,1.0,0,0.235408216714859,0.007068709836875927,20,4045,0.9875,509,4997
5,100,0.3,0.0,harm,hybrid,0.005,low_risk_q1,0.1,1.0,0,0.24735957384109497,0.007031636183885318,20,4045,0.9799999999999999,509,4997
5,100,0.3,0.0,harm,hybrid,0.005,low_risk_q1,0.1,1.0,0,0.25931093096733093,0.006982204646564508,20,4045,0.97,509,4997
5,100,0.3,0.0,harm,hybrid,0.005,low_risk_q1,0.1,1.0,0,0.2712622880935669,0.006982204646564508,20,4045,0.97,509,4997
5,100,0.3,0.0,harm,hybrid,0.005,low_risk_q1,0.1,1.0,0,0.28321364521980286,0.006969846762234305,20,4045,0.9674999999999999,509,4997
5,100,0.3,0.0,harm,hybrid,0.005,low_risk_q1,0.1,1.0,0,0.2951650023460388,0.006932773109243698,20,4045,0.96,509,4997
5,100,0.3,0.0,harm,hybrid,0.005,low_risk_q1,0.1,1.0,0,0.3071163594722748,0.006883341571922887,20,4045,0.9499999999999998,509,4997
5,100,0.3,0.0,harm,hybrid,0.005,low_risk_q1,0.1,1.0,0,0.31906771659851074,0.006833910034602077,20,4045,0.9400000000000001,509,4997
5,100,0.3,0.0,harm,hybrid,0.005,low_risk_q1,0.1,1.0,0,0.3310190737247467,0.006772120612951062,20,4045,0.9299999999999999,509,4997
5,100,0.3,0.0,harm,hybrid,0.005,low_risk_q1,0.1,1.0,0,0.34297043085098267,0.006722689075630252,20,4045,0.9174999999999999,509,4997
5,100,0.3,0.0,harm,hybrid,0.005,low_risk_q1,0.1,1.0,0,0.35492178797721863,0.006611468116658427,20,4045,0.8975,509,4997
5,100,0.3,0.0,harm,hybrid,0.005,low_risk_q1,0.1,1.0,0,0.366873174905777,0.006549678695007414,20,4045,0.8825000000000001,509,4997
5,100,0.3,0.0,harm,hybrid,0.005,low_risk_q1,0.1,1.0,0,0.37882453203201294,0.006500247157686604,20,4045,0.875,509,4997
5,100,0.3,0.0,harm,hybrid,0.005,low_risk_q1,0.1,1.0,0,0.3907758891582489,0.006463173504695996,20,4045,0.8700000000000001,509,4997
5,100,0.3,0.0,harm,hybrid,0.005,low_risk_q1,0.1,1.0,0,0.40272724628448486,0.00633959466139397,20,4045,0.8425,509,4997
5,100,0.3,0.0,harm,hybrid,0.005,low_risk_q1,0.1,1.0,0,0.4146786034107208,0.00620365793376174,20,4045,0.8275,509,4997
5,100,0.3,0.0,harm,hybrid,0.005,low_risk_q1,0.1,1.0,0,0.4266299605369568,0.005993573900148295,20,4045,0.7924999999999999,509,4997
5,100,0.3,0.0,harm,hybrid,0.005,low_risk_q1,0.1,1.0,0,0.43858131766319275,0.005808205635195254,20,4045,0.75,509,4997
5,100,0.3,0.0,harm,hybrid,0.005,low_risk_q1,0.1,1.0,0,0.4505326747894287,0.005672268907563026,20,4045,0.715,509,4997
5,100,0.3,0.0,harm,hybrid,0.005,low_risk_q1,0.1,1.0,0,0.4624840319156647,0.005474542758279782,20,4045,0.6775,509,4997
5,100,0.3,0.0,harm,hybrid,0.005,low_risk_q1,0.1,1.0,0,0.47443538904190063,0.005276816608996541,20,4045,0.6375,509,4997
5,100,0.3,0.0,harm,hybrid,0.005,low_risk_q1,0.1,1.0,0,0.4863867461681366,0.0050914483440435,20,4045,0.6174999999999999,509,4997
5,100,0.3,0.0,harm,hybrid,0.005,low_risk_q1,0.1,1.0,0,0.49833810329437256,0.004980227385071676,20,4045,0.595,509,4997
5,100,0.3,0.0,harm,hybrid,0.005,low_risk_q1,0.1,1.0,0,0.5102894306182861,0.004782501235788434,20,4045,0.5575,509,4997
5,100,0.3,0.0,harm,hybrid,0.005,low_risk_q1,0.1,1.0,0,0.5222408175468445,0.004597132970835393,20,4045,0.5125,509,4997
5,100,0.3,0.0,harm,hybrid,0.005,low_risk_q1,0.1,1.0,0,0.5341922044754028,0.004436480474542758,20,4045,0.5025,509,4997
5,100,0.3,0.0,harm,hybrid,0.005,low_risk_q1,0.1,1.0,0,0.5461435317993164,0.004325259515570934,20,4045,0.4825000000000001,509,4997
5,100,0.3,0.0,harm,hybrid,0.005,low_risk_q1,0.1,1.0,0,0.55809485912323,0.0042881858625803265,20,4045,0.4625,509,4997
5,100,0.3,0.0,harm,hybrid,0.005,low_risk_q1,0.1,1.0,0,0.5700463056564331,0.004238754325259515,20,4045,0.46749999999999997,509,4997
5,100,0.3,0.0,harm,hybrid,0.005,low_risk_q1,0.1,1.0,0,0.5819976329803467,0.00421403855659911,20,4045,0.4625,509,4997
5,100,0.3,0.0,harm,hybrid,0.005,low_risk_q1,0.1,1.0,0,0.5939489603042603,0.004201680672268908,20,4045,0.45999999999999996,509,4997
5,100,0.3,0.0,harm,hybrid,0.005,low_risk_q1,0.1,1.0,0,0.6059002876281738,0.004164607019278299,20,4045,0.45249999999999996,509,4997
5,100,0.3,0.0,harm,hybrid,0.005,low_risk_q1,0.1,1.0,0,0.617851734161377,0.004127533366287691,20,4045,0.45,509,4997
5,100,0.3,0.0,harm,hybrid,0.005,low_risk_q1,0.1,1.0,0,0.6298030614852905,0.004115175481957488,20,4045,0.44749999999999995,509,4997
5,100,0.3,0.0,harm,hybrid,0.005,low_risk_q1,0.1,1.0,0,0.6417543888092041,0.004102817597627286,20,4045,0.44749999999999995,509,4997
5,100,0.3,0.0,harm,hybrid,0.005,low_risk_q1,0.1,1.0,0,0.6537058353424072,0.004053386060306475,20,4045,0.44749999999999995,509,4997
5,100,0.3,0.0,harm,hybrid,0.005,low_risk_q1,0.1,1.0,0,0.6656571626663208,0.004041028175976273,20,4045,0.44749999999999995,509,4997
5,100,0.3,0.0,harm,hybrid,0.005,low_risk_q1,0.1,1.0,0,0.6776084899902344,0.003966880869995056,20,4045,0.44749999999999995,509,4997
5,100,0.3,0.0,harm,hybrid,0.005,low_risk_q1,0.1,1.0,0,0.689559817314148,0.003929807217004449,20,4045,0.44749999999999995,509,4997
5,100,0.3,0.0,harm,hybrid,0.005,low_risk_q1,0.1,1.0,0,0.7015112638473511,0.0038803756796836376,20,4045,0.44749999999999995,509,4997
5,100,0.3,0.0,harm,hybrid,0.005,low_risk_q1,0.1,1.0,0,0.7134625911712646,0.0038556599110232317,20,4045,0.44749999999999995,509,4997
5,100,0.3,0.0,harm,hybrid,0.005,low_risk_q1,0.1,1.0,0,0.7254139184951782,0.0037938704893722194,20,4045,0.44749999999999995,509,4997
5,100,0.3,0.0,harm,hybrid,0.005,low_risk_q1,0.1,1.0,0,0.7373652458190918,0.0037567968363816113,20,4045,0.44749999999999995,509,4997
5,100,0.3,0.0,harm,hybrid,0.005,low_risk_q1,0.1,1.0,0,0.7493166923522949,0.0037444389520514083,20,4045,0.44749999999999995,509,4997
5,100,0.3,0.0,harm,hybrid,0.005,low_risk_q1,0.1,1.0,0,0.7612680196762085,0.0037320810677212053,20,4045,0.44749999999999995,509,4997
5,100,0.3,0.0,harm,hybrid,0.005,low_risk_q1,0.1,1.0,0,0.7732193470001221,0.003682649530400396,20,4045,0.44749999999999995,509,4997
5,100,0.3,0.0,harm,hybrid,0.005,low_risk_q1,0.1,1.0,0,0.7851706743240356,0.00365793376173999,20,4045,0.44749999999999995,509,4997
5,100,0.3,0.0,harm,hybrid,0.005,low_risk_q1,0.1,1.0,0,0.7971221208572388,0.003633217993079584,20,4045,0.44749999999999995,509,4997
5,100,0.3,0.0,harm,hybrid,0.005,low_risk_q1,0.1,1.0,0,0.8090734481811523,0.0035467128027681667,20,4045,0.44749999999999995,509,4997
5,100,0.3,0.0,harm,hybrid,0.005,low_risk_q1,0.1,1.0,0,0.8210247755050659,0.0034231339594661394,20,4045,0.44749999999999995,509,4997
5,100,0.3,0.0,harm,hybrid,0.005,low_risk_q1,0.1,1.0,0,0.8329761028289795,0.0033489866534849233,20,4045,0.44749999999999995,509,4997
5,100,0.3,0.0,harm,hybrid,0.005,low_risk_q1,0.1,1.0,0,0.8449275493621826,0.00328719723183391,20,4045,0.44749999999999995,509,4997
5,100,0.3,0.0,harm,hybrid,0.005,low_risk_q1,0.1,1.0,0,0.8568788766860962,0.003163618388531883,20,4045,0.44749999999999995,509,4997
5,100,0.3,0.0,harm,hybrid,0.005,low_risk_q1,0.1,1.0,0,0.8688302040100098,0.0030771131982204646,20,4045,0.44749999999999995,509,4997
5,100,0.3,0.0,harm,hybrid,0.005,low_risk_q1,0.1,1.0,0,0.8807816505432129,0.0030029658922392484,20,4045,0.44749999999999995,509,4997
5,100,0.3,0.0,harm,hybrid,0.005,low_risk_q1,0.1,1.0,0,0.8927329778671265,0.002904102817597627,20,4045,0.44749999999999995,509,4997
5,100,0.3,0.0,harm,hybrid,0.005,low_risk_q1,0.1,1.0,0,0.90468430519104,0.002867029164607019,20,4045,0.44749999999999995,509,4997
5,100,0.3,0.0,harm,hybrid,0.005,low_risk_q1,0.1,1.0,0,0.9166356325149536,0.002805239742956006,20,4045,0.44749999999999995,509,4997
5,100,0.3,0.0,harm,hybrid,0.005,low_risk_q1,0.1,1.0,0,0.9285870790481567,0.0026940187839841817,20,4045,0.4325,509,4997
5,100,0.3,0.0,harm,hybrid,0.005,low_risk_q1,0.1,1.0,0,0.9405384063720703,0.002385071675729115,20,4045,0.3775,509,4997
5,100,0.3,0.0,harm,hybrid,0.005,low_risk_q1,0.1,1.0,0,0.9524897336959839,0.002063766683143846,20,4045,0.32500000000000007,509,4997
5,100,0.3,0.0,harm,hybrid,0.005,low_risk_q1,0.1,1.0,0,0.9644410610198975,0.0017424616905585765,20,4045,0.2625,509,4997
5,100,0.3,0.0,harm,hybrid,0.005,low_risk_q1,0.1,1.0,0,0.9763925075531006,0.0014335145823035095,20,4045,0.205,509,4997
5,100,0.3,0.0,harm,hybrid,0.005,low_risk_q1,0.1,1.0,0,0.9883438348770142,0.0012975778546712802,20,4045,0.1825,509,4997
5,100,0.3,0.0,harm,hybrid,0.005,low_risk_q1,0.1,1.0,0,1.0002951622009277,0.0010627780523974296,20,4045,0.14000000000000004,509,4997
5,100,0.3,0.0,harm,hybrid,0.005,low_risk_q1,0.1,1.0,0,1.0122464895248413,0.0008897676717745921,20,4045,0.1075,509,4997
5,100,0.3,0.0,harm,hybrid,0.005,low_risk_q1,0.1,1.0,0,1.0241979360580444,0.0007909045971329708,20,4045,0.09000000000000001,509,4997
5,100,0.3,0.0,harm,hybrid,0.005,low_risk_q1,0.1,1.0,0,1.036149263381958,0.0006673257538309441,20,4045,0.06999999999999999,509,4997
5,100,0.3,0.0,harm,hybrid,0.005,low_risk_q1,0.1,1.0,0,1.0481005907058716,0.0005437469105289174,20,4045,0.052500000000000005,509,4997
5,100,0.3,0.0,harm,hybrid,0.005,low_risk_q1,0.1,1.0,0,1.0600520372390747,0.00045724172021749875,20,4045,0.03500000000000001,509,4997
5,100,0.3,0.0,harm,hybrid,0.005,low_risk_q1,0.1,1.0,0,1.0720033645629883,0.0004325259515570934,20,4045,0.030000000000000006,509,4997
5,100,0.3,0.0,harm,hybrid,0.005,low_risk_q1,0.1,1.0,0,1.0839546918869019,0.00037073652990608004,20,4045,0.0175,509,4997
5,100,0.3,0.0,harm,hybrid,0.005,low_risk_q1,0.1,1.0,0,1.095906138420105,0.00034602076124567473,20,4045,0.0125,509,4997
5,100,0.3,0.0,harm,hybrid,0.005,low_risk_q1,0.1,1.0,0,1.1078574657440186,0.00034602076124567473,20,4045,0.0125,509,4997
5,100,0.3,0.0,harm,hybrid,0.005,low_risk_q1,0.1,1.0,0,1.1198087930679321,0.00034602076124567473,20,4045,0.0125,509,4997
5,100,0.3,0.0,harm,hybrid,0.005,low_risk_q1,0.1,1.0,0,1.1317601203918457,0.0003089471082550667,20,4045,0.0075000000000000015,509,4997
5,100,0.3,0.0,harm,hybrid,0.005,low_risk_q1,0.1,1.0,0,1.1437115669250488,0.000259515570934256,20,4045,0.0,509,4997
5,100,0.3,0.0,harm,hybrid,0.005,low_risk_q1,0.1,1.0,0,1.1556628942489624,0.000259515570934256,20,4045,0.0,509,4997
5,100,0.3,0.0,harm,hybrid,0.005,low_risk_q1,0.1,1.0,0,1.167614221572876,0.00024715768660405336,20,4045,0.0,509,4997
5,100,0.3,0.0,harm,hybrid,0.005,low_risk_q1,0.1,1.0,0,1.1795655488967896,0.00024715768660405336,20,4045,0.0,509,4997
5,100,0.3,0.0,harm,hybrid,0.005,low_risk_q1,0.1,1.0,0,1.1915169954299927,0.00024715768660405336,20,4045,0.0,509,4997
5,100,0.3,0.0,harm,hybrid,0.005,low_risk_q1,0.1,1.0,0,1.2034683227539062,0.00024715768660405336,20,4045,0.0,509,4997
5,100,0.3,0.0,harm,hybrid,0.005,low_risk_q1,0.1,1.0,0,1.2154196500778198,0.00024715768660405336,20,4045,0.0,509,4997
5,100,0.3,0.0,harm,hybrid,0.005,low_risk_q1,0.1,1.0,0,1.227371096611023,0.00024715768660405336,20,4045,0.0,509,4997
5,100,0.3,0.0,harm,hybrid,0.005,low_risk_q1,0.1,1.0,0,1.2393224239349365,0.00024715768660405336,20,4045,0.0,509,4997
5,100,0.3,0.0,harm,hybrid,0.005,low_risk_q1,0.1,1.0,0,1.25127375125885,0.00024715768660405336,20,4045,0.0,509,4997
5,100,0.3,0.0,harm,hybrid,0.005,low_risk_q1,0.1,1.0,0,1.2632250785827637,0.00024715768660405336,20,4045,0.0,509,4997
6,100,0.3,0.0,harm,hybrid,0.005,low_risk_q1,0.1,1.0,0,0.04609692096710205,0.007232782029128611,20,4050,1.0,486,4781
6,100,0.3,0.0,harm,hybrid,0.005,low_risk_q1,0.1,1.0,0,0.05876820534467697,0.007232782029128611,20,4050,1.0,486,4781
6,100,0.3,0.0,harm,hybrid,0.005,low_risk_q1,0.1,1.0,0,0.07143948972225189,0.007232782029128611,20,4050,1.0,486,4781
6,100,0.3,0.0,harm,hybrid,0.005,low_risk_q1,0.1,1.0,0,0.08411078155040741,0.007232782029128611,20,4050,1.0,486,4781
6,100,0.3,0.0,harm,hybrid,0.005,low_risk_q1,0.1,1.0,0,0.09678206592798233,0.007232782029128611,20,4050,1.0,486,4781
6,100,0.3,0.0,harm,hybrid,0.005,low_risk_q1,0.1,1.0,0,0.10945335030555725,0.007232782029128611,20,4050,1.0,486,4781
6,100,0.3,0.0,harm,hybrid,0.005,low_risk_q1,0.1,1.0,0,0.12212464213371277,0.007232782029128611,20,4050,1.0,486,4781
6,100,0.3,0.0,harm,hybrid,0.005,low_risk_q1,0.1,1.0,0,0.1347959339618683,0.007232782029128611,20,4050,1.0,486,4781
6,100,0.3,0.0,harm,hybrid,0.005,low_risk_q1,0.1,1.0,0,0.1474672108888626,0.007232782029128611,20,4050,1.0,486,4781
6,100,0.3,0.0,harm,hybrid,0.005,low_risk_q1,0.1,1.0,0,0.16013848781585693,0.007232782029128611,20,4050,1.0,486,4781
6,100,0.3,0.0,harm,hybrid,0.005,low_risk_q1,0.1,1.0,0,0.17280977964401245,0.007232782029128611,20,4050,1.0,486,4781
6,100,0.3,0.0,harm,hybrid,0.005,low_risk_q1,0.1,1.0,0,0.18548107147216797,0.007232782029128611,20,4050,1.0,486,4781
6,100,0.3,0.0,harm,hybrid,0.005,low_risk_q1,0.1,1.0,0,0.1981523633003235,0.007232782029128611,20,4050,1.0,486,4781
6,100,0.3,0.0,harm,hybrid,0.005,low_risk_q1,0.1,1.0,0,0.2108236402273178,0.007232782029128611,20,4050,1.0,486,4781
6,100,0.3,0.0,harm,hybrid,0.005,low_risk_q1,0.1,1.0,0,0.22349493205547333,0.007220439397679586,20,4050,0.9974999999999999,486,4781
6,100,0.3,0.0,harm,hybrid,0.005,low_risk_q1,0.1,1.0,0,0.23616620898246765,0.0072080967662305605,20,4050,0.9949999999999999,486,4781
6,100,0.3,0.0,harm,hybrid,0.005,low_risk_q1,0.1,1.0,0,0.24883750081062317,0.0072080967662305605,20,4050,0.9949999999999999,486,4781
6,100,0.3,0.0,harm,hybrid,0.005,low_risk_q1,0.1,1.0,0,0.2615087926387787,0.0072080967662305605,20,4050,0.9949999999999999,486,4781
6,100,0.3,0.0,harm,hybrid,0.005,low_risk_q1,0.1,1.0,0,0.2741800546646118,0.00718341150333251,20,4050,0.99,486,4781
6,100,0.3,0.0,harm,hybrid,0.005,low_risk_q1,0.1,1.0,0,0.28685134649276733,0.007158726240434461,20,4050,0.985,486,4781
6,100,0.3,0.0,harm,hybrid,0.005,low_risk_q1,0.1,1.0,0,0.29952263832092285,0.007146383608985437,20,4050,0.9824999999999999,486,4781
6,100,0.3,0.0,harm,hybrid,0.005,low_risk_q1,0.1,1.0,0,0.31219393014907837,0.007097013083189336,20,4050,0.9724999999999999,486,4781
6,100,0.3,0.0,harm,hybrid,0.005,low_risk_q1,0.1,1.0,0,0.3248652219772339,0.007035299925944211,20,4050,0.9624999999999998,486,4781
6,100,0.3,0.0,harm,hybrid,0.005,low_risk_q1,0.1,1.0,0,0.3375365138053894,0.006998272031597136,20,4050,0.9524999999999999,486,4781
6,100,0.3,0.0,harm,hybrid,0.005,low_risk_q1,0.1,1.0,0,0.3502078056335449,0.006948901505801036,20,4050,0.9425000000000001,486,4781
6,100,0.3,0.0,harm,hybrid,0.005,low_risk_q1,0.1,1.0,0,0.36287906765937805,0.006850160454208837,20,4050,0.925,486,4781
6,100,0.3,0.0,harm,hybrid,0.005,low_risk_q1,0.1,1.0,0,0.37555035948753357,0.006776104665514688,20,4050,0.9175000000000001,486,4781
6,100,0.3,0.0,harm,hybrid,0.005,low_risk_q1,0.1,1.0,0,0.3882216513156891,0.006763762034065663,20,4050,0.9125,486,4781
6,100,0.3,0.0,harm,hybrid,0.005,low_risk_q1,0.1,1.0,0,0.4008929431438446,0.006627993088126389,20,4050,0.8850000000000001,486,4781
6,100,0.3,0.0,harm,hybrid,0.005,low_risk_q1,0.1,1.0,0,0.4135642349720001,0.006566279930881264,20,4050,0.8774999999999998,486,4781
6,100,0.3,0.0,harm,hybrid,0.005,low_risk_q1,0.1,1.0,0,0.42623549699783325,0.006504566773636139,20,4050,0.8675,486,4781
6,100,0.3,0.0,harm,hybrid,0.005,low_risk_q1,0.1,1.0,0,0.43890678882598877,0.006344112564798815,20,4050,0.8375,486,4781
6,100,0.3,0.0,harm,hybrid,0.005,low_risk_q1,0.1,1.0,0,0.4515780806541443,0.006220686250308565,20,4050,0.8125,486,4781
6,100,0.3,0.0,harm,hybrid,0.005,low_risk_q1,0.1,1.0,0,0.4642493724822998,0.006023204147124166,20,4050,0.7775000000000001,486,4781
6,100,0.3,0.0,harm,hybrid,0.005,low_risk_q1,0.1,1.0,0,0.4769206643104553,0.005838064675388793,20,4050,0.745,486,4781
6,100,0.3,0.0,harm,hybrid,0.005,low_risk_q1,0.1,1.0,0,0.48959192633628845,0.005689953098000493,20,4050,0.7224999999999999,486,4781
6,100,0.3,0.0,harm,hybrid,0.005,low_risk_q1,0.1,1.0,0,0.5022631883621216,0.005640582572204394,20,4050,0.715,486,4781
6,100,0.3,0.0,harm,hybrid,0.005,low_risk_q1,0.1,1.0,0,0.5149345397949219,0.005492470994816094,20,4050,0.6874999999999999,486,4781
6,100,0.3,0.0,harm,hybrid,0.005,low_risk_q1,0.1,1.0,0,0.5276057720184326,0.005369044680325845,20,4050,0.6599999999999999,486,4781
6,100,0.3,0.0,harm,hybrid,0.005,low_risk_q1,0.1,1.0,0,0.5402771234512329,0.005220933102937546,20,4050,0.6424999999999998,486,4781
6,100,0.3,0.0,harm,hybrid,0.005,low_risk_q1,0.1,1.0,0,0.5529483556747437,0.005097506788447297,20,4050,0.615,486,4781
6,100,0.3,0.0,harm,hybrid,0.005,low_risk_q1,0.1,1.0,0,0.5656196475028992,0.005048136262651197,20,4050,0.6075,486,4781
6,100,0.3,0.0,harm,hybrid,0.005,low_risk_q1,0.1,1.0,0,0.5782909393310547,0.004986423105406073,20,4050,0.6,486,4781
6,100,0.3,0.0,harm,hybrid,0.005,low_risk_q1,0.1,1.0,0,0.5909622311592102,0.004912367316711922,20,4050,0.595,486,4781
6,100,0.3,0.0,harm,hybrid,0.005,low_risk_q1,0.1,1.0,0,0.6036335229873657,0.004875339422364847,20,4050,0.5875,486,4781
6,100,0.3,0.0,harm,hybrid,0.005,low_risk_q1,0.1,1.0,0,0.6163048148155212,0.004850654159466798,20,4050,0.585,486,4781
6,100,0.3,0.0,harm,hybrid,0.005,low_risk_q1,0.1,1.0,0,0.6289761066436768,0.004825968896568747,20,4050,0.585,486,4781
6,100,0.3,0.0,harm,hybrid,0.005,low_risk_q1,0.1,1.0,0,0.6416473984718323,0.004788941002221673,20,4050,0.5825,486,4781
6,100,0.3,0.0,harm,hybrid,0.005,low_risk_q1,0.1,1.0,0,0.6543186902999878,0.004702542582078499,20,4050,0.58,486,4781
6,100,0.3,0.0,harm,hybrid,0.005,low_risk_q1,0.1,1.0,0,0.6669899225234985,0.00467785731918045,20,4050,0.58,486,4781
6,100,0.3,0.0,harm,hybrid,0.005,low_risk_q1,0.1,1.0,0,0.679661214351654,0.0046531720562823994,20,4050,0.58,486,4781
6,100,0.3,0.0,harm,hybrid,0.005,low_risk_q1,0.1,1.0,0,0.6923325061798096,0.0046531720562823994,20,4050,0.58,486,4781
6,100,0.3,0.0,harm,hybrid,0.005,low_risk_q1,0.1,1.0,0,0.7050037980079651,0.004640829424833374,20,4050,0.58,486,4781
6,100,0.3,0.0,harm,hybrid,0.005,low_risk_q1,0.1,1.0,0,0.7176750898361206,0.0046161441619353245,20,4050,0.58,486,4781
6,100,0.3,0.0,harm,hybrid,0.005,low_risk_q1,0.1,1.0,0,0.7303463816642761,0.0046038015304863,20,4050,0.58,486,4781
6,100,0.3,0.0,harm,hybrid,0.005,low_risk_q1,0.1,1.0,0,0.7430176734924316,0.004566773636139224,20,4050,0.58,486,4781
6,100,0.3,0.0,harm,hybrid,0.005,low_risk_q1,0.1,1.0,0,0.7556889653205872,0.00452974574179215,20,4050,0.58,486,4781
6,100,0.3,0.0,harm,hybrid,0.005,low_risk_q1,0.1,1.0,0,0.7683602571487427,0.00448037521599605,20,4050,0.58,486,4781
6,100,0.3,0.0,harm,hybrid,0.005,low_risk_q1,0.1,1.0,0,0.7810315489768982,0.004431004690199951,20,4050,0.58,486,4781
6,100,0.3,0.0,harm,hybrid,0.005,low_risk_q1,0.1,1.0,0,0.7937027812004089,0.0043816341644038505,20,4050,0.58,486,4781
6,100,0.3,0.0,harm,hybrid,0.005,low_risk_q1,0.1,1.0,0,0.8063740730285645,0.0043446062700567755,20,4050,0.58,486,4781
6,100,0.3,0.0,harm,hybrid,0.005,low_risk_q1,0.1,1.0,0,0.81904536485672,0.004233522587015552,20,4050,0.58,486,4781
6,100,0.3,0.0,harm,hybrid,0.005,low_risk_q1,0.1,1.0,0,0.8317166566848755,0.004208837324117502,20,4050,0.58,486,4781
6,100,0.3,0.0,harm,hybrid,0.005,low_risk_q1,0.1,1.0,0,0.844387948513031,0.004085411009627253,20,4050,0.58,486,4781
6,100,0.3,0.0,harm,hybrid,0.005,low_risk_q1,0.1,1.0,0,0.8570592403411865,0.004011355220933103,20,4050,0.58,486,4781
6,100,0.3,0.0,harm,hybrid,0.005,low_risk_q1,0.1,1.0,0,0.869730532169342,0.003937299432238953,20,4050,0.58,486,4781
6,100,0.3,0.0,harm,hybrid,0.005,low_risk_q1,0.1,1.0,0,0.8824018239974976,0.0038138731177487038,20,4050,0.58,486,4781
6,100,0.3,0.0,harm,hybrid,0.005,low_risk_q1,0.1,1.0,0,0.8950731158256531,0.0037274746976055295,20,4050,0.58,486,4781
6,100,0.3,0.0,harm,hybrid,0.005,low_risk_q1,0.1,1.0,0,0.9077444076538086,0.0036534189089113805,20,4050,0.58,486,4781
6,100,0.3,0.0,harm,hybrid,0.005,low_risk_q1,0.1,1.0,0,0.9204156994819641,0.0035793631202172306,20,4050,0.58,486,4781
6,100,0.3,0.0,harm,hybrid,0.005,low_risk_q1,0.1,1.0,0,0.9330869317054749,0.003517649962972106,20,4050,0.5725,486,4781
6,100,0.3,0.0,harm,hybrid,0.005,low_risk_q1,0.1,1.0,0,0.9457582235336304,0.003394223648481857,20,4050,0.5625,486,4781
6,100,0.3,0.0,harm,hybrid,0.005,low_risk_q1,0.1,1.0,0,0.9584295153617859,0.003209084176746482,20,4050,0.5375,486,4781
6,100,0.3,0.0,harm,hybrid,0.005,low_risk_q1,0.1,1.0,0,0.9711008071899414,0.0028388052332757345,20,4050,0.48,486,4781
6,100,0.3,0.0,harm,hybrid,0.005,low_risk_q1,0.1,1.0,0,0.9837720990180969,0.0025672673413971855,20,4050,0.42750000000000005,486,4781
6,100,0.3,0.0,harm,hybrid,0.005,low_risk_q1,0.1,1.0,0,0.9964433908462524,0.002246358923722538,20,4050,0.37500000000000006,486,4781
6,100,0.3,0.0,harm,hybrid,0.005,low_risk_q1,0.1,1.0,0,1.0091147422790527,0.0018884226117008144,20,4050,0.305,486,4781
6,100,0.3,0.0,harm,hybrid,0.005,low_risk_q1,0.1,1.0,0,1.0217859745025635,0.0016539126141693408,20,4050,0.25999999999999995,486,4781
6,100,0.3,0.0,harm,hybrid,0.005,low_risk_q1,0.1,1.0,0,1.0344572067260742,0.001320661565045668,20,4050,0.20249999999999999,486,4781
6,100,0.3,0.0,harm,hybrid,0.005,low_risk_q1,0.1,1.0,0,1.0471285581588745,0.0010738089360651693,20,4050,0.1575,486,4781
6,100,0.3,0.0,harm,hybrid,0.005,low_risk_q1,0.1,1.0,0,1.0597997903823853,0.0008639842014317452,20,4050,0.11749999999999998,486,4781
6,100,0.3,0.0,harm,hybrid,0.005,low_risk_q1,0.1,1.0,0,1.0724711418151855,0.0007035299925944212,20,4050,0.0875,486,4781
6,100,0.3,0.0,harm,hybrid,0.005,low_risk_q1,0.1,1.0,0,1.0851423740386963,0.0006418168353492965,20,4050,0.075,486,4781
6,100,0.3,0.0,harm,hybrid,0.005,low_risk_q1,0.1,1.0,0,1.0978137254714966,0.0004937052579609973,20,4050,0.045,486,4781
6,100,0.3,0.0,harm,hybrid,0.005,low_risk_q1,0.1,1.0,0,1.1104849576950073,0.0004690199950629474,20,4050,0.0425,486,4781
6,100,0.3,0.0,harm,hybrid,0.005,low_risk_q1,0.1,1.0,0,1.1231563091278076,0.0004073068378178228,20,4050,0.030000000000000006,486,4781
6,100,0.3,0.0,harm,hybrid,0.005,low_risk_q1,0.1,1.0,0,1.1358275413513184,0.0003455936805726981,20,4050,0.0175,486,4781
6,100,0.3,0.0,harm,hybrid,0.005,low_risk_q1,0.1,1.0,0,1.148498773574829,0.0003085657862256233,20,4050,0.01,486,4781
6,100,0.3,0.0,harm,hybrid,0.005,low_risk_q1,0.1,1.0,0,1.1611701250076294,0.00029622315477659836,20,4050,0.0075000000000000015,486,4781
6,100,0.3,0.0,harm,hybrid,0.005,low_risk_q1,0.1,1.0,0,1.1738413572311401,0.00028388052332757347,20,4050,0.0075000000000000015,486,4781
6,100,0.3,0.0,harm,hybrid,0.005,low_risk_q1,0.1,1.0,0,1.1865127086639404,0.0002715378918785485,20,4050,0.005,486,4781
6,100,0.3,0.0,harm,hybrid,0.005,low_risk_q1,0.1,1.0,0,1.1991839408874512,0.0002715378918785485,20,4050,0.005,486,4781
6,100,0.3,0.0,harm,hybrid,0.005,low_risk_q1,0.1,1.0,0,1.2118552923202515,0.0002715378918785485,20,4050,0.005,486,4781
6,100,0.3,0.0,harm,hybrid,0.005,low_risk_q1,0.1,1.0,0,1.2245265245437622,0.00024685262898049864,20,4050,0.0,486,4781
6,100,0.3,0.0,harm,hybrid,0.005,low_risk_q1,0.1,1.0,0,1.2371978759765625,0.00024685262898049864,20,4050,0.0,486,4781
6,100,0.3,0.0,harm,hybrid,0.005,low_risk_q1,0.1,1.0,0,1.2498691082000732,0.00024685262898049864,20,4050,0.0,486,4781
6,100,0.3,0.0,harm,hybrid,0.005,low_risk_q1,0.1,1.0,0,1.2625404596328735,0.00024685262898049864,20,4050,0.0,486,4781
6,100,0.3,0.0,harm,hybrid,0.005,low_risk_q1,0.1,1.0,0,1.2752116918563843,0.00024685262898049864,20,4050,0.0,486,4781
6,100,0.3,0.0,harm,hybrid,0.005,low_risk_q1,0.1,1.0,0,1.287882924079895,0.00024685262898049864,20,4050,0.0,486,4781
6,100,0.3,0.0,harm,hybrid,0.005,low_risk_q1,0.1,1.0,0,1.3005542755126953,0.00024685262898049864,20,4050,0.0,486,4781
7,100,0.3,0.0,harm,hybrid,0.005,low_risk_q1,0.1,1.0,0,0.047112464904785156,0.0072693726937269375,20,4064,1.0,482,4721
7,100,0.3,0.0,harm,hybrid,0.005,low_risk_q1,0.1,1.0,0,0.06021270900964737,0.0072693726937269375,20,4064,1.0,482,4721
7,100,0.3,0.0,harm,hybrid,0.005,low_risk_q1,0.1,1.0,0,0.07331295311450958,0.0072693726937269375,20,4064,1.0,482,4721
7,100,0.3,0.0,harm,hybrid,0.005,low_risk_q1,0.1,1.0,0,0.0864131897687912,0.0072693726937269375,20,4064,1.0,482,4721
7,100,0.3,0.0,harm,hybrid,0.005,low_risk_q1,0.1,1.0,0,0.09951344132423401,0.0072693726937269375,20,4064,1.0,482,4721
7,100,0.3,0.0,harm,hybrid,0.005,low_risk_q1,0.1,1.0,0,0.11261367797851562,0.0072693726937269375,20,4064,1.0,482,4721
7,100,0.3,0.0,harm,hybrid,0.005,low_risk_q1,0.1,1.0,0,0.12571391463279724,0.0072693726937269375,20,4064,1.0,482,4721
7,100,0.3,0.0,harm,hybrid,0.005,low_risk_q1,0.1,1.0,0,0.13881416618824005,0.0072693726937269375,20,4064,1.0,482,4721
7,100,0.3,0.0,harm,hybrid,0.005,low_risk_q1,0.1,1.0,0,0.15191441774368286,0.0072693726937269375,20,4064,1.0,482,4721
7,100,0.3,0.0,harm,hybrid,0.005,low_risk_q1,0.1,1.0,0,0.16501465439796448,0.0072693726937269375,20,4064,1.0,482,4721
7,100,0.3,0.0,harm,hybrid,0.005,low_risk_q1,0.1,1.0,0,0.1781148910522461,0.0072693726937269375,20,4064,1.0,482,4721
7,100,0.3,0.0,harm,hybrid,0.005,low_risk_q1,0.1,1.0,0,0.1912151426076889,0.0072693726937269375,20,4064,1.0,482,4721
7,100,0.3,0.0,harm,hybrid,0.005,low_risk_q1,0.1,1.0,0,0.20431537926197052,0.0072693726937269375,20,4064,1.0,482,4721
7,100,0.3,0.0,harm,hybrid,0.005,low_risk_q1,0.1,1.0,0,0.21741563081741333,0.0072693726937269375,20,4064,1.0,482,4721
7,100,0.3,0.0,harm,hybrid,0.005,low_risk_q1,0.1,1.0,0,0.23051586747169495,0.007257072570725707,20,4064,0.9974999999999999,482,4721
7,100,0.3,0.0,harm,hybrid,0.005,low_risk_q1,0.1,1.0,0,0.24361611902713776,0.007257072570725707,20,4064,0.9974999999999999,482,4721
7,100,0.3,0.0,harm,hybrid,0.005,low_risk_q1,0.1,1.0,0,0.25671637058258057,0.007257072570725707,20,4064,0.9974999999999999,482,4721
7,100,0.3,0.0,harm,hybrid,0.005,low_risk_q1,0.1,1.0,0,0.2698165774345398,0.007257072570725707,20,4064,0.9974999999999999,482,4721
7,100,0.3,0.0,harm,hybrid,0.005,low_risk_q1,0.1,1.0,0,0.2829168438911438,0.007244772447724477,20,4064,0.9949999999999999,482,4721
7,100,0.3,0.0,harm,hybrid,0.005,low_risk_q1,0.1,1.0,0,0.2960170805454254,0.007232472324723248,20,4064,0.9925,482,4721
7,100,0.3,0.0,harm,hybrid,0.005,low_risk_q1,0.1,1.0,0,0.30911731719970703,0.007220172201722018,20,4064,0.9925,482,4721
7,100,0.3,0.0,harm,hybrid,0.005,low_risk_q1,0.1,1.0,0,0.32221758365631104,0.007220172201722018,20,4064,0.9925,482,4721
7,100,0.3,0.0,harm,hybrid,0.005,low_risk_q1,0.1,1.0,0,0.33531782031059265,0.007220172201722018,20,4064,0.9925,482,4721
7,100,0.3,0.0,harm,hybrid,0.005,low_risk_q1,0.1,1.0,0,0.34841805696487427,0.007195571955719557,20,4064,0.9875,482,4721
7,100,0.3,0.0,harm,hybrid,0.005,low_risk_q1,0.1,1.0,0,0.3615182936191559,0.007134071340713407,20,4064,0.975,482,4721
7,100,0.3,0.0,harm,hybrid,0.005,low_risk_q1,0.1,1.0,0,0.3746185302734375,0.007109471094710947,20,4064,0.97,482,4721
7,100,0.3,0.0,harm,hybrid,0.005,low_risk_q1,0.1,1.0,0,0.3877187967300415,0.006986469864698646,20,4064,0.95,482,4721
7,100,0.3,0.0,harm,hybrid,0.005,low_risk_q1,0.1,1.0,0,0.4008190333843231,0.006937269372693728,20,4064,0.9400000000000001,482,4721
7,100,0.3,0.0,harm,hybrid,0.005,low_risk_q1,0.1,1.0,0,0.41391927003860474,0.006888068880688807,20,4064,0.9349999999999999,482,4721
7,100,0.3,0.0,harm,hybrid,0.005,low_risk_q1,0.1,1.0,0,0.42701950669288635,0.006777367773677737,20,4064,0.915,482,4721
7,100,0.3,0.0,harm,hybrid,0.005,low_risk_q1,0.1,1.0,0,0.44011977314949036,0.006678966789667897,20,4064,0.9000000000000001,482,4721
7,100,0.3,0.0,harm,hybrid,0.005,low_risk_q1,0.1,1.0,0,0.453220009803772,0.006568265682656827,20,4064,0.8825000000000001,482,4721
7,100,0.3,0.0,harm,hybrid,0.005,low_risk_q1,0.1,1.0,0,0.4663202464580536,0.006420664206642067,20,4064,0.865,482,4721
7,100,0.3,0.0,harm,hybrid,0.005,low_risk_q1,0.1,1.0,0,0.4794204831123352,0.0062976629766297665,20,4064,0.8550000000000001,482,4721
7,100,0.3,0.0,harm,hybrid,0.005,low_risk_q1,0.1,1.0,0,0.4925207197666168,0.0061992619926199265,20,4064,0.8275,482,4721
7,100,0.3,0.0,harm,hybrid,0.005,low_risk_q1,0.1,1.0,0,0.5056209564208984,0.006063960639606396,20,4064,0.8150000000000001,482,4721
7,100,0.3,0.0,harm,hybrid,0.005,low_risk_q1,0.1,1.0,0,0.5187212228775024,0.0059409594095940965,20,4064,0.79,482,4721
7,100,0.3,0.0,harm,hybrid,0.005,low_risk_q1,0.1,1.0,0,0.5318214893341064,0.005817958179581796,20,4064,0.78,482,4721
7,100,0.3,0.0,harm,hybrid,0.005,low_risk_q1,0.1,1.0,0,0.5449216961860657,0.005694956949569497,20,4064,0.7575000000000001,482,4721
7,100,0.3,0.0,harm,hybrid,0.005,low_risk_q1,0.1,1.0,0,0.5580219626426697,0.005621156211562116,20,4064,0.7475,482,4721
7,100,0.3,0.0,harm,hybrid,0.005,low_risk_q1,0.1,1.0,0,0.5711221694946289,0.005535055350553506,20,4064,0.7225,482,4721
7,100,0.3,0.0,harm,hybrid,0.005,low_risk_q1,0.1,1.0,0,0.5842224359512329,0.0054243542435424355,20,4064,0.7200000000000001,482,4721
7,100,0.3,0.0,harm,hybrid,0.005,low_risk_q1,0.1,1.0,0,0.5973227024078369,0.005387453874538746,20,4064,0.7100000000000001,482,4721
7,100,0.3,0.0,harm,hybrid,0.005,low_risk_q1,0.1,1.0,0,0.6104229092597961,0.005350553505535055,20,4064,0.7050000000000002,482,4721
7,100,0.3,0.0,harm,hybrid,0.005,low_risk_q1,0.1,1.0,0,0.6235231757164001,0.0053259532595325955,20,4064,0.7000000000000001,482,4721
7,100,0.3,0.0,harm,hybrid,0.005,low_risk_q1,0.1,1.0,0,0.6366233825683594,0.005313653136531366,20,4064,0.7000000000000001,482,4721
7,100,0.3,0.0,harm,hybrid,0.005,low_risk_q1,0.1,1.0,0,0.6497236490249634,0.005301353013530135,20,4064,0.6975,482,4721
7,100,0.3,0.0,harm,hybrid,0.005,low_risk_q1,0.1,1.0,0,0.6628239154815674,0.005252152521525215,20,4064,0.6950000000000001,482,4721
7,100,0.3,0.0,harm,hybrid,0.005,low_risk_q1,0.1,1.0,0,0.6759241223335266,0.0052275522755227555,20,4064,0.6950000000000001,482,4721
7,100,0.3,0.0,harm,hybrid,0.005,low_risk_q1,0.1,1.0,0,0.6890243887901306,0.005215252152521526,20,4064,0.6950000000000001,482,4721
7,100,0.3,0.0,harm,hybrid,0.005,low_risk_q1,0.1,1.0,0,0.7021245956420898,0.005178351783517836,20,4064,0.6950000000000001,482,4721
7,100,0.3,0.0,harm,hybrid,0.005,low_risk_q1,0.1,1.0,0,0.7152248620986938,0.005104551045510455,20,4064,0.6950000000000001,482,4721
7,100,0.3,0.0,harm,hybrid,0.005,low_risk_q1,0.1,1.0,0,0.7283251285552979,0.005079950799507995,20,4064,0.6950000000000001,482,4721
7,100,0.3,0.0,harm,hybrid,0.005,low_risk_q1,0.1,1.0,0,0.7414253354072571,0.005055350553505537,20,4064,0.6950000000000001,482,4721
7,100,0.3,0.0,harm,hybrid,0.005,low_risk_q1,0.1,1.0,0,0.7545256018638611,0.005030750307503076,20,4064,0.6950000000000001,482,4721
7,100,0.3,0.0,harm,hybrid,0.005,low_risk_q1,0.1,1.0,0,0.7676258683204651,0.004993849938499387,20,4064,0.6950000000000001,482,4721
7,100,0.3,0.0,harm,hybrid,0.005,low_risk_q1,0.1,1.0,0,0.7807260751724243,0.004969249692496926,20,4064,0.6950000000000001,482,4721
7,100,0.3,0.0,harm,hybrid,0.005,low_risk_q1,0.1,1.0,0,0.7938263416290283,0.004932349323493235,20,4064,0.6950000000000001,482,4721
7,100,0.3,0.0,harm,hybrid,0.005,low_risk_q1,0.1,1.0,0,0.8069265484809875,0.004858548585485855,20,4064,0.6950000000000001,482,4721
7,100,0.3,0.0,harm,hybrid,0.005,low_risk_q1,0.1,1.0,0,0.8200268149375916,0.004747847478474785,20,4064,0.6950000000000001,482,4721
7,100,0.3,0.0,harm,hybrid,0.005,low_risk_q1,0.1,1.0,0,0.8331270813941956,0.004674046740467405,20,4064,0.6950000000000001,482,4721
7,100,0.3,0.0,harm,hybrid,0.005,low_risk_q1,0.1,1.0,0,0.8462272882461548,0.004624846248462485,20,4064,0.6950000000000001,482,4721
7,100,0.3,0.0,harm,hybrid,0.005,low_risk_q1,0.1,1.0,0,0.8593275547027588,0.004563345633456335,20,4064,0.6950000000000001,482,4721
7,100,0.3,0.0,harm,hybrid,0.005,low_risk_q1,0.1,1.0,0,0.872427761554718,0.004538745387453875,20,4064,0.6950000000000001,482,4721
7,100,0.3,0.0,harm,hybrid,0.005,low_risk_q1,0.1,1.0,0,0.885528028011322,0.0044526445264452645,20,4064,0.6950000000000001,482,4721
7,100,0.3,0.0,harm,hybrid,0.005,low_risk_q1,0.1,1.0,0,0.898628294467926,0.0043542435424354245,20,4064,0.6950000000000001,482,4721
7,100,0.3,0.0,harm,hybrid,0.005,low_risk_q1,0.1,1.0,0,0.9117285013198853,0.004305043050430505,20,4064,0.6950000000000001,482,4721
7,100,0.3,0.0,harm,hybrid,0.005,low_risk_q1,0.1,1.0,0,0.9248287677764893,0.004182041820418204,20,4064,0.6950000000000001,482,4721
7,100,0.3,0.0,harm,hybrid,0.005,low_risk_q1,0.1,1.0,0,0.9379289746284485,0.004132841328413284,20,4064,0.6950000000000001,482,4721
7,100,0.3,0.0,harm,hybrid,0.005,low_risk_q1,0.1,1.0,0,0.9510292410850525,0.003985239852398524,20,4064,0.6825000000000001,482,4721
7,100,0.3,0.0,harm,hybrid,0.005,low_risk_q1,0.1,1.0,0,0.9641295075416565,0.003739237392373924,20,4064,0.64,482,4721
7,100,0.3,0.0,harm,hybrid,0.005,low_risk_q1,0.1,1.0,0,0.9772297143936157,0.003271832718327183,20,4064,0.5625,482,4721
7,100,0.3,0.0,harm,hybrid,0.005,low_risk_q1,0.1,1.0,0,0.9903299808502197,0.002742927429274293,20,4064,0.465,482,4721
7,100,0.3,0.0,harm,hybrid,0.005,low_risk_q1,0.1,1.0,0,1.0034301280975342,0.0023124231242312426,20,4064,0.39,482,4721
7,100,0.3,0.0,harm,hybrid,0.005,low_risk_q1,0.1,1.0,0,1.0165305137634277,0.0018450184501845018,20,4064,0.30000000000000004,482,4721
7,100,0.3,0.0,harm,hybrid,0.005,low_risk_q1,0.1,1.0,0,1.0296306610107422,0.0013776137761377612,20,4064,0.21500000000000002,482,4721
7,100,0.3,0.0,harm,hybrid,0.005,low_risk_q1,0.1,1.0,0,1.0427309274673462,0.000996309963099631,20,4064,0.14500000000000002,482,4721
7,100,0.3,0.0,harm,hybrid,0.005,low_risk_q1,0.1,1.0,0,1.0558311939239502,0.0007749077490774908,20,4064,0.1025,482,4721
7,100,0.3,0.0,harm,hybrid,0.005,low_risk_q1,0.1,1.0,0,1.0689314603805542,0.0006396063960639607,20,4064,0.0775,482,4721
7,100,0.3,0.0,harm,hybrid,0.005,low_risk_q1,0.1,1.0,0,1.0820317268371582,0.00046740467404674045,20,4064,0.045000000000000005,482,4721
7,100,0.3,0.0,harm,hybrid,0.005,low_risk_q1,0.1,1.0,0,1.0951318740844727,0.00035670356703567036,20,4064,0.022500000000000003,482,4721
7,100,0.3,0.0,harm,hybrid,0.005,low_risk_q1,0.1,1.0,0,1.1082321405410767,0.0003198031980319803,20,4064,0.015000000000000003,482,4721
7,100,0.3,0.0,harm,hybrid,0.005,low_risk_q1,0.1,1.0,0,1.1213324069976807,0.00028290282902829027,20,4064,0.0075000000000000015,482,4721
7,100,0.3,0.0,harm,hybrid,0.005,low_risk_q1,0.1,1.0,0,1.1344326734542847,0.00027060270602706027,20,4064,0.005,482,4721
7,100,0.3,0.0,harm,hybrid,0.005,low_risk_q1,0.1,1.0,0,1.1475329399108887,0.0002583025830258302,20,4064,0.0025,482,4721
7,100,0.3,0.0,harm,hybrid,0.005,low_risk_q1,0.1,1.0,0,1.1606330871582031,0.0002583025830258302,20,4064,0.0025,482,4721
7,100,0.3,0.0,harm,hybrid,0.005,low_risk_q1,0.1,1.0,0,1.1737333536148071,0.0002460024600246002,20,4064,0.0,482,4721
7,100,0.3,0.0,harm,hybrid,0.005,low_risk_q1,0.1,1.0,0,1.1868336200714111,0.0002460024600246002,20,4064,0.0,482,4721
7,100,0.3,0.0,harm,hybrid,0.005,low_risk_q1,0.1,1.0,0,1.1999338865280151,0.0002460024600246002,20,4064,0.0,482,4721
7,100,0.3,0.0,harm,hybrid,0.005,low_risk_q1,0.1,1.0,0,1.2130341529846191,0.0002460024600246002,20,4064,0.0,482,4721
7,100,0.3,0.0,harm,hybrid,0.005,low_risk_q1,0.1,1.0,0,1.2261343002319336,0.0002460024600246002,20,4064,0.0,482,4721
7,100,0.3,0.0,harm,hybrid,0.005,low_risk_q1,0.1,1.0,0,1.2392345666885376,0.0002460024600246002,20,4064,0.0,482,4721
7,100,0.3,0.0,harm,hybrid,0.005,low_risk_q1,0.1,1.0,0,1.2523348331451416,0.0002460024600246002,20,4064,0.0,482,4721
7,100,0.3,0.0,harm,hybrid,0.005,low_risk_q1,0.1,1.0,0,1.2654350996017456,0.0002460024600246002,20,4064,0.0,482,4721
7,100,0.3,0.0,harm,hybrid,0.005,low_risk_q1,0.1,1.0,0,1.2785353660583496,0.0002460024600246002,20,4064,0.0,482,4721
7,100,0.3,0.0,harm,hybrid,0.005,low_risk_q1,0.1,1.0,0,1.291635513305664,0.0002460024600246002,20,4064,0.0,482,4721
7,100,0.3,0.0,harm,hybrid,0.005,low_risk_q1,0.1,1.0,0,1.304735779762268,0.0002460024600246002,20,4064,0.0,482,4721
7,100,0.3,0.0,harm,hybrid,0.005,low_risk_q1,0.1,1.0,0,1.317836046218872,0.0002460024600246002,20,4064,0.0,482,4721
7,100,0.3,0.0,harm,hybrid,0.005,low_risk_q1,0.1,1.0,0,1.330936312675476,0.0002460024600246002,20,4064,0.0,482,4721
7,100,0.3,0.0,harm,hybrid,0.005,low_risk_q1,0.1,1.0,0,1.34403657913208,0.0002460024600246002,20,4064,0.0,482,4721
8,100,0.3,0.0,harm,hybrid,0.005,low_risk_q1,0.1,1.0,0,0.07922777533531189,0.007153410490027087,20,4060,1.0,512,5041
8,100,0.3,0.0,harm,hybrid,0.005,low_risk_q1,0.1,1.0,0,0.0916549414396286,0.007153410490027087,20,4060,1.0,512,5041
8,100,0.3,0.0,harm,hybrid,0.005,low_risk_q1,0.1,1.0,0,0.10408211499452591,0.007153410490027087,20,4060,1.0,512,5041
8,100,0.3,0.0,harm,hybrid,0.005,low_risk_q1,0.1,1.0,0,0.11650928109884262,0.007153410490027087,20,4060,1.0,512,5041
8,100,0.3,0.0,harm,hybrid,0.005,low_risk_q1,0.1,1.0,0,0.12893645465373993,0.007153410490027087,20,4060,1.0,512,5041
8,100,0.3,0.0,harm,hybrid,0.005,low_risk_q1,0.1,1.0,0,0.14136362075805664,0.007153410490027087,20,4060,1.0,512,5041
8,100,0.3,0.0,harm,hybrid,0.005,low_risk_q1,0.1,1.0,0,0.15379078686237335,0.007153410490027087,20,4060,1.0,512,5041
8,100,0.3,0.0,harm,hybrid,0.005,low_risk_q1,0.1,1.0,0,0.16621795296669006,0.007141098251662151,20,4060,0.9974999999999999,512,5041
8,100,0.3,0.0,harm,hybrid,0.005,low_risk_q1,0.1,1.0,0,0.17864513397216797,0.007128786013297217,20,4060,0.9949999999999999,512,5041
8,100,0.3,0.0,harm,hybrid,0.005,low_risk_q1,0.1,1.0,0,0.1910722851753235,0.007128786013297217,20,4060,0.9949999999999999,512,5041
8,100,0.3,0.0,harm,hybrid,0.005,low_risk_q1,0.1,1.0,0,0.2034994661808014,0.007116473774932282,20,4060,0.9924999999999999,512,5041
8,100,0.3,0.0,harm,hybrid,0.005,low_risk_q1,0.1,1.0,0,0.2159266322851181,0.007116473774932282,20,4060,0.9924999999999999,512,5041
8,100,0.3,0.0,harm,hybrid,0.005,low_risk_q1,0.1,1.0,0,0.22835379838943481,0.007104161536567348,20,4060,0.99,512,5041
8,100,0.3,0.0,harm,hybrid,0.005,low_risk_q1,0.1,1.0,0,0.24078096449375153,0.007079537059837479,20,4060,0.985,512,5041
8,100,0.3,0.0,harm,hybrid,0.005,low_risk_q1,0.1,1.0,0,0.2532081604003906,0.007079537059837479,20,4060,0.985,512,5041
8,100,0.3,0.0,harm,hybrid,0.005,low_risk_q1,0.1,1.0,0,0.26563531160354614,0.007067224821472544,20,4060,0.9824999999999999,512,5041
8,100,0.3,0.0,harm,hybrid,0.005,low_risk_q1,0.1,1.0,0,0.27806246280670166,0.007042600344742674,20,4060,0.9774999999999998,512,5041
8,100,0.3,0.0,harm,hybrid,0.005,low_risk_q1,0.1,1.0,0,0.29048964381217957,0.007030288106377739,20,4060,0.9749999999999999,512,5041
8,100,0.3,0.0,harm,hybrid,0.005,low_risk_q1,0.1,1.0,0,0.30291682481765747,0.00700566362964787,20,4060,0.97,512,5041
8,100,0.3,0.0,harm,hybrid,0.005,low_risk_q1,0.1,1.0,0,0.315343976020813,0.006944102437823196,20,4060,0.9574999999999999,512,5041
8,100,0.3,0.0,harm,hybrid,0.005,low_risk_q1,0.1,1.0,0,0.3277711570262909,0.006907165722728393,20,4060,0.95,512,5041
8,100,0.3,0.0,harm,hybrid,0.005,low_risk_q1,0.1,1.0,0,0.3401983082294464,0.006882541245998523,20,4060,0.945,512,5041
8,100,0.3,0.0,harm,hybrid,0.005,low_risk_q1,0.1,1.0,0,0.3526254892349243,0.006796355577443979,20,4060,0.9324999999999999,512,5041
8,100,0.3,0.0,harm,hybrid,0.005,low_risk_q1,0.1,1.0,0,0.3650526702404022,0.006722482147254371,20,4060,0.9225,512,5041
8,100,0.3,0.0,harm,hybrid,0.005,low_risk_q1,0.1,1.0,0,0.37747982144355774,0.006599359763605024,20,4060,0.8975,512,5041
8,100,0.3,0.0,harm,hybrid,0.005,low_risk_q1,0.1,1.0,0,0.38990700244903564,0.0065254863334154155,20,4060,0.8825,512,5041
8,100,0.3,0.0,harm,hybrid,0.005,low_risk_q1,0.1,1.0,0,0.40233415365219116,0.006402363949766067,20,4060,0.8574999999999999,512,5041
8,100,0.3,0.0,harm,hybrid,0.005,low_risk_q1,0.1,1.0,0,0.41476133465766907,0.006353114996306327,20,4060,0.8474999999999999,512,5041
8,100,0.3,0.0,harm,hybrid,0.005,low_risk_q1,0.1,1.0,0,0.427188515663147,0.006254617089386849,20,4060,0.8275,512,5041
8,100,0.3,0.0,harm,hybrid,0.005,low_risk_q1,0.1,1.0,0,0.4396156668663025,0.0060945579906426985,20,4060,0.8049999999999999,512,5041
8,100,0.3,0.0,harm,hybrid,0.005,low_risk_q1,0.1,1.0,0,0.4520428478717804,0.005909874415168677,20,4060,0.7725,512,5041
8,100,0.3,0.0,harm,hybrid,0.005,low_risk_q1,0.1,1.0,0,0.4644699990749359,0.00578675203151933,20,4060,0.7374999999999998,512,5041
8,100,0.3,0.0,harm,hybrid,0.005,low_risk_q1,0.1,1.0,0,0.4768971800804138,0.005626692932775179,20,4060,0.7125,512,5041
8,100,0.3,0.0,harm,hybrid,0.005,low_risk_q1,0.1,1.0,0,0.4893243610858917,0.005540507264220635,20,4060,0.7025,512,5041
8,100,0.3,0.0,harm,hybrid,0.005,low_risk_q1,0.1,1.0,0,0.5017515420913696,0.0054050726422063535,20,4060,0.6775,512,5041
8,100,0.3,0.0,harm,hybrid,0.005,low_risk_q1,0.1,1.0,0,0.5141786932945251,0.005331199212016744,20,4060,0.66,512,5041
8,100,0.3,0.0,harm,hybrid,0.005,low_risk_q1,0.1,1.0,0,0.5266058444976807,0.005245013543462201,20,4060,0.6425000000000001,512,5041
8,100,0.3,0.0,harm,hybrid,0.005,low_risk_q1,0.1,1.0,0,0.539033055305481,0.005134203398177788,20,4060,0.6300000000000001,512,5041
8,100,0.3,0.0,harm,hybrid,0.005,low_risk_q1,0.1,1.0,0,0.5514602065086365,0.005121891159812854,20,4060,0.6224999999999999,512,5041
8,100,0.3,0.0,harm,hybrid,0.005,low_risk_q1,0.1,1.0,0,0.563887357711792,0.00506032996798818,20,4060,0.615,512,5041
8,100,0.3,0.0,harm,hybrid,0.005,low_risk_q1,0.1,1.0,0,0.5763145685195923,0.005023393252893376,20,4060,0.615,512,5041
8,100,0.3,0.0,harm,hybrid,0.005,low_risk_q1,0.1,1.0,0,0.588741660118103,0.0049618320610687015,20,4060,0.6075000000000002,512,5041
8,100,0.3,0.0,harm,hybrid,0.005,low_risk_q1,0.1,1.0,0,0.6011688709259033,0.0049618320610687015,20,4060,0.6075000000000002,512,5041
8,100,0.3,0.0,harm,hybrid,0.005,low_risk_q1,0.1,1.0,0,0.6135960817337036,0.004912583107608962,20,4060,0.6075000000000002,512,5041
8,100,0.3,0.0,harm,hybrid,0.005,low_risk_q1,0.1,1.0,0,0.6260231733322144,0.004900270869244027,20,4060,0.6075000000000002,512,5041
8,100,0.3,0.0,harm,hybrid,0.005,low_risk_q1,0.1,1.0,0,0.6384503841400146,0.004900270869244027,20,4060,0.6075000000000002,512,5041
8,100,0.3,0.0,harm,hybrid,0.005,low_risk_q1,0.1,1.0,0,0.6508775949478149,0.004851021915784289,20,4060,0.6075000000000002,512,5041
8,100,0.3,0.0,harm,hybrid,0.005,low_risk_q1,0.1,1.0,0,0.6633046865463257,0.004814085200689485,20,4060,0.6075000000000002,512,5041
8,100,0.3,0.0,harm,hybrid,0.005,low_risk_q1,0.1,1.0,0,0.675731897354126,0.00477714848559468,20,4060,0.6075000000000002,512,5041
8,100,0.3,0.0,harm,hybrid,0.005,low_risk_q1,0.1,1.0,0,0.6881591081619263,0.004740211770499877,20,4060,0.6075000000000002,512,5041
8,100,0.3,0.0,harm,hybrid,0.005,low_risk_q1,0.1,1.0,0,0.700586199760437,0.004715587293770007,20,4060,0.6075000000000002,512,5041
8,100,0.3,0.0,harm,hybrid,0.005,low_risk_q1,0.1,1.0,0,0.7130134105682373,0.004666338340310269,20,4060,0.6075000000000002,512,5041
8,100,0.3,0.0,harm,hybrid,0.005,low_risk_q1,0.1,1.0,0,0.725440502166748,0.004617089386850529,20,4060,0.6075000000000002,512,5041
8,100,0.3,0.0,harm,hybrid,0.005,low_risk_q1,0.1,1.0,0,0.7378677129745483,0.004604777148485594,20,4060,0.6075000000000002,512,5041
8,100,0.3,0.0,harm,hybrid,0.005,low_risk_q1,0.1,1.0,0,0.7502949237823486,0.00459246491012066,20,4060,0.6075000000000002,512,5041
8,100,0.3,0.0,harm,hybrid,0.005,low_risk_q1,0.1,1.0,0,0.7627220153808594,0.004530903718295985,20,4060,0.6075000000000002,512,5041
8,100,0.3,0.0,harm,hybrid,0.005,low_risk_q1,0.1,1.0,0,0.7751492261886597,0.004481654764836248,20,4060,0.6075000000000002,512,5041
8,100,0.3,0.0,harm,hybrid,0.005,low_risk_q1,0.1,1.0,0,0.78757643699646,0.004469342526471312,20,4060,0.6075000000000002,512,5041
8,100,0.3,0.0,harm,hybrid,0.005,low_risk_q1,0.1,1.0,0,0.8000035285949707,0.004432405811376507,20,4060,0.6075000000000002,512,5041
8,100,0.3,0.0,harm,hybrid,0.005,low_risk_q1,0.1,1.0,0,0.812430739402771,0.004333907904457031,20,4060,0.6075000000000002,512,5041
8,100,0.3,0.0,harm,hybrid,0.005,low_risk_q1,0.1,1.0,0,0.8248579502105713,0.0042230977591726174,20,4060,0.6075000000000002,512,5041
8,100,0.3,0.0,harm,hybrid,0.005,low_risk_q1,0.1,1.0,0,0.837285041809082,0.004124599852253139,20,4060,0.6075000000000002,512,5041
8,100,0.3,0.0,harm,hybrid,0.005,low_risk_q1,0.1,1.0,0,0.8497122526168823,0.004087663137158336,20,4060,0.6075000000000002,512,5041
8,100,0.3,0.0,harm,hybrid,0.005,low_risk_q1,0.1,1.0,0,0.8621394634246826,0.004063038660428466,20,4060,0.6075000000000002,512,5041
8,100,0.3,0.0,harm,hybrid,0.005,low_risk_q1,0.1,1.0,0,0.8745665550231934,0.004001477468603792,20,4060,0.6075000000000002,512,5041
8,100,0.3,0.0,harm,hybrid,0.005,low_risk_q1,0.1,1.0,0,0.8869937658309937,0.003927604038414184,20,4060,0.6075000000000002,512,5041
8,100,0.3,0.0,harm,hybrid,0.005,low_risk_q1,0.1,1.0,0,0.899420976638794,0.0038906673233193804,20,4060,0.6075000000000002,512,5041
8,100,0.3,0.0,harm,hybrid,0.005,low_risk_q1,0.1,1.0,0,0.9118480682373047,0.003755232701305098,20,4060,0.6000000000000001,512,5041
8,100,0.3,0.0,harm,hybrid,0.005,low_risk_q1,0.1,1.0,0,0.924275279045105,0.0035828613641960116,20,4060,0.5825000000000001,512,5041
8,100,0.3,0.0,harm,hybrid,0.005,low_risk_q1,0.1,1.0,0,0.9367023706436157,0.0034228022654518592,20,4060,0.5675000000000001,512,5041
8,100,0.3,0.0,harm,hybrid,0.005,low_risk_q1,0.1,1.0,0,0.949129581451416,0.003348928835262251,20,4060,0.56,512,5041
8,100,0.3,0.0,harm,hybrid,0.005,low_risk_q1,0.1,1.0,0,0.9615567922592163,0.003016498399409012,20,4060,0.5075000000000001,512,5041
8,100,0.3,0.0,harm,hybrid,0.005,low_risk_q1,0.1,1.0,0,0.973983883857727,0.0024624476729869487,20,4060,0.40499999999999997,512,5041
8,100,0.3,0.0,harm,hybrid,0.005,low_risk_q1,0.1,1.0,0,0.9864110946655273,0.0019699581383895593,20,4060,0.3275,512,5041
8,100,0.3,0.0,harm,hybrid,0.005,low_risk_q1,0.1,1.0,0,0.9988383054733276,0.0015636542723467127,20,4060,0.2475,512,5041
8,100,0.3,0.0,harm,hybrid,0.005,low_risk_q1,0.1,1.0,0,1.0112653970718384,0.0012681605515882787,20,4060,0.19,512,5041
8,100,0.3,0.0,harm,hybrid,0.005,low_risk_q1,0.1,1.0,0,1.0236926078796387,0.0010219157842895838,20,4060,0.14750000000000002,512,5041
8,100,0.3,0.0,harm,hybrid,0.005,low_risk_q1,0.1,1.0,0,1.036119818687439,0.0008495444471804974,20,4060,0.11499999999999999,512,5041
8,100,0.3,0.0,harm,hybrid,0.005,low_risk_q1,0.1,1.0,0,1.0485469102859497,0.000677173110071411,20,4060,0.085,512,5041
8,100,0.3,0.0,harm,hybrid,0.005,low_risk_q1,0.1,1.0,0,1.06097412109375,0.0006156119182467373,20,4060,0.0725,512,5041
8,100,0.3,0.0,harm,hybrid,0.005,low_risk_q1,0.1,1.0,0,1.0734013319015503,0.0004555528195025856,20,4060,0.042499999999999996,512,5041
8,100,0.3,0.0,harm,hybrid,0.005,low_risk_q1,0.1,1.0,0,1.0858285427093506,0.00038167938931297715,20,4060,0.027500000000000004,512,5041
8,100,0.3,0.0,harm,hybrid,0.005,low_risk_q1,0.1,1.0,0,1.0982556343078613,0.00033243043585323814,20,4060,0.017499999999999998,512,5041
8,100,0.3,0.0,harm,hybrid,0.005,low_risk_q1,0.1,1.0,0,1.1106828451156616,0.00030780595912336864,20,4060,0.0125,512,5041
8,100,0.3,0.0,harm,hybrid,0.005,low_risk_q1,0.1,1.0,0,1.1231099367141724,0.0002708692440285644,20,4060,0.005,512,5041
8,100,0.3,0.0,harm,hybrid,0.005,low_risk_q1,0.1,1.0,0,1.1355371475219727,0.00025855700566362964,20,4060,0.0025,512,5041
8,100,0.3,0.0,harm,hybrid,0.005,low_risk_q1,0.1,1.0,0,1.147964358329773,0.0002462447672986949,20,4060,0.0,512,5041
8,100,0.3,0.0,harm,hybrid,0.005,low_risk_q1,0.1,1.0,0,1.1603914499282837,0.0002462447672986949,20,4060,0.0,512,5041
8,100,0.3,0.0,harm,hybrid,0.005,low_risk_q1,0.1,1.0,0,1.172818660736084,0.0002462447672986949,20,4060,0.0,512,5041
8,100,0.3,0.0,harm,hybrid,0.005,low_risk_q1,0.1,1.0,0,1.1852458715438843,0.0002462447672986949,20,4060,0.0,512,5041
8,100,0.3,0.0,harm,hybrid,0.005,low_risk_q1,0.1,1.0,0,1.197672963142395,0.0002462447672986949,20,4060,0.0,512,5041
8,100,0.3,0.0,harm,hybrid,0.005,low_risk_q1,0.1,1.0,0,1.2101001739501953,0.0002462447672986949,20,4060,0.0,512,5041
8,100,0.3,0.0,harm,hybrid,0.005,low_risk_q1,0.1,1.0,0,1.2225273847579956,0.0002462447672986949,20,4060,0.0,512,5041
8,100,0.3,0.0,harm,hybrid,0.005,low_risk_q1,0.1,1.0,0,1.2349544763565063,0.0002462447672986949,20,4060,0.0,512,5041
8,100,0.3,0.0,harm,hybrid,0.005,low_risk_q1,0.1,1.0,0,1.2473816871643066,0.0002462447672986949,20,4060,0.0,512,5041
8,100,0.3,0.0,harm,hybrid,0.005,low_risk_q1,0.1,1.0,0,1.259808897972107,0.0002462447672986949,20,4060,0.0,512,5041
8,100,0.3,0.0,harm,hybrid,0.005,low_risk_q1,0.1,1.0,0,1.2722359895706177,0.0002462447672986949,20,4060,0.0,512,5041
8,100,0.3,0.0,harm,hybrid,0.005,low_risk_q1,0.1,1.0,0,1.284663200378418,0.0002462447672986949,20,4060,0.0,512,5041
8,100,0.3,0.0,harm,hybrid,0.005,low_risk_q1,0.1,1.0,0,1.2970904111862183,0.0002462447672986949,20,4060,0.0,512,5041
8,100,0.3,0.0,harm,hybrid,0.005,low_risk_q1,0.1,1.0,0,1.309517502784729,0.0002462447672986949,20,4060,0.0,512,5041
9,100,0.3,0.0,harm,hybrid,0.005,low_risk_q1,0.1,1.0,0,0.0,0.0073254670599803345,20,4067,1.0,508,5011
9,100,0.3,0.0,harm,hybrid,0.005,low_risk_q1,0.1,1.0,0,0.013008207082748413,0.0073254670599803345,20,4067,1.0,508,5011
9,100,0.3,0.0,harm,hybrid,0.005,low_risk_q1,0.1,1.0,0,0.026016414165496826,0.0073254670599803345,20,4067,1.0,508,5011
9,100,0.3,0.0,harm,hybrid,0.005,low_risk_q1,0.1,1.0,0,0.03902462124824524,0.007313176007866274,20,4067,0.9974999999999999,508,5011
9,100,0.3,0.0,harm,hybrid,0.005,low_risk_q1,0.1,1.0,0,0.05203282833099365,0.007313176007866274,20,4067,0.9974999999999999,508,5011
9,100,0.3,0.0,harm,hybrid,0.005,low_risk_q1,0.1,1.0,0,0.06504103541374207,0.007313176007866274,20,4067,0.9974999999999999,508,5011
9,100,0.3,0.0,harm,hybrid,0.005,low_risk_q1,0.1,1.0,0,0.07804924249649048,0.007313176007866274,20,4067,0.9974999999999999,508,5011
9,100,0.3,0.0,harm,hybrid,0.005,low_risk_q1,0.1,1.0,0,0.09105744957923889,0.007313176007866274,20,4067,0.9974999999999999,508,5011
9,100,0.3,0.0,harm,hybrid,0.005,low_risk_q1,0.1,1.0,0,0.1040656566619873,0.007313176007866274,20,4067,0.9974999999999999,508,5011
9,100,0.3,0.0,harm,hybrid,0.005,low_risk_q1,0.1,1.0,0,0.11707386374473572,0.007313176007866274,20,4067,0.9974999999999999,508,5011
9,100,0.3,0.0,harm,hybrid,0.005,low_risk_q1,0.1,1.0,0,0.13008207082748413,0.007313176007866274,20,4067,0.9974999999999999,508,5011
9,100,0.3,0.0,harm,hybrid,0.005,low_risk_q1,0.1,1.0,0,0.14309027791023254,0.007313176007866274,20,4067,0.9974999999999999,508,5011
9,100,0.3,0.0,harm,hybrid,0.005,low_risk_q1,0.1,1.0,0,0.15609848499298096,0.007313176007866274,20,4067,0.9974999999999999,508,5011
9,100,0.3,0.0,harm,hybrid,0.005,low_risk_q1,0.1,1.0,0,0.16910669207572937,0.007313176007866274,20,4067,0.9974999999999999,508,5011
9,100,0.3,0.0,harm,hybrid,0.005,low_risk_q1,0.1,1.0,0,0.18211489915847778,0.007313176007866274,20,4067,0.9974999999999999,508,5011
9,100,0.3,0.0,harm,hybrid,0.005,low_risk_q1,0.1,1.0,0,0.1951231062412262,0.007288593903638152,20,4067,0.9924999999999999,508,5011
9,100,0.3,0.0,harm,hybrid,0.005,low_risk_q1,0.1,1.0,0,0.2081313133239746,0.007288593903638152,20,4067,0.9924999999999999,508,5011
9,100,0.3,0.0,harm,hybrid,0.005,low_risk_q1,0.1,1.0,0,0.22113952040672302,0.007264011799410029,20,4067,0.9875,508,5011
9,100,0.3,0.0,harm,hybrid,0.005,low_risk_q1,0.1,1.0,0,0.23414772748947144,0.007264011799410029,20,4067,0.9875,508,5011
9,100,0.3,0.0,harm,hybrid,0.005,low_risk_q1,0.1,1.0,0,0.24715593457221985,0.0072271386430678465,20,4067,0.9799999999999999,508,5011
9,100,0.3,0.0,harm,hybrid,0.005,low_risk_q1,0.1,1.0,0,0.26016414165496826,0.007202556538839724,20,4067,0.975,508,5011
9,100,0.3,0.0,harm,hybrid,0.005,low_risk_q1,0.1,1.0,0,0.2731723487377167,0.007165683382497541,20,4067,0.9674999999999999,508,5011
9,100,0.3,0.0,harm,hybrid,0.005,low_risk_q1,0.1,1.0,0,0.2861805558204651,0.007153392330383482,20,4067,0.9649999999999999,508,5011
9,100,0.3,0.0,harm,hybrid,0.005,low_risk_q1,0.1,1.0,0,0.2991887629032135,0.007128810226155359,20,4067,0.96,508,5011
9,100,0.3,0.0,harm,hybrid,0.005,low_risk_q1,0.1,1.0,0,0.3121969699859619,0.007104228121927238,20,4067,0.9574999999999999,508,5011
9,100,0.3,0.0,harm,hybrid,0.005,low_risk_q1,0.1,1.0,0,0.3252051770687103,0.007042772861356932,20,4067,0.945,508,5011
9,100,0.3,0.0,harm,hybrid,0.005,low_risk_q1,0.1,1.0,0,0.33821338415145874,0.007005899705014751,20,4067,0.9375,508,5011
9,100,0.3,0.0,harm,hybrid,0.005,low_risk_q1,0.1,1.0,0,0.35122159123420715,0.006956735496558506,20,4067,0.9274999999999999,508,5011
9,100,0.3,0.0,harm,hybrid,0.005,low_risk_q1,0.1,1.0,0,0.36422979831695557,0.00687069813176008,20,4067,0.9099999999999999,508,5011
9,100,0.3,0.0,harm,hybrid,0.005,low_risk_q1,0.1,1.0,0,0.377238005399704,0.006809242871189775,20,4067,0.8975,508,5011
9,100,0.3,0.0,harm,hybrid,0.005,low_risk_q1,0.1,1.0,0,0.3902462124824524,0.0066248770894788605,20,4067,0.86,508,5011
9,100,0.3,0.0,harm,hybrid,0.005,low_risk_q1,0.1,1.0,0,0.4032544195652008,0.006465093411996068,20,4067,0.8425,508,5011
9,100,0.3,0.0,harm,hybrid,0.005,low_risk_q1,0.1,1.0,0,0.4162626266479492,0.0063913470993117024,20,4067,0.8225,508,5011
9,100,0.3,0.0,harm,hybrid,0.005,low_risk_q1,0.1,1.0,0,0.42927083373069763,0.006268436578171093,20,4067,0.8,508,5011
9,100,0.3,0.0,harm,hybrid,0.005,low_risk_q1,0.1,1.0,0,0.44227904081344604,0.006170108161258604,20,4067,0.7725,508,5011
9,100,0.3,0.0,harm,hybrid,0.005,low_risk_q1,0.1,1.0,0,0.45528724789619446,0.005948869223205508,20,4067,0.7549999999999999,508,5011
9,100,0.3,0.0,harm,hybrid,0.005,low_risk_q1,0.1,1.0,0,0.46829545497894287,0.005838249754178958,20,4067,0.7249999999999999,508,5011
9,100,0.3,0.0,harm,hybrid,0.005,low_risk_q1,0.1,1.0,0,0.4813036620616913,0.005641592920353983,20,4067,0.69,508,5011
9,100,0.3,0.0,harm,hybrid,0.005,low_risk_q1,0.1,1.0,0,0.4943118691444397,0.005383480825958702,20,4067,0.6499999999999999,508,5011
9,100,0.3,0.0,harm,hybrid,0.005,low_risk_q1,0.1,1.0,0,0.5073200464248657,0.005186823992133727,20,4067,0.615,508,5011
9,100,0.3,0.0,harm,hybrid,0.005,low_risk_q1,0.1,1.0,0,0.5203282833099365,0.005051622418879058,20,4067,0.5900000000000001,508,5011
9,100,0.3,0.0,harm,hybrid,0.005,low_risk_q1,0.1,1.0,0,0.5333365201950073,0.004928711897738447,20,4067,0.5700000000000001,508,5011
9,100,0.3,0.0,harm,hybrid,0.005,low_risk_q1,0.1,1.0,0,0.5463446974754333,0.004842674532940019,20,4067,0.545,508,5011
9,100,0.3,0.0,harm,hybrid,0.005,low_risk_q1,0.1,1.0,0,0.5593528747558594,0.004744346116027532,20,4067,0.5475,508,5011
9,100,0.3,0.0,harm,hybrid,0.005,low_risk_q1,0.1,1.0,0,0.5723611116409302,0.0047320550639134715,20,4067,0.5449999999999999,508,5011
9,100,0.3,0.0,harm,hybrid,0.005,low_risk_q1,0.1,1.0,0,0.585369348526001,0.004682890855457228,20,4067,0.5375,508,5011
9,100,0.3,0.0,harm,hybrid,0.005,low_risk_q1,0.1,1.0,0,0.598377525806427,0.004646017699115045,20,4067,0.5375,508,5011
9,100,0.3,0.0,harm,hybrid,0.005,low_risk_q1,0.1,1.0,0,0.611385703086853,0.0046337266470009835,20,4067,0.53,508,5011
9,100,0.3,0.0,harm,hybrid,0.005,low_risk_q1,0.1,1.0,0,0.6243939399719238,0.004609144542772862,20,4067,0.53,508,5011
9,100,0.3,0.0,harm,hybrid,0.005,low_risk_q1,0.1,1.0,0,0.6374021768569946,0.004572271386430679,20,4067,0.5275,508,5011
9,100,0.3,0.0,harm,hybrid,0.005,low_risk_q1,0.1,1.0,0,0.6504103541374207,0.004559980334316618,20,4067,0.5275,508,5011
9,100,0.3,0.0,harm,hybrid,0.005,low_risk_q1,0.1,1.0,0,0.6634185314178467,0.004510816125860374,20,4067,0.5275,508,5011
9,100,0.3,0.0,harm,hybrid,0.005,low_risk_q1,0.1,1.0,0,0.6764267683029175,0.004424778761061947,20,4067,0.5275,508,5011
9,100,0.3,0.0,harm,hybrid,0.005,low_risk_q1,0.1,1.0,0,0.6894350051879883,0.004400196656833825,20,4067,0.5275,508,5011
9,100,0.3,0.0,harm,hybrid,0.005,low_risk_q1,0.1,1.0,0,0.7024431824684143,0.004387905604719765,20,4067,0.5275,508,5011
9,100,0.3,0.0,harm,hybrid,0.005,low_risk_q1,0.1,1.0,0,0.7154513597488403,0.004363323500491643,20,4067,0.5275,508,5011
9,100,0.3,0.0,harm,hybrid,0.005,low_risk_q1,0.1,1.0,0,0.7284595966339111,0.00432645034414946,20,4067,0.5275,508,5011
9,100,0.3,0.0,harm,hybrid,0.005,low_risk_q1,0.1,1.0,0,0.7414678335189819,0.0042649950835791555,20,4067,0.5275,508,5011
9,100,0.3,0.0,harm,hybrid,0.005,low_risk_q1,0.1,1.0,0,0.754476010799408,0.0042649950835791555,20,4067,0.5275,508,5011
9,100,0.3,0.0,harm,hybrid,0.005,low_risk_q1,0.1,1.0,0,0.767484188079834,0.004191248770894789,20,4067,0.5275,508,5011
9,100,0.3,0.0,harm,hybrid,0.005,low_risk_q1,0.1,1.0,0,0.7804924249649048,0.0041666666666666675,20,4067,0.5275,508,5011
9,100,0.3,0.0,harm,hybrid,0.005,low_risk_q1,0.1,1.0,0,0.7935006618499756,0.004129793510324485,20,4067,0.5275,508,5011
9,100,0.3,0.0,harm,hybrid,0.005,low_risk_q1,0.1,1.0,0,0.8065088391304016,0.004056047197640118,20,4067,0.5275,508,5011
9,100,0.3,0.0,harm,hybrid,0.005,low_risk_q1,0.1,1.0,0,0.8195170164108276,0.004006882989183874,20,4067,0.5275,508,5011
9,100,0.3,0.0,harm,hybrid,0.005,low_risk_q1,0.1,1.0,0,0.8325252532958984,0.003945427728613569,20,4067,0.5275,508,5011
9,100,0.3,0.0,harm,hybrid,0.005,low_risk_q1,0.1,1.0,0,0.8455334901809692,0.003859390363815142,20,4067,0.5275,508,5011
9,100,0.3,0.0,harm,hybrid,0.005,low_risk_q1,0.1,1.0,0,0.8585416674613953,0.0037856440511307766,20,4067,0.5275,508,5011
9,100,0.3,0.0,harm,hybrid,0.005,low_risk_q1,0.1,1.0,0,0.8715498447418213,0.0037241887905604724,20,4067,0.5275,508,5011
9,100,0.3,0.0,harm,hybrid,0.005,low_risk_q1,0.1,1.0,0,0.8845580816268921,0.003625860373647985,20,4067,0.5275,508,5011
9,100,0.3,0.0,harm,hybrid,0.005,low_risk_q1,0.1,1.0,0,0.8975663185119629,0.003539823008849557,20,4067,0.5275,508,5011
9,100,0.3,0.0,harm,hybrid,0.005,low_risk_q1,0.1,1.0,0,0.9105744957923889,0.0034292035398230084,20,4067,0.5275,508,5011
9,100,0.3,0.0,harm,hybrid,0.005,low_risk_q1,0.1,1.0,0,0.9235826730728149,0.0033308751229105212,20,4067,0.5175,508,5011
9,100,0.3,0.0,harm,hybrid,0.005,low_risk_q1,0.1,1.0,0,0.9365909099578857,0.0031956735496558504,20,4067,0.5025,508,5011
9,100,0.3,0.0,harm,hybrid,0.005,low_risk_q1,0.1,1.0,0,0.9495991468429565,0.00306047197640118,20,4067,0.48500000000000004,508,5011
9,100,0.3,0.0,harm,hybrid,0.005,low_risk_q1,0.1,1.0,0,0.9626073241233826,0.0028638151425762048,20,4067,0.4625,508,5011
9,100,0.3,0.0,harm,hybrid,0.005,low_risk_q1,0.1,1.0,0,0.9756155014038086,0.002605703048180924,20,4067,0.42750000000000005,508,5011
9,100,0.3,0.0,harm,hybrid,0.005,low_risk_q1,0.1,1.0,0,0.9886237382888794,0.0023230088495575217,20,4067,0.375,508,5011
9,100,0.3,0.0,harm,hybrid,0.005,low_risk_q1,0.1,1.0,0,1.0016319751739502,0.0018928220255653883,20,4067,0.2975,508,5011
9,100,0.3,0.0,harm,hybrid,0.005,low_risk_q1,0.1,1.0,0,1.0146400928497314,0.0015240904621435596,20,4067,0.23499999999999996,508,5011
9,100,0.3,0.0,harm,hybrid,0.005,low_risk_q1,0.1,1.0,0,1.0276483297348022,0.0012659783677482794,20,4067,0.1875,508,5011
9,100,0.3,0.0,harm,hybrid,0.005,low_risk_q1,0.1,1.0,0,1.040656566619873,0.0009832841691248771,20,4067,0.1325,508,5011
9,100,0.3,0.0,harm,hybrid,0.005,low_risk_q1,0.1,1.0,0,1.0536648035049438,0.0007743362831858409,20,4067,0.09,508,5011
9,100,0.3,0.0,harm,hybrid,0.005,low_risk_q1,0.1,1.0,0,1.0666730403900146,0.0006145526057030482,20,4067,0.06250000000000001,508,5011
9,100,0.3,0.0,harm,hybrid,0.005,low_risk_q1,0.1,1.0,0,1.079681158065796,0.0004547689282202557,20,4067,0.032500000000000015,508,5011
9,100,0.3,0.0,harm,hybrid,0.005,low_risk_q1,0.1,1.0,0,1.0926893949508667,0.0003687315634218289,20,4067,0.019999999999999997,508,5011
9,100,0.3,0.0,harm,hybrid,0.005,low_risk_q1,0.1,1.0,0,1.1056976318359375,0.00031956735496558507,20,4067,0.0125,508,5011
9,100,0.3,0.0,harm,hybrid,0.005,low_risk_q1,0.1,1.0,0,1.1187057495117188,0.0002949852507374631,20,4067,0.0075000000000000015,508,5011
9,100,0.3,0.0,harm,hybrid,0.005,low_risk_q1,0.1,1.0,0,1.1317139863967896,0.00027040314650934123,20,4067,0.0025,508,5011
9,100,0.3,0.0,harm,hybrid,0.005,low_risk_q1,0.1,1.0,0,1.1447222232818604,0.00025811209439528023,20,4067,0.0,508,5011
9,100,0.3,0.0,harm,hybrid,0.005,low_risk_q1,0.1,1.0,0,1.1577304601669312,0.00025811209439528023,20,4067,0.0,508,5011
9,100,0.3,0.0,harm,hybrid,0.005,low_risk_q1,0.1,1.0,0,1.170738697052002,0.00025811209439528023,20,4067,0.0,508,5011
9,100,0.3,0.0,harm,hybrid,0.005,low_risk_q1,0.1,1.0,0,1.1837468147277832,0.00025811209439528023,20,4067,0.0,508,5011
9,100,0.3,0.0,harm,hybrid,0.005,low_risk_q1,0.1,1.0,0,1.196755051612854,0.00025811209439528023,20,4067,0.0,508,5011
9,100,0.3,0.0,harm,hybrid,0.005,low_risk_q1,0.1,1.0,0,1.2097632884979248,0.0002458210422812193,20,4067,0.0,508,5011
9,100,0.3,0.0,harm,hybrid,0.005,low_risk_q1,0.1,1.0,0,1.222771406173706,0.0002458210422812193,20,4067,0.0,508,5011
9,100,0.3,0.0,harm,hybrid,0.005,low_risk_q1,0.1,1.0,0,1.2357796430587769,0.0002458210422812193,20,4067,0.0,508,5011
9,100,0.3,0.0,harm,hybrid,0.005,low_risk_q1,0.1,1.0,0,1.2487878799438477,0.0002458210422812193,20,4067,0.0,508,5011
9,100,0.3,0.0,harm,hybrid,0.005,low_risk_q1,0.1,1.0,0,1.2617961168289185,0.0002458210422812193,20,4067,0.0,508,5011
9,100,0.3,0.0,harm,hybrid,0.005,low_risk_q1,0.1,1.0,0,1.2748043537139893,0.0002458210422812193,20,4067,0.0,508,5011
9,100,0.3,0.0,harm,hybrid,0.005,low_risk_q1,0.1,1.0,0,1.2878124713897705,0.0002458210422812193,20,4067,0.0,508,5011
