run_id,epoch,base_harm,beta,score_type,conformal_method,Collective,Report Strategy,Report Fraction,likes_softmax_temperature,topk_n,gamma,calib_risk_adjusted,num_adv_users,calib_set_size,avg_harm_adv_raw,total_flagged_items,total_items_seen_by_adv_users
0,100,0.3,0.0,harm,hybrid,0.01,likes,0.1,1.0,0,0.11756947636604309,0.0032962962962962963,40,4049,0.09250000000000001,994,9740
0,100,0.3,0.0,harm,hybrid,0.01,likes,0.1,1.0,0,0.12999893724918365,0.0032962962962962963,40,4049,0.09250000000000001,994,9740
0,100,0.3,0.0,harm,hybrid,0.01,likes,0.1,1.0,0,0.14242839813232422,0.0032962962962962963,40,4049,0.09250000000000001,994,9740
0,100,0.3,0.0,harm,hybrid,0.01,likes,0.1,1.0,0,0.1548578441143036,0.0032962962962962963,40,4049,0.09250000000000001,994,9740
0,100,0.3,0.0,harm,hybrid,0.01,likes,0.1,1.0,0,0.16728731989860535,0.0032962962962962963,40,4049,0.09250000000000001,994,9740
0,100,0.3,0.0,harm,hybrid,0.01,likes,0.1,1.0,0,0.17971676588058472,0.0032962962962962963,40,4049,0.09250000000000001,994,9740
0,100,0.3,0.0,harm,hybrid,0.01,likes,0.1,1.0,0,0.19214622676372528,0.0032962962962962963,40,4049,0.09250000000000001,994,9740
0,100,0.3,0.0,harm,hybrid,0.01,likes,0.1,1.0,0,0.20457568764686584,0.0032962962962962963,40,4049,0.09250000000000001,994,9740
0,100,0.3,0.0,harm,hybrid,0.01,likes,0.1,1.0,0,0.2170051485300064,0.0032962962962962963,40,4049,0.09250000000000001,994,9740
0,100,0.3,0.0,harm,hybrid,0.01,likes,0.1,1.0,0,0.22943460941314697,0.0032962962962962963,40,4049,0.09250000000000001,994,9740
0,100,0.3,0.0,harm,hybrid,0.01,likes,0.1,1.0,0,0.24186407029628754,0.0032962962962962963,40,4049,0.09250000000000001,994,9740
0,100,0.3,0.0,harm,hybrid,0.01,likes,0.1,1.0,0,0.2542935311794281,0.003283950617283951,40,4049,0.09250000000000001,994,9740
0,100,0.3,0.0,harm,hybrid,0.01,likes,0.1,1.0,0,0.26672297716140747,0.003283950617283951,40,4049,0.09250000000000001,994,9740
0,100,0.3,0.0,harm,hybrid,0.01,likes,0.1,1.0,0,0.27915245294570923,0.003283950617283951,40,4049,0.09250000000000001,994,9740
0,100,0.3,0.0,harm,hybrid,0.01,likes,0.1,1.0,0,0.2915818989276886,0.003283950617283951,40,4049,0.09250000000000001,994,9740
0,100,0.3,0.0,harm,hybrid,0.01,likes,0.1,1.0,0,0.30401134490966797,0.003271604938271605,40,4049,0.09250000000000001,994,9740
0,100,0.3,0.0,harm,hybrid,0.01,likes,0.1,1.0,0,0.3164408206939697,0.003259259259259259,40,4049,0.09125000000000001,994,9740
0,100,0.3,0.0,harm,hybrid,0.01,likes,0.1,1.0,0,0.3288702964782715,0.003259259259259259,40,4049,0.09125000000000001,994,9740
0,100,0.3,0.0,harm,hybrid,0.01,likes,0.1,1.0,0,0.34129974246025085,0.003259259259259259,40,4049,0.09125000000000001,994,9740
0,100,0.3,0.0,harm,hybrid,0.01,likes,0.1,1.0,0,0.3537291884422302,0.0032469135802469136,40,4049,0.09000000000000001,994,9740
0,100,0.3,0.0,harm,hybrid,0.01,likes,0.1,1.0,0,0.366158664226532,0.0032222222222222227,40,4049,0.0875,994,9740
0,100,0.3,0.0,harm,hybrid,0.01,likes,0.1,1.0,0,0.37858811020851135,0.003197530864197531,40,4049,0.08625000000000001,994,9740
0,100,0.3,0.0,harm,hybrid,0.01,likes,0.1,1.0,0,0.3910175859928131,0.003197530864197531,40,4049,0.08625000000000001,994,9740
0,100,0.3,0.0,harm,hybrid,0.01,likes,0.1,1.0,0,0.4034470319747925,0.003197530864197531,40,4049,0.08625000000000001,994,9740
0,100,0.3,0.0,harm,hybrid,0.01,likes,0.1,1.0,0,0.41587647795677185,0.0031851851851851854,40,4049,0.08499999999999999,994,9740
0,100,0.3,0.0,harm,hybrid,0.01,likes,0.1,1.0,0,0.4283059537410736,0.0031111111111111114,40,4049,0.07875000000000001,994,9740
0,100,0.3,0.0,harm,hybrid,0.01,likes,0.1,1.0,0,0.440735399723053,0.0031111111111111114,40,4049,0.07875000000000001,994,9740
0,100,0.3,0.0,harm,hybrid,0.01,likes,0.1,1.0,0,0.45316487550735474,0.003061728395061728,40,4049,0.07625,994,9740
0,100,0.3,0.0,harm,hybrid,0.01,likes,0.1,1.0,0,0.4655943214893341,0.003061728395061728,40,4049,0.07625,994,9740
0,100,0.3,0.0,harm,hybrid,0.01,likes,0.1,1.0,0,0.47802379727363586,0.003049382716049383,40,4049,0.07375000000000001,994,9740
0,100,0.3,0.0,harm,hybrid,0.01,likes,0.1,1.0,0,0.49045324325561523,0.002950617283950618,40,4049,0.06999999999999999,994,9740
0,100,0.3,0.0,harm,hybrid,0.01,likes,0.1,1.0,0,0.502882719039917,0.002925925925925926,40,4049,0.0675,994,9740
0,100,0.3,0.0,harm,hybrid,0.01,likes,0.1,1.0,0,0.5153121948242188,0.0028765432098765437,40,4049,0.06625,994,9740
0,100,0.3,0.0,harm,hybrid,0.01,likes,0.1,1.0,0,0.5277416110038757,0.0028641975308641983,40,4049,0.06625,994,9740
0,100,0.3,0.0,harm,hybrid,0.01,likes,0.1,1.0,0,0.5401710867881775,0.002839506172839506,40,4049,0.065,994,9740
0,100,0.3,0.0,harm,hybrid,0.01,likes,0.1,1.0,0,0.5526005029678345,0.0028148148148148156,40,4049,0.0625,994,9740
0,100,0.3,0.0,harm,hybrid,0.01,likes,0.1,1.0,0,0.5650299787521362,0.0027777777777777783,40,4049,0.0625,994,9740
0,100,0.3,0.0,harm,hybrid,0.01,likes,0.1,1.0,0,0.577459454536438,0.002728395061728395,40,4049,0.061250000000000006,994,9740
0,100,0.3,0.0,harm,hybrid,0.01,likes,0.1,1.0,0,0.5898889303207397,0.00271604938271605,40,4049,0.061250000000000006,994,9740
0,100,0.3,0.0,harm,hybrid,0.01,likes,0.1,1.0,0,0.6023184061050415,0.0026790123456790125,40,4049,0.061250000000000006,994,9740
0,100,0.3,0.0,harm,hybrid,0.01,likes,0.1,1.0,0,0.6147478818893433,0.002666666666666667,40,4049,0.061250000000000006,994,9740
0,100,0.3,0.0,harm,hybrid,0.01,likes,0.1,1.0,0,0.6271772384643555,0.002654320987654321,40,4049,0.061250000000000006,994,9740
0,100,0.3,0.0,harm,hybrid,0.01,likes,0.1,1.0,0,0.6396067142486572,0.0026049382716049384,40,4049,0.06000000000000001,994,9740
0,100,0.3,0.0,harm,hybrid,0.01,likes,0.1,1.0,0,0.652036190032959,0.0025925925925925925,40,4049,0.06000000000000001,994,9740
0,100,0.3,0.0,harm,hybrid,0.01,likes,0.1,1.0,0,0.6644656658172607,0.00254320987654321,40,4049,0.06000000000000001,994,9740
0,100,0.3,0.0,harm,hybrid,0.01,likes,0.1,1.0,0,0.6768951416015625,0.00254320987654321,40,4049,0.06000000000000001,994,9740
0,100,0.3,0.0,harm,hybrid,0.01,likes,0.1,1.0,0,0.6893246173858643,0.002506172839506173,40,4049,0.06000000000000001,994,9740
0,100,0.3,0.0,harm,hybrid,0.01,likes,0.1,1.0,0,0.701754093170166,0.0024567901234567903,40,4049,0.06000000000000001,994,9740
0,100,0.3,0.0,harm,hybrid,0.01,likes,0.1,1.0,0,0.7141834497451782,0.0024444444444444444,40,4049,0.06000000000000001,994,9740
0,100,0.3,0.0,harm,hybrid,0.01,likes,0.1,1.0,0,0.72661292552948,0.0024320987654320994,40,4049,0.06000000000000001,994,9740
0,100,0.3,0.0,harm,hybrid,0.01,likes,0.1,1.0,0,0.7390424013137817,0.0024197530864197535,40,4049,0.06000000000000001,994,9740
0,100,0.3,0.0,harm,hybrid,0.01,likes,0.1,1.0,0,0.7514718770980835,0.0024074074074074076,40,4049,0.06000000000000001,994,9740
0,100,0.3,0.0,harm,hybrid,0.01,likes,0.1,1.0,0,0.7639013528823853,0.0023827160493827162,40,4049,0.06000000000000001,994,9740
0,100,0.3,0.0,harm,hybrid,0.01,likes,0.1,1.0,0,0.776330828666687,0.002358024691358025,40,4049,0.06000000000000001,994,9740
0,100,0.3,0.0,harm,hybrid,0.01,likes,0.1,1.0,0,0.7887603044509888,0.0023209876543209876,40,4049,0.06000000000000001,994,9740
0,100,0.3,0.0,harm,hybrid,0.01,likes,0.1,1.0,0,0.8011897802352905,0.0023086419753086417,40,4049,0.06000000000000001,994,9740
0,100,0.3,0.0,harm,hybrid,0.01,likes,0.1,1.0,0,0.8136191368103027,0.0022716049382716054,40,4049,0.06000000000000001,994,9740
0,100,0.3,0.0,harm,hybrid,0.01,likes,0.1,1.0,0,0.8260486125946045,0.0021728395061728395,40,4049,0.06000000000000001,994,9740
0,100,0.3,0.0,harm,hybrid,0.01,likes,0.1,1.0,0,0.8384780883789062,0.00208641975308642,40,4049,0.06000000000000001,994,9740
0,100,0.3,0.0,harm,hybrid,0.01,likes,0.1,1.0,0,0.850907564163208,0.0020370370370370373,40,4049,0.06000000000000001,994,9740
0,100,0.3,0.0,harm,hybrid,0.01,likes,0.1,1.0,0,0.8633370399475098,0.0019506172839506176,40,4049,0.06000000000000001,994,9740
0,100,0.3,0.0,harm,hybrid,0.01,likes,0.1,1.0,0,0.8757665157318115,0.0019012345679012346,40,4049,0.06000000000000001,994,9740
0,100,0.3,0.0,harm,hybrid,0.01,likes,0.1,1.0,0,0.8881959915161133,0.001839506172839506,40,4049,0.06000000000000001,994,9740
0,100,0.3,0.0,harm,hybrid,0.01,likes,0.1,1.0,0,0.9006253480911255,0.0017530864197530863,40,4049,0.06000000000000001,994,9740
0,100,0.3,0.0,harm,hybrid,0.01,likes,0.1,1.0,0,0.9130548238754272,0.0016172839506172839,40,4049,0.06000000000000001,994,9740
0,100,0.3,0.0,harm,hybrid,0.01,likes,0.1,1.0,0,0.925484299659729,0.0015061728395061728,40,4049,0.06000000000000001,994,9740
0,100,0.3,0.0,harm,hybrid,0.01,likes,0.1,1.0,0,0.9379137754440308,0.0014567901234567903,40,4049,0.06000000000000001,994,9740
0,100,0.3,0.0,harm,hybrid,0.01,likes,0.1,1.0,0,0.9503432512283325,0.001419753086419753,40,4049,0.06000000000000001,994,9740
0,100,0.3,0.0,harm,hybrid,0.01,likes,0.1,1.0,0,0.9627727270126343,0.0013333333333333335,40,4049,0.06000000000000001,994,9740
0,100,0.3,0.0,harm,hybrid,0.01,likes,0.1,1.0,0,0.975202202796936,0.0012962962962962965,40,4049,0.06000000000000001,994,9740
0,100,0.3,0.0,harm,hybrid,0.01,likes,0.1,1.0,0,0.9876315593719482,0.0012222222222222222,40,4049,0.05875000000000001,994,9740
0,100,0.3,0.0,harm,hybrid,0.01,likes,0.1,1.0,0,1.00006103515625,0.001049382716049383,40,4049,0.05250000000000001,994,9740
0,100,0.3,0.0,harm,hybrid,0.01,likes,0.1,1.0,0,1.0124905109405518,0.0009135802469135803,40,4049,0.04625,994,9740
0,100,0.3,0.0,harm,hybrid,0.01,likes,0.1,1.0,0,1.0249199867248535,0.0007901234567901235,40,4049,0.036250000000000004,994,9740
0,100,0.3,0.0,harm,hybrid,0.01,likes,0.1,1.0,0,1.0373494625091553,0.0006913580246913581,40,4049,0.030000000000000006,994,9740
0,100,0.3,0.0,harm,hybrid,0.01,likes,0.1,1.0,0,1.049778938293457,0.0005679012345679013,40,4049,0.0225,994,9740
0,100,0.3,0.0,harm,hybrid,0.01,likes,0.1,1.0,0,1.0622084140777588,0.0005185185185185186,40,4049,0.02,994,9740
0,100,0.3,0.0,harm,hybrid,0.01,likes,0.1,1.0,0,1.074637770652771,0.00045679012345679014,40,4049,0.015000000000000003,994,9740
0,100,0.3,0.0,harm,hybrid,0.01,likes,0.1,1.0,0,1.0870672464370728,0.00039506172839506176,40,4049,0.00875,994,9740
0,100,0.3,0.0,harm,hybrid,0.01,likes,0.1,1.0,0,1.0994967222213745,0.00034567901234567905,40,4049,0.00625,994,9740
0,100,0.3,0.0,harm,hybrid,0.01,likes,0.1,1.0,0,1.1119261980056763,0.00030864197530864197,40,4049,0.0037500000000000007,994,9740
0,100,0.3,0.0,harm,hybrid,0.01,likes,0.1,1.0,0,1.124355673789978,0.0002839506172839506,40,4049,0.0025,994,9740
0,100,0.3,0.0,harm,hybrid,0.01,likes,0.1,1.0,0,1.1367850303649902,0.00027160493827160494,40,4049,0.00125,994,9740
0,100,0.3,0.0,harm,hybrid,0.01,likes,0.1,1.0,0,1.149214506149292,0.00027160493827160494,40,4049,0.00125,994,9740
0,100,0.3,0.0,harm,hybrid,0.01,likes,0.1,1.0,0,1.1616439819335938,0.00027160493827160494,40,4049,0.00125,994,9740
0,100,0.3,0.0,harm,hybrid,0.01,likes,0.1,1.0,0,1.1740734577178955,0.00025925925925925926,40,4049,0.0,994,9740
0,100,0.3,0.0,harm,hybrid,0.01,likes,0.1,1.0,0,1.1865029335021973,0.00025925925925925926,40,4049,0.0,994,9740
0,100,0.3,0.0,harm,hybrid,0.01,likes,0.1,1.0,0,1.198932409286499,0.00025925925925925926,40,4049,0.0,994,9740
0,100,0.3,0.0,harm,hybrid,0.01,likes,0.1,1.0,0,1.2113618850708008,0.0002469135802469136,40,4049,0.0,994,9740
0,100,0.3,0.0,harm,hybrid,0.01,likes,0.1,1.0,0,1.223791241645813,0.0002469135802469136,40,4049,0.0,994,9740
0,100,0.3,0.0,harm,hybrid,0.01,likes,0.1,1.0,0,1.2362207174301147,0.0002469135802469136,40,4049,0.0,994,9740
0,100,0.3,0.0,harm,hybrid,0.01,likes,0.1,1.0,0,1.2486501932144165,0.0002469135802469136,40,4049,0.0,994,9740
0,100,0.3,0.0,harm,hybrid,0.01,likes,0.1,1.0,0,1.2610796689987183,0.0002469135802469136,40,4049,0.0,994,9740
0,100,0.3,0.0,harm,hybrid,0.01,likes,0.1,1.0,0,1.27350914478302,0.0002469135802469136,40,4049,0.0,994,9740
0,100,0.3,0.0,harm,hybrid,0.01,likes,0.1,1.0,0,1.2859386205673218,0.0002469135802469136,40,4049,0.0,994,9740
0,100,0.3,0.0,harm,hybrid,0.01,likes,0.1,1.0,0,1.2983680963516235,0.0002469135802469136,40,4049,0.0,994,9740
0,100,0.3,0.0,harm,hybrid,0.01,likes,0.1,1.0,0,1.3107974529266357,0.0002469135802469136,40,4049,0.0,994,9740
0,100,0.3,0.0,harm,hybrid,0.01,likes,0.1,1.0,0,1.3232269287109375,0.0002469135802469136,40,4049,0.0,994,9740
0,100,0.3,0.0,harm,hybrid,0.01,likes,0.1,1.0,0,1.3356564044952393,0.0002469135802469136,40,4049,0.0,994,9740
0,100,0.3,0.0,harm,hybrid,0.01,likes,0.1,1.0,0,1.348085880279541,0.0002469135802469136,40,4049,0.0,994,9740
1,100,0.3,0.0,harm,hybrid,0.01,likes,0.1,1.0,0,0.04140770435333252,0.003591635916359164,40,4064,0.11749999999999998,996,9774
1,100,0.3,0.0,harm,hybrid,0.01,likes,0.1,1.0,0,0.05379550904035568,0.003591635916359164,40,4064,0.11749999999999998,996,9774
1,100,0.3,0.0,harm,hybrid,0.01,likes,0.1,1.0,0,0.06618331372737885,0.003591635916359164,40,4064,0.11749999999999998,996,9774
1,100,0.3,0.0,harm,hybrid,0.01,likes,0.1,1.0,0,0.07857111841440201,0.003591635916359164,40,4064,0.11749999999999998,996,9774
1,100,0.3,0.0,harm,hybrid,0.01,likes,0.1,1.0,0,0.09095892310142517,0.003591635916359164,40,4064,0.11749999999999998,996,9774
1,100,0.3,0.0,harm,hybrid,0.01,likes,0.1,1.0,0,0.10334672778844833,0.003591635916359164,40,4064,0.11749999999999998,996,9774
1,100,0.3,0.0,harm,hybrid,0.01,likes,0.1,1.0,0,0.1157345324754715,0.003591635916359164,40,4064,0.11749999999999998,996,9774
1,100,0.3,0.0,harm,hybrid,0.01,likes,0.1,1.0,0,0.12812232971191406,0.003591635916359164,40,4064,0.11749999999999998,996,9774
1,100,0.3,0.0,harm,hybrid,0.01,likes,0.1,1.0,0,0.14051014184951782,0.003591635916359164,40,4064,0.11749999999999998,996,9774
1,100,0.3,0.0,harm,hybrid,0.01,likes,0.1,1.0,0,0.15289795398712158,0.003591635916359164,40,4064,0.11749999999999998,996,9774
1,100,0.3,0.0,harm,hybrid,0.01,likes,0.1,1.0,0,0.16528575122356415,0.003591635916359164,40,4064,0.11749999999999998,996,9774
1,100,0.3,0.0,harm,hybrid,0.01,likes,0.1,1.0,0,0.1776735484600067,0.003591635916359164,40,4064,0.11749999999999998,996,9774
1,100,0.3,0.0,harm,hybrid,0.01,likes,0.1,1.0,0,0.19006136059761047,0.003591635916359164,40,4064,0.11749999999999998,996,9774
1,100,0.3,0.0,harm,hybrid,0.01,likes,0.1,1.0,0,0.20244917273521423,0.003591635916359164,40,4064,0.11749999999999998,996,9774
1,100,0.3,0.0,harm,hybrid,0.01,likes,0.1,1.0,0,0.2148369699716568,0.003591635916359164,40,4064,0.11749999999999998,996,9774
1,100,0.3,0.0,harm,hybrid,0.01,likes,0.1,1.0,0,0.22722476720809937,0.003591635916359164,40,4064,0.11749999999999998,996,9774
1,100,0.3,0.0,harm,hybrid,0.01,likes,0.1,1.0,0,0.23961257934570312,0.003591635916359164,40,4064,0.11749999999999998,996,9774
1,100,0.3,0.0,harm,hybrid,0.01,likes,0.1,1.0,0,0.2520003914833069,0.003591635916359164,40,4064,0.11749999999999998,996,9774
1,100,0.3,0.0,harm,hybrid,0.01,likes,0.1,1.0,0,0.26438820362091064,0.003591635916359164,40,4064,0.11749999999999998,996,9774
1,100,0.3,0.0,harm,hybrid,0.01,likes,0.1,1.0,0,0.276775985956192,0.003591635916359164,40,4064,0.11749999999999998,996,9774
1,100,0.3,0.0,harm,hybrid,0.01,likes,0.1,1.0,0,0.2891637980937958,0.003579335793357934,40,4064,0.11625,996,9774
1,100,0.3,0.0,harm,hybrid,0.01,likes,0.1,1.0,0,0.30155161023139954,0.003567035670356704,40,4064,0.11499999999999999,996,9774
1,100,0.3,0.0,harm,hybrid,0.01,likes,0.1,1.0,0,0.3139393925666809,0.003567035670356704,40,4064,0.11499999999999999,996,9774
1,100,0.3,0.0,harm,hybrid,0.01,likes,0.1,1.0,0,0.32632720470428467,0.0035547355473554737,40,4064,0.11374999999999999,996,9774
1,100,0.3,0.0,harm,hybrid,0.01,likes,0.1,1.0,0,0.3387150168418884,0.0035424354243542436,40,4064,0.1125,996,9774
1,100,0.3,0.0,harm,hybrid,0.01,likes,0.1,1.0,0,0.3511028289794922,0.0035424354243542436,40,4064,0.1125,996,9774
1,100,0.3,0.0,harm,hybrid,0.01,likes,0.1,1.0,0,0.36349064111709595,0.003517835178351784,40,4064,0.1125,996,9774
1,100,0.3,0.0,harm,hybrid,0.01,likes,0.1,1.0,0,0.3758784234523773,0.0035055350553505533,40,4064,0.1125,996,9774
1,100,0.3,0.0,harm,hybrid,0.01,likes,0.1,1.0,0,0.3882662355899811,0.003468634686346864,40,4064,0.11000000000000001,996,9774
1,100,0.3,0.0,harm,hybrid,0.01,likes,0.1,1.0,0,0.40065404772758484,0.0034440344403444036,40,4064,0.10750000000000001,996,9774
1,100,0.3,0.0,harm,hybrid,0.01,likes,0.1,1.0,0,0.4130418300628662,0.003419434194341944,40,4064,0.10499999999999998,996,9774
1,100,0.3,0.0,harm,hybrid,0.01,likes,0.1,1.0,0,0.42542964220046997,0.0034071340713407133,40,4064,0.10499999999999998,996,9774
1,100,0.3,0.0,harm,hybrid,0.01,likes,0.1,1.0,0,0.43781745433807373,0.003284132841328414,40,4064,0.09875,996,9774
1,100,0.3,0.0,harm,hybrid,0.01,likes,0.1,1.0,0,0.4502052664756775,0.0032349323493234936,40,4064,0.09375,996,9774
1,100,0.3,0.0,harm,hybrid,0.01,likes,0.1,1.0,0,0.46259307861328125,0.0031734317343173435,40,4064,0.09,996,9774
1,100,0.3,0.0,harm,hybrid,0.01,likes,0.1,1.0,0,0.4749808609485626,0.003087330873308733,40,4064,0.09,996,9774
1,100,0.3,0.0,harm,hybrid,0.01,likes,0.1,1.0,0,0.4873686730861664,0.0030750307503075035,40,4064,0.08875,996,9774
1,100,0.3,0.0,harm,hybrid,0.01,likes,0.1,1.0,0,0.49975648522377014,0.003013530135301353,40,4064,0.085,996,9774
1,100,0.3,0.0,harm,hybrid,0.01,likes,0.1,1.0,0,0.5121442675590515,0.002988929889298893,40,4064,0.08375,996,9774
1,100,0.3,0.0,harm,hybrid,0.01,likes,0.1,1.0,0,0.5245320796966553,0.002952029520295203,40,4064,0.08125000000000002,996,9774
1,100,0.3,0.0,harm,hybrid,0.01,likes,0.1,1.0,0,0.536919891834259,0.0029151291512915134,40,4064,0.07875000000000001,996,9774
1,100,0.3,0.0,harm,hybrid,0.01,likes,0.1,1.0,0,0.5493077039718628,0.0028536285362853633,40,4064,0.07875000000000001,996,9774
1,100,0.3,0.0,harm,hybrid,0.01,likes,0.1,1.0,0,0.5616955161094666,0.0028536285362853633,40,4064,0.0775,996,9774
1,100,0.3,0.0,harm,hybrid,0.01,likes,0.1,1.0,0,0.5740833282470703,0.0028167281672816734,40,4064,0.0775,996,9774
1,100,0.3,0.0,harm,hybrid,0.01,likes,0.1,1.0,0,0.5864710807800293,0.002755227552275523,40,4064,0.0775,996,9774
1,100,0.3,0.0,harm,hybrid,0.01,likes,0.1,1.0,0,0.5988588929176331,0.002730627306273063,40,4064,0.07625,996,9774
1,100,0.3,0.0,harm,hybrid,0.01,likes,0.1,1.0,0,0.6112467050552368,0.002693726937269373,40,4064,0.07625,996,9774
1,100,0.3,0.0,harm,hybrid,0.01,likes,0.1,1.0,0,0.6236345171928406,0.0026814268142681436,40,4064,0.07625,996,9774
1,100,0.3,0.0,harm,hybrid,0.01,likes,0.1,1.0,0,0.6360223293304443,0.002656826568265683,40,4064,0.07625,996,9774
1,100,0.3,0.0,harm,hybrid,0.01,likes,0.1,1.0,0,0.6484101414680481,0.002632226322263223,40,4064,0.07625,996,9774
1,100,0.3,0.0,harm,hybrid,0.01,likes,0.1,1.0,0,0.6607979536056519,0.0026076260762607634,40,4064,0.07625,996,9774
1,100,0.3,0.0,harm,hybrid,0.01,likes,0.1,1.0,0,0.6731857657432556,0.0025830258302583027,40,4064,0.07625,996,9774
1,100,0.3,0.0,harm,hybrid,0.01,likes,0.1,1.0,0,0.6855735778808594,0.0025707257072570726,40,4064,0.07625,996,9774
1,100,0.3,0.0,harm,hybrid,0.01,likes,0.1,1.0,0,0.6979613304138184,0.0025338253382533827,40,4064,0.07625,996,9774
1,100,0.3,0.0,harm,hybrid,0.01,likes,0.1,1.0,0,0.7103491425514221,0.0024846248462484627,40,4064,0.07625,996,9774
1,100,0.3,0.0,harm,hybrid,0.01,likes,0.1,1.0,0,0.7227369546890259,0.0024600246002460025,40,4064,0.07625,996,9774
1,100,0.3,0.0,harm,hybrid,0.01,likes,0.1,1.0,0,0.7351247668266296,0.0024600246002460025,40,4064,0.07625,996,9774
1,100,0.3,0.0,harm,hybrid,0.01,likes,0.1,1.0,0,0.7475125789642334,0.0023862238622386223,40,4064,0.07625,996,9774
1,100,0.3,0.0,harm,hybrid,0.01,likes,0.1,1.0,0,0.7599003911018372,0.0023124231242312426,40,4064,0.07625,996,9774
1,100,0.3,0.0,harm,hybrid,0.01,likes,0.1,1.0,0,0.7722882032394409,0.0022386223862238624,40,4064,0.07625,996,9774
1,100,0.3,0.0,harm,hybrid,0.01,likes,0.1,1.0,0,0.7846759557723999,0.0022017220172201725,40,4064,0.07625,996,9774
1,100,0.3,0.0,harm,hybrid,0.01,likes,0.1,1.0,0,0.7970637679100037,0.002152521525215252,40,4064,0.07625,996,9774
1,100,0.3,0.0,harm,hybrid,0.01,likes,0.1,1.0,0,0.8094515800476074,0.002091020910209102,40,4064,0.07625,996,9774
1,100,0.3,0.0,harm,hybrid,0.01,likes,0.1,1.0,0,0.8218393921852112,0.001943419434194342,40,4064,0.07625,996,9774
1,100,0.3,0.0,harm,hybrid,0.01,likes,0.1,1.0,0,0.8342272043228149,0.0018327183271832717,40,4064,0.07625,996,9774
1,100,0.3,0.0,harm,hybrid,0.01,likes,0.1,1.0,0,0.8466150164604187,0.0016728167281672818,40,4064,0.07625,996,9774
1,100,0.3,0.0,harm,hybrid,0.01,likes,0.1,1.0,0,0.8590028285980225,0.0015867158671586715,40,4064,0.07625,996,9774
1,100,0.3,0.0,harm,hybrid,0.01,likes,0.1,1.0,0,0.8713906407356262,0.0015498154981549816,40,4064,0.07625,996,9774
1,100,0.3,0.0,harm,hybrid,0.01,likes,0.1,1.0,0,0.88377845287323,0.0015006150061500616,40,4064,0.07625,996,9774
1,100,0.3,0.0,harm,hybrid,0.01,likes,0.1,1.0,0,0.896166205406189,0.0014145141451414513,40,4064,0.075,996,9774
1,100,0.3,0.0,harm,hybrid,0.01,likes,0.1,1.0,0,0.9085540175437927,0.0012792127921279213,40,4064,0.0675,996,9774
1,100,0.3,0.0,harm,hybrid,0.01,likes,0.1,1.0,0,0.9209418296813965,0.001082410824108241,40,4064,0.058750000000000004,996,9774
1,100,0.3,0.0,harm,hybrid,0.01,likes,0.1,1.0,0,0.9333296418190002,0.000996309963099631,40,4064,0.05375,996,9774
1,100,0.3,0.0,harm,hybrid,0.01,likes,0.1,1.0,0,0.945717453956604,0.0008856088560885609,40,4064,0.04875,996,9774
1,100,0.3,0.0,harm,hybrid,0.01,likes,0.1,1.0,0,0.9581052660942078,0.0007749077490774908,40,4064,0.041249999999999995,996,9774
1,100,0.3,0.0,harm,hybrid,0.01,likes,0.1,1.0,0,0.9704930782318115,0.0006765067650676506,40,4064,0.03125,996,9774
1,100,0.3,0.0,harm,hybrid,0.01,likes,0.1,1.0,0,0.9828808307647705,0.0005535055350553505,40,4064,0.0225,996,9774
1,100,0.3,0.0,harm,hybrid,0.01,likes,0.1,1.0,0,0.9952686429023743,0.0005043050430504304,40,4064,0.01875,996,9774
1,100,0.3,0.0,harm,hybrid,0.01,likes,0.1,1.0,0,1.007656455039978,0.00040590405904059035,40,4064,0.011250000000000001,996,9774
1,100,0.3,0.0,harm,hybrid,0.01,likes,0.1,1.0,0,1.0200443267822266,0.00036900369003690036,40,4064,0.0075000000000000015,996,9774
1,100,0.3,0.0,harm,hybrid,0.01,likes,0.1,1.0,0,1.0324320793151855,0.00030750307503075026,40,4064,0.0037500000000000007,996,9774
1,100,0.3,0.0,harm,hybrid,0.01,likes,0.1,1.0,0,1.0448198318481445,0.00029520295202952026,40,4064,0.0025,996,9774
1,100,0.3,0.0,harm,hybrid,0.01,likes,0.1,1.0,0,1.057207703590393,0.00028290282902829027,40,4064,0.00125,996,9774
1,100,0.3,0.0,harm,hybrid,0.01,likes,0.1,1.0,0,1.069595456123352,0.00028290282902829027,40,4064,0.00125,996,9774
1,100,0.3,0.0,harm,hybrid,0.01,likes,0.1,1.0,0,1.0819833278656006,0.00028290282902829027,40,4064,0.00125,996,9774
1,100,0.3,0.0,harm,hybrid,0.01,likes,0.1,1.0,0,1.0943710803985596,0.00027060270602706027,40,4064,0.00125,996,9774
1,100,0.3,0.0,harm,hybrid,0.01,likes,0.1,1.0,0,1.106758952140808,0.0002460024600246002,40,4064,0.0,996,9774
1,100,0.3,0.0,harm,hybrid,0.01,likes,0.1,1.0,0,1.119146704673767,0.0002460024600246002,40,4064,0.0,996,9774
1,100,0.3,0.0,harm,hybrid,0.01,likes,0.1,1.0,0,1.131534457206726,0.0002460024600246002,40,4064,0.0,996,9774
1,100,0.3,0.0,harm,hybrid,0.01,likes,0.1,1.0,0,1.1439223289489746,0.0002460024600246002,40,4064,0.0,996,9774
1,100,0.3,0.0,harm,hybrid,0.01,likes,0.1,1.0,0,1.1563100814819336,0.0002460024600246002,40,4064,0.0,996,9774
1,100,0.3,0.0,harm,hybrid,0.01,likes,0.1,1.0,0,1.1686979532241821,0.0002460024600246002,40,4064,0.0,996,9774
1,100,0.3,0.0,harm,hybrid,0.01,likes,0.1,1.0,0,1.1810857057571411,0.0002460024600246002,40,4064,0.0,996,9774
1,100,0.3,0.0,harm,hybrid,0.01,likes,0.1,1.0,0,1.1934735774993896,0.0002460024600246002,40,4064,0.0,996,9774
1,100,0.3,0.0,harm,hybrid,0.01,likes,0.1,1.0,0,1.2058613300323486,0.0002460024600246002,40,4064,0.0,996,9774
1,100,0.3,0.0,harm,hybrid,0.01,likes,0.1,1.0,0,1.2182492017745972,0.0002460024600246002,40,4064,0.0,996,9774
1,100,0.3,0.0,harm,hybrid,0.01,likes,0.1,1.0,0,1.2306369543075562,0.0002460024600246002,40,4064,0.0,996,9774
1,100,0.3,0.0,harm,hybrid,0.01,likes,0.1,1.0,0,1.2430247068405151,0.0002460024600246002,40,4064,0.0,996,9774
1,100,0.3,0.0,harm,hybrid,0.01,likes,0.1,1.0,0,1.2554125785827637,0.0002460024600246002,40,4064,0.0,996,9774
1,100,0.3,0.0,harm,hybrid,0.01,likes,0.1,1.0,0,1.2678003311157227,0.0002460024600246002,40,4064,0.0,996,9774
2,100,0.3,0.0,harm,hybrid,0.01,likes,0.1,1.0,0,0.03058314323425293,0.0033939990162321692,40,4065,0.1,968,9516
2,100,0.3,0.0,harm,hybrid,0.01,likes,0.1,1.0,0,0.04363076761364937,0.0033939990162321692,40,4065,0.1,968,9516
2,100,0.3,0.0,harm,hybrid,0.01,likes,0.1,1.0,0,0.05667839199304581,0.0033939990162321692,40,4065,0.1,968,9516
2,100,0.3,0.0,harm,hybrid,0.01,likes,0.1,1.0,0,0.06972602009773254,0.0033939990162321692,40,4065,0.1,968,9516
2,100,0.3,0.0,harm,hybrid,0.01,likes,0.1,1.0,0,0.08277364075183868,0.0033939990162321692,40,4065,0.1,968,9516
2,100,0.3,0.0,harm,hybrid,0.01,likes,0.1,1.0,0,0.09582126885652542,0.0033939990162321692,40,4065,0.1,968,9516
2,100,0.3,0.0,harm,hybrid,0.01,likes,0.1,1.0,0,0.10886889696121216,0.0033939990162321692,40,4065,0.1,968,9516
2,100,0.3,0.0,harm,hybrid,0.01,likes,0.1,1.0,0,0.1219165176153183,0.0033939990162321692,40,4065,0.1,968,9516
2,100,0.3,0.0,harm,hybrid,0.01,likes,0.1,1.0,0,0.13496413826942444,0.0033939990162321692,40,4065,0.1,968,9516
2,100,0.3,0.0,harm,hybrid,0.01,likes,0.1,1.0,0,0.14801177382469177,0.0033939990162321692,40,4065,0.1,968,9516
2,100,0.3,0.0,harm,hybrid,0.01,likes,0.1,1.0,0,0.1610593944787979,0.0033939990162321692,40,4065,0.1,968,9516
2,100,0.3,0.0,harm,hybrid,0.01,likes,0.1,1.0,0,0.17410701513290405,0.0033939990162321692,40,4065,0.1,968,9516
2,100,0.3,0.0,harm,hybrid,0.01,likes,0.1,1.0,0,0.1871546506881714,0.0033939990162321692,40,4065,0.1,968,9516
2,100,0.3,0.0,harm,hybrid,0.01,likes,0.1,1.0,0,0.20020227134227753,0.0033939990162321692,40,4065,0.1,968,9516
2,100,0.3,0.0,harm,hybrid,0.01,likes,0.1,1.0,0,0.21324989199638367,0.0033939990162321692,40,4065,0.1,968,9516
2,100,0.3,0.0,harm,hybrid,0.01,likes,0.1,1.0,0,0.226297527551651,0.0033939990162321692,40,4065,0.1,968,9516
2,100,0.3,0.0,harm,hybrid,0.01,likes,0.1,1.0,0,0.23934514820575714,0.0033939990162321692,40,4065,0.1,968,9516
2,100,0.3,0.0,harm,hybrid,0.01,likes,0.1,1.0,0,0.2523927688598633,0.0033817019183472706,40,4065,0.09875,968,9516
2,100,0.3,0.0,harm,hybrid,0.01,likes,0.1,1.0,0,0.2654404044151306,0.0033571077225774725,40,4065,0.0975,968,9516
2,100,0.3,0.0,harm,hybrid,0.01,likes,0.1,1.0,0,0.27848803997039795,0.0033571077225774725,40,4065,0.0975,968,9516
2,100,0.3,0.0,harm,hybrid,0.01,likes,0.1,1.0,0,0.2915356457233429,0.0033571077225774725,40,4065,0.0975,968,9516
2,100,0.3,0.0,harm,hybrid,0.01,likes,0.1,1.0,0,0.30458328127861023,0.0033325135268076735,40,4065,0.09625,968,9516
2,100,0.3,0.0,harm,hybrid,0.01,likes,0.1,1.0,0,0.3176308870315552,0.0033325135268076735,40,4065,0.09625,968,9516
2,100,0.3,0.0,harm,hybrid,0.01,likes,0.1,1.0,0,0.3306785225868225,0.0033325135268076735,40,4065,0.09625,968,9516
2,100,0.3,0.0,harm,hybrid,0.01,likes,0.1,1.0,0,0.34372615814208984,0.0033202164289227744,40,4065,0.095,968,9516
2,100,0.3,0.0,harm,hybrid,0.01,likes,0.1,1.0,0,0.3567737638950348,0.0033202164289227744,40,4065,0.095,968,9516
2,100,0.3,0.0,harm,hybrid,0.01,likes,0.1,1.0,0,0.3698213994503021,0.003283325135268077,40,4065,0.09125000000000001,968,9516
2,100,0.3,0.0,harm,hybrid,0.01,likes,0.1,1.0,0,0.38286903500556946,0.0032710280373831778,40,4065,0.09125000000000001,968,9516
2,100,0.3,0.0,harm,hybrid,0.01,likes,0.1,1.0,0,0.3959166407585144,0.003221839645843581,40,4065,0.08875,968,9516
2,100,0.3,0.0,harm,hybrid,0.01,likes,0.1,1.0,0,0.40896427631378174,0.0032095425479586816,40,4065,0.0875,968,9516
2,100,0.3,0.0,harm,hybrid,0.01,likes,0.1,1.0,0,0.4220119118690491,0.0031603541564190854,40,4065,0.08625000000000001,968,9516
2,100,0.3,0.0,harm,hybrid,0.01,likes,0.1,1.0,0,0.435059517621994,0.0031111657648794887,40,4065,0.085,968,9516
2,100,0.3,0.0,harm,hybrid,0.01,likes,0.1,1.0,0,0.44810715317726135,0.0030865715691096906,40,4065,0.08249999999999999,968,9516
2,100,0.3,0.0,harm,hybrid,0.01,likes,0.1,1.0,0,0.4611547887325287,0.003025086079685195,40,4065,0.07874999999999999,968,9516
2,100,0.3,0.0,harm,hybrid,0.01,likes,0.1,1.0,0,0.47420239448547363,0.0029881947860304963,40,4065,0.07625,968,9516
2,100,0.3,0.0,harm,hybrid,0.01,likes,0.1,1.0,0,0.48725003004074097,0.0029636005902606987,40,4065,0.075,968,9516
2,100,0.3,0.0,harm,hybrid,0.01,likes,0.1,1.0,0,0.5002976655960083,0.002902115100836203,40,4065,0.07125000000000001,968,9516
2,100,0.3,0.0,harm,hybrid,0.01,likes,0.1,1.0,0,0.5133452415466309,0.002852926709296606,40,4065,0.0675,968,9516
2,100,0.3,0.0,harm,hybrid,0.01,likes,0.1,1.0,0,0.526392936706543,0.002803738317757009,40,4065,0.06375,968,9516
2,100,0.3,0.0,harm,hybrid,0.01,likes,0.1,1.0,0,0.5394405126571655,0.0027791441219872115,40,4065,0.0625,968,9516
2,100,0.3,0.0,harm,hybrid,0.01,likes,0.1,1.0,0,0.5524881482124329,0.0027053615346778162,40,4065,0.061250000000000006,968,9516
2,100,0.3,0.0,harm,hybrid,0.01,likes,0.1,1.0,0,0.5655357837677002,0.0026807673389080172,40,4065,0.061250000000000006,968,9516
2,100,0.3,0.0,harm,hybrid,0.01,likes,0.1,1.0,0,0.5785834193229675,0.0026315789473684214,40,4065,0.058750000000000004,968,9516
2,100,0.3,0.0,harm,hybrid,0.01,likes,0.1,1.0,0,0.5916310548782349,0.002606984751598623,40,4065,0.058750000000000004,968,9516
2,100,0.3,0.0,harm,hybrid,0.01,likes,0.1,1.0,0,0.6046786308288574,0.0025454992621741267,40,4065,0.058750000000000004,968,9516
2,100,0.3,0.0,harm,hybrid,0.01,likes,0.1,1.0,0,0.6177262663841248,0.0024840137727496314,40,4065,0.058750000000000004,968,9516
2,100,0.3,0.0,harm,hybrid,0.01,likes,0.1,1.0,0,0.6307739019393921,0.0024840137727496314,40,4065,0.058750000000000004,968,9516
2,100,0.3,0.0,harm,hybrid,0.01,likes,0.1,1.0,0,0.6438215374946594,0.0024471224790949334,40,4065,0.058750000000000004,968,9516
2,100,0.3,0.0,harm,hybrid,0.01,likes,0.1,1.0,0,0.6568691730499268,0.0024348253812100347,40,4065,0.058750000000000004,968,9516
2,100,0.3,0.0,harm,hybrid,0.01,likes,0.1,1.0,0,0.6699168086051941,0.002410231185440236,40,4065,0.058750000000000004,968,9516
2,100,0.3,0.0,harm,hybrid,0.01,likes,0.1,1.0,0,0.6829643845558167,0.002373339891785539,40,4065,0.058750000000000004,968,9516
2,100,0.3,0.0,harm,hybrid,0.01,likes,0.1,1.0,0,0.696012020111084,0.002336448598130841,40,4065,0.058750000000000004,968,9516
2,100,0.3,0.0,harm,hybrid,0.01,likes,0.1,1.0,0,0.7090596556663513,0.002324151500245942,40,4065,0.058750000000000004,968,9516
2,100,0.3,0.0,harm,hybrid,0.01,likes,0.1,1.0,0,0.7221072912216187,0.0022995573044761438,40,4065,0.058750000000000004,968,9516
2,100,0.3,0.0,harm,hybrid,0.01,likes,0.1,1.0,0,0.735154926776886,0.002262666010821446,40,4065,0.058750000000000004,968,9516
2,100,0.3,0.0,harm,hybrid,0.01,likes,0.1,1.0,0,0.7482025623321533,0.0022380718150516485,40,4065,0.058750000000000004,968,9516
2,100,0.3,0.0,harm,hybrid,0.01,likes,0.1,1.0,0,0.7612501382827759,0.0022011805213969504,40,4065,0.058750000000000004,968,9516
2,100,0.3,0.0,harm,hybrid,0.01,likes,0.1,1.0,0,0.7742977738380432,0.002127397934087555,40,4065,0.058750000000000004,968,9516
2,100,0.3,0.0,harm,hybrid,0.01,likes,0.1,1.0,0,0.7873454093933105,0.0020782095425479585,40,4065,0.058750000000000004,968,9516
2,100,0.3,0.0,harm,hybrid,0.01,likes,0.1,1.0,0,0.8003930449485779,0.0020536153467781604,40,4065,0.058750000000000004,968,9516
2,100,0.3,0.0,harm,hybrid,0.01,likes,0.1,1.0,0,0.8134406805038452,0.0019675356615838665,40,4065,0.058750000000000004,968,9516
2,100,0.3,0.0,harm,hybrid,0.01,likes,0.1,1.0,0,0.8264883160591125,0.0018814559763895723,40,4065,0.058750000000000004,968,9516
2,100,0.3,0.0,harm,hybrid,0.01,likes,0.1,1.0,0,0.8395358920097351,0.0018445646827348746,40,4065,0.058750000000000004,968,9516
2,100,0.3,0.0,harm,hybrid,0.01,likes,0.1,1.0,0,0.8525835275650024,0.0017707820954254798,40,4065,0.058750000000000004,968,9516
2,100,0.3,0.0,harm,hybrid,0.01,likes,0.1,1.0,0,0.8656311631202698,0.0016355140186915889,40,4065,0.058750000000000004,968,9516
2,100,0.3,0.0,harm,hybrid,0.01,likes,0.1,1.0,0,0.8786787986755371,0.0015494343334972946,40,4065,0.058750000000000004,968,9516
2,100,0.3,0.0,harm,hybrid,0.01,likes,0.1,1.0,0,0.8917264342308044,0.0014141662567634036,40,4065,0.058750000000000004,968,9516
2,100,0.3,0.0,harm,hybrid,0.01,likes,0.1,1.0,0,0.904774010181427,0.0013403836694540088,40,4065,0.058750000000000004,968,9516
2,100,0.3,0.0,harm,hybrid,0.01,likes,0.1,1.0,0,0.9178216457366943,0.0012666010821446136,40,4065,0.058750000000000004,968,9516
2,100,0.3,0.0,harm,hybrid,0.01,likes,0.1,1.0,0,0.9308692812919617,0.0011436301032956224,40,4065,0.05375,968,9516
2,100,0.3,0.0,harm,hybrid,0.01,likes,0.1,1.0,0,0.943916916847229,0.0010329562223315297,40,4065,0.05125,968,9516
2,100,0.3,0.0,harm,hybrid,0.01,likes,0.1,1.0,0,0.9569645524024963,0.0009345794392523364,40,4065,0.04875,968,9516
2,100,0.3,0.0,harm,hybrid,0.01,likes,0.1,1.0,0,0.9700121879577637,0.0008484997540580423,40,4065,0.042499999999999996,968,9516
2,100,0.3,0.0,harm,hybrid,0.01,likes,0.1,1.0,0,0.9830597639083862,0.0007870142646335465,40,4065,0.04,968,9516
2,100,0.3,0.0,harm,hybrid,0.01,likes,0.1,1.0,0,0.9961073994636536,0.000676340383669454,40,4065,0.03125,968,9516
2,100,0.3,0.0,harm,hybrid,0.01,likes,0.1,1.0,0,1.009155035018921,0.000528775209050664,40,4065,0.021249999999999998,968,9516
2,100,0.3,0.0,harm,hybrid,0.01,likes,0.1,1.0,0,1.022202730178833,0.0004918839153959665,40,4065,0.02,968,9516
2,100,0.3,0.0,harm,hybrid,0.01,likes,0.1,1.0,0,1.0352503061294556,0.00041810132808657157,40,4065,0.0125,968,9516
2,100,0.3,0.0,harm,hybrid,0.01,likes,0.1,1.0,0,1.0482978820800781,0.00034431874077717656,40,4065,0.00625,968,9516
2,100,0.3,0.0,harm,hybrid,0.01,likes,0.1,1.0,0,1.0613455772399902,0.0003197245450073783,40,4065,0.0037500000000000007,968,9516
2,100,0.3,0.0,harm,hybrid,0.01,likes,0.1,1.0,0,1.0743931531906128,0.0003074274471224791,40,4065,0.0025,968,9516
2,100,0.3,0.0,harm,hybrid,0.01,likes,0.1,1.0,0,1.087440848350525,0.00029513034923757994,40,4065,0.00125,968,9516
2,100,0.3,0.0,harm,hybrid,0.01,likes,0.1,1.0,0,1.1004884243011475,0.00025823905558288243,40,4065,0.00125,968,9516
2,100,0.3,0.0,harm,hybrid,0.01,likes,0.1,1.0,0,1.11353600025177,0.00025823905558288243,40,4065,0.00125,968,9516
2,100,0.3,0.0,harm,hybrid,0.01,likes,0.1,1.0,0,1.1265836954116821,0.00025823905558288243,40,4065,0.00125,968,9516
2,100,0.3,0.0,harm,hybrid,0.01,likes,0.1,1.0,0,1.1396312713623047,0.00025823905558288243,40,4065,0.00125,968,9516
2,100,0.3,0.0,harm,hybrid,0.01,likes,0.1,1.0,0,1.1526789665222168,0.00025823905558288243,40,4065,0.00125,968,9516
2,100,0.3,0.0,harm,hybrid,0.01,likes,0.1,1.0,0,1.1657265424728394,0.00024594195769798326,40,4065,0.0,968,9516
2,100,0.3,0.0,harm,hybrid,0.01,likes,0.1,1.0,0,1.178774118423462,0.00024594195769798326,40,4065,0.0,968,9516
2,100,0.3,0.0,harm,hybrid,0.01,likes,0.1,1.0,0,1.191821813583374,0.00024594195769798326,40,4065,0.0,968,9516
2,100,0.3,0.0,harm,hybrid,0.01,likes,0.1,1.0,0,1.2048693895339966,0.00024594195769798326,40,4065,0.0,968,9516
2,100,0.3,0.0,harm,hybrid,0.01,likes,0.1,1.0,0,1.2179170846939087,0.00024594195769798326,40,4065,0.0,968,9516
2,100,0.3,0.0,harm,hybrid,0.01,likes,0.1,1.0,0,1.2309646606445312,0.00024594195769798326,40,4065,0.0,968,9516
2,100,0.3,0.0,harm,hybrid,0.01,likes,0.1,1.0,0,1.2440123558044434,0.00024594195769798326,40,4065,0.0,968,9516
2,100,0.3,0.0,harm,hybrid,0.01,likes,0.1,1.0,0,1.257059931755066,0.00024594195769798326,40,4065,0.0,968,9516
2,100,0.3,0.0,harm,hybrid,0.01,likes,0.1,1.0,0,1.2701075077056885,0.00024594195769798326,40,4065,0.0,968,9516
2,100,0.3,0.0,harm,hybrid,0.01,likes,0.1,1.0,0,1.2831552028656006,0.00024594195769798326,40,4065,0.0,968,9516
2,100,0.3,0.0,harm,hybrid,0.01,likes,0.1,1.0,0,1.2962027788162231,0.00024594195769798326,40,4065,0.0,968,9516
2,100,0.3,0.0,harm,hybrid,0.01,likes,0.1,1.0,0,1.3092504739761353,0.00024594195769798326,40,4065,0.0,968,9516
2,100,0.3,0.0,harm,hybrid,0.01,likes,0.1,1.0,0,1.3222980499267578,0.00024594195769798326,40,4065,0.0,968,9516
3,100,0.3,0.0,harm,hybrid,0.01,likes,0.1,1.0,0,0.05018720030784607,0.003334156581872067,40,4048,0.1125,1029,10105
3,100,0.3,0.0,harm,hybrid,0.01,likes,0.1,1.0,0,0.06261549144983292,0.003334156581872067,40,4048,0.1125,1029,10105
3,100,0.3,0.0,harm,hybrid,0.01,likes,0.1,1.0,0,0.07504378259181976,0.003334156581872067,40,4048,0.1125,1029,10105
3,100,0.3,0.0,harm,hybrid,0.01,likes,0.1,1.0,0,0.08747208118438721,0.003334156581872067,40,4048,0.1125,1029,10105
3,100,0.3,0.0,harm,hybrid,0.01,likes,0.1,1.0,0,0.09990036487579346,0.003334156581872067,40,4048,0.1125,1029,10105
3,100,0.3,0.0,harm,hybrid,0.01,likes,0.1,1.0,0,0.1123286634683609,0.003334156581872067,40,4048,0.1125,1029,10105
3,100,0.3,0.0,harm,hybrid,0.01,likes,0.1,1.0,0,0.12475695461034775,0.003334156581872067,40,4048,0.1125,1029,10105
3,100,0.3,0.0,harm,hybrid,0.01,likes,0.1,1.0,0,0.1371852457523346,0.003334156581872067,40,4048,0.1125,1029,10105
3,100,0.3,0.0,harm,hybrid,0.01,likes,0.1,1.0,0,0.14961352944374084,0.003334156581872067,40,4048,0.1125,1029,10105
3,100,0.3,0.0,harm,hybrid,0.01,likes,0.1,1.0,0,0.1620418280363083,0.003334156581872067,40,4048,0.1125,1029,10105
3,100,0.3,0.0,harm,hybrid,0.01,likes,0.1,1.0,0,0.17447012662887573,0.003334156581872067,40,4048,0.1125,1029,10105
3,100,0.3,0.0,harm,hybrid,0.01,likes,0.1,1.0,0,0.18689841032028198,0.003334156581872067,40,4048,0.1125,1029,10105
3,100,0.3,0.0,harm,hybrid,0.01,likes,0.1,1.0,0,0.19932670891284943,0.003334156581872067,40,4048,0.1125,1029,10105
3,100,0.3,0.0,harm,hybrid,0.01,likes,0.1,1.0,0,0.21175499260425568,0.003334156581872067,40,4048,0.1125,1029,10105
3,100,0.3,0.0,harm,hybrid,0.01,likes,0.1,1.0,0,0.22418329119682312,0.003334156581872067,40,4048,0.1125,1029,10105
3,100,0.3,0.0,harm,hybrid,0.01,likes,0.1,1.0,0,0.23661157488822937,0.003334156581872067,40,4048,0.1125,1029,10105
3,100,0.3,0.0,harm,hybrid,0.01,likes,0.1,1.0,0,0.24903987348079681,0.0033218078537910595,40,4048,0.11124999999999999,1029,10105
3,100,0.3,0.0,harm,hybrid,0.01,likes,0.1,1.0,0,0.26146817207336426,0.003309459125710052,40,4048,0.11000000000000001,1029,10105
3,100,0.3,0.0,harm,hybrid,0.01,likes,0.1,1.0,0,0.2738964557647705,0.0032971103976290445,40,4048,0.11000000000000001,1029,10105
3,100,0.3,0.0,harm,hybrid,0.01,likes,0.1,1.0,0,0.28632473945617676,0.003284761669548037,40,4048,0.10874999999999999,1029,10105
3,100,0.3,0.0,harm,hybrid,0.01,likes,0.1,1.0,0,0.298753023147583,0.003284761669548037,40,4048,0.10874999999999999,1029,10105
3,100,0.3,0.0,harm,hybrid,0.01,likes,0.1,1.0,0,0.31118133664131165,0.003284761669548037,40,4048,0.10874999999999999,1029,10105
3,100,0.3,0.0,harm,hybrid,0.01,likes,0.1,1.0,0,0.3236096203327179,0.003284761669548037,40,4048,0.10874999999999999,1029,10105
3,100,0.3,0.0,harm,hybrid,0.01,likes,0.1,1.0,0,0.33603790402412415,0.0032477154853050136,40,4048,0.10499999999999998,1029,10105
3,100,0.3,0.0,harm,hybrid,0.01,likes,0.1,1.0,0,0.3484662175178528,0.0032600642133860215,40,4048,0.10625,1029,10105
3,100,0.3,0.0,harm,hybrid,0.01,likes,0.1,1.0,0,0.36089450120925903,0.0032477154853050136,40,4048,0.10499999999999998,1029,10105
3,100,0.3,0.0,harm,hybrid,0.01,likes,0.1,1.0,0,0.3733227849006653,0.003198320572980983,40,4048,0.10124999999999999,1029,10105
3,100,0.3,0.0,harm,hybrid,0.01,likes,0.1,1.0,0,0.3857510983943939,0.0031736231168189677,40,4048,0.1,1029,10105
3,100,0.3,0.0,harm,hybrid,0.01,likes,0.1,1.0,0,0.39817938208580017,0.003124228204494937,40,4048,0.0975,1029,10105
3,100,0.3,0.0,harm,hybrid,0.01,likes,0.1,1.0,0,0.4106076657772064,0.0031118794764139297,40,4048,0.09624999999999999,1029,10105
3,100,0.3,0.0,harm,hybrid,0.01,likes,0.1,1.0,0,0.42303594946861267,0.0030995307483329218,40,4048,0.09374999999999999,1029,10105
3,100,0.3,0.0,harm,hybrid,0.01,likes,0.1,1.0,0,0.4354642629623413,0.0030377871079278838,40,4048,0.08875,1029,10105
3,100,0.3,0.0,harm,hybrid,0.01,likes,0.1,1.0,0,0.44789254665374756,0.0030007409236848612,40,4048,0.08625000000000001,1029,10105
3,100,0.3,0.0,harm,hybrid,0.01,likes,0.1,1.0,0,0.4603208303451538,0.0029636947394418374,40,4048,0.08375,1029,10105
3,100,0.3,0.0,harm,hybrid,0.01,likes,0.1,1.0,0,0.47274914383888245,0.0029513460113608303,40,4048,0.08249999999999999,1029,10105
3,100,0.3,0.0,harm,hybrid,0.01,likes,0.1,1.0,0,0.4851774275302887,0.0029513460113608303,40,4048,0.08249999999999999,1029,10105
3,100,0.3,0.0,harm,hybrid,0.01,likes,0.1,1.0,0,0.49760571122169495,0.0029266485551988144,40,4048,0.08249999999999999,1029,10105
3,100,0.3,0.0,harm,hybrid,0.01,likes,0.1,1.0,0,0.5100339651107788,0.0029142998271178074,40,4048,0.08125,1029,10105
3,100,0.3,0.0,harm,hybrid,0.01,likes,0.1,1.0,0,0.5224623084068298,0.0028896023709557915,40,4048,0.08,1029,10105
3,100,0.3,0.0,harm,hybrid,0.01,likes,0.1,1.0,0,0.5348905920982361,0.002852556186712769,40,4048,0.08,1029,10105
3,100,0.3,0.0,harm,hybrid,0.01,likes,0.1,1.0,0,0.5473188757896423,0.002827858730550753,40,4048,0.08,1029,10105
3,100,0.3,0.0,harm,hybrid,0.01,likes,0.1,1.0,0,0.5597472190856934,0.0028031612743887376,40,4048,0.08,1029,10105
3,100,0.3,0.0,harm,hybrid,0.01,likes,0.1,1.0,0,0.5721755027770996,0.0027414176339836996,40,4048,0.0775,1029,10105
3,100,0.3,0.0,harm,hybrid,0.01,likes,0.1,1.0,0,0.5846037864685059,0.0027043714497406767,40,4048,0.07625,1029,10105
3,100,0.3,0.0,harm,hybrid,0.01,likes,0.1,1.0,0,0.5970320701599121,0.002692022721659669,40,4048,0.07625,1029,10105
3,100,0.3,0.0,harm,hybrid,0.01,likes,0.1,1.0,0,0.6094603538513184,0.002654976537416646,40,4048,0.075,1029,10105
3,100,0.3,0.0,harm,hybrid,0.01,likes,0.1,1.0,0,0.6218886375427246,0.0026426278093356383,40,4048,0.075,1029,10105
3,100,0.3,0.0,harm,hybrid,0.01,likes,0.1,1.0,0,0.6343169212341309,0.002593232897011608,40,4048,0.075,1029,10105
3,100,0.3,0.0,harm,hybrid,0.01,likes,0.1,1.0,0,0.6467452049255371,0.002593232897011608,40,4048,0.075,1029,10105
3,100,0.3,0.0,harm,hybrid,0.01,likes,0.1,1.0,0,0.6591734886169434,0.0025561867127685857,40,4048,0.075,1029,10105
3,100,0.3,0.0,harm,hybrid,0.01,likes,0.1,1.0,0,0.6716017723083496,0.0025438379846875773,40,4048,0.075,1029,10105
3,100,0.3,0.0,harm,hybrid,0.01,likes,0.1,1.0,0,0.6840300559997559,0.002519140528525562,40,4048,0.075,1029,10105
3,100,0.3,0.0,harm,hybrid,0.01,likes,0.1,1.0,0,0.6964583396911621,0.0024697456162015314,40,4048,0.075,1029,10105
3,100,0.3,0.0,harm,hybrid,0.01,likes,0.1,1.0,0,0.7088866233825684,0.0024326994319585084,40,4048,0.075,1029,10105
3,100,0.3,0.0,harm,hybrid,0.01,likes,0.1,1.0,0,0.7213150262832642,0.002383304519634478,40,4048,0.075,1029,10105
3,100,0.3,0.0,harm,hybrid,0.01,likes,0.1,1.0,0,0.7337433099746704,0.0023339096073104466,40,4048,0.075,1029,10105
3,100,0.3,0.0,harm,hybrid,0.01,likes,0.1,1.0,0,0.7461715936660767,0.0023339096073104466,40,4048,0.075,1029,10105
3,100,0.3,0.0,harm,hybrid,0.01,likes,0.1,1.0,0,0.7585998773574829,0.0022845146949864166,40,4048,0.075,1029,10105
3,100,0.3,0.0,harm,hybrid,0.01,likes,0.1,1.0,0,0.7710281610488892,0.0022474685107433936,40,4048,0.075,1029,10105
3,100,0.3,0.0,harm,hybrid,0.01,likes,0.1,1.0,0,0.7834564447402954,0.0021363299580143247,40,4048,0.075,1029,10105
3,100,0.3,0.0,harm,hybrid,0.01,likes,0.1,1.0,0,0.7958847284317017,0.0020992837737713013,40,4048,0.075,1029,10105
3,100,0.3,0.0,harm,hybrid,0.01,likes,0.1,1.0,0,0.8083130121231079,0.0020745863176092863,40,4048,0.075,1029,10105
3,100,0.3,0.0,harm,hybrid,0.01,likes,0.1,1.0,0,0.8207412958145142,0.002012842677204248,40,4048,0.075,1029,10105
3,100,0.3,0.0,harm,hybrid,0.01,likes,0.1,1.0,0,0.8331695795059204,0.001975796492961225,40,4048,0.075,1029,10105
3,100,0.3,0.0,harm,hybrid,0.01,likes,0.1,1.0,0,0.8455978631973267,0.00195109903679921,40,4048,0.075,1029,10105
3,100,0.3,0.0,harm,hybrid,0.01,likes,0.1,1.0,0,0.8580261468887329,0.0018152630279081256,40,4048,0.075,1029,10105
3,100,0.3,0.0,harm,hybrid,0.01,likes,0.1,1.0,0,0.8704544305801392,0.0017782168436651026,40,4048,0.075,1029,10105
3,100,0.3,0.0,harm,hybrid,0.01,likes,0.1,1.0,0,0.8828827142715454,0.0016917757470980488,40,4048,0.075,1029,10105
3,100,0.3,0.0,harm,hybrid,0.01,likes,0.1,1.0,0,0.8953111171722412,0.0016176833786120033,40,4048,0.07375000000000001,1029,10105
3,100,0.3,0.0,harm,hybrid,0.01,likes,0.1,1.0,0,0.9077394008636475,0.0015312422820449494,40,4048,0.07375000000000001,1029,10105
3,100,0.3,0.0,harm,hybrid,0.01,likes,0.1,1.0,0,0.9201676845550537,0.0014571499135589035,40,4048,0.07375000000000001,1029,10105
3,100,0.3,0.0,harm,hybrid,0.01,likes,0.1,1.0,0,0.93259596824646,0.0014077550012348726,40,4048,0.07375000000000001,1029,10105
3,100,0.3,0.0,harm,hybrid,0.01,likes,0.1,1.0,0,0.9450242519378662,0.0012842677204247962,40,4048,0.0725,1029,10105
3,100,0.3,0.0,harm,hybrid,0.01,likes,0.1,1.0,0,0.9574525356292725,0.0012101753519387502,40,4048,0.07125000000000001,1029,10105
3,100,0.3,0.0,harm,hybrid,0.01,likes,0.1,1.0,0,0.9698808193206787,0.0010249444307236354,40,4048,0.06000000000000001,1029,10105
3,100,0.3,0.0,harm,hybrid,0.01,likes,0.1,1.0,0,0.982309103012085,0.0008026673252654977,40,4048,0.045,1029,10105
3,100,0.3,0.0,harm,hybrid,0.01,likes,0.1,1.0,0,0.9947373867034912,0.0006915287725364288,40,4048,0.0375,1029,10105
3,100,0.3,0.0,harm,hybrid,0.01,likes,0.1,1.0,0,1.0071656703948975,0.0006174364040503828,40,4048,0.03125,1029,10105
3,100,0.3,0.0,harm,hybrid,0.01,likes,0.1,1.0,0,1.0195939540863037,0.0005680414917263522,40,4048,0.026250000000000002,1029,10105
3,100,0.3,0.0,harm,hybrid,0.01,likes,0.1,1.0,0,1.03202223777771,0.0004939491232403062,40,4048,0.01875,1029,10105
3,100,0.3,0.0,harm,hybrid,0.01,likes,0.1,1.0,0,1.0444505214691162,0.0004075080266732526,40,4048,0.015000000000000003,1029,10105
3,100,0.3,0.0,harm,hybrid,0.01,likes,0.1,1.0,0,1.056878924369812,0.0003334156581872067,40,4048,0.00875,1029,10105
3,100,0.3,0.0,harm,hybrid,0.01,likes,0.1,1.0,0,1.0693072080612183,0.00029636947394418375,40,4048,0.005,1029,10105
3,100,0.3,0.0,harm,hybrid,0.01,likes,0.1,1.0,0,1.0817354917526245,0.0002716720177821684,40,4048,0.0025,1029,10105
3,100,0.3,0.0,harm,hybrid,0.01,likes,0.1,1.0,0,1.0941637754440308,0.0002716720177821684,40,4048,0.0025,1029,10105
3,100,0.3,0.0,harm,hybrid,0.01,likes,0.1,1.0,0,1.106592059135437,0.0002593232897011608,40,4048,0.00125,1029,10105
3,100,0.3,0.0,harm,hybrid,0.01,likes,0.1,1.0,0,1.1190203428268433,0.0002469745616201531,40,4048,0.0,1029,10105
3,100,0.3,0.0,harm,hybrid,0.01,likes,0.1,1.0,0,1.1314486265182495,0.0002469745616201531,40,4048,0.0,1029,10105
3,100,0.3,0.0,harm,hybrid,0.01,likes,0.1,1.0,0,1.1438769102096558,0.0002469745616201531,40,4048,0.0,1029,10105
3,100,0.3,0.0,harm,hybrid,0.01,likes,0.1,1.0,0,1.156305193901062,0.0002469745616201531,40,4048,0.0,1029,10105
3,100,0.3,0.0,harm,hybrid,0.01,likes,0.1,1.0,0,1.1687334775924683,0.0002469745616201531,40,4048,0.0,1029,10105
3,100,0.3,0.0,harm,hybrid,0.01,likes,0.1,1.0,0,1.1811617612838745,0.0002469745616201531,40,4048,0.0,1029,10105
3,100,0.3,0.0,harm,hybrid,0.01,likes,0.1,1.0,0,1.1935900449752808,0.0002469745616201531,40,4048,0.0,1029,10105
3,100,0.3,0.0,harm,hybrid,0.01,likes,0.1,1.0,0,1.2060184478759766,0.0002469745616201531,40,4048,0.0,1029,10105
3,100,0.3,0.0,harm,hybrid,0.01,likes,0.1,1.0,0,1.2184467315673828,0.0002469745616201531,40,4048,0.0,1029,10105
3,100,0.3,0.0,harm,hybrid,0.01,likes,0.1,1.0,0,1.230875015258789,0.0002469745616201531,40,4048,0.0,1029,10105
3,100,0.3,0.0,harm,hybrid,0.01,likes,0.1,1.0,0,1.2433032989501953,0.0002469745616201531,40,4048,0.0,1029,10105
3,100,0.3,0.0,harm,hybrid,0.01,likes,0.1,1.0,0,1.2557315826416016,0.0002469745616201531,40,4048,0.0,1029,10105
3,100,0.3,0.0,harm,hybrid,0.01,likes,0.1,1.0,0,1.2681598663330078,0.0002469745616201531,40,4048,0.0,1029,10105
3,100,0.3,0.0,harm,hybrid,0.01,likes,0.1,1.0,0,1.280588150024414,0.0002469745616201531,40,4048,0.0,1029,10105
4,100,0.3,0.0,harm,hybrid,0.01,likes,0.1,1.0,0,0.12783026695251465,0.003339104625278259,40,4042,0.1075,978,9602
4,100,0.3,0.0,harm,hybrid,0.01,likes,0.1,1.0,0,0.14074985682964325,0.003339104625278259,40,4042,0.1075,978,9602
4,100,0.3,0.0,harm,hybrid,0.01,likes,0.1,1.0,0,0.15366944670677185,0.003339104625278259,40,4042,0.1075,978,9602
4,100,0.3,0.0,harm,hybrid,0.01,likes,0.1,1.0,0,0.16658903658390045,0.003339104625278259,40,4042,0.1075,978,9602
4,100,0.3,0.0,harm,hybrid,0.01,likes,0.1,1.0,0,0.17950862646102905,0.003339104625278259,40,4042,0.1075,978,9602
4,100,0.3,0.0,harm,hybrid,0.01,likes,0.1,1.0,0,0.19242820143699646,0.003339104625278259,40,4042,0.1075,978,9602
4,100,0.3,0.0,harm,hybrid,0.01,likes,0.1,1.0,0,0.20534780621528625,0.003339104625278259,40,4042,0.1075,978,9602
4,100,0.3,0.0,harm,hybrid,0.01,likes,0.1,1.0,0,0.21826738119125366,0.003339104625278259,40,4042,0.1075,978,9602
4,100,0.3,0.0,harm,hybrid,0.01,likes,0.1,1.0,0,0.23118698596954346,0.003339104625278259,40,4042,0.1075,978,9602
4,100,0.3,0.0,harm,hybrid,0.01,likes,0.1,1.0,0,0.24410656094551086,0.003339104625278259,40,4042,0.1075,978,9602
4,100,0.3,0.0,harm,hybrid,0.01,likes,0.1,1.0,0,0.25702613592147827,0.003339104625278259,40,4042,0.1075,978,9602
4,100,0.3,0.0,harm,hybrid,0.01,likes,0.1,1.0,0,0.26994574069976807,0.003339104625278259,40,4042,0.1075,978,9602
4,100,0.3,0.0,harm,hybrid,0.01,likes,0.1,1.0,0,0.28286534547805786,0.003339104625278259,40,4042,0.1075,978,9602
4,100,0.3,0.0,harm,hybrid,0.01,likes,0.1,1.0,0,0.29578492045402527,0.003339104625278259,40,4042,0.1075,978,9602
4,100,0.3,0.0,harm,hybrid,0.01,likes,0.1,1.0,0,0.3087044954299927,0.003339104625278259,40,4042,0.1075,978,9602
4,100,0.3,0.0,harm,hybrid,0.01,likes,0.1,1.0,0,0.32162410020828247,0.003339104625278259,40,4042,0.1075,978,9602
4,100,0.3,0.0,harm,hybrid,0.01,likes,0.1,1.0,0,0.33454370498657227,0.003339104625278259,40,4042,0.1075,978,9602
4,100,0.3,0.0,harm,hybrid,0.01,likes,0.1,1.0,0,0.3474632799625397,0.003326737571110562,40,4042,0.10625,978,9602
4,100,0.3,0.0,harm,hybrid,0.01,likes,0.1,1.0,0,0.3603828549385071,0.003326737571110562,40,4042,0.10625,978,9602
4,100,0.3,0.0,harm,hybrid,0.01,likes,0.1,1.0,0,0.3733024597167969,0.003326737571110562,40,4042,0.10625,978,9602
4,100,0.3,0.0,harm,hybrid,0.01,likes,0.1,1.0,0,0.3862220346927643,0.0033143705169428645,40,4042,0.10500000000000001,978,9602
4,100,0.3,0.0,harm,hybrid,0.01,likes,0.1,1.0,0,0.3991416394710541,0.0033020034627751675,40,4042,0.10375000000000001,978,9602
4,100,0.3,0.0,harm,hybrid,0.01,likes,0.1,1.0,0,0.4120612144470215,0.003277269354439773,40,4042,0.1025,978,9602
4,100,0.3,0.0,harm,hybrid,0.01,likes,0.1,1.0,0,0.4249808192253113,0.003277269354439773,40,4042,0.1025,978,9602
4,100,0.3,0.0,harm,hybrid,0.01,likes,0.1,1.0,0,0.4379003942012787,0.003277269354439773,40,4042,0.1025,978,9602
4,100,0.3,0.0,harm,hybrid,0.01,likes,0.1,1.0,0,0.4508199989795685,0.0032649023002720755,40,4042,0.10124999999999999,978,9602
4,100,0.3,0.0,harm,hybrid,0.01,likes,0.1,1.0,0,0.4637395739555359,0.0032649023002720755,40,4042,0.10124999999999999,978,9602
4,100,0.3,0.0,harm,hybrid,0.01,likes,0.1,1.0,0,0.4766591787338257,0.003252535246104378,40,4042,0.1,978,9602
4,100,0.3,0.0,harm,hybrid,0.01,likes,0.1,1.0,0,0.4895787537097931,0.003252535246104378,40,4042,0.1,978,9602
4,100,0.3,0.0,harm,hybrid,0.01,likes,0.1,1.0,0,0.5024983882904053,0.003252535246104378,40,4042,0.1,978,9602
4,100,0.3,0.0,harm,hybrid,0.01,likes,0.1,1.0,0,0.5154179334640503,0.0032401681919366813,40,4042,0.1,978,9602
4,100,0.3,0.0,harm,hybrid,0.01,likes,0.1,1.0,0,0.5283375382423401,0.003215434083601286,40,4042,0.0975,978,9602
4,100,0.3,0.0,harm,hybrid,0.01,likes,0.1,1.0,0,0.5412571430206299,0.0031906999752658923,40,4042,0.09625,978,9602
4,100,0.3,0.0,harm,hybrid,0.01,likes,0.1,1.0,0,0.5541766881942749,0.0031412317585951025,40,4042,0.095,978,9602
4,100,0.3,0.0,harm,hybrid,0.01,likes,0.1,1.0,0,0.5670962929725647,0.0031164976502597082,40,4042,0.0925,978,9602
4,100,0.3,0.0,harm,hybrid,0.01,likes,0.1,1.0,0,0.5800158977508545,0.0031041305960920113,40,4042,0.0925,978,9602
4,100,0.3,0.0,harm,hybrid,0.01,likes,0.1,1.0,0,0.5929354429244995,0.0030546623794212224,40,4042,0.09000000000000001,978,9602
4,100,0.3,0.0,harm,hybrid,0.01,likes,0.1,1.0,0,0.6058550477027893,0.0030422953252535246,40,4042,0.08875,978,9602
4,100,0.3,0.0,harm,hybrid,0.01,likes,0.1,1.0,0,0.6187746524810791,0.003017561216918131,40,4042,0.08875,978,9602
4,100,0.3,0.0,harm,hybrid,0.01,likes,0.1,1.0,0,0.6316942572593689,0.002992827108582736,40,4042,0.08875,978,9602
4,100,0.3,0.0,harm,hybrid,0.01,likes,0.1,1.0,0,0.6446138024330139,0.0029557259460796445,40,4042,0.08875,978,9602
4,100,0.3,0.0,harm,hybrid,0.01,likes,0.1,1.0,0,0.6575334072113037,0.0029186247835765525,40,4042,0.08875,978,9602
4,100,0.3,0.0,harm,hybrid,0.01,likes,0.1,1.0,0,0.6704530119895935,0.002856789512738066,40,4042,0.08625,978,9602
4,100,0.3,0.0,harm,hybrid,0.01,likes,0.1,1.0,0,0.6833726167678833,0.0028320554044026715,40,4042,0.08625,978,9602
4,100,0.3,0.0,harm,hybrid,0.01,likes,0.1,1.0,0,0.6962921619415283,0.002807321296067277,40,4042,0.08625,978,9602
4,100,0.3,0.0,harm,hybrid,0.01,likes,0.1,1.0,0,0.7092117667198181,0.00279495424189958,40,4042,0.08625,978,9602
4,100,0.3,0.0,harm,hybrid,0.01,likes,0.1,1.0,0,0.7221313714981079,0.0027454860252287905,40,4042,0.08625,978,9602
4,100,0.3,0.0,harm,hybrid,0.01,likes,0.1,1.0,0,0.7350509762763977,0.002720751916893396,40,4042,0.08625,978,9602
4,100,0.3,0.0,harm,hybrid,0.01,likes,0.1,1.0,0,0.7479705214500427,0.002708384862725699,40,4042,0.08625,978,9602
4,100,0.3,0.0,harm,hybrid,0.01,likes,0.1,1.0,0,0.7608901262283325,0.002696017808558002,40,4042,0.08625,978,9602
4,100,0.3,0.0,harm,hybrid,0.01,likes,0.1,1.0,0,0.7738097310066223,0.0026836507543903047,40,4042,0.08625,978,9602
4,100,0.3,0.0,harm,hybrid,0.01,likes,0.1,1.0,0,0.7867292761802673,0.0026712837002226073,40,4042,0.08625,978,9602
4,100,0.3,0.0,harm,hybrid,0.01,likes,0.1,1.0,0,0.7996488809585571,0.0026341825377195157,40,4042,0.08625,978,9602
4,100,0.3,0.0,harm,hybrid,0.01,likes,0.1,1.0,0,0.8125684857368469,0.0025847143210487263,40,4042,0.08625,978,9602
4,100,0.3,0.0,harm,hybrid,0.01,likes,0.1,1.0,0,0.8254880905151367,0.002559980212713332,40,4042,0.08625,978,9602
4,100,0.3,0.0,harm,hybrid,0.01,likes,0.1,1.0,0,0.8384076356887817,0.002547613158545635,40,4042,0.08625,978,9602
4,100,0.3,0.0,harm,hybrid,0.01,likes,0.1,1.0,0,0.8513272404670715,0.0025105119960425427,40,4042,0.08625,978,9602
4,100,0.3,0.0,harm,hybrid,0.01,likes,0.1,1.0,0,0.8642468452453613,0.0024486767252040564,40,4042,0.08625,978,9602
4,100,0.3,0.0,harm,hybrid,0.01,likes,0.1,1.0,0,0.8771664500236511,0.0023744744001978737,40,4042,0.08625,978,9602
4,100,0.3,0.0,harm,hybrid,0.01,likes,0.1,1.0,0,0.8900859951972961,0.0023250061835270843,40,4042,0.08625,978,9602
4,100,0.3,0.0,harm,hybrid,0.01,likes,0.1,1.0,0,0.9030055999755859,0.0022384368043532033,40,4042,0.08625,978,9602
4,100,0.3,0.0,harm,hybrid,0.01,likes,0.1,1.0,0,0.9159252047538757,0.0021642344793470197,40,4042,0.08625,978,9602
4,100,0.3,0.0,harm,hybrid,0.01,likes,0.1,1.0,0,0.9288448095321655,0.0021271333168439276,40,4042,0.08625,978,9602
4,100,0.3,0.0,harm,hybrid,0.01,likes,0.1,1.0,0,0.9417643547058105,0.0020281968835023497,40,4042,0.08625,978,9602
4,100,0.3,0.0,harm,hybrid,0.01,likes,0.1,1.0,0,0.9546839594841003,0.001978728666831561,40,4042,0.08625,978,9602
4,100,0.3,0.0,harm,hybrid,0.01,likes,0.1,1.0,0,0.9676035642623901,0.0019045263418253776,40,4042,0.08625,978,9602
4,100,0.3,0.0,harm,hybrid,0.01,likes,0.1,1.0,0,0.9805231094360352,0.001830324016819194,40,4042,0.08625,978,9602
4,100,0.3,0.0,harm,hybrid,0.01,likes,0.1,1.0,0,0.993442714214325,0.0017561216918130106,40,4042,0.08625,978,9602
4,100,0.3,0.0,harm,hybrid,0.01,likes,0.1,1.0,0,1.0063623189926147,0.0016324511501360378,40,4042,0.08625,978,9602
4,100,0.3,0.0,harm,hybrid,0.01,likes,0.1,1.0,0,1.0192818641662598,0.0015211476626267625,40,4042,0.08625,978,9602
4,100,0.3,0.0,harm,hybrid,0.01,likes,0.1,1.0,0,1.0322015285491943,0.0014593123917882762,40,4042,0.08499999999999999,978,9602
4,100,0.3,0.0,harm,hybrid,0.01,likes,0.1,1.0,0,1.0451210737228394,0.001409844175117487,40,4042,0.08375,978,9602
4,100,0.3,0.0,harm,hybrid,0.01,likes,0.1,1.0,0,1.0580406188964844,0.0013109077417759092,40,4042,0.075,978,9602
4,100,0.3,0.0,harm,hybrid,0.01,likes,0.1,1.0,0,1.070960283279419,0.0011377689834281474,40,4042,0.0625,978,9602
4,100,0.3,0.0,harm,hybrid,0.01,likes,0.1,1.0,0,1.083879828453064,0.0010017313875834777,40,4042,0.052500000000000005,978,9602
4,100,0.3,0.0,harm,hybrid,0.01,likes,0.1,1.0,0,1.096799373626709,0.000828592629235716,40,4042,0.04,978,9602
4,100,0.3,0.0,harm,hybrid,0.01,likes,0.1,1.0,0,1.1097190380096436,0.0006925550333910463,40,4042,0.0325,978,9602
4,100,0.3,0.0,harm,hybrid,0.01,likes,0.1,1.0,0,1.1226387023925781,0.00063071976255256,40,4042,0.027500000000000004,978,9602
4,100,0.3,0.0,harm,hybrid,0.01,likes,0.1,1.0,0,1.1355582475662231,0.0005565174375463764,40,4042,0.02,978,9602
4,100,0.3,0.0,harm,hybrid,0.01,likes,0.1,1.0,0,1.1484777927398682,0.0004946821667078903,40,4042,0.015000000000000003,978,9602
4,100,0.3,0.0,harm,hybrid,0.01,likes,0.1,1.0,0,1.1613973379135132,0.00040811278753400944,40,4042,0.00875,978,9602
4,100,0.3,0.0,harm,hybrid,0.01,likes,0.1,1.0,0,1.1743170022964478,0.0003710116250309177,40,4042,0.00875,978,9602
4,100,0.3,0.0,harm,hybrid,0.01,likes,0.1,1.0,0,1.1872365474700928,0.0002968093000247341,40,4042,0.0025,978,9602
4,100,0.3,0.0,harm,hybrid,0.01,likes,0.1,1.0,0,1.2001560926437378,0.0002720751916893396,40,4042,0.0025,978,9602
4,100,0.3,0.0,harm,hybrid,0.01,likes,0.1,1.0,0,1.2130757570266724,0.00025970813752164234,40,4042,0.00125,978,9602
4,100,0.3,0.0,harm,hybrid,0.01,likes,0.1,1.0,0,1.2259953022003174,0.00025970813752164234,40,4042,0.00125,978,9602
4,100,0.3,0.0,harm,hybrid,0.01,likes,0.1,1.0,0,1.238914966583252,0.00025970813752164234,40,4042,0.00125,978,9602
4,100,0.3,0.0,harm,hybrid,0.01,likes,0.1,1.0,0,1.251834511756897,0.0002473410833539451,40,4042,0.0,978,9602
4,100,0.3,0.0,harm,hybrid,0.01,likes,0.1,1.0,0,1.264754056930542,0.0002473410833539451,40,4042,0.0,978,9602
4,100,0.3,0.0,harm,hybrid,0.01,likes,0.1,1.0,0,1.2776737213134766,0.0002473410833539451,40,4042,0.0,978,9602
4,100,0.3,0.0,harm,hybrid,0.01,likes,0.1,1.0,0,1.2905932664871216,0.0002473410833539451,40,4042,0.0,978,9602
4,100,0.3,0.0,harm,hybrid,0.01,likes,0.1,1.0,0,1.3035128116607666,0.0002473410833539451,40,4042,0.0,978,9602
4,100,0.3,0.0,harm,hybrid,0.01,likes,0.1,1.0,0,1.3164324760437012,0.0002473410833539451,40,4042,0.0,978,9602
4,100,0.3,0.0,harm,hybrid,0.01,likes,0.1,1.0,0,1.3293520212173462,0.0002473410833539451,40,4042,0.0,978,9602
4,100,0.3,0.0,harm,hybrid,0.01,likes,0.1,1.0,0,1.3422716856002808,0.0002473410833539451,40,4042,0.0,978,9602
4,100,0.3,0.0,harm,hybrid,0.01,likes,0.1,1.0,0,1.3551912307739258,0.0002473410833539451,40,4042,0.0,978,9602
4,100,0.3,0.0,harm,hybrid,0.01,likes,0.1,1.0,0,1.3681107759475708,0.0002473410833539451,40,4042,0.0,978,9602
4,100,0.3,0.0,harm,hybrid,0.01,likes,0.1,1.0,0,1.3810304403305054,0.0002473410833539451,40,4042,0.0,978,9602
4,100,0.3,0.0,harm,hybrid,0.01,likes,0.1,1.0,0,1.3939499855041504,0.0002473410833539451,40,4042,0.0,978,9602
4,100,0.3,0.0,harm,hybrid,0.01,likes,0.1,1.0,0,1.4068695306777954,0.0002473410833539451,40,4042,0.0,978,9602
5,100,0.3,0.0,harm,hybrid,0.01,likes,0.1,1.0,0,0.08004054427146912,0.003311913000494315,40,4045,0.11374999999999999,1002,9861
5,100,0.3,0.0,harm,hybrid,0.01,likes,0.1,1.0,0,0.09199190139770508,0.003311913000494315,40,4045,0.11374999999999999,1002,9861
5,100,0.3,0.0,harm,hybrid,0.01,likes,0.1,1.0,0,0.10394325852394104,0.003311913000494315,40,4045,0.11374999999999999,1002,9861
5,100,0.3,0.0,harm,hybrid,0.01,likes,0.1,1.0,0,0.1158946231007576,0.003311913000494315,40,4045,0.11374999999999999,1002,9861
5,100,0.3,0.0,harm,hybrid,0.01,likes,0.1,1.0,0,0.12784597277641296,0.003311913000494315,40,4045,0.11374999999999999,1002,9861
5,100,0.3,0.0,harm,hybrid,0.01,likes,0.1,1.0,0,0.13979732990264893,0.003311913000494315,40,4045,0.11374999999999999,1002,9861
5,100,0.3,0.0,harm,hybrid,0.01,likes,0.1,1.0,0,0.15174870193004608,0.003311913000494315,40,4045,0.11374999999999999,1002,9861
5,100,0.3,0.0,harm,hybrid,0.01,likes,0.1,1.0,0,0.16370005905628204,0.003311913000494315,40,4045,0.11374999999999999,1002,9861
5,100,0.3,0.0,harm,hybrid,0.01,likes,0.1,1.0,0,0.175651416182518,0.003311913000494315,40,4045,0.11374999999999999,1002,9861
5,100,0.3,0.0,harm,hybrid,0.01,likes,0.1,1.0,0,0.18760277330875397,0.003311913000494315,40,4045,0.11374999999999999,1002,9861
5,100,0.3,0.0,harm,hybrid,0.01,likes,0.1,1.0,0,0.19955413043498993,0.003311913000494315,40,4045,0.11374999999999999,1002,9861
5,100,0.3,0.0,harm,hybrid,0.01,likes,0.1,1.0,0,0.2115054875612259,0.003311913000494315,40,4045,0.11374999999999999,1002,9861
5,100,0.3,0.0,harm,hybrid,0.01,likes,0.1,1.0,0,0.22345685958862305,0.003311913000494315,40,4045,0.11374999999999999,1002,9861
5,100,0.3,0.0,harm,hybrid,0.01,likes,0.1,1.0,0,0.235408216714859,0.003311913000494315,40,4045,0.11374999999999999,1002,9861
5,100,0.3,0.0,harm,hybrid,0.01,likes,0.1,1.0,0,0.24735957384109497,0.003311913000494315,40,4045,0.11374999999999999,1002,9861
5,100,0.3,0.0,harm,hybrid,0.01,likes,0.1,1.0,0,0.25931093096733093,0.003299555116164113,40,4045,0.1125,1002,9861
5,100,0.3,0.0,harm,hybrid,0.01,likes,0.1,1.0,0,0.2712622880935669,0.003299555116164113,40,4045,0.1125,1002,9861
5,100,0.3,0.0,harm,hybrid,0.01,likes,0.1,1.0,0,0.28321364521980286,0.003299555116164113,40,4045,0.1125,1002,9861
5,100,0.3,0.0,harm,hybrid,0.01,likes,0.1,1.0,0,0.2951650023460388,0.003299555116164113,40,4045,0.1125,1002,9861
5,100,0.3,0.0,harm,hybrid,0.01,likes,0.1,1.0,0,0.3071163594722748,0.00328719723183391,40,4045,0.11124999999999999,1002,9861
5,100,0.3,0.0,harm,hybrid,0.01,likes,0.1,1.0,0,0.31906771659851074,0.003262481463173505,40,4045,0.10874999999999999,1002,9861
5,100,0.3,0.0,harm,hybrid,0.01,likes,0.1,1.0,0,0.3310190737247467,0.003250123578843302,40,4045,0.10874999999999999,1002,9861
5,100,0.3,0.0,harm,hybrid,0.01,likes,0.1,1.0,0,0.34297043085098267,0.003250123578843302,40,4045,0.10874999999999999,1002,9861
5,100,0.3,0.0,harm,hybrid,0.01,likes,0.1,1.0,0,0.35492178797721863,0.0032377656945131,40,4045,0.1075,1002,9861
5,100,0.3,0.0,harm,hybrid,0.01,likes,0.1,1.0,0,0.366873174905777,0.0032377656945131,40,4045,0.1075,1002,9861
5,100,0.3,0.0,harm,hybrid,0.01,likes,0.1,1.0,0,0.37882453203201294,0.003213049925852694,40,4045,0.10500000000000001,1002,9861
5,100,0.3,0.0,harm,hybrid,0.01,likes,0.1,1.0,0,0.3907758891582489,0.0031512605042016808,40,4045,0.1,1002,9861
5,100,0.3,0.0,harm,hybrid,0.01,likes,0.1,1.0,0,0.40272724628448486,0.0031389026198714778,40,4045,0.0975,1002,9861
5,100,0.3,0.0,harm,hybrid,0.01,likes,0.1,1.0,0,0.4146786034107208,0.0030771131982204646,40,4045,0.09375,1002,9861
5,100,0.3,0.0,harm,hybrid,0.01,likes,0.1,1.0,0,0.4266299605369568,0.0030029658922392484,40,4045,0.0875,1002,9861
5,100,0.3,0.0,harm,hybrid,0.01,likes,0.1,1.0,0,0.43858131766319275,0.0029782501235788433,40,4045,0.0875,1002,9861
5,100,0.3,0.0,harm,hybrid,0.01,likes,0.1,1.0,0,0.4505326747894287,0.0029411764705882353,40,4045,0.08375,1002,9861
5,100,0.3,0.0,harm,hybrid,0.01,likes,0.1,1.0,0,0.4624840319156647,0.002879387048937222,40,4045,0.08,1002,9861
5,100,0.3,0.0,harm,hybrid,0.01,likes,0.1,1.0,0,0.47443538904190063,0.002829955511616411,40,4045,0.07625,1002,9861
5,100,0.3,0.0,harm,hybrid,0.01,likes,0.1,1.0,0,0.4863867461681366,0.002755808205635195,40,4045,0.07125,1002,9861
5,100,0.3,0.0,harm,hybrid,0.01,likes,0.1,1.0,0,0.49833810329437256,0.0027434503213049927,40,4045,0.06999999999999999,1002,9861
5,100,0.3,0.0,harm,hybrid,0.01,likes,0.1,1.0,0,0.5102894306182861,0.0026693030153237766,40,4045,0.06625,1002,9861
5,100,0.3,0.0,harm,hybrid,0.01,likes,0.1,1.0,0,0.5222408175468445,0.0026322293623331685,40,4045,0.06375,1002,9861
5,100,0.3,0.0,harm,hybrid,0.01,likes,0.1,1.0,0,0.5341922044754028,0.0025827978250123583,40,4045,0.061250000000000006,1002,9861
5,100,0.3,0.0,harm,hybrid,0.01,likes,0.1,1.0,0,0.5461435317993164,0.0025580820563519523,40,4045,0.061250000000000006,1002,9861
5,100,0.3,0.0,harm,hybrid,0.01,likes,0.1,1.0,0,0.55809485912323,0.0025580820563519523,40,4045,0.061250000000000006,1002,9861
5,100,0.3,0.0,harm,hybrid,0.01,likes,0.1,1.0,0,0.5700463056564331,0.0025333662876915472,40,4045,0.061250000000000006,1002,9861
5,100,0.3,0.0,harm,hybrid,0.01,likes,0.1,1.0,0,0.5819976329803467,0.0025333662876915472,40,4045,0.061250000000000006,1002,9861
5,100,0.3,0.0,harm,hybrid,0.01,likes,0.1,1.0,0,0.5939489603042603,0.0025333662876915472,40,4045,0.06,1002,9861
5,100,0.3,0.0,harm,hybrid,0.01,likes,0.1,1.0,0,0.6059002876281738,0.0025333662876915472,40,4045,0.061250000000000006,1002,9861
5,100,0.3,0.0,harm,hybrid,0.01,likes,0.1,1.0,0,0.617851734161377,0.002496292634700939,40,4045,0.06,1002,9861
5,100,0.3,0.0,harm,hybrid,0.01,likes,0.1,1.0,0,0.6298030614852905,0.002496292634700939,40,4045,0.06,1002,9861
5,100,0.3,0.0,harm,hybrid,0.01,likes,0.1,1.0,0,0.6417543888092041,0.002483934750370737,40,4045,0.06,1002,9861
5,100,0.3,0.0,harm,hybrid,0.01,likes,0.1,1.0,0,0.6537058353424072,0.002434503213049926,40,4045,0.06,1002,9861
5,100,0.3,0.0,harm,hybrid,0.01,likes,0.1,1.0,0,0.6656571626663208,0.002422145328719723,40,4045,0.06,1002,9861
5,100,0.3,0.0,harm,hybrid,0.01,likes,0.1,1.0,0,0.6776084899902344,0.002347998022738507,40,4045,0.06,1002,9861
5,100,0.3,0.0,harm,hybrid,0.01,likes,0.1,1.0,0,0.689559817314148,0.0023109243697478996,40,4045,0.06,1002,9861
5,100,0.3,0.0,harm,hybrid,0.01,likes,0.1,1.0,0,0.7015112638473511,0.0022614928324270886,40,4045,0.06,1002,9861
5,100,0.3,0.0,harm,hybrid,0.01,likes,0.1,1.0,0,0.7134625911712646,0.0022367770637666835,40,4045,0.06,1002,9861
5,100,0.3,0.0,harm,hybrid,0.01,likes,0.1,1.0,0,0.7254139184951782,0.0021749876421156694,40,4045,0.06,1002,9861
5,100,0.3,0.0,harm,hybrid,0.01,likes,0.1,1.0,0,0.7373652458190918,0.0021379139891250618,40,4045,0.06,1002,9861
5,100,0.3,0.0,harm,hybrid,0.01,likes,0.1,1.0,0,0.7493166923522949,0.0021255561047948592,40,4045,0.06,1002,9861
5,100,0.3,0.0,harm,hybrid,0.01,likes,0.1,1.0,0,0.7612680196762085,0.0021131982204646562,40,4045,0.06,1002,9861
5,100,0.3,0.0,harm,hybrid,0.01,likes,0.1,1.0,0,0.7732193470001221,0.0020637666831438456,40,4045,0.06,1002,9861
5,100,0.3,0.0,harm,hybrid,0.01,likes,0.1,1.0,0,0.7851706743240356,0.00203905091448344,40,4045,0.06,1002,9861
5,100,0.3,0.0,harm,hybrid,0.01,likes,0.1,1.0,0,0.7971221208572388,0.002014335145823035,40,4045,0.06,1002,9861
5,100,0.3,0.0,harm,hybrid,0.01,likes,0.1,1.0,0,0.8090734481811523,0.0019278299555116165,40,4045,0.06,1002,9861
5,100,0.3,0.0,harm,hybrid,0.01,likes,0.1,1.0,0,0.8210247755050659,0.0018042511122095895,40,4045,0.06,1002,9861
5,100,0.3,0.0,harm,hybrid,0.01,likes,0.1,1.0,0,0.8329761028289795,0.0017301038062283735,40,4045,0.06,1002,9861
5,100,0.3,0.0,harm,hybrid,0.01,likes,0.1,1.0,0,0.8449275493621826,0.0016683143845773604,40,4045,0.06,1002,9861
5,100,0.3,0.0,harm,hybrid,0.01,likes,0.1,1.0,0,0.8568788766860962,0.0015447355412753338,40,4045,0.06,1002,9861
5,100,0.3,0.0,harm,hybrid,0.01,likes,0.1,1.0,0,0.8688302040100098,0.0014582303509639149,40,4045,0.06,1002,9861
5,100,0.3,0.0,harm,hybrid,0.01,likes,0.1,1.0,0,0.8807816505432129,0.0013840830449826987,40,4045,0.06,1002,9861
5,100,0.3,0.0,harm,hybrid,0.01,likes,0.1,1.0,0,0.8927329778671265,0.0012852199703410774,40,4045,0.06,1002,9861
5,100,0.3,0.0,harm,hybrid,0.01,likes,0.1,1.0,0,0.90468430519104,0.0012481463173504698,40,4045,0.06,1002,9861
5,100,0.3,0.0,harm,hybrid,0.01,likes,0.1,1.0,0,0.9166356325149536,0.0011863568956994564,40,4045,0.06,1002,9861
5,100,0.3,0.0,harm,hybrid,0.01,likes,0.1,1.0,0,0.9285870790481567,0.0011245674740484428,40,4045,0.057499999999999996,1002,9861
5,100,0.3,0.0,harm,hybrid,0.01,likes,0.1,1.0,0,0.9405384063720703,0.001013346515076619,40,4045,0.05,1002,9861
5,100,0.3,0.0,harm,hybrid,0.01,likes,0.1,1.0,0,0.9524897336959839,0.0008526940187839841,40,4045,0.04,1002,9861
5,100,0.3,0.0,harm,hybrid,0.01,likes,0.1,1.0,0,0.9644410610198975,0.0007661888284725654,40,4045,0.0325,1002,9861
5,100,0.3,0.0,harm,hybrid,0.01,likes,0.1,1.0,0,0.9763925075531006,0.0006549678695007414,40,4045,0.023750000000000004,1002,9861
5,100,0.3,0.0,harm,hybrid,0.01,likes,0.1,1.0,0,0.9883438348770142,0.0005561047948591201,40,4045,0.01625,1002,9861
5,100,0.3,0.0,harm,hybrid,0.01,likes,0.1,1.0,0,1.0002951622009277,0.0004943153732081067,40,4045,0.0125,1002,9861
5,100,0.3,0.0,harm,hybrid,0.01,likes,0.1,1.0,0,1.0122464895248413,0.00045724172021749875,40,4045,0.01,1002,9861
5,100,0.3,0.0,harm,hybrid,0.01,likes,0.1,1.0,0,1.0241979360580444,0.0004325259515570934,40,4045,0.00875,1002,9861
5,100,0.3,0.0,harm,hybrid,0.01,likes,0.1,1.0,0,1.036149263381958,0.0003954522985664854,40,4045,0.0075000000000000015,1002,9861
5,100,0.3,0.0,harm,hybrid,0.01,likes,0.1,1.0,0,1.0481005907058716,0.00034602076124567473,40,4045,0.00625,1002,9861
5,100,0.3,0.0,harm,hybrid,0.01,likes,0.1,1.0,0,1.0600520372390747,0.0003213049925852694,40,4045,0.0037500000000000007,1002,9861
5,100,0.3,0.0,harm,hybrid,0.01,likes,0.1,1.0,0,1.0720033645629883,0.00029658922392486405,40,4045,0.00125,1002,9861
5,100,0.3,0.0,harm,hybrid,0.01,likes,0.1,1.0,0,1.0839546918869019,0.00029658922392486405,40,4045,0.00125,1002,9861
5,100,0.3,0.0,harm,hybrid,0.01,likes,0.1,1.0,0,1.095906138420105,0.0002842313395946614,40,4045,0.0,1002,9861
5,100,0.3,0.0,harm,hybrid,0.01,likes,0.1,1.0,0,1.1078574657440186,0.0002842313395946614,40,4045,0.0,1002,9861
5,100,0.3,0.0,harm,hybrid,0.01,likes,0.1,1.0,0,1.1198087930679321,0.0002842313395946614,40,4045,0.0,1002,9861
5,100,0.3,0.0,harm,hybrid,0.01,likes,0.1,1.0,0,1.1317601203918457,0.0002718734552644587,40,4045,0.0,1002,9861
5,100,0.3,0.0,harm,hybrid,0.01,likes,0.1,1.0,0,1.1437115669250488,0.000259515570934256,40,4045,0.0,1002,9861
5,100,0.3,0.0,harm,hybrid,0.01,likes,0.1,1.0,0,1.1556628942489624,0.000259515570934256,40,4045,0.0,1002,9861
5,100,0.3,0.0,harm,hybrid,0.01,likes,0.1,1.0,0,1.167614221572876,0.00024715768660405336,40,4045,0.0,1002,9861
5,100,0.3,0.0,harm,hybrid,0.01,likes,0.1,1.0,0,1.1795655488967896,0.00024715768660405336,40,4045,0.0,1002,9861
5,100,0.3,0.0,harm,hybrid,0.01,likes,0.1,1.0,0,1.1915169954299927,0.00024715768660405336,40,4045,0.0,1002,9861
5,100,0.3,0.0,harm,hybrid,0.01,likes,0.1,1.0,0,1.2034683227539062,0.00024715768660405336,40,4045,0.0,1002,9861
5,100,0.3,0.0,harm,hybrid,0.01,likes,0.1,1.0,0,1.2154196500778198,0.00024715768660405336,40,4045,0.0,1002,9861
5,100,0.3,0.0,harm,hybrid,0.01,likes,0.1,1.0,0,1.227371096611023,0.00024715768660405336,40,4045,0.0,1002,9861
5,100,0.3,0.0,harm,hybrid,0.01,likes,0.1,1.0,0,1.2393224239349365,0.00024715768660405336,40,4045,0.0,1002,9861
5,100,0.3,0.0,harm,hybrid,0.01,likes,0.1,1.0,0,1.25127375125885,0.00024715768660405336,40,4045,0.0,1002,9861
5,100,0.3,0.0,harm,hybrid,0.01,likes,0.1,1.0,0,1.2632250785827637,0.00024715768660405336,40,4045,0.0,1002,9861
6,100,0.3,0.0,harm,hybrid,0.01,likes,0.1,1.0,0,0.04609692096710205,0.0033078252283386825,40,4050,0.1025,976,9592
6,100,0.3,0.0,harm,hybrid,0.01,likes,0.1,1.0,0,0.05876820534467697,0.0033078252283386825,40,4050,0.1025,976,9592
6,100,0.3,0.0,harm,hybrid,0.01,likes,0.1,1.0,0,0.07143948972225189,0.0033078252283386825,40,4050,0.1025,976,9592
6,100,0.3,0.0,harm,hybrid,0.01,likes,0.1,1.0,0,0.08411078155040741,0.0033078252283386825,40,4050,0.1025,976,9592
6,100,0.3,0.0,harm,hybrid,0.01,likes,0.1,1.0,0,0.09678206592798233,0.0033078252283386825,40,4050,0.1025,976,9592
6,100,0.3,0.0,harm,hybrid,0.01,likes,0.1,1.0,0,0.10945335030555725,0.0033078252283386825,40,4050,0.1025,976,9592
6,100,0.3,0.0,harm,hybrid,0.01,likes,0.1,1.0,0,0.12212464213371277,0.0033078252283386825,40,4050,0.1025,976,9592
6,100,0.3,0.0,harm,hybrid,0.01,likes,0.1,1.0,0,0.1347959339618683,0.0033078252283386825,40,4050,0.1025,976,9592
6,100,0.3,0.0,harm,hybrid,0.01,likes,0.1,1.0,0,0.1474672108888626,0.0033078252283386825,40,4050,0.1025,976,9592
6,100,0.3,0.0,harm,hybrid,0.01,likes,0.1,1.0,0,0.16013848781585693,0.0033078252283386825,40,4050,0.1025,976,9592
6,100,0.3,0.0,harm,hybrid,0.01,likes,0.1,1.0,0,0.17280977964401245,0.0033078252283386825,40,4050,0.1025,976,9592
6,100,0.3,0.0,harm,hybrid,0.01,likes,0.1,1.0,0,0.18548107147216797,0.0033078252283386825,40,4050,0.1025,976,9592
6,100,0.3,0.0,harm,hybrid,0.01,likes,0.1,1.0,0,0.1981523633003235,0.0033078252283386825,40,4050,0.1025,976,9592
6,100,0.3,0.0,harm,hybrid,0.01,likes,0.1,1.0,0,0.2108236402273178,0.0033078252283386825,40,4050,0.1025,976,9592
6,100,0.3,0.0,harm,hybrid,0.01,likes,0.1,1.0,0,0.22349493205547333,0.0033078252283386825,40,4050,0.1025,976,9592
6,100,0.3,0.0,harm,hybrid,0.01,likes,0.1,1.0,0,0.23616620898246765,0.0033078252283386825,40,4050,0.1025,976,9592
6,100,0.3,0.0,harm,hybrid,0.01,likes,0.1,1.0,0,0.24883750081062317,0.0033078252283386825,40,4050,0.1025,976,9592
6,100,0.3,0.0,harm,hybrid,0.01,likes,0.1,1.0,0,0.2615087926387787,0.0033078252283386825,40,4050,0.1025,976,9592
6,100,0.3,0.0,harm,hybrid,0.01,likes,0.1,1.0,0,0.2741800546646118,0.0033078252283386825,40,4050,0.1025,976,9592
6,100,0.3,0.0,harm,hybrid,0.01,likes,0.1,1.0,0,0.28685134649276733,0.0033078252283386825,40,4050,0.1025,976,9592
6,100,0.3,0.0,harm,hybrid,0.01,likes,0.1,1.0,0,0.29952263832092285,0.0033078252283386825,40,4050,0.1025,976,9592
6,100,0.3,0.0,harm,hybrid,0.01,likes,0.1,1.0,0,0.31219393014907837,0.0033078252283386825,40,4050,0.1025,976,9592
6,100,0.3,0.0,harm,hybrid,0.01,likes,0.1,1.0,0,0.3248652219772339,0.0032954825968896572,40,4050,0.10124999999999999,976,9592
6,100,0.3,0.0,harm,hybrid,0.01,likes,0.1,1.0,0,0.3375365138053894,0.0032954825968896572,40,4050,0.10124999999999999,976,9592
6,100,0.3,0.0,harm,hybrid,0.01,likes,0.1,1.0,0,0.3502078056335449,0.0032954825968896572,40,4050,0.10124999999999999,976,9592
6,100,0.3,0.0,harm,hybrid,0.01,likes,0.1,1.0,0,0.36287906765937805,0.0032707973339916067,40,4050,0.10124999999999999,976,9592
6,100,0.3,0.0,harm,hybrid,0.01,likes,0.1,1.0,0,0.37555035948753357,0.0032337694396445326,40,4050,0.09875,976,9592
6,100,0.3,0.0,harm,hybrid,0.01,likes,0.1,1.0,0,0.3882216513156891,0.003196741545297457,40,4050,0.095,976,9592
6,100,0.3,0.0,harm,hybrid,0.01,likes,0.1,1.0,0,0.4008929431438446,0.0031843989138484324,40,4050,0.09375,976,9592
6,100,0.3,0.0,harm,hybrid,0.01,likes,0.1,1.0,0,0.4135642349720001,0.0031597136509503828,40,4050,0.09,976,9592
6,100,0.3,0.0,harm,hybrid,0.01,likes,0.1,1.0,0,0.42623549699783325,0.0031350283880523322,40,4050,0.08875,976,9592
6,100,0.3,0.0,harm,hybrid,0.01,likes,0.1,1.0,0,0.43890678882598877,0.0030733152308072076,40,4050,0.08499999999999999,976,9592
6,100,0.3,0.0,harm,hybrid,0.01,likes,0.1,1.0,0,0.4515780806541443,0.0030362873364601336,40,4050,0.08249999999999999,976,9592
6,100,0.3,0.0,harm,hybrid,0.01,likes,0.1,1.0,0,0.4642493724822998,0.0030362873364601336,40,4050,0.08249999999999999,976,9592
6,100,0.3,0.0,harm,hybrid,0.01,likes,0.1,1.0,0,0.4769206643104553,0.0029252036534189096,40,4050,0.07875,976,9592
6,100,0.3,0.0,harm,hybrid,0.01,likes,0.1,1.0,0,0.48959192633628845,0.002900518390520859,40,4050,0.07875,976,9592
6,100,0.3,0.0,harm,hybrid,0.01,likes,0.1,1.0,0,0.5022631883621216,0.0028511478647247597,40,4050,0.075,976,9592
6,100,0.3,0.0,harm,hybrid,0.01,likes,0.1,1.0,0,0.5149345397949219,0.002814119970377684,40,4050,0.07375000000000001,976,9592
6,100,0.3,0.0,harm,hybrid,0.01,likes,0.1,1.0,0,0.5276057720184326,0.002789434707479635,40,4050,0.07250000000000001,976,9592
6,100,0.3,0.0,harm,hybrid,0.01,likes,0.1,1.0,0,0.5402771234512329,0.002740064181683535,40,4050,0.07,976,9592
6,100,0.3,0.0,harm,hybrid,0.01,likes,0.1,1.0,0,0.5529483556747437,0.00275240681313256,40,4050,0.06875,976,9592
6,100,0.3,0.0,harm,hybrid,0.01,likes,0.1,1.0,0,0.5656196475028992,0.00270303628733646,40,4050,0.06875,976,9592
6,100,0.3,0.0,harm,hybrid,0.01,likes,0.1,1.0,0,0.5782909393310547,0.0026783510244384103,40,4050,0.0675,976,9592
6,100,0.3,0.0,harm,hybrid,0.01,likes,0.1,1.0,0,0.5909622311592102,0.0026536657615403606,40,4050,0.0675,976,9592
6,100,0.3,0.0,harm,hybrid,0.01,likes,0.1,1.0,0,0.6036335229873657,0.0026413231300913354,40,4050,0.0675,976,9592
6,100,0.3,0.0,harm,hybrid,0.01,likes,0.1,1.0,0,0.6163048148155212,0.002628980498642311,40,4050,0.0675,976,9592
6,100,0.3,0.0,harm,hybrid,0.01,likes,0.1,1.0,0,0.6289761066436768,0.0026042952357442604,40,4050,0.0675,976,9592
6,100,0.3,0.0,harm,hybrid,0.01,likes,0.1,1.0,0,0.6416473984718323,0.0025796099728462108,40,4050,0.0675,976,9592
6,100,0.3,0.0,harm,hybrid,0.01,likes,0.1,1.0,0,0.6543186902999878,0.0025055541841520618,40,4050,0.0675,976,9592
6,100,0.3,0.0,harm,hybrid,0.01,likes,0.1,1.0,0,0.6669899225234985,0.0024808689212540112,40,4050,0.0675,976,9592
6,100,0.3,0.0,harm,hybrid,0.01,likes,0.1,1.0,0,0.679661214351654,0.0024561836583559616,40,4050,0.0675,976,9592
6,100,0.3,0.0,harm,hybrid,0.01,likes,0.1,1.0,0,0.6923325061798096,0.0024561836583559616,40,4050,0.0675,976,9592
6,100,0.3,0.0,harm,hybrid,0.01,likes,0.1,1.0,0,0.7050037980079651,0.0024438410269069363,40,4050,0.0675,976,9592
6,100,0.3,0.0,harm,hybrid,0.01,likes,0.1,1.0,0,0.7176750898361206,0.0024191557640088866,40,4050,0.0675,976,9592
6,100,0.3,0.0,harm,hybrid,0.01,likes,0.1,1.0,0,0.7303463816642761,0.0024068131325598614,40,4050,0.0675,976,9592
6,100,0.3,0.0,harm,hybrid,0.01,likes,0.1,1.0,0,0.7430176734924316,0.0023697852382127873,40,4050,0.0675,976,9592
6,100,0.3,0.0,harm,hybrid,0.01,likes,0.1,1.0,0,0.7556889653205872,0.0023327573438657124,40,4050,0.0675,976,9592
6,100,0.3,0.0,harm,hybrid,0.01,likes,0.1,1.0,0,0.7683602571487427,0.002283386818069612,40,4050,0.0675,976,9592
6,100,0.3,0.0,harm,hybrid,0.01,likes,0.1,1.0,0,0.7810315489768982,0.002234016292273513,40,4050,0.0675,976,9592
6,100,0.3,0.0,harm,hybrid,0.01,likes,0.1,1.0,0,0.7937027812004089,0.0021846457664774135,40,4050,0.0675,976,9592
6,100,0.3,0.0,harm,hybrid,0.01,likes,0.1,1.0,0,0.8063740730285645,0.0021476178721303385,40,4050,0.0675,976,9592
6,100,0.3,0.0,harm,hybrid,0.01,likes,0.1,1.0,0,0.81904536485672,0.0020365341890891137,40,4050,0.0675,976,9592
6,100,0.3,0.0,harm,hybrid,0.01,likes,0.1,1.0,0,0.8317166566848755,0.002011848926191064,40,4050,0.0675,976,9592
6,100,0.3,0.0,harm,hybrid,0.01,likes,0.1,1.0,0,0.844387948513031,0.0018884226117008146,40,4050,0.0675,976,9592
6,100,0.3,0.0,harm,hybrid,0.01,likes,0.1,1.0,0,0.8570592403411865,0.0018143668230066652,40,4050,0.0675,976,9592
6,100,0.3,0.0,harm,hybrid,0.01,likes,0.1,1.0,0,0.869730532169342,0.0017403110343125155,40,4050,0.0675,976,9592
6,100,0.3,0.0,harm,hybrid,0.01,likes,0.1,1.0,0,0.8824018239974976,0.001616884719822266,40,4050,0.0675,976,9592
6,100,0.3,0.0,harm,hybrid,0.01,likes,0.1,1.0,0,0.8950731158256531,0.0015304862996790914,40,4050,0.0675,976,9592
6,100,0.3,0.0,harm,hybrid,0.01,likes,0.1,1.0,0,0.9077444076538086,0.001456430510984942,40,4050,0.0675,976,9592
6,100,0.3,0.0,harm,hybrid,0.01,likes,0.1,1.0,0,0.9204156994819641,0.0013823747222907923,40,4050,0.0675,976,9592
6,100,0.3,0.0,harm,hybrid,0.01,likes,0.1,1.0,0,0.9330869317054749,0.0013576894593927426,40,4050,0.0675,976,9592
6,100,0.3,0.0,harm,hybrid,0.01,likes,0.1,1.0,0,0.9457582235336304,0.0012712910392495677,40,4050,0.06625,976,9592
6,100,0.3,0.0,harm,hybrid,0.01,likes,0.1,1.0,0,0.9584295153617859,0.0011972352505554185,40,4050,0.065,976,9592
6,100,0.3,0.0,harm,hybrid,0.01,likes,0.1,1.0,0,0.9711008071899414,0.001061466304616144,40,4050,0.06000000000000001,976,9592
6,100,0.3,0.0,harm,hybrid,0.01,likes,0.1,1.0,0,0.9837720990180969,0.0009627252530239446,40,4050,0.051250000000000004,976,9592
6,100,0.3,0.0,harm,hybrid,0.01,likes,0.1,1.0,0,0.9964433908462524,0.0008022710441866206,40,4050,0.041249999999999995,976,9592
6,100,0.3,0.0,harm,hybrid,0.01,likes,0.1,1.0,0,1.0091147422790527,0.0007405578869414959,40,4050,0.036250000000000004,976,9592
6,100,0.3,0.0,harm,hybrid,0.01,likes,0.1,1.0,0,1.0217859745025635,0.0006788447296963713,40,4050,0.03125,976,9592
6,100,0.3,0.0,harm,hybrid,0.01,likes,0.1,1.0,0,1.0344572067260742,0.0005554184152061219,40,4050,0.02375,976,9592
6,100,0.3,0.0,harm,hybrid,0.01,likes,0.1,1.0,0,1.0471285581588745,0.00048136262651197234,40,4050,0.01875,976,9592
6,100,0.3,0.0,harm,hybrid,0.01,likes,0.1,1.0,0,1.0597997903823853,0.00044433473216489756,40,4050,0.01625,976,9592
6,100,0.3,0.0,harm,hybrid,0.01,likes,0.1,1.0,0,1.0724711418151855,0.00040730683781782273,40,4050,0.013750000000000002,976,9592
6,100,0.3,0.0,harm,hybrid,0.01,likes,0.1,1.0,0,1.0851423740386963,0.00039496420636879785,40,4050,0.0125,976,9592
6,100,0.3,0.0,harm,hybrid,0.01,likes,0.1,1.0,0,1.0978137254714966,0.00037027894347074796,40,4050,0.01,976,9592
6,100,0.3,0.0,harm,hybrid,0.01,likes,0.1,1.0,0,1.1104849576950073,0.0003455936805726981,40,4050,0.008749999999999999,976,9592
6,100,0.3,0.0,harm,hybrid,0.01,likes,0.1,1.0,0,1.1231563091278076,0.0003455936805726981,40,4050,0.008749999999999999,976,9592
6,100,0.3,0.0,harm,hybrid,0.01,likes,0.1,1.0,0,1.1358275413513184,0.00029622315477659836,40,4050,0.0037500000000000007,976,9592
6,100,0.3,0.0,harm,hybrid,0.01,likes,0.1,1.0,0,1.148498773574829,0.0002715378918785485,40,4050,0.00125,976,9592
6,100,0.3,0.0,harm,hybrid,0.01,likes,0.1,1.0,0,1.1611701250076294,0.0002591952604295236,40,4050,0.0,976,9592
6,100,0.3,0.0,harm,hybrid,0.01,likes,0.1,1.0,0,1.1738413572311401,0.00024685262898049864,40,4050,0.0,976,9592
6,100,0.3,0.0,harm,hybrid,0.01,likes,0.1,1.0,0,1.1865127086639404,0.00024685262898049864,40,4050,0.0,976,9592
6,100,0.3,0.0,harm,hybrid,0.01,likes,0.1,1.0,0,1.1991839408874512,0.00024685262898049864,40,4050,0.0,976,9592
6,100,0.3,0.0,harm,hybrid,0.01,likes,0.1,1.0,0,1.2118552923202515,0.00024685262898049864,40,4050,0.0,976,9592
6,100,0.3,0.0,harm,hybrid,0.01,likes,0.1,1.0,0,1.2245265245437622,0.00024685262898049864,40,4050,0.0,976,9592
6,100,0.3,0.0,harm,hybrid,0.01,likes,0.1,1.0,0,1.2371978759765625,0.00024685262898049864,40,4050,0.0,976,9592
6,100,0.3,0.0,harm,hybrid,0.01,likes,0.1,1.0,0,1.2498691082000732,0.00024685262898049864,40,4050,0.0,976,9592
6,100,0.3,0.0,harm,hybrid,0.01,likes,0.1,1.0,0,1.2625404596328735,0.00024685262898049864,40,4050,0.0,976,9592
6,100,0.3,0.0,harm,hybrid,0.01,likes,0.1,1.0,0,1.2752116918563843,0.00024685262898049864,40,4050,0.0,976,9592
6,100,0.3,0.0,harm,hybrid,0.01,likes,0.1,1.0,0,1.287882924079895,0.00024685262898049864,40,4050,0.0,976,9592
6,100,0.3,0.0,harm,hybrid,0.01,likes,0.1,1.0,0,1.3005542755126953,0.00024685262898049864,40,4050,0.0,976,9592
7,100,0.3,0.0,harm,hybrid,0.01,likes,0.1,1.0,0,0.047112464904785156,0.0036531365313653137,40,4064,0.12875,988,9693
7,100,0.3,0.0,harm,hybrid,0.01,likes,0.1,1.0,0,0.06021270900964737,0.0036531365313653137,40,4064,0.12875,988,9693
7,100,0.3,0.0,harm,hybrid,0.01,likes,0.1,1.0,0,0.07331295311450958,0.0036531365313653137,40,4064,0.12875,988,9693
7,100,0.3,0.0,harm,hybrid,0.01,likes,0.1,1.0,0,0.0864131897687912,0.0036531365313653137,40,4064,0.12875,988,9693
7,100,0.3,0.0,harm,hybrid,0.01,likes,0.1,1.0,0,0.09951344132423401,0.0036408364083640836,40,4064,0.1275,988,9693
7,100,0.3,0.0,harm,hybrid,0.01,likes,0.1,1.0,0,0.11261367797851562,0.0036408364083640836,40,4064,0.1275,988,9693
7,100,0.3,0.0,harm,hybrid,0.01,likes,0.1,1.0,0,0.12571391463279724,0.0036408364083640836,40,4064,0.1275,988,9693
7,100,0.3,0.0,harm,hybrid,0.01,likes,0.1,1.0,0,0.13881416618824005,0.0036408364083640836,40,4064,0.1275,988,9693
7,100,0.3,0.0,harm,hybrid,0.01,likes,0.1,1.0,0,0.15191441774368286,0.0036408364083640836,40,4064,0.1275,988,9693
7,100,0.3,0.0,harm,hybrid,0.01,likes,0.1,1.0,0,0.16501465439796448,0.0036408364083640836,40,4064,0.1275,988,9693
7,100,0.3,0.0,harm,hybrid,0.01,likes,0.1,1.0,0,0.1781148910522461,0.0036408364083640836,40,4064,0.1275,988,9693
7,100,0.3,0.0,harm,hybrid,0.01,likes,0.1,1.0,0,0.1912151426076889,0.0036408364083640836,40,4064,0.1275,988,9693
7,100,0.3,0.0,harm,hybrid,0.01,likes,0.1,1.0,0,0.20431537926197052,0.0036408364083640836,40,4064,0.1275,988,9693
7,100,0.3,0.0,harm,hybrid,0.01,likes,0.1,1.0,0,0.21741563081741333,0.0036408364083640836,40,4064,0.1275,988,9693
7,100,0.3,0.0,harm,hybrid,0.01,likes,0.1,1.0,0,0.23051586747169495,0.0036285362853628535,40,4064,0.12625,988,9693
7,100,0.3,0.0,harm,hybrid,0.01,likes,0.1,1.0,0,0.24361611902713776,0.0036285362853628535,40,4064,0.12625,988,9693
7,100,0.3,0.0,harm,hybrid,0.01,likes,0.1,1.0,0,0.25671637058258057,0.0036162361623616234,40,4064,0.125,988,9693
7,100,0.3,0.0,harm,hybrid,0.01,likes,0.1,1.0,0,0.2698165774345398,0.0036162361623616234,40,4064,0.125,988,9693
7,100,0.3,0.0,harm,hybrid,0.01,likes,0.1,1.0,0,0.2829168438911438,0.003603936039360394,40,4064,0.12375,988,9693
7,100,0.3,0.0,harm,hybrid,0.01,likes,0.1,1.0,0,0.2960170805454254,0.003603936039360394,40,4064,0.12375,988,9693
7,100,0.3,0.0,harm,hybrid,0.01,likes,0.1,1.0,0,0.30911731719970703,0.003579335793357934,40,4064,0.12250000000000001,988,9693
7,100,0.3,0.0,harm,hybrid,0.01,likes,0.1,1.0,0,0.32221758365631104,0.003579335793357934,40,4064,0.12250000000000001,988,9693
7,100,0.3,0.0,harm,hybrid,0.01,likes,0.1,1.0,0,0.33531782031059265,0.003567035670356704,40,4064,0.12125,988,9693
7,100,0.3,0.0,harm,hybrid,0.01,likes,0.1,1.0,0,0.34841805696487427,0.003567035670356704,40,4064,0.12125,988,9693
7,100,0.3,0.0,harm,hybrid,0.01,likes,0.1,1.0,0,0.3615182936191559,0.0035547355473554737,40,4064,0.12,988,9693
7,100,0.3,0.0,harm,hybrid,0.01,likes,0.1,1.0,0,0.3746185302734375,0.0035424354243542436,40,4064,0.11875,988,9693
7,100,0.3,0.0,harm,hybrid,0.01,likes,0.1,1.0,0,0.3877187967300415,0.0034932349323493245,40,4064,0.11625,988,9693
7,100,0.3,0.0,harm,hybrid,0.01,likes,0.1,1.0,0,0.4008190333843231,0.003480934809348094,40,4064,0.11625,988,9693
7,100,0.3,0.0,harm,hybrid,0.01,likes,0.1,1.0,0,0.41391927003860474,0.0034440344403444036,40,4064,0.11499999999999999,988,9693
7,100,0.3,0.0,harm,hybrid,0.01,likes,0.1,1.0,0,0.42701950669288635,0.003431734317343173,40,4064,0.11375000000000002,988,9693
7,100,0.3,0.0,harm,hybrid,0.01,likes,0.1,1.0,0,0.44011977314949036,0.003394833948339484,40,4064,0.11125,988,9693
7,100,0.3,0.0,harm,hybrid,0.01,likes,0.1,1.0,0,0.453220009803772,0.0033087330873308733,40,4064,0.10750000000000001,988,9693
7,100,0.3,0.0,harm,hybrid,0.01,likes,0.1,1.0,0,0.4663202464580536,0.0032595325953259533,40,4064,0.10375000000000001,988,9693
7,100,0.3,0.0,harm,hybrid,0.01,likes,0.1,1.0,0,0.4794204831123352,0.0031488314883148833,40,4064,0.1,988,9693
7,100,0.3,0.0,harm,hybrid,0.01,likes,0.1,1.0,0,0.4925207197666168,0.0030627306273062734,40,4064,0.09625,988,9693
7,100,0.3,0.0,harm,hybrid,0.01,likes,0.1,1.0,0,0.5056209564208984,0.0029889298892988936,40,4064,0.09,988,9693
7,100,0.3,0.0,harm,hybrid,0.01,likes,0.1,1.0,0,0.5187212228775024,0.0029643296432964334,40,4064,0.09,988,9693
7,100,0.3,0.0,harm,hybrid,0.01,likes,0.1,1.0,0,0.5318214893341064,0.002890528905289053,40,4064,0.085,988,9693
7,100,0.3,0.0,harm,hybrid,0.01,likes,0.1,1.0,0,0.5449216961860657,0.002841328413284133,40,4064,0.08499999999999999,988,9693
7,100,0.3,0.0,harm,hybrid,0.01,likes,0.1,1.0,0,0.5580219626426697,0.0028167281672816734,40,4064,0.08375,988,9693
7,100,0.3,0.0,harm,hybrid,0.01,likes,0.1,1.0,0,0.5711221694946289,0.0028167281672816734,40,4064,0.08375,988,9693
7,100,0.3,0.0,harm,hybrid,0.01,likes,0.1,1.0,0,0.5842224359512329,0.002767527675276753,40,4064,0.0825,988,9693
7,100,0.3,0.0,harm,hybrid,0.01,likes,0.1,1.0,0,0.5973227024078369,0.002730627306273063,40,4064,0.08125,988,9693
7,100,0.3,0.0,harm,hybrid,0.01,likes,0.1,1.0,0,0.6104229092597961,0.002706027060270603,40,4064,0.08,988,9693
7,100,0.3,0.0,harm,hybrid,0.01,likes,0.1,1.0,0,0.6235231757164001,0.002693726937269373,40,4064,0.07875,988,9693
7,100,0.3,0.0,harm,hybrid,0.01,likes,0.1,1.0,0,0.6366233825683594,0.002693726937269373,40,4064,0.07875,988,9693
7,100,0.3,0.0,harm,hybrid,0.01,likes,0.1,1.0,0,0.6497236490249634,0.002681426814268143,40,4064,0.07875,988,9693
7,100,0.3,0.0,harm,hybrid,0.01,likes,0.1,1.0,0,0.6628239154815674,0.002644526445264453,40,4064,0.07875,988,9693
7,100,0.3,0.0,harm,hybrid,0.01,likes,0.1,1.0,0,0.6759241223335266,0.0026199261992619935,40,4064,0.07875,988,9693
7,100,0.3,0.0,harm,hybrid,0.01,likes,0.1,1.0,0,0.6890243887901306,0.0026076260762607634,40,4064,0.07875,988,9693
7,100,0.3,0.0,harm,hybrid,0.01,likes,0.1,1.0,0,0.7021245956420898,0.002570725707257073,40,4064,0.07875,988,9693
7,100,0.3,0.0,harm,hybrid,0.01,likes,0.1,1.0,0,0.7152248620986938,0.0024969249692496933,40,4064,0.07875,988,9693
7,100,0.3,0.0,harm,hybrid,0.01,likes,0.1,1.0,0,0.7283251285552979,0.002472324723247233,40,4064,0.07875,988,9693
7,100,0.3,0.0,harm,hybrid,0.01,likes,0.1,1.0,0,0.7414253354072571,0.002447724477244773,40,4064,0.07875,988,9693
7,100,0.3,0.0,harm,hybrid,0.01,likes,0.1,1.0,0,0.7545256018638611,0.0024231242312423126,40,4064,0.07875,988,9693
7,100,0.3,0.0,harm,hybrid,0.01,likes,0.1,1.0,0,0.7676258683204651,0.0023862238622386228,40,4064,0.07875,988,9693
7,100,0.3,0.0,harm,hybrid,0.01,likes,0.1,1.0,0,0.7807260751724243,0.002361623616236163,40,4064,0.07875,988,9693
7,100,0.3,0.0,harm,hybrid,0.01,likes,0.1,1.0,0,0.7938263416290283,0.0023247232472324727,40,4064,0.07875,988,9693
7,100,0.3,0.0,harm,hybrid,0.01,likes,0.1,1.0,0,0.8069265484809875,0.0022509225092250925,40,4064,0.07875,988,9693
7,100,0.3,0.0,harm,hybrid,0.01,likes,0.1,1.0,0,0.8200268149375916,0.0021402214022140224,40,4064,0.07875,988,9693
7,100,0.3,0.0,harm,hybrid,0.01,likes,0.1,1.0,0,0.8331270813941956,0.002066420664206642,40,4064,0.07875,988,9693
7,100,0.3,0.0,harm,hybrid,0.01,likes,0.1,1.0,0,0.8462272882461548,0.002017220172201722,40,4064,0.07875,988,9693
7,100,0.3,0.0,harm,hybrid,0.01,likes,0.1,1.0,0,0.8593275547027588,0.0019557195571955717,40,4064,0.07875,988,9693
7,100,0.3,0.0,harm,hybrid,0.01,likes,0.1,1.0,0,0.872427761554718,0.0019311193111931117,40,4064,0.07875,988,9693
7,100,0.3,0.0,harm,hybrid,0.01,likes,0.1,1.0,0,0.885528028011322,0.0018450184501845018,40,4064,0.07875,988,9693
7,100,0.3,0.0,harm,hybrid,0.01,likes,0.1,1.0,0,0.898628294467926,0.0017466174661746616,40,4064,0.07875,988,9693
7,100,0.3,0.0,harm,hybrid,0.01,likes,0.1,1.0,0,0.9117285013198853,0.0016974169741697416,40,4064,0.07875,988,9693
7,100,0.3,0.0,harm,hybrid,0.01,likes,0.1,1.0,0,0.9248287677764893,0.0015621156211562113,40,4064,0.0775,988,9693
7,100,0.3,0.0,harm,hybrid,0.01,likes,0.1,1.0,0,0.9379289746284485,0.0014760147601476014,40,4064,0.07375000000000001,988,9693
7,100,0.3,0.0,harm,hybrid,0.01,likes,0.1,1.0,0,0.9510292410850525,0.0013284132841328412,40,4064,0.0675,988,9693
7,100,0.3,0.0,harm,hybrid,0.01,likes,0.1,1.0,0,0.9641295075416565,0.001230012300123001,40,4064,0.0625,988,9693
7,100,0.3,0.0,harm,hybrid,0.01,likes,0.1,1.0,0,0.9772297143936157,0.001033210332103321,40,4064,0.053750000000000006,988,9693
7,100,0.3,0.0,harm,hybrid,0.01,likes,0.1,1.0,0,0.9903299808502197,0.0009225092250922508,40,4064,0.0475,988,9693
7,100,0.3,0.0,harm,hybrid,0.01,likes,0.1,1.0,0,1.0034301280975342,0.0007872078720787207,40,4064,0.04,988,9693
7,100,0.3,0.0,harm,hybrid,0.01,likes,0.1,1.0,0,1.0165305137634277,0.0007134071340713407,40,4064,0.034999999999999996,988,9693
7,100,0.3,0.0,harm,hybrid,0.01,likes,0.1,1.0,0,1.0296306610107422,0.0005781057810578105,40,4064,0.026249999999999996,988,9693
7,100,0.3,0.0,harm,hybrid,0.01,likes,0.1,1.0,0,1.0427309274673462,0.0004920049200492004,40,4064,0.021249999999999998,988,9693
7,100,0.3,0.0,harm,hybrid,0.01,likes,0.1,1.0,0,1.0558311939239502,0.0003936039360393604,40,4064,0.0125,988,9693
7,100,0.3,0.0,harm,hybrid,0.01,likes,0.1,1.0,0,1.0689314603805542,0.00036900369003690036,40,4064,0.01125,988,9693
7,100,0.3,0.0,harm,hybrid,0.01,likes,0.1,1.0,0,1.0820317268371582,0.0003198031980319803,40,4064,0.0075,988,9693
7,100,0.3,0.0,harm,hybrid,0.01,likes,0.1,1.0,0,1.0951318740844727,0.00029520295202952026,40,4064,0.005,988,9693
7,100,0.3,0.0,harm,hybrid,0.01,likes,0.1,1.0,0,1.1082321405410767,0.0002583025830258302,40,4064,0.00125,988,9693
7,100,0.3,0.0,harm,hybrid,0.01,likes,0.1,1.0,0,1.1213324069976807,0.0002583025830258302,40,4064,0.00125,988,9693
7,100,0.3,0.0,harm,hybrid,0.01,likes,0.1,1.0,0,1.1344326734542847,0.0002583025830258302,40,4064,0.00125,988,9693
7,100,0.3,0.0,harm,hybrid,0.01,likes,0.1,1.0,0,1.1475329399108887,0.0002583025830258302,40,4064,0.00125,988,9693
7,100,0.3,0.0,harm,hybrid,0.01,likes,0.1,1.0,0,1.1606330871582031,0.0002460024600246002,40,4064,0.0,988,9693
7,100,0.3,0.0,harm,hybrid,0.01,likes,0.1,1.0,0,1.1737333536148071,0.0002460024600246002,40,4064,0.0,988,9693
7,100,0.3,0.0,harm,hybrid,0.01,likes,0.1,1.0,0,1.1868336200714111,0.0002460024600246002,40,4064,0.0,988,9693
7,100,0.3,0.0,harm,hybrid,0.01,likes,0.1,1.0,0,1.1999338865280151,0.0002460024600246002,40,4064,0.0,988,9693
7,100,0.3,0.0,harm,hybrid,0.01,likes,0.1,1.0,0,1.2130341529846191,0.0002460024600246002,40,4064,0.0,988,9693
7,100,0.3,0.0,harm,hybrid,0.01,likes,0.1,1.0,0,1.2261343002319336,0.0002460024600246002,40,4064,0.0,988,9693
7,100,0.3,0.0,harm,hybrid,0.01,likes,0.1,1.0,0,1.2392345666885376,0.0002460024600246002,40,4064,0.0,988,9693
7,100,0.3,0.0,harm,hybrid,0.01,likes,0.1,1.0,0,1.2523348331451416,0.0002460024600246002,40,4064,0.0,988,9693
7,100,0.3,0.0,harm,hybrid,0.01,likes,0.1,1.0,0,1.2654350996017456,0.0002460024600246002,40,4064,0.0,988,9693
7,100,0.3,0.0,harm,hybrid,0.01,likes,0.1,1.0,0,1.2785353660583496,0.0002460024600246002,40,4064,0.0,988,9693
7,100,0.3,0.0,harm,hybrid,0.01,likes,0.1,1.0,0,1.291635513305664,0.0002460024600246002,40,4064,0.0,988,9693
7,100,0.3,0.0,harm,hybrid,0.01,likes,0.1,1.0,0,1.304735779762268,0.0002460024600246002,40,4064,0.0,988,9693
7,100,0.3,0.0,harm,hybrid,0.01,likes,0.1,1.0,0,1.317836046218872,0.0002460024600246002,40,4064,0.0,988,9693
7,100,0.3,0.0,harm,hybrid,0.01,likes,0.1,1.0,0,1.330936312675476,0.0002460024600246002,40,4064,0.0,988,9693
7,100,0.3,0.0,harm,hybrid,0.01,likes,0.1,1.0,0,1.34403657913208,0.0002460024600246002,40,4064,0.0,988,9693
8,100,0.3,0.0,harm,hybrid,0.01,likes,0.1,1.0,0,0.07922777533531189,0.0032750554050726428,40,4060,0.10874999999999999,977,9580
8,100,0.3,0.0,harm,hybrid,0.01,likes,0.1,1.0,0,0.0916549414396286,0.0032750554050726428,40,4060,0.10874999999999999,977,9580
8,100,0.3,0.0,harm,hybrid,0.01,likes,0.1,1.0,0,0.10408211499452591,0.0032750554050726428,40,4060,0.10874999999999999,977,9580
8,100,0.3,0.0,harm,hybrid,0.01,likes,0.1,1.0,0,0.11650928109884262,0.0032750554050726428,40,4060,0.10874999999999999,977,9580
8,100,0.3,0.0,harm,hybrid,0.01,likes,0.1,1.0,0,0.12893645465373993,0.0032750554050726428,40,4060,0.10874999999999999,977,9580
8,100,0.3,0.0,harm,hybrid,0.01,likes,0.1,1.0,0,0.14136362075805664,0.0032750554050726428,40,4060,0.10874999999999999,977,9580
8,100,0.3,0.0,harm,hybrid,0.01,likes,0.1,1.0,0,0.15379078686237335,0.0032750554050726428,40,4060,0.10874999999999999,977,9580
8,100,0.3,0.0,harm,hybrid,0.01,likes,0.1,1.0,0,0.16621795296669006,0.0032750554050726428,40,4060,0.10874999999999999,977,9580
8,100,0.3,0.0,harm,hybrid,0.01,likes,0.1,1.0,0,0.17864513397216797,0.0032750554050726428,40,4060,0.10874999999999999,977,9580
8,100,0.3,0.0,harm,hybrid,0.01,likes,0.1,1.0,0,0.1910722851753235,0.0032750554050726428,40,4060,0.10874999999999999,977,9580
8,100,0.3,0.0,harm,hybrid,0.01,likes,0.1,1.0,0,0.2034994661808014,0.0032750554050726428,40,4060,0.10874999999999999,977,9580
8,100,0.3,0.0,harm,hybrid,0.01,likes,0.1,1.0,0,0.2159266322851181,0.0032750554050726428,40,4060,0.10874999999999999,977,9580
8,100,0.3,0.0,harm,hybrid,0.01,likes,0.1,1.0,0,0.22835379838943481,0.0032750554050726428,40,4060,0.10874999999999999,977,9580
8,100,0.3,0.0,harm,hybrid,0.01,likes,0.1,1.0,0,0.24078096449375153,0.003262743166707707,40,4060,0.1075,977,9580
8,100,0.3,0.0,harm,hybrid,0.01,likes,0.1,1.0,0,0.2532081604003906,0.003250430928342772,40,4060,0.10625,977,9580
8,100,0.3,0.0,harm,hybrid,0.01,likes,0.1,1.0,0,0.26563531160354614,0.003250430928342772,40,4060,0.10625,977,9580
8,100,0.3,0.0,harm,hybrid,0.01,likes,0.1,1.0,0,0.27806246280670166,0.003250430928342772,40,4060,0.10625,977,9580
8,100,0.3,0.0,harm,hybrid,0.01,likes,0.1,1.0,0,0.29048964381217957,0.003225806451612903,40,4060,0.10375000000000001,977,9580
8,100,0.3,0.0,harm,hybrid,0.01,likes,0.1,1.0,0,0.30291682481765747,0.003225806451612903,40,4060,0.10375000000000001,977,9580
8,100,0.3,0.0,harm,hybrid,0.01,likes,0.1,1.0,0,0.315343976020813,0.0032134942132479687,40,4060,0.1025,977,9580
8,100,0.3,0.0,harm,hybrid,0.01,likes,0.1,1.0,0,0.3277711570262909,0.0032134942132479687,40,4060,0.1025,977,9580
8,100,0.3,0.0,harm,hybrid,0.01,likes,0.1,1.0,0,0.3401983082294464,0.0032011819748830337,40,4060,0.10124999999999999,977,9580
8,100,0.3,0.0,harm,hybrid,0.01,likes,0.1,1.0,0,0.3526254892349243,0.0031642452597882295,40,4060,0.09875,977,9580
8,100,0.3,0.0,harm,hybrid,0.01,likes,0.1,1.0,0,0.3650526702404022,0.0031149963063284904,40,4060,0.09875,977,9580
8,100,0.3,0.0,harm,hybrid,0.01,likes,0.1,1.0,0,0.37747982144355774,0.0031026840679635554,40,4060,0.0975,977,9580
8,100,0.3,0.0,harm,hybrid,0.01,likes,0.1,1.0,0,0.38990700244903564,0.0030780595912336863,40,4060,0.095,977,9580
8,100,0.3,0.0,harm,hybrid,0.01,likes,0.1,1.0,0,0.40233415365219116,0.0030534351145038163,40,4060,0.09,977,9580
8,100,0.3,0.0,harm,hybrid,0.01,likes,0.1,1.0,0,0.41476133465766907,0.0030534351145038163,40,4060,0.09,977,9580
8,100,0.3,0.0,harm,hybrid,0.01,likes,0.1,1.0,0,0.427188515663147,0.003004186161044077,40,4060,0.0875,977,9580
8,100,0.3,0.0,harm,hybrid,0.01,likes,0.1,1.0,0,0.4396156668663025,0.002942624969219405,40,4060,0.08499999999999999,977,9580
8,100,0.3,0.0,harm,hybrid,0.01,likes,0.1,1.0,0,0.4520428478717804,0.002918000492489535,40,4060,0.08375,977,9580
8,100,0.3,0.0,harm,hybrid,0.01,likes,0.1,1.0,0,0.4644699990749359,0.0029056882541246,40,4060,0.08125,977,9580
8,100,0.3,0.0,harm,hybrid,0.01,likes,0.1,1.0,0,0.4768971800804138,0.0028687515390297957,40,4060,0.08,977,9580
8,100,0.3,0.0,harm,hybrid,0.01,likes,0.1,1.0,0,0.4893243610858917,0.0028441270622999266,40,4060,0.07625,977,9580
8,100,0.3,0.0,harm,hybrid,0.01,likes,0.1,1.0,0,0.5017515420913696,0.0028195025855700566,40,4060,0.07625,977,9580
8,100,0.3,0.0,harm,hybrid,0.01,likes,0.1,1.0,0,0.5141786932945251,0.0028071903472051216,40,4060,0.07625,977,9580
8,100,0.3,0.0,harm,hybrid,0.01,likes,0.1,1.0,0,0.5266058444976807,0.0027579413937453825,40,4060,0.0725,977,9580
8,100,0.3,0.0,harm,hybrid,0.01,likes,0.1,1.0,0,0.539033055305481,0.0027333169170155134,40,4060,0.0725,977,9580
8,100,0.3,0.0,harm,hybrid,0.01,likes,0.1,1.0,0,0.5514602065086365,0.0027456291553804484,40,4060,0.07125,977,9580
8,100,0.3,0.0,harm,hybrid,0.01,likes,0.1,1.0,0,0.563887357711792,0.0027086924402856443,40,4060,0.07125,977,9580
8,100,0.3,0.0,harm,hybrid,0.01,likes,0.1,1.0,0,0.5763145685195923,0.002659443486825905,40,4060,0.06999999999999999,977,9580
8,100,0.3,0.0,harm,hybrid,0.01,likes,0.1,1.0,0,0.588741660118103,0.002634819010096035,40,4060,0.06999999999999999,977,9580
8,100,0.3,0.0,harm,hybrid,0.01,likes,0.1,1.0,0,0.6011688709259033,0.002634819010096035,40,4060,0.06875,977,9580
8,100,0.3,0.0,harm,hybrid,0.01,likes,0.1,1.0,0,0.6135960817337036,0.002585570056636297,40,4060,0.06999999999999999,977,9580
8,100,0.3,0.0,harm,hybrid,0.01,likes,0.1,1.0,0,0.6260231733322144,0.002560945579906426,40,4060,0.06875,977,9580
8,100,0.3,0.0,harm,hybrid,0.01,likes,0.1,1.0,0,0.6384503841400146,0.002560945579906426,40,4060,0.06875,977,9580
8,100,0.3,0.0,harm,hybrid,0.01,likes,0.1,1.0,0,0.6508775949478149,0.002511696626446688,40,4060,0.06875,977,9580
8,100,0.3,0.0,harm,hybrid,0.01,likes,0.1,1.0,0,0.6633046865463257,0.0024747599113518837,40,4060,0.06875,977,9580
8,100,0.3,0.0,harm,hybrid,0.01,likes,0.1,1.0,0,0.675731897354126,0.0024501354346220146,40,4060,0.06875,977,9580
8,100,0.3,0.0,harm,hybrid,0.01,likes,0.1,1.0,0,0.6881591081619263,0.0023885742427973405,40,4060,0.06875,977,9580
8,100,0.3,0.0,harm,hybrid,0.01,likes,0.1,1.0,0,0.700586199760437,0.0023762620044324063,40,4060,0.06875,977,9580
8,100,0.3,0.0,harm,hybrid,0.01,likes,0.1,1.0,0,0.7130134105682373,0.0023147008126077314,40,4060,0.06875,977,9580
8,100,0.3,0.0,harm,hybrid,0.01,likes,0.1,1.0,0,0.725440502166748,0.002277764097512928,40,4060,0.06875,977,9580
8,100,0.3,0.0,harm,hybrid,0.01,likes,0.1,1.0,0,0.7378677129745483,0.002265451859147993,40,4060,0.06875,977,9580
8,100,0.3,0.0,harm,hybrid,0.01,likes,0.1,1.0,0,0.7502949237823486,0.002253139620783058,40,4060,0.06875,977,9580
8,100,0.3,0.0,harm,hybrid,0.01,likes,0.1,1.0,0,0.7627220153808594,0.002191578428958385,40,4060,0.06875,977,9580
8,100,0.3,0.0,harm,hybrid,0.01,likes,0.1,1.0,0,0.7751492261886597,0.0021423294754986458,40,4060,0.06875,977,9580
8,100,0.3,0.0,harm,hybrid,0.01,likes,0.1,1.0,0,0.78757643699646,0.0021300172371337108,40,4060,0.06875,977,9580
8,100,0.3,0.0,harm,hybrid,0.01,likes,0.1,1.0,0,0.8000035285949707,0.0020930805220389067,40,4060,0.06875,977,9580
8,100,0.3,0.0,harm,hybrid,0.01,likes,0.1,1.0,0,0.812430739402771,0.0019945826151194293,40,4060,0.06875,977,9580
8,100,0.3,0.0,harm,hybrid,0.01,likes,0.1,1.0,0,0.8248579502105713,0.001883772469835016,40,4060,0.06875,977,9580
8,100,0.3,0.0,harm,hybrid,0.01,likes,0.1,1.0,0,0.837285041809082,0.001785274562915538,40,4060,0.06875,977,9580
8,100,0.3,0.0,harm,hybrid,0.01,likes,0.1,1.0,0,0.8497122526168823,0.0017483378478207335,40,4060,0.06875,977,9580
8,100,0.3,0.0,harm,hybrid,0.01,likes,0.1,1.0,0,0.8621394634246826,0.0017237133710908644,40,4060,0.06875,977,9580
8,100,0.3,0.0,harm,hybrid,0.01,likes,0.1,1.0,0,0.8745665550231934,0.0016621521792661905,40,4060,0.06875,977,9580
8,100,0.3,0.0,harm,hybrid,0.01,likes,0.1,1.0,0,0.8869937658309937,0.0015882787490765823,40,4060,0.06875,977,9580
8,100,0.3,0.0,harm,hybrid,0.01,likes,0.1,1.0,0,0.899420976638794,0.0015513420339817782,40,4060,0.06875,977,9580
8,100,0.3,0.0,harm,hybrid,0.01,likes,0.1,1.0,0,0.9118480682373047,0.0014405318886973654,40,4060,0.0675,977,9580
8,100,0.3,0.0,harm,hybrid,0.01,likes,0.1,1.0,0,0.924275279045105,0.0013420339817778871,40,4060,0.06625,977,9580
8,100,0.3,0.0,harm,hybrid,0.01,likes,0.1,1.0,0,0.9367023706436157,0.0012435360748584091,40,4060,0.065,977,9580
8,100,0.3,0.0,harm,hybrid,0.01,likes,0.1,1.0,0,0.949129581451416,0.0011573504063038661,40,4060,0.06000000000000001,977,9580
8,100,0.3,0.0,harm,hybrid,0.01,likes,0.1,1.0,0,0.9615567922592163,0.0010465402610194533,40,4060,0.05625,977,9580
8,100,0.3,0.0,harm,hybrid,0.01,likes,0.1,1.0,0,0.973983883857727,0.0009234178773701059,40,4060,0.04875,977,9580
8,100,0.3,0.0,harm,hybrid,0.01,likes,0.1,1.0,0,0.9864110946655273,0.0007510465402610194,40,4060,0.041249999999999995,977,9580
8,100,0.3,0.0,harm,hybrid,0.01,likes,0.1,1.0,0,0.9988383054733276,0.0006525486333415415,40,4060,0.0325,977,9580
8,100,0.3,0.0,harm,hybrid,0.01,likes,0.1,1.0,0,1.0112653970718384,0.0006032996798818025,40,4060,0.028750000000000005,977,9580
8,100,0.3,0.0,harm,hybrid,0.01,likes,0.1,1.0,0,1.0236926078796387,0.0004924895345973898,40,4060,0.02,977,9580
8,100,0.3,0.0,harm,hybrid,0.01,likes,0.1,1.0,0,1.036119818687439,0.0004309283427727161,40,4060,0.015,977,9580
8,100,0.3,0.0,harm,hybrid,0.01,likes,0.1,1.0,0,1.0485469102859497,0.00038167938931297715,40,4060,0.0125,977,9580
8,100,0.3,0.0,harm,hybrid,0.01,likes,0.1,1.0,0,1.06097412109375,0.00034474267421817287,40,4060,0.00875,977,9580
8,100,0.3,0.0,harm,hybrid,0.01,likes,0.1,1.0,0,1.0734013319015503,0.0002954937207584339,40,4060,0.005,977,9580
8,100,0.3,0.0,harm,hybrid,0.01,likes,0.1,1.0,0,1.0858285427093506,0.00028318148239349914,40,4060,0.0037500000000000007,977,9580
8,100,0.3,0.0,harm,hybrid,0.01,likes,0.1,1.0,0,1.0982556343078613,0.00028318148239349914,40,4060,0.0037500000000000007,977,9580
8,100,0.3,0.0,harm,hybrid,0.01,likes,0.1,1.0,0,1.1106828451156616,0.0002462447672986949,40,4060,0.0,977,9580
8,100,0.3,0.0,harm,hybrid,0.01,likes,0.1,1.0,0,1.1231099367141724,0.0002462447672986949,40,4060,0.0,977,9580
8,100,0.3,0.0,harm,hybrid,0.01,likes,0.1,1.0,0,1.1355371475219727,0.0002462447672986949,40,4060,0.0,977,9580
8,100,0.3,0.0,harm,hybrid,0.01,likes,0.1,1.0,0,1.147964358329773,0.0002462447672986949,40,4060,0.0,977,9580
8,100,0.3,0.0,harm,hybrid,0.01,likes,0.1,1.0,0,1.1603914499282837,0.0002462447672986949,40,4060,0.0,977,9580
8,100,0.3,0.0,harm,hybrid,0.01,likes,0.1,1.0,0,1.172818660736084,0.0002462447672986949,40,4060,0.0,977,9580
8,100,0.3,0.0,harm,hybrid,0.01,likes,0.1,1.0,0,1.1852458715438843,0.0002462447672986949,40,4060,0.0,977,9580
8,100,0.3,0.0,harm,hybrid,0.01,likes,0.1,1.0,0,1.197672963142395,0.0002462447672986949,40,4060,0.0,977,9580
8,100,0.3,0.0,harm,hybrid,0.01,likes,0.1,1.0,0,1.2101001739501953,0.0002462447672986949,40,4060,0.0,977,9580
8,100,0.3,0.0,harm,hybrid,0.01,likes,0.1,1.0,0,1.2225273847579956,0.0002462447672986949,40,4060,0.0,977,9580
8,100,0.3,0.0,harm,hybrid,0.01,likes,0.1,1.0,0,1.2349544763565063,0.0002462447672986949,40,4060,0.0,977,9580
8,100,0.3,0.0,harm,hybrid,0.01,likes,0.1,1.0,0,1.2473816871643066,0.0002462447672986949,40,4060,0.0,977,9580
8,100,0.3,0.0,harm,hybrid,0.01,likes,0.1,1.0,0,1.259808897972107,0.0002462447672986949,40,4060,0.0,977,9580
8,100,0.3,0.0,harm,hybrid,0.01,likes,0.1,1.0,0,1.2722359895706177,0.0002462447672986949,40,4060,0.0,977,9580
8,100,0.3,0.0,harm,hybrid,0.01,likes,0.1,1.0,0,1.284663200378418,0.0002462447672986949,40,4060,0.0,977,9580
8,100,0.3,0.0,harm,hybrid,0.01,likes,0.1,1.0,0,1.2970904111862183,0.0002462447672986949,40,4060,0.0,977,9580
8,100,0.3,0.0,harm,hybrid,0.01,likes,0.1,1.0,0,1.309517502784729,0.0002462447672986949,40,4060,0.0,977,9580
9,100,0.3,0.0,harm,hybrid,0.01,likes,0.1,1.0,0,0.0,0.003466076696165192,40,4067,0.11000000000000001,1049,10307
9,100,0.3,0.0,harm,hybrid,0.01,likes,0.1,1.0,0,0.013008207082748413,0.003466076696165192,40,4067,0.11000000000000001,1049,10307
9,100,0.3,0.0,harm,hybrid,0.01,likes,0.1,1.0,0,0.026016414165496826,0.003466076696165192,40,4067,0.11000000000000001,1049,10307
9,100,0.3,0.0,harm,hybrid,0.01,likes,0.1,1.0,0,0.03902462124824524,0.003466076696165192,40,4067,0.11000000000000001,1049,10307
9,100,0.3,0.0,harm,hybrid,0.01,likes,0.1,1.0,0,0.05203282833099365,0.003466076696165192,40,4067,0.11000000000000001,1049,10307
9,100,0.3,0.0,harm,hybrid,0.01,likes,0.1,1.0,0,0.06504103541374207,0.003466076696165192,40,4067,0.11000000000000001,1049,10307
9,100,0.3,0.0,harm,hybrid,0.01,likes,0.1,1.0,0,0.07804924249649048,0.003466076696165192,40,4067,0.11000000000000001,1049,10307
9,100,0.3,0.0,harm,hybrid,0.01,likes,0.1,1.0,0,0.09105744957923889,0.003466076696165192,40,4067,0.11000000000000001,1049,10307
9,100,0.3,0.0,harm,hybrid,0.01,likes,0.1,1.0,0,0.1040656566619873,0.003466076696165192,40,4067,0.11000000000000001,1049,10307
9,100,0.3,0.0,harm,hybrid,0.01,likes,0.1,1.0,0,0.11707386374473572,0.003466076696165192,40,4067,0.11000000000000001,1049,10307
9,100,0.3,0.0,harm,hybrid,0.01,likes,0.1,1.0,0,0.13008207082748413,0.003466076696165192,40,4067,0.11000000000000001,1049,10307
9,100,0.3,0.0,harm,hybrid,0.01,likes,0.1,1.0,0,0.14309027791023254,0.003453785644051131,40,4067,0.10874999999999999,1049,10307
9,100,0.3,0.0,harm,hybrid,0.01,likes,0.1,1.0,0,0.15609848499298096,0.003453785644051131,40,4067,0.10874999999999999,1049,10307
9,100,0.3,0.0,harm,hybrid,0.01,likes,0.1,1.0,0,0.16910669207572937,0.003453785644051131,40,4067,0.10874999999999999,1049,10307
9,100,0.3,0.0,harm,hybrid,0.01,likes,0.1,1.0,0,0.18211489915847778,0.003453785644051131,40,4067,0.10874999999999999,1049,10307
9,100,0.3,0.0,harm,hybrid,0.01,likes,0.1,1.0,0,0.1951231062412262,0.003453785644051131,40,4067,0.10874999999999999,1049,10307
9,100,0.3,0.0,harm,hybrid,0.01,likes,0.1,1.0,0,0.2081313133239746,0.003453785644051131,40,4067,0.10874999999999999,1049,10307
9,100,0.3,0.0,harm,hybrid,0.01,likes,0.1,1.0,0,0.22113952040672302,0.003453785644051131,40,4067,0.10874999999999999,1049,10307
9,100,0.3,0.0,harm,hybrid,0.01,likes,0.1,1.0,0,0.23414772748947144,0.003453785644051131,40,4067,0.10874999999999999,1049,10307
9,100,0.3,0.0,harm,hybrid,0.01,likes,0.1,1.0,0,0.24715593457221985,0.003453785644051131,40,4067,0.10874999999999999,1049,10307
9,100,0.3,0.0,harm,hybrid,0.01,likes,0.1,1.0,0,0.26016414165496826,0.003453785644051131,40,4067,0.10874999999999999,1049,10307
9,100,0.3,0.0,harm,hybrid,0.01,likes,0.1,1.0,0,0.2731723487377167,0.003453785644051131,40,4067,0.10874999999999999,1049,10307
9,100,0.3,0.0,harm,hybrid,0.01,likes,0.1,1.0,0,0.2861805558204651,0.003453785644051131,40,4067,0.10874999999999999,1049,10307
9,100,0.3,0.0,harm,hybrid,0.01,likes,0.1,1.0,0,0.2991887629032135,0.003429203539823009,40,4067,0.10625,1049,10307
9,100,0.3,0.0,harm,hybrid,0.01,likes,0.1,1.0,0,0.3121969699859619,0.0034046214355948875,40,4067,0.10499999999999998,1049,10307
9,100,0.3,0.0,harm,hybrid,0.01,likes,0.1,1.0,0,0.3252051770687103,0.003380039331366765,40,4067,0.1025,1049,10307
9,100,0.3,0.0,harm,hybrid,0.01,likes,0.1,1.0,0,0.33821338415145874,0.003380039331366765,40,4067,0.1025,1049,10307
9,100,0.3,0.0,harm,hybrid,0.01,likes,0.1,1.0,0,0.35122159123420715,0.003380039331366765,40,4067,0.1025,1049,10307
9,100,0.3,0.0,harm,hybrid,0.01,likes,0.1,1.0,0,0.36422979831695557,0.003355457227138643,40,4067,0.1,1049,10307
9,100,0.3,0.0,harm,hybrid,0.01,likes,0.1,1.0,0,0.377238005399704,0.003355457227138643,40,4067,0.1,1049,10307
9,100,0.3,0.0,harm,hybrid,0.01,likes,0.1,1.0,0,0.3902462124824524,0.00331858407079646,40,4067,0.09749999999999999,1049,10307
9,100,0.3,0.0,harm,hybrid,0.01,likes,0.1,1.0,0,0.4032544195652008,0.0032448377581120944,40,4067,0.0925,1049,10307
9,100,0.3,0.0,harm,hybrid,0.01,likes,0.1,1.0,0,0.4162626266479492,0.0032202556538839726,40,4067,0.09,1049,10307
9,100,0.3,0.0,harm,hybrid,0.01,likes,0.1,1.0,0,0.42927083373069763,0.0031833824975417892,40,4067,0.0875,1049,10307
9,100,0.3,0.0,harm,hybrid,0.01,likes,0.1,1.0,0,0.44227904081344604,0.0031342182890855452,40,4067,0.085,1049,10307
9,100,0.3,0.0,harm,hybrid,0.01,likes,0.1,1.0,0,0.45528724789619446,0.0030604719764011795,40,4067,0.08249999999999999,1049,10307
9,100,0.3,0.0,harm,hybrid,0.01,likes,0.1,1.0,0,0.46829545497894287,0.0030358898721730585,40,4067,0.08125,1049,10307
9,100,0.3,0.0,harm,hybrid,0.01,likes,0.1,1.0,0,0.4813036620616913,0.0029744346116027534,40,4067,0.07625000000000001,1049,10307
9,100,0.3,0.0,harm,hybrid,0.01,likes,0.1,1.0,0,0.4943118691444397,0.0029006882989183877,40,4067,0.07375000000000001,1049,10307
9,100,0.3,0.0,harm,hybrid,0.01,likes,0.1,1.0,0,0.5073200464248657,0.0028146509341199603,40,4067,0.06875,1049,10307
9,100,0.3,0.0,harm,hybrid,0.01,likes,0.1,1.0,0,0.5203282833099365,0.0027654867256637163,40,4067,0.06625,1049,10307
9,100,0.3,0.0,harm,hybrid,0.01,likes,0.1,1.0,0,0.5333365201950073,0.002740904621435595,40,4067,0.065,1049,10307
9,100,0.3,0.0,harm,hybrid,0.01,likes,0.1,1.0,0,0.5463446974754333,0.002740904621435595,40,4067,0.065,1049,10307
9,100,0.3,0.0,harm,hybrid,0.01,likes,0.1,1.0,0,0.5593528747558594,0.00267944936086529,40,4067,0.065,1049,10307
9,100,0.3,0.0,harm,hybrid,0.01,likes,0.1,1.0,0,0.5723611116409302,0.002667158308751229,40,4067,0.0625,1049,10307
9,100,0.3,0.0,harm,hybrid,0.01,likes,0.1,1.0,0,0.585369348526001,0.002630285152409046,40,4067,0.0625,1049,10307
9,100,0.3,0.0,harm,hybrid,0.01,likes,0.1,1.0,0,0.598377525806427,0.002617994100294985,40,4067,0.0625,1049,10307
9,100,0.3,0.0,harm,hybrid,0.01,likes,0.1,1.0,0,0.611385703086853,0.002617994100294985,40,4067,0.0625,1049,10307
9,100,0.3,0.0,harm,hybrid,0.01,likes,0.1,1.0,0,0.6243939399719238,0.002605703048180924,40,4067,0.0625,1049,10307
9,100,0.3,0.0,harm,hybrid,0.01,likes,0.1,1.0,0,0.6374021768569946,0.0025811209439528023,40,4067,0.0625,1049,10307
9,100,0.3,0.0,harm,hybrid,0.01,likes,0.1,1.0,0,0.6504103541374207,0.0025688298918387416,40,4067,0.0625,1049,10307
9,100,0.3,0.0,harm,hybrid,0.01,likes,0.1,1.0,0,0.6634185314178467,0.0025196656833824977,40,4067,0.0625,1049,10307
9,100,0.3,0.0,harm,hybrid,0.01,likes,0.1,1.0,0,0.6764267683029175,0.0024336283185840708,40,4067,0.0625,1049,10307
9,100,0.3,0.0,harm,hybrid,0.01,likes,0.1,1.0,0,0.6894350051879883,0.002409046214355949,40,4067,0.0625,1049,10307
9,100,0.3,0.0,harm,hybrid,0.01,likes,0.1,1.0,0,0.7024431824684143,0.0023967551622418874,40,4067,0.0625,1049,10307
9,100,0.3,0.0,harm,hybrid,0.01,likes,0.1,1.0,0,0.7154513597488403,0.002372173058013766,40,4067,0.0625,1049,10307
9,100,0.3,0.0,harm,hybrid,0.01,likes,0.1,1.0,0,0.7284595966339111,0.0023352999016715828,40,4067,0.0625,1049,10307
9,100,0.3,0.0,harm,hybrid,0.01,likes,0.1,1.0,0,0.7414678335189819,0.002273844641101278,40,4067,0.0625,1049,10307
9,100,0.3,0.0,harm,hybrid,0.01,likes,0.1,1.0,0,0.754476010799408,0.002273844641101278,40,4067,0.0625,1049,10307
9,100,0.3,0.0,harm,hybrid,0.01,likes,0.1,1.0,0,0.767484188079834,0.0022000983284169127,40,4067,0.0625,1049,10307
9,100,0.3,0.0,harm,hybrid,0.01,likes,0.1,1.0,0,0.7804924249649048,0.0021755162241887905,40,4067,0.0625,1049,10307
9,100,0.3,0.0,harm,hybrid,0.01,likes,0.1,1.0,0,0.7935006618499756,0.0021386430678466076,40,4067,0.0625,1049,10307
9,100,0.3,0.0,harm,hybrid,0.01,likes,0.1,1.0,0,0.8065088391304016,0.002064896755162242,40,4067,0.0625,1049,10307
9,100,0.3,0.0,harm,hybrid,0.01,likes,0.1,1.0,0,0.8195170164108276,0.002015732546705998,40,4067,0.0625,1049,10307
9,100,0.3,0.0,harm,hybrid,0.01,likes,0.1,1.0,0,0.8325252532958984,0.001954277286135693,40,4067,0.0625,1049,10307
9,100,0.3,0.0,harm,hybrid,0.01,likes,0.1,1.0,0,0.8455334901809692,0.0018682399213372663,40,4067,0.0625,1049,10307
9,100,0.3,0.0,harm,hybrid,0.01,likes,0.1,1.0,0,0.8585416674613953,0.0017944936086529007,40,4067,0.0625,1049,10307
9,100,0.3,0.0,harm,hybrid,0.01,likes,0.1,1.0,0,0.8715498447418213,0.0017330383480825958,40,4067,0.0625,1049,10307
9,100,0.3,0.0,harm,hybrid,0.01,likes,0.1,1.0,0,0.8845580816268921,0.0016347099311701083,40,4067,0.0625,1049,10307
9,100,0.3,0.0,harm,hybrid,0.01,likes,0.1,1.0,0,0.8975663185119629,0.0015486725663716816,40,4067,0.0625,1049,10307
9,100,0.3,0.0,harm,hybrid,0.01,likes,0.1,1.0,0,0.9105744957923889,0.0014380530973451327,40,4067,0.0625,1049,10307
9,100,0.3,0.0,harm,hybrid,0.01,likes,0.1,1.0,0,0.9235826730728149,0.001352015732546706,40,4067,0.058750000000000004,1049,10307
9,100,0.3,0.0,harm,hybrid,0.01,likes,0.1,1.0,0,0.9365909099578857,0.0012782694198623405,40,4067,0.057499999999999996,1049,10307
9,100,0.3,0.0,harm,hybrid,0.01,likes,0.1,1.0,0,0.9495991468429565,0.0012045231071779745,40,4067,0.05500000000000001,1049,10307
9,100,0.3,0.0,harm,hybrid,0.01,likes,0.1,1.0,0,0.9626073241233826,0.001032448377581121,40,4067,0.04625,1049,10307
9,100,0.3,0.0,harm,hybrid,0.01,likes,0.1,1.0,0,0.9756155014038086,0.0008972468043264505,40,4067,0.04125,1049,10307
9,100,0.3,0.0,harm,hybrid,0.01,likes,0.1,1.0,0,0.9886237382888794,0.0008726647000983285,40,4067,0.04125,1049,10307
9,100,0.3,0.0,harm,hybrid,0.01,likes,0.1,1.0,0,1.0016319751739502,0.0007866273352999018,40,4067,0.0375,1049,10307
9,100,0.3,0.0,harm,hybrid,0.01,likes,0.1,1.0,0,1.0146400928497314,0.000651425762045231,40,4067,0.030000000000000006,1049,10307
9,100,0.3,0.0,harm,hybrid,0.01,likes,0.1,1.0,0,1.0276483297348022,0.0005776794493608654,40,4067,0.025,1049,10307
9,100,0.3,0.0,harm,hybrid,0.01,likes,0.1,1.0,0,1.040656566619873,0.0004670599803343167,40,4067,0.015000000000000003,1049,10307
9,100,0.3,0.0,harm,hybrid,0.01,likes,0.1,1.0,0,1.0536648035049438,0.0004670599803343167,40,4067,0.015000000000000003,1049,10307
9,100,0.3,0.0,harm,hybrid,0.01,likes,0.1,1.0,0,1.0666730403900146,0.0003810226155358899,40,4067,0.00875,1049,10307
9,100,0.3,0.0,harm,hybrid,0.01,likes,0.1,1.0,0,1.079681158065796,0.000331858407079646,40,4067,0.005,1049,10307
9,100,0.3,0.0,harm,hybrid,0.01,likes,0.1,1.0,0,1.0926893949508667,0.00031956735496558507,40,4067,0.005,1049,10307
9,100,0.3,0.0,harm,hybrid,0.01,likes,0.1,1.0,0,1.1056976318359375,0.0002949852507374631,40,4067,0.0037500000000000007,1049,10307
9,100,0.3,0.0,harm,hybrid,0.01,likes,0.1,1.0,0,1.1187057495117188,0.00025811209439528023,40,4067,0.0,1049,10307
9,100,0.3,0.0,harm,hybrid,0.01,likes,0.1,1.0,0,1.1317139863967896,0.00025811209439528023,40,4067,0.0,1049,10307
9,100,0.3,0.0,harm,hybrid,0.01,likes,0.1,1.0,0,1.1447222232818604,0.00025811209439528023,40,4067,0.0,1049,10307
9,100,0.3,0.0,harm,hybrid,0.01,likes,0.1,1.0,0,1.1577304601669312,0.00025811209439528023,40,4067,0.0,1049,10307
9,100,0.3,0.0,harm,hybrid,0.01,likes,0.1,1.0,0,1.170738697052002,0.00025811209439528023,40,4067,0.0,1049,10307
9,100,0.3,0.0,harm,hybrid,0.01,likes,0.1,1.0,0,1.1837468147277832,0.00025811209439528023,40,4067,0.0,1049,10307
9,100,0.3,0.0,harm,hybrid,0.01,likes,0.1,1.0,0,1.196755051612854,0.00025811209439528023,40,4067,0.0,1049,10307
9,100,0.3,0.0,harm,hybrid,0.01,likes,0.1,1.0,0,1.2097632884979248,0.0002458210422812193,40,4067,0.0,1049,10307
9,100,0.3,0.0,harm,hybrid,0.01,likes,0.1,1.0,0,1.222771406173706,0.0002458210422812193,40,4067,0.0,1049,10307
9,100,0.3,0.0,harm,hybrid,0.01,likes,0.1,1.0,0,1.2357796430587769,0.0002458210422812193,40,4067,0.0,1049,10307
9,100,0.3,0.0,harm,hybrid,0.01,likes,0.1,1.0,0,1.2487878799438477,0.0002458210422812193,40,4067,0.0,1049,10307
9,100,0.3,0.0,harm,hybrid,0.01,likes,0.1,1.0,0,1.2617961168289185,0.0002458210422812193,40,4067,0.0,1049,10307
9,100,0.3,0.0,harm,hybrid,0.01,likes,0.1,1.0,0,1.2748043537139893,0.0002458210422812193,40,4067,0.0,1049,10307
9,100,0.3,0.0,harm,hybrid,0.01,likes,0.1,1.0,0,1.2878124713897705,0.0002458210422812193,40,4067,0.0,1049,10307
