run_id,epoch,base_harm,beta,score_type,conformal_method,Collective,Report Strategy,Report Fraction,likes_softmax_temperature,topk_n,gamma,calib_risk_adjusted,num_adv_users,calib_set_size,avg_harm_adv_raw,total_flagged_items,total_items_seen_by_adv_users
0,100,0.3,0.0,harm,hybrid,0.01,low_risk_q1,0.1,1.0,0,0.11756947636604309,0.012259259259259261,40,4049,1.0,994,9740
0,100,0.3,0.0,harm,hybrid,0.01,low_risk_q1,0.1,1.0,0,0.12999893724918365,0.012259259259259261,40,4049,1.0,994,9740
0,100,0.3,0.0,harm,hybrid,0.01,low_risk_q1,0.1,1.0,0,0.14242839813232422,0.012259259259259261,40,4049,1.0,994,9740
0,100,0.3,0.0,harm,hybrid,0.01,low_risk_q1,0.1,1.0,0,0.1548578441143036,0.012259259259259261,40,4049,1.0,994,9740
0,100,0.3,0.0,harm,hybrid,0.01,low_risk_q1,0.1,1.0,0,0.16728731989860535,0.012259259259259261,40,4049,1.0,994,9740
0,100,0.3,0.0,harm,hybrid,0.01,low_risk_q1,0.1,1.0,0,0.17971676588058472,0.012259259259259261,40,4049,1.0,994,9740
0,100,0.3,0.0,harm,hybrid,0.01,low_risk_q1,0.1,1.0,0,0.19214622676372528,0.012234567901234571,40,4049,0.9974999999999999,994,9740
0,100,0.3,0.0,harm,hybrid,0.01,low_risk_q1,0.1,1.0,0,0.20457568764686584,0.012234567901234571,40,4049,0.9974999999999999,994,9740
0,100,0.3,0.0,harm,hybrid,0.01,low_risk_q1,0.1,1.0,0,0.2170051485300064,0.012234567901234571,40,4049,0.9974999999999999,994,9740
0,100,0.3,0.0,harm,hybrid,0.01,low_risk_q1,0.1,1.0,0,0.22943460941314697,0.012209876543209878,40,4049,0.9949999999999999,994,9740
0,100,0.3,0.0,harm,hybrid,0.01,low_risk_q1,0.1,1.0,0,0.24186407029628754,0.012209876543209878,40,4049,0.9949999999999999,994,9740
0,100,0.3,0.0,harm,hybrid,0.01,low_risk_q1,0.1,1.0,0,0.2542935311794281,0.01217283950617284,40,4049,0.9925,994,9740
0,100,0.3,0.0,harm,hybrid,0.01,low_risk_q1,0.1,1.0,0,0.26672297716140747,0.01217283950617284,40,4049,0.9925,994,9740
0,100,0.3,0.0,harm,hybrid,0.01,low_risk_q1,0.1,1.0,0,0.27915245294570923,0.012135802469135804,40,4049,0.9887499999999999,994,9740
0,100,0.3,0.0,harm,hybrid,0.01,low_risk_q1,0.1,1.0,0,0.2915818989276886,0.012086419753086422,40,4049,0.98375,994,9740
0,100,0.3,0.0,harm,hybrid,0.01,low_risk_q1,0.1,1.0,0,0.30401134490966797,0.012061728395061729,40,4049,0.9824999999999999,994,9740
0,100,0.3,0.0,harm,hybrid,0.01,low_risk_q1,0.1,1.0,0,0.3164408206939697,0.012012345679012347,40,4049,0.9775,994,9740
0,100,0.3,0.0,harm,hybrid,0.01,low_risk_q1,0.1,1.0,0,0.3288702964782715,0.01197530864197531,40,4049,0.975,994,9740
0,100,0.3,0.0,harm,hybrid,0.01,low_risk_q1,0.1,1.0,0,0.34129974246025085,0.011901234567901237,40,4049,0.9662499999999999,994,9740
0,100,0.3,0.0,harm,hybrid,0.01,low_risk_q1,0.1,1.0,0,0.3537291884422302,0.011814814814814816,40,4049,0.9575000000000001,994,9740
0,100,0.3,0.0,harm,hybrid,0.01,low_risk_q1,0.1,1.0,0,0.366158664226532,0.011753086419753088,40,4049,0.9512499999999999,994,9740
0,100,0.3,0.0,harm,hybrid,0.01,low_risk_q1,0.1,1.0,0,0.37858811020851135,0.011703703703703706,40,4049,0.9475000000000001,994,9740
0,100,0.3,0.0,harm,hybrid,0.01,low_risk_q1,0.1,1.0,0,0.3910175859928131,0.011580246913580247,40,4049,0.93625,994,9740
0,100,0.3,0.0,harm,hybrid,0.01,low_risk_q1,0.1,1.0,0,0.4034470319747925,0.011506172839506173,40,4049,0.9262500000000001,994,9740
0,100,0.3,0.0,harm,hybrid,0.01,low_risk_q1,0.1,1.0,0,0.41587647795677185,0.011283950617283952,40,4049,0.90625,994,9740
0,100,0.3,0.0,harm,hybrid,0.01,low_risk_q1,0.1,1.0,0,0.4283059537410736,0.011123456790123457,40,4049,0.89,994,9740
0,100,0.3,0.0,harm,hybrid,0.01,low_risk_q1,0.1,1.0,0,0.440735399723053,0.010938271604938272,40,4049,0.8724999999999999,994,9740
0,100,0.3,0.0,harm,hybrid,0.01,low_risk_q1,0.1,1.0,0,0.45316487550735474,0.010679012345679013,40,4049,0.8487499999999999,994,9740
0,100,0.3,0.0,harm,hybrid,0.01,low_risk_q1,0.1,1.0,0,0.4655943214893341,0.01051851851851852,40,4049,0.83125,994,9740
0,100,0.3,0.0,harm,hybrid,0.01,low_risk_q1,0.1,1.0,0,0.47802379727363586,0.010395061728395064,40,4049,0.8175000000000001,994,9740
0,100,0.3,0.0,harm,hybrid,0.01,low_risk_q1,0.1,1.0,0,0.49045324325561523,0.010135802469135804,40,4049,0.79875,994,9740
0,100,0.3,0.0,harm,hybrid,0.01,low_risk_q1,0.1,1.0,0,0.502882719039917,0.009827160493827161,40,4049,0.76625,994,9740
0,100,0.3,0.0,harm,hybrid,0.01,low_risk_q1,0.1,1.0,0,0.5153121948242188,0.009641975308641975,40,4049,0.75875,994,9740
0,100,0.3,0.0,harm,hybrid,0.01,low_risk_q1,0.1,1.0,0,0.5277416110038757,0.009481481481481485,40,4049,0.7300000000000001,994,9740
0,100,0.3,0.0,harm,hybrid,0.01,low_risk_q1,0.1,1.0,0,0.5401710867881775,0.009271604938271606,40,4049,0.7150000000000001,994,9740
0,100,0.3,0.0,harm,hybrid,0.01,low_risk_q1,0.1,1.0,0,0.5526005029678345,0.009074074074074075,40,4049,0.6987500000000001,994,9740
0,100,0.3,0.0,harm,hybrid,0.01,low_risk_q1,0.1,1.0,0,0.5650299787521362,0.00888888888888889,40,4049,0.6837500000000001,994,9740
0,100,0.3,0.0,harm,hybrid,0.01,low_risk_q1,0.1,1.0,0,0.577459454536438,0.008740740740740743,40,4049,0.67,994,9740
0,100,0.3,0.0,harm,hybrid,0.01,low_risk_q1,0.1,1.0,0,0.5898889303207397,0.00869135802469136,40,4049,0.6599999999999999,994,9740
0,100,0.3,0.0,harm,hybrid,0.01,low_risk_q1,0.1,1.0,0,0.6023184061050415,0.00854320987654321,40,4049,0.65625,994,9740
0,100,0.3,0.0,harm,hybrid,0.01,low_risk_q1,0.1,1.0,0,0.6147478818893433,0.008469135802469137,40,4049,0.6512499999999999,994,9740
0,100,0.3,0.0,harm,hybrid,0.01,low_risk_q1,0.1,1.0,0,0.6271772384643555,0.008407407407407407,40,4049,0.64375,994,9740
0,100,0.3,0.0,harm,hybrid,0.01,low_risk_q1,0.1,1.0,0,0.6396067142486572,0.008308641975308643,40,4049,0.63625,994,9740
0,100,0.3,0.0,harm,hybrid,0.01,low_risk_q1,0.1,1.0,0,0.652036190032959,0.008283950617283953,40,4049,0.63625,994,9740
0,100,0.3,0.0,harm,hybrid,0.01,low_risk_q1,0.1,1.0,0,0.6644656658172607,0.00823456790123457,40,4049,0.63625,994,9740
0,100,0.3,0.0,harm,hybrid,0.01,low_risk_q1,0.1,1.0,0,0.6768951416015625,0.00823456790123457,40,4049,0.63625,994,9740
0,100,0.3,0.0,harm,hybrid,0.01,low_risk_q1,0.1,1.0,0,0.6893246173858643,0.008197530864197533,40,4049,0.63625,994,9740
0,100,0.3,0.0,harm,hybrid,0.01,low_risk_q1,0.1,1.0,0,0.701754093170166,0.00814814814814815,40,4049,0.63625,994,9740
0,100,0.3,0.0,harm,hybrid,0.01,low_risk_q1,0.1,1.0,0,0.7141834497451782,0.008135802469135804,40,4049,0.63625,994,9740
0,100,0.3,0.0,harm,hybrid,0.01,low_risk_q1,0.1,1.0,0,0.72661292552948,0.008123456790123457,40,4049,0.63625,994,9740
0,100,0.3,0.0,harm,hybrid,0.01,low_risk_q1,0.1,1.0,0,0.7390424013137817,0.008111111111111112,40,4049,0.63625,994,9740
0,100,0.3,0.0,harm,hybrid,0.01,low_risk_q1,0.1,1.0,0,0.7514718770980835,0.008098765432098767,40,4049,0.63625,994,9740
0,100,0.3,0.0,harm,hybrid,0.01,low_risk_q1,0.1,1.0,0,0.7639013528823853,0.008074074074074076,40,4049,0.63625,994,9740
0,100,0.3,0.0,harm,hybrid,0.01,low_risk_q1,0.1,1.0,0,0.776330828666687,0.008049382716049384,40,4049,0.63625,994,9740
0,100,0.3,0.0,harm,hybrid,0.01,low_risk_q1,0.1,1.0,0,0.7887603044509888,0.008012345679012347,40,4049,0.63625,994,9740
0,100,0.3,0.0,harm,hybrid,0.01,low_risk_q1,0.1,1.0,0,0.8011897802352905,0.008000000000000002,40,4049,0.63625,994,9740
0,100,0.3,0.0,harm,hybrid,0.01,low_risk_q1,0.1,1.0,0,0.8136191368103027,0.007962962962962963,40,4049,0.63625,994,9740
0,100,0.3,0.0,harm,hybrid,0.01,low_risk_q1,0.1,1.0,0,0.8260486125946045,0.0078641975308642,40,4049,0.63625,994,9740
0,100,0.3,0.0,harm,hybrid,0.01,low_risk_q1,0.1,1.0,0,0.8384780883789062,0.0077777777777777776,40,4049,0.63625,994,9740
0,100,0.3,0.0,harm,hybrid,0.01,low_risk_q1,0.1,1.0,0,0.850907564163208,0.007728395061728397,40,4049,0.63625,994,9740
0,100,0.3,0.0,harm,hybrid,0.01,low_risk_q1,0.1,1.0,0,0.8633370399475098,0.007641975308641976,40,4049,0.63625,994,9740
0,100,0.3,0.0,harm,hybrid,0.01,low_risk_q1,0.1,1.0,0,0.8757665157318115,0.0075925925925925935,40,4049,0.63625,994,9740
0,100,0.3,0.0,harm,hybrid,0.01,low_risk_q1,0.1,1.0,0,0.8881959915161133,0.007530864197530865,40,4049,0.63625,994,9740
0,100,0.3,0.0,harm,hybrid,0.01,low_risk_q1,0.1,1.0,0,0.9006253480911255,0.007444444444444445,40,4049,0.63625,994,9740
0,100,0.3,0.0,harm,hybrid,0.01,low_risk_q1,0.1,1.0,0,0.9130548238754272,0.007308641975308642,40,4049,0.63625,994,9740
0,100,0.3,0.0,harm,hybrid,0.01,low_risk_q1,0.1,1.0,0,0.925484299659729,0.007197530864197531,40,4049,0.63625,994,9740
0,100,0.3,0.0,harm,hybrid,0.01,low_risk_q1,0.1,1.0,0,0.9379137754440308,0.007148148148148147,40,4049,0.63625,994,9740
0,100,0.3,0.0,harm,hybrid,0.01,low_risk_q1,0.1,1.0,0,0.9503432512283325,0.007086419753086421,40,4049,0.63375,994,9740
0,100,0.3,0.0,harm,hybrid,0.01,low_risk_q1,0.1,1.0,0,0.9627727270126343,0.006938271604938272,40,4049,0.6275000000000001,994,9740
0,100,0.3,0.0,harm,hybrid,0.01,low_risk_q1,0.1,1.0,0,0.975202202796936,0.006740740740740741,40,4049,0.61125,994,9740
0,100,0.3,0.0,harm,hybrid,0.01,low_risk_q1,0.1,1.0,0,0.9876315593719482,0.0064197530864197536,40,4049,0.585,994,9740
0,100,0.3,0.0,harm,hybrid,0.01,low_risk_q1,0.1,1.0,0,1.00006103515625,0.0057654320987654325,40,4049,0.53,994,9740
0,100,0.3,0.0,harm,hybrid,0.01,low_risk_q1,0.1,1.0,0,1.0124905109405518,0.005049382716049383,40,4049,0.465,994,9740
0,100,0.3,0.0,harm,hybrid,0.01,low_risk_q1,0.1,1.0,0,1.0249199867248535,0.004098765432098766,40,4049,0.37124999999999997,994,9740
0,100,0.3,0.0,harm,hybrid,0.01,low_risk_q1,0.1,1.0,0,1.0373494625091553,0.003370370370370371,40,4049,0.30125,994,9740
0,100,0.3,0.0,harm,hybrid,0.01,low_risk_q1,0.1,1.0,0,1.049778938293457,0.0026913580246913575,40,4049,0.2375,994,9740
0,100,0.3,0.0,harm,hybrid,0.01,low_risk_q1,0.1,1.0,0,1.0622084140777588,0.0020740740740740745,40,4049,0.1775,994,9740
0,100,0.3,0.0,harm,hybrid,0.01,low_risk_q1,0.1,1.0,0,1.074637770652771,0.0015679012345679014,40,4049,0.1275,994,9740
0,100,0.3,0.0,harm,hybrid,0.01,low_risk_q1,0.1,1.0,0,1.0870672464370728,0.0011851851851851852,40,4049,0.08875000000000001,994,9740
0,100,0.3,0.0,harm,hybrid,0.01,low_risk_q1,0.1,1.0,0,1.0994967222213745,0.0009506172839506171,40,4049,0.0675,994,9740
0,100,0.3,0.0,harm,hybrid,0.01,low_risk_q1,0.1,1.0,0,1.1119261980056763,0.0007037037037037038,40,4049,0.04375,994,9740
0,100,0.3,0.0,harm,hybrid,0.01,low_risk_q1,0.1,1.0,0,1.124355673789978,0.0005925925925925927,40,4049,0.03375,994,9740
0,100,0.3,0.0,harm,hybrid,0.01,low_risk_q1,0.1,1.0,0,1.1367850303649902,0.0004938271604938272,40,4049,0.02375,994,9740
0,100,0.3,0.0,harm,hybrid,0.01,low_risk_q1,0.1,1.0,0,1.149214506149292,0.0004691358024691359,40,4049,0.021249999999999998,994,9740
0,100,0.3,0.0,harm,hybrid,0.01,low_risk_q1,0.1,1.0,0,1.1616439819335938,0.00039506172839506176,40,4049,0.013750000000000002,994,9740
0,100,0.3,0.0,harm,hybrid,0.01,low_risk_q1,0.1,1.0,0,1.1740734577178955,0.0002839506172839506,40,4049,0.0025,994,9740
0,100,0.3,0.0,harm,hybrid,0.01,low_risk_q1,0.1,1.0,0,1.1865029335021973,0.00027160493827160494,40,4049,0.00125,994,9740
0,100,0.3,0.0,harm,hybrid,0.01,low_risk_q1,0.1,1.0,0,1.198932409286499,0.00027160493827160494,40,4049,0.00125,994,9740
0,100,0.3,0.0,harm,hybrid,0.01,low_risk_q1,0.1,1.0,0,1.2113618850708008,0.0002469135802469136,40,4049,0.0,994,9740
0,100,0.3,0.0,harm,hybrid,0.01,low_risk_q1,0.1,1.0,0,1.223791241645813,0.0002469135802469136,40,4049,0.0,994,9740
0,100,0.3,0.0,harm,hybrid,0.01,low_risk_q1,0.1,1.0,0,1.2362207174301147,0.0002469135802469136,40,4049,0.0,994,9740
0,100,0.3,0.0,harm,hybrid,0.01,low_risk_q1,0.1,1.0,0,1.2486501932144165,0.0002469135802469136,40,4049,0.0,994,9740
0,100,0.3,0.0,harm,hybrid,0.01,low_risk_q1,0.1,1.0,0,1.2610796689987183,0.0002469135802469136,40,4049,0.0,994,9740
0,100,0.3,0.0,harm,hybrid,0.01,low_risk_q1,0.1,1.0,0,1.27350914478302,0.0002469135802469136,40,4049,0.0,994,9740
0,100,0.3,0.0,harm,hybrid,0.01,low_risk_q1,0.1,1.0,0,1.2859386205673218,0.0002469135802469136,40,4049,0.0,994,9740
0,100,0.3,0.0,harm,hybrid,0.01,low_risk_q1,0.1,1.0,0,1.2983680963516235,0.0002469135802469136,40,4049,0.0,994,9740
0,100,0.3,0.0,harm,hybrid,0.01,low_risk_q1,0.1,1.0,0,1.3107974529266357,0.0002469135802469136,40,4049,0.0,994,9740
0,100,0.3,0.0,harm,hybrid,0.01,low_risk_q1,0.1,1.0,0,1.3232269287109375,0.0002469135802469136,40,4049,0.0,994,9740
0,100,0.3,0.0,harm,hybrid,0.01,low_risk_q1,0.1,1.0,0,1.3356564044952393,0.0002469135802469136,40,4049,0.0,994,9740
0,100,0.3,0.0,harm,hybrid,0.01,low_risk_q1,0.1,1.0,0,1.348085880279541,0.0002469135802469136,40,4049,0.0,994,9740
1,100,0.3,0.0,harm,hybrid,0.01,low_risk_q1,0.1,1.0,0,0.04140770435333252,0.012275522755227555,40,4064,1.0,996,9774
1,100,0.3,0.0,harm,hybrid,0.01,low_risk_q1,0.1,1.0,0,0.05379550904035568,0.012275522755227555,40,4064,1.0,996,9774
1,100,0.3,0.0,harm,hybrid,0.01,low_risk_q1,0.1,1.0,0,0.06618331372737885,0.012275522755227555,40,4064,1.0,996,9774
1,100,0.3,0.0,harm,hybrid,0.01,low_risk_q1,0.1,1.0,0,0.07857111841440201,0.012275522755227555,40,4064,1.0,996,9774
1,100,0.3,0.0,harm,hybrid,0.01,low_risk_q1,0.1,1.0,0,0.09095892310142517,0.012275522755227555,40,4064,1.0,996,9774
1,100,0.3,0.0,harm,hybrid,0.01,low_risk_q1,0.1,1.0,0,0.10334672778844833,0.012275522755227555,40,4064,1.0,996,9774
1,100,0.3,0.0,harm,hybrid,0.01,low_risk_q1,0.1,1.0,0,0.1157345324754715,0.012275522755227555,40,4064,1.0,996,9774
1,100,0.3,0.0,harm,hybrid,0.01,low_risk_q1,0.1,1.0,0,0.12812232971191406,0.012275522755227555,40,4064,1.0,996,9774
1,100,0.3,0.0,harm,hybrid,0.01,low_risk_q1,0.1,1.0,0,0.14051014184951782,0.012275522755227555,40,4064,1.0,996,9774
1,100,0.3,0.0,harm,hybrid,0.01,low_risk_q1,0.1,1.0,0,0.15289795398712158,0.012275522755227555,40,4064,1.0,996,9774
1,100,0.3,0.0,harm,hybrid,0.01,low_risk_q1,0.1,1.0,0,0.16528575122356415,0.012250922509225094,40,4064,0.9974999999999999,996,9774
1,100,0.3,0.0,harm,hybrid,0.01,low_risk_q1,0.1,1.0,0,0.1776735484600067,0.012214022140221404,40,4064,0.99375,996,9774
1,100,0.3,0.0,harm,hybrid,0.01,low_risk_q1,0.1,1.0,0,0.19006136059761047,0.012201722017220173,40,4064,0.9925,996,9774
1,100,0.3,0.0,harm,hybrid,0.01,low_risk_q1,0.1,1.0,0,0.20244917273521423,0.012189421894218944,40,4064,0.9912500000000002,996,9774
1,100,0.3,0.0,harm,hybrid,0.01,low_risk_q1,0.1,1.0,0,0.2148369699716568,0.012177121771217714,40,4064,0.99,996,9774
1,100,0.3,0.0,harm,hybrid,0.01,low_risk_q1,0.1,1.0,0,0.22722476720809937,0.012164821648216483,40,4064,0.9887500000000001,996,9774
1,100,0.3,0.0,harm,hybrid,0.01,low_risk_q1,0.1,1.0,0,0.23961257934570312,0.012152521525215251,40,4064,0.9875,996,9774
1,100,0.3,0.0,harm,hybrid,0.01,low_risk_q1,0.1,1.0,0,0.2520003914833069,0.012127921279212792,40,4064,0.9850000000000001,996,9774
1,100,0.3,0.0,harm,hybrid,0.01,low_risk_q1,0.1,1.0,0,0.26438820362091064,0.012078720787207873,40,4064,0.9800000000000001,996,9774
1,100,0.3,0.0,harm,hybrid,0.01,low_risk_q1,0.1,1.0,0,0.276775985956192,0.011992619926199263,40,4064,0.9712499999999998,996,9774
1,100,0.3,0.0,harm,hybrid,0.01,low_risk_q1,0.1,1.0,0,0.2891637980937958,0.011869618696186962,40,4064,0.95875,996,9774
1,100,0.3,0.0,harm,hybrid,0.01,low_risk_q1,0.1,1.0,0,0.30155161023139954,0.011795817958179583,40,4064,0.9512499999999999,996,9774
1,100,0.3,0.0,harm,hybrid,0.01,low_risk_q1,0.1,1.0,0,0.3139393925666809,0.011685116851168513,40,4064,0.9412500000000001,996,9774
1,100,0.3,0.0,harm,hybrid,0.01,low_risk_q1,0.1,1.0,0,0.32632720470428467,0.011623616236162362,40,4064,0.9337499999999999,996,9774
1,100,0.3,0.0,harm,hybrid,0.01,low_risk_q1,0.1,1.0,0,0.3387150168418884,0.011537515375153752,40,4064,0.9225,996,9774
1,100,0.3,0.0,harm,hybrid,0.01,low_risk_q1,0.1,1.0,0,0.3511028289794922,0.011426814268142682,40,4064,0.91375,996,9774
1,100,0.3,0.0,harm,hybrid,0.01,low_risk_q1,0.1,1.0,0,0.36349064111709595,0.011279212792127923,40,4064,0.9,996,9774
1,100,0.3,0.0,harm,hybrid,0.01,low_risk_q1,0.1,1.0,0,0.3758784234523773,0.011131611316113161,40,4064,0.8862499999999999,996,9774
1,100,0.3,0.0,harm,hybrid,0.01,low_risk_q1,0.1,1.0,0,0.3882662355899811,0.010984009840098402,40,4064,0.8737499999999999,996,9774
1,100,0.3,0.0,harm,hybrid,0.01,low_risk_q1,0.1,1.0,0,0.40065404772758484,0.010725707257072573,40,4064,0.8474999999999999,996,9774
1,100,0.3,0.0,harm,hybrid,0.01,low_risk_q1,0.1,1.0,0,0.4130418300628662,0.01045510455104551,40,4064,0.8174999999999999,996,9774
1,100,0.3,0.0,harm,hybrid,0.01,low_risk_q1,0.1,1.0,0,0.42542964220046997,0.010135301353013531,40,4064,0.7887500000000001,996,9774
1,100,0.3,0.0,harm,hybrid,0.01,low_risk_q1,0.1,1.0,0,0.43781745433807373,0.00984009840098401,40,4064,0.76875,996,9774
1,100,0.3,0.0,harm,hybrid,0.01,low_risk_q1,0.1,1.0,0,0.4502052664756775,0.009581795817958181,40,4064,0.735,996,9774
1,100,0.3,0.0,harm,hybrid,0.01,low_risk_q1,0.1,1.0,0,0.46259307861328125,0.009298892988929889,40,4064,0.7125,996,9774
1,100,0.3,0.0,harm,hybrid,0.01,low_risk_q1,0.1,1.0,0,0.4749808609485626,0.008979089790897909,40,4064,0.6875,996,9774
1,100,0.3,0.0,harm,hybrid,0.01,low_risk_q1,0.1,1.0,0,0.4873686730861664,0.008806888068880688,40,4064,0.67,996,9774
1,100,0.3,0.0,harm,hybrid,0.01,low_risk_q1,0.1,1.0,0,0.49975648522377014,0.00846248462484625,40,4064,0.63875,996,9774
1,100,0.3,0.0,harm,hybrid,0.01,low_risk_q1,0.1,1.0,0,0.5121442675590515,0.00831488314883149,40,4064,0.6275000000000001,996,9774
1,100,0.3,0.0,harm,hybrid,0.01,low_risk_q1,0.1,1.0,0,0.5245320796966553,0.008179581795817958,40,4064,0.6112499999999998,996,9774
1,100,0.3,0.0,harm,hybrid,0.01,low_risk_q1,0.1,1.0,0,0.536919891834259,0.008093480934809348,40,4064,0.60375,996,9774
1,100,0.3,0.0,harm,hybrid,0.01,low_risk_q1,0.1,1.0,0,0.5493077039718628,0.007921279212792127,40,4064,0.5925,996,9774
1,100,0.3,0.0,harm,hybrid,0.01,low_risk_q1,0.1,1.0,0,0.5616955161094666,0.007859778597785977,40,4064,0.58625,996,9774
1,100,0.3,0.0,harm,hybrid,0.01,low_risk_q1,0.1,1.0,0,0.5740833282470703,0.007810578105781058,40,4064,0.58375,996,9774
1,100,0.3,0.0,harm,hybrid,0.01,low_risk_q1,0.1,1.0,0,0.5864710807800293,0.007699876998769988,40,4064,0.5800000000000001,996,9774
1,100,0.3,0.0,harm,hybrid,0.01,low_risk_q1,0.1,1.0,0,0.5988588929176331,0.007662976629766297,40,4064,0.5775,996,9774
1,100,0.3,0.0,harm,hybrid,0.01,low_risk_q1,0.1,1.0,0,0.6112467050552368,0.0076260762607626075,40,4064,0.5775,996,9774
1,100,0.3,0.0,harm,hybrid,0.01,low_risk_q1,0.1,1.0,0,0.6236345171928406,0.007613776137761377,40,4064,0.5775,996,9774
1,100,0.3,0.0,harm,hybrid,0.01,low_risk_q1,0.1,1.0,0,0.6360223293304443,0.0075891758917589185,40,4064,0.5775,996,9774
1,100,0.3,0.0,harm,hybrid,0.01,low_risk_q1,0.1,1.0,0,0.6484101414680481,0.0075645756457564575,40,4064,0.5775,996,9774
1,100,0.3,0.0,harm,hybrid,0.01,low_risk_q1,0.1,1.0,0,0.6607979536056519,0.007539975399753997,40,4064,0.5775,996,9774
1,100,0.3,0.0,harm,hybrid,0.01,low_risk_q1,0.1,1.0,0,0.6731857657432556,0.007515375153751538,40,4064,0.5775,996,9774
1,100,0.3,0.0,harm,hybrid,0.01,low_risk_q1,0.1,1.0,0,0.6855735778808594,0.007503075030750307,40,4064,0.5775,996,9774
1,100,0.3,0.0,harm,hybrid,0.01,low_risk_q1,0.1,1.0,0,0.6979613304138184,0.0074661746617466175,40,4064,0.5775,996,9774
1,100,0.3,0.0,harm,hybrid,0.01,low_risk_q1,0.1,1.0,0,0.7103491425514221,0.007416974169741697,40,4064,0.5775,996,9774
1,100,0.3,0.0,harm,hybrid,0.01,low_risk_q1,0.1,1.0,0,0.7227369546890259,0.007392373923739237,40,4064,0.5775,996,9774
1,100,0.3,0.0,harm,hybrid,0.01,low_risk_q1,0.1,1.0,0,0.7351247668266296,0.007392373923739237,40,4064,0.5775,996,9774
1,100,0.3,0.0,harm,hybrid,0.01,low_risk_q1,0.1,1.0,0,0.7475125789642334,0.007318573185731857,40,4064,0.5775,996,9774
1,100,0.3,0.0,harm,hybrid,0.01,low_risk_q1,0.1,1.0,0,0.7599003911018372,0.007244772447724477,40,4064,0.5775,996,9774
1,100,0.3,0.0,harm,hybrid,0.01,low_risk_q1,0.1,1.0,0,0.7722882032394409,0.0071709717097170975,40,4064,0.5775,996,9774
1,100,0.3,0.0,harm,hybrid,0.01,low_risk_q1,0.1,1.0,0,0.7846759557723999,0.007134071340713407,40,4064,0.5775,996,9774
1,100,0.3,0.0,harm,hybrid,0.01,low_risk_q1,0.1,1.0,0,0.7970637679100037,0.007084870848708486,40,4064,0.5775,996,9774
1,100,0.3,0.0,harm,hybrid,0.01,low_risk_q1,0.1,1.0,0,0.8094515800476074,0.007023370233702338,40,4064,0.5775,996,9774
1,100,0.3,0.0,harm,hybrid,0.01,low_risk_q1,0.1,1.0,0,0.8218393921852112,0.006875768757687577,40,4064,0.5775,996,9774
1,100,0.3,0.0,harm,hybrid,0.01,low_risk_q1,0.1,1.0,0,0.8342272043228149,0.006765067650676506,40,4064,0.5775,996,9774
1,100,0.3,0.0,harm,hybrid,0.01,low_risk_q1,0.1,1.0,0,0.8466150164604187,0.006605166051660518,40,4064,0.5775,996,9774
1,100,0.3,0.0,harm,hybrid,0.01,low_risk_q1,0.1,1.0,0,0.8590028285980225,0.006519065190651907,40,4064,0.5775,996,9774
1,100,0.3,0.0,harm,hybrid,0.01,low_risk_q1,0.1,1.0,0,0.8713906407356262,0.006469864698646988,40,4064,0.57625,996,9774
1,100,0.3,0.0,harm,hybrid,0.01,low_risk_q1,0.1,1.0,0,0.88377845287323,0.006408364083640836,40,4064,0.575,996,9774
1,100,0.3,0.0,harm,hybrid,0.01,low_risk_q1,0.1,1.0,0,0.896166205406189,0.006236162361623616,40,4064,0.5650000000000001,996,9774
1,100,0.3,0.0,harm,hybrid,0.01,low_risk_q1,0.1,1.0,0,0.9085540175437927,0.005977859778597787,40,4064,0.545,996,9774
1,100,0.3,0.0,harm,hybrid,0.01,low_risk_q1,0.1,1.0,0,0.9209418296813965,0.0054858548585485865,40,4064,0.50625,996,9774
1,100,0.3,0.0,harm,hybrid,0.01,low_risk_q1,0.1,1.0,0,0.9333296418190002,0.005030750307503076,40,4064,0.46374999999999994,996,9774
1,100,0.3,0.0,harm,hybrid,0.01,low_risk_q1,0.1,1.0,0,0.945717453956604,0.004514145141451415,40,4064,0.4175,996,9774
1,100,0.3,0.0,harm,hybrid,0.01,low_risk_q1,0.1,1.0,0,0.9581052660942078,0.003702337023370234,40,4064,0.33875,996,9774
1,100,0.3,0.0,harm,hybrid,0.01,low_risk_q1,0.1,1.0,0,0.9704930782318115,0.003124231242312423,40,4064,0.28,996,9774
1,100,0.3,0.0,harm,hybrid,0.01,low_risk_q1,0.1,1.0,0,0.9828808307647705,0.0024354243542435423,40,4064,0.21375000000000002,996,9774
1,100,0.3,0.0,harm,hybrid,0.01,low_risk_q1,0.1,1.0,0,0.9952686429023743,0.001992619926199262,40,4064,0.17,996,9774
1,100,0.3,0.0,harm,hybrid,0.01,low_risk_q1,0.1,1.0,0,1.007656455039978,0.0015006150061500616,40,4064,0.12250000000000001,996,9774
1,100,0.3,0.0,harm,hybrid,0.01,low_risk_q1,0.1,1.0,0,1.0200443267822266,0.0012054120541205413,40,4064,0.0925,996,9774
1,100,0.3,0.0,harm,hybrid,0.01,low_risk_q1,0.1,1.0,0,1.0324320793151855,0.0007749077490774908,40,4064,0.051250000000000004,996,9774
1,100,0.3,0.0,harm,hybrid,0.01,low_risk_q1,0.1,1.0,0,1.0448198318481445,0.0005904059040590405,40,4064,0.0325,996,9774
1,100,0.3,0.0,harm,hybrid,0.01,low_risk_q1,0.1,1.0,0,1.057207703590393,0.0005043050430504304,40,4064,0.02375,996,9774
1,100,0.3,0.0,harm,hybrid,0.01,low_risk_q1,0.1,1.0,0,1.069595456123352,0.00040590405904059035,40,4064,0.013750000000000002,996,9774
1,100,0.3,0.0,harm,hybrid,0.01,low_risk_q1,0.1,1.0,0,1.0819833278656006,0.00038130381303813036,40,4064,0.01125,996,9774
1,100,0.3,0.0,harm,hybrid,0.01,low_risk_q1,0.1,1.0,0,1.0943710803985596,0.00034440344403444036,40,4064,0.008749999999999999,996,9774
1,100,0.3,0.0,harm,hybrid,0.01,low_risk_q1,0.1,1.0,0,1.106758952140808,0.00029520295202952026,40,4064,0.005,996,9774
1,100,0.3,0.0,harm,hybrid,0.01,low_risk_q1,0.1,1.0,0,1.119146704673767,0.00028290282902829027,40,4064,0.0037500000000000007,996,9774
1,100,0.3,0.0,harm,hybrid,0.01,low_risk_q1,0.1,1.0,0,1.131534457206726,0.0002583025830258302,40,4064,0.00125,996,9774
1,100,0.3,0.0,harm,hybrid,0.01,low_risk_q1,0.1,1.0,0,1.1439223289489746,0.0002583025830258302,40,4064,0.00125,996,9774
1,100,0.3,0.0,harm,hybrid,0.01,low_risk_q1,0.1,1.0,0,1.1563100814819336,0.0002583025830258302,40,4064,0.00125,996,9774
1,100,0.3,0.0,harm,hybrid,0.01,low_risk_q1,0.1,1.0,0,1.1686979532241821,0.0002583025830258302,40,4064,0.00125,996,9774
1,100,0.3,0.0,harm,hybrid,0.01,low_risk_q1,0.1,1.0,0,1.1810857057571411,0.0002583025830258302,40,4064,0.00125,996,9774
1,100,0.3,0.0,harm,hybrid,0.01,low_risk_q1,0.1,1.0,0,1.1934735774993896,0.0002460024600246002,40,4064,0.0,996,9774
1,100,0.3,0.0,harm,hybrid,0.01,low_risk_q1,0.1,1.0,0,1.2058613300323486,0.0002460024600246002,40,4064,0.0,996,9774
1,100,0.3,0.0,harm,hybrid,0.01,low_risk_q1,0.1,1.0,0,1.2182492017745972,0.0002460024600246002,40,4064,0.0,996,9774
1,100,0.3,0.0,harm,hybrid,0.01,low_risk_q1,0.1,1.0,0,1.2306369543075562,0.0002460024600246002,40,4064,0.0,996,9774
1,100,0.3,0.0,harm,hybrid,0.01,low_risk_q1,0.1,1.0,0,1.2430247068405151,0.0002460024600246002,40,4064,0.0,996,9774
1,100,0.3,0.0,harm,hybrid,0.01,low_risk_q1,0.1,1.0,0,1.2554125785827637,0.0002460024600246002,40,4064,0.0,996,9774
1,100,0.3,0.0,harm,hybrid,0.01,low_risk_q1,0.1,1.0,0,1.2678003311157227,0.0002460024600246002,40,4064,0.0,996,9774
2,100,0.3,0.0,harm,hybrid,0.01,low_risk_q1,0.1,1.0,0,0.03058314323425293,0.012247909493359566,40,4065,1.0,968,9516
2,100,0.3,0.0,harm,hybrid,0.01,low_risk_q1,0.1,1.0,0,0.04363076761364937,0.012247909493359566,40,4065,1.0,968,9516
2,100,0.3,0.0,harm,hybrid,0.01,low_risk_q1,0.1,1.0,0,0.05667839199304581,0.012247909493359566,40,4065,1.0,968,9516
2,100,0.3,0.0,harm,hybrid,0.01,low_risk_q1,0.1,1.0,0,0.06972602009773254,0.012247909493359566,40,4065,1.0,968,9516
2,100,0.3,0.0,harm,hybrid,0.01,low_risk_q1,0.1,1.0,0,0.08277364075183868,0.012247909493359566,40,4065,1.0,968,9516
2,100,0.3,0.0,harm,hybrid,0.01,low_risk_q1,0.1,1.0,0,0.09582126885652542,0.012247909493359566,40,4065,1.0,968,9516
2,100,0.3,0.0,harm,hybrid,0.01,low_risk_q1,0.1,1.0,0,0.10886889696121216,0.012247909493359566,40,4065,1.0,968,9516
2,100,0.3,0.0,harm,hybrid,0.01,low_risk_q1,0.1,1.0,0,0.1219165176153183,0.012247909493359566,40,4065,1.0,968,9516
2,100,0.3,0.0,harm,hybrid,0.01,low_risk_q1,0.1,1.0,0,0.13496413826942444,0.012247909493359566,40,4065,1.0,968,9516
2,100,0.3,0.0,harm,hybrid,0.01,low_risk_q1,0.1,1.0,0,0.14801177382469177,0.012247909493359566,40,4065,1.0,968,9516
2,100,0.3,0.0,harm,hybrid,0.01,low_risk_q1,0.1,1.0,0,0.1610593944787979,0.012247909493359566,40,4065,1.0,968,9516
2,100,0.3,0.0,harm,hybrid,0.01,low_risk_q1,0.1,1.0,0,0.17410701513290405,0.012247909493359566,40,4065,1.0,968,9516
2,100,0.3,0.0,harm,hybrid,0.01,low_risk_q1,0.1,1.0,0,0.1871546506881714,0.012247909493359566,40,4065,1.0,968,9516
2,100,0.3,0.0,harm,hybrid,0.01,low_risk_q1,0.1,1.0,0,0.20020227134227753,0.012247909493359566,40,4065,1.0,968,9516
2,100,0.3,0.0,harm,hybrid,0.01,low_risk_q1,0.1,1.0,0,0.21324989199638367,0.012223315297589769,40,4065,0.9974999999999999,968,9516
2,100,0.3,0.0,harm,hybrid,0.01,low_risk_q1,0.1,1.0,0,0.226297527551651,0.01221101819970487,40,4065,0.9962499999999999,968,9516
2,100,0.3,0.0,harm,hybrid,0.01,low_risk_q1,0.1,1.0,0,0.23934514820575714,0.01221101819970487,40,4065,0.9962499999999999,968,9516
2,100,0.3,0.0,harm,hybrid,0.01,low_risk_q1,0.1,1.0,0,0.2523927688598633,0.012198721101819968,40,4065,0.9949999999999999,968,9516
2,100,0.3,0.0,harm,hybrid,0.01,low_risk_q1,0.1,1.0,0,0.2654404044151306,0.012161829808165273,40,4065,0.9925,968,9516
2,100,0.3,0.0,harm,hybrid,0.01,low_risk_q1,0.1,1.0,0,0.27848803997039795,0.012124938514510577,40,4065,0.9887499999999999,968,9516
2,100,0.3,0.0,harm,hybrid,0.01,low_risk_q1,0.1,1.0,0,0.2915356457233429,0.012100344318740776,40,4065,0.9862500000000001,968,9516
2,100,0.3,0.0,harm,hybrid,0.01,low_risk_q1,0.1,1.0,0,0.30458328127861023,0.011989670437776684,40,4065,0.97625,968,9516
2,100,0.3,0.0,harm,hybrid,0.01,low_risk_q1,0.1,1.0,0,0.3176308870315552,0.011952779144121985,40,4065,0.9724999999999999,968,9516
2,100,0.3,0.0,harm,hybrid,0.01,low_risk_q1,0.1,1.0,0,0.3306785225868225,0.011854402361042793,40,4065,0.9625,968,9516
2,100,0.3,0.0,harm,hybrid,0.01,low_risk_q1,0.1,1.0,0,0.34372615814208984,0.011792916871618299,40,4065,0.95625,968,9516
2,100,0.3,0.0,harm,hybrid,0.01,low_risk_q1,0.1,1.0,0,0.3567737638950348,0.011694540088539105,40,4065,0.9462499999999998,968,9516
2,100,0.3,0.0,harm,hybrid,0.01,low_risk_q1,0.1,1.0,0,0.3698213994503021,0.011596163305459912,40,4065,0.9350000000000002,968,9516
2,100,0.3,0.0,harm,hybrid,0.01,low_risk_q1,0.1,1.0,0,0.38286903500556946,0.011497786522380718,40,4065,0.925,968,9516
2,100,0.3,0.0,harm,hybrid,0.01,low_risk_q1,0.1,1.0,0,0.3959166407585144,0.011387112641416624,40,4065,0.9199999999999999,968,9516
2,100,0.3,0.0,harm,hybrid,0.01,low_risk_q1,0.1,1.0,0,0.40896427631378174,0.01132562715199213,40,4065,0.9112500000000001,968,9516
2,100,0.3,0.0,harm,hybrid,0.01,low_risk_q1,0.1,1.0,0,0.4220119118690491,0.011128873585833742,40,4065,0.8975000000000002,968,9516
2,100,0.3,0.0,harm,hybrid,0.01,low_risk_q1,0.1,1.0,0,0.435059517621994,0.010944417117560256,40,4065,0.8837499999999998,968,9516
2,100,0.3,0.0,harm,hybrid,0.01,low_risk_q1,0.1,1.0,0,0.44810715317726135,0.010673880964092474,40,4065,0.85625,968,9516
2,100,0.3,0.0,harm,hybrid,0.01,low_risk_q1,0.1,1.0,0,0.4611547887325287,0.010403344810624693,40,4065,0.82875,968,9516
2,100,0.3,0.0,harm,hybrid,0.01,low_risk_q1,0.1,1.0,0,0.47420239448547363,0.010145105755041808,40,4065,0.8024999999999999,968,9516
2,100,0.3,0.0,harm,hybrid,0.01,low_risk_q1,0.1,1.0,0,0.48725003004074097,0.009948352188883425,40,4065,0.785,968,9516
2,100,0.3,0.0,harm,hybrid,0.01,low_risk_q1,0.1,1.0,0,0.5002976655960083,0.009714707329070338,40,4065,0.76,968,9516
2,100,0.3,0.0,harm,hybrid,0.01,low_risk_q1,0.1,1.0,0,0.5133452415466309,0.00941957697983276,40,4065,0.7375,968,9516
2,100,0.3,0.0,harm,hybrid,0.01,low_risk_q1,0.1,1.0,0,0.526392936706543,0.009210526315789475,40,4065,0.7162499999999999,968,9516
2,100,0.3,0.0,harm,hybrid,0.01,low_risk_q1,0.1,1.0,0,0.5394405126571655,0.00909985243482538,40,4065,0.7037500000000001,968,9516
2,100,0.3,0.0,harm,hybrid,0.01,low_risk_q1,0.1,1.0,0,0.5524881482124329,0.008964584358091492,40,4065,0.6975,968,9516
2,100,0.3,0.0,harm,hybrid,0.01,low_risk_q1,0.1,1.0,0,0.5655357837677002,0.008890801770782095,40,4065,0.6950000000000001,968,9516
2,100,0.3,0.0,harm,hybrid,0.01,low_risk_q1,0.1,1.0,0,0.5785834193229675,0.008829316281357599,40,4065,0.6849999999999999,968,9516
2,100,0.3,0.0,harm,hybrid,0.01,low_risk_q1,0.1,1.0,0,0.5916310548782349,0.008730939498278405,40,4065,0.68125,968,9516
2,100,0.3,0.0,harm,hybrid,0.01,low_risk_q1,0.1,1.0,0,0.6046786308288574,0.008632562715199212,40,4065,0.675,968,9516
2,100,0.3,0.0,harm,hybrid,0.01,low_risk_q1,0.1,1.0,0,0.6177262663841248,0.00850959173635022,40,4065,0.67125,968,9516
2,100,0.3,0.0,harm,hybrid,0.01,low_risk_q1,0.1,1.0,0,0.6307739019393921,0.008497294638465321,40,4065,0.67,968,9516
2,100,0.3,0.0,harm,hybrid,0.01,low_risk_q1,0.1,1.0,0,0.6438215374946594,0.008460403344810625,40,4065,0.67,968,9516
2,100,0.3,0.0,harm,hybrid,0.01,low_risk_q1,0.1,1.0,0,0.6568691730499268,0.008448106246925725,40,4065,0.67,968,9516
2,100,0.3,0.0,harm,hybrid,0.01,low_risk_q1,0.1,1.0,0,0.6699168086051941,0.008423512051155928,40,4065,0.67,968,9516
2,100,0.3,0.0,harm,hybrid,0.01,low_risk_q1,0.1,1.0,0,0.6829643845558167,0.008386620757501228,40,4065,0.67,968,9516
2,100,0.3,0.0,harm,hybrid,0.01,low_risk_q1,0.1,1.0,0,0.696012020111084,0.00834972946384653,40,4065,0.67,968,9516
2,100,0.3,0.0,harm,hybrid,0.01,low_risk_q1,0.1,1.0,0,0.7090596556663513,0.008337432365961633,40,4065,0.67,968,9516
2,100,0.3,0.0,harm,hybrid,0.01,low_risk_q1,0.1,1.0,0,0.7221072912216187,0.008312838170191832,40,4065,0.67,968,9516
2,100,0.3,0.0,harm,hybrid,0.01,low_risk_q1,0.1,1.0,0,0.735154926776886,0.008275946876537137,40,4065,0.67,968,9516
2,100,0.3,0.0,harm,hybrid,0.01,low_risk_q1,0.1,1.0,0,0.7482025623321533,0.008251352680767338,40,4065,0.67,968,9516
2,100,0.3,0.0,harm,hybrid,0.01,low_risk_q1,0.1,1.0,0,0.7612501382827759,0.008214461387112642,40,4065,0.67,968,9516
2,100,0.3,0.0,harm,hybrid,0.01,low_risk_q1,0.1,1.0,0,0.7742977738380432,0.008140678799803246,40,4065,0.67,968,9516
2,100,0.3,0.0,harm,hybrid,0.01,low_risk_q1,0.1,1.0,0,0.7873454093933105,0.008091490408263648,40,4065,0.67,968,9516
2,100,0.3,0.0,harm,hybrid,0.01,low_risk_q1,0.1,1.0,0,0.8003930449485779,0.008066896212493851,40,4065,0.67,968,9516
2,100,0.3,0.0,harm,hybrid,0.01,low_risk_q1,0.1,1.0,0,0.8134406805038452,0.007980816527299558,40,4065,0.67,968,9516
2,100,0.3,0.0,harm,hybrid,0.01,low_risk_q1,0.1,1.0,0,0.8264883160591125,0.007894736842105263,40,4065,0.67,968,9516
2,100,0.3,0.0,harm,hybrid,0.01,low_risk_q1,0.1,1.0,0,0.8395358920097351,0.007857845548450565,40,4065,0.67,968,9516
2,100,0.3,0.0,harm,hybrid,0.01,low_risk_q1,0.1,1.0,0,0.8525835275650024,0.007784062961141171,40,4065,0.67,968,9516
2,100,0.3,0.0,harm,hybrid,0.01,low_risk_q1,0.1,1.0,0,0.8656311631202698,0.00764879488440728,40,4065,0.67,968,9516
2,100,0.3,0.0,harm,hybrid,0.01,low_risk_q1,0.1,1.0,0,0.8786787986755371,0.007562715199212985,40,4065,0.67,968,9516
2,100,0.3,0.0,harm,hybrid,0.01,low_risk_q1,0.1,1.0,0,0.8917264342308044,0.007427447122479096,40,4065,0.67,968,9516
2,100,0.3,0.0,harm,hybrid,0.01,low_risk_q1,0.1,1.0,0,0.904774010181427,0.0073536645351696996,40,4065,0.67,968,9516
2,100,0.3,0.0,harm,hybrid,0.01,low_risk_q1,0.1,1.0,0,0.9178216457366943,0.007279881947860305,40,4065,0.67,968,9516
2,100,0.3,0.0,harm,hybrid,0.01,low_risk_q1,0.1,1.0,0,0.9308692812919617,0.007070831283817018,40,4065,0.65625,968,9516
2,100,0.3,0.0,harm,hybrid,0.01,low_risk_q1,0.1,1.0,0,0.943916916847229,0.0067634038366945395,40,4065,0.63375,968,9516
2,100,0.3,0.0,harm,hybrid,0.01,low_risk_q1,0.1,1.0,0,0.9569645524024963,0.006197737333989179,40,4065,0.58375,968,9516
2,100,0.3,0.0,harm,hybrid,0.01,low_risk_q1,0.1,1.0,0,0.9700121879577637,0.005558288243974422,40,4065,0.52125,968,9516
2,100,0.3,0.0,harm,hybrid,0.01,low_risk_q1,0.1,1.0,0,0.9830597639083862,0.004808165272995573,40,4065,0.4487500000000001,968,9516
2,100,0.3,0.0,harm,hybrid,0.01,low_risk_q1,0.1,1.0,0,0.9961073994636536,0.0038612887358583374,40,4065,0.35500000000000004,968,9516
2,100,0.3,0.0,harm,hybrid,0.01,low_risk_q1,0.1,1.0,0,1.009155035018921,0.003012788981800295,40,4065,0.27375,968,9516
2,100,0.3,0.0,harm,hybrid,0.01,low_risk_q1,0.1,1.0,0,1.022202730178833,0.0023856369896704376,40,4065,0.2125,968,9516
2,100,0.3,0.0,harm,hybrid,0.01,low_risk_q1,0.1,1.0,0,1.0352503061294556,0.0018691588785046732,40,4065,0.16,968,9516
2,100,0.3,0.0,harm,hybrid,0.01,low_risk_q1,0.1,1.0,0,1.0482978820800781,0.0013895720609936055,40,4065,0.1125,968,9516
2,100,0.3,0.0,harm,hybrid,0.01,low_risk_q1,0.1,1.0,0,1.0613455772399902,0.0009714707329070339,40,4065,0.07,968,9516
2,100,0.3,0.0,harm,hybrid,0.01,low_risk_q1,0.1,1.0,0,1.0743931531906128,0.0007378258730939498,40,4065,0.04625,968,9516
2,100,0.3,0.0,harm,hybrid,0.01,low_risk_q1,0.1,1.0,0,1.087440848350525,0.0005779636005902607,40,4065,0.030000000000000006,968,9516
2,100,0.3,0.0,harm,hybrid,0.01,low_risk_q1,0.1,1.0,0,1.1004884243011475,0.0004181013280865715,40,4065,0.017499999999999998,968,9516
2,100,0.3,0.0,harm,hybrid,0.01,low_risk_q1,0.1,1.0,0,1.11353600025177,0.00039350713231677323,40,4065,0.015000000000000003,968,9516
2,100,0.3,0.0,harm,hybrid,0.01,low_risk_q1,0.1,1.0,0,1.1265836954116821,0.0003566158386620758,40,4065,0.011250000000000001,968,9516
2,100,0.3,0.0,harm,hybrid,0.01,low_risk_q1,0.1,1.0,0,1.1396312713623047,0.0003197245450073783,40,4065,0.0075000000000000015,968,9516
2,100,0.3,0.0,harm,hybrid,0.01,low_risk_q1,0.1,1.0,0,1.1526789665222168,0.00028283325135268077,40,4065,0.0037500000000000007,968,9516
2,100,0.3,0.0,harm,hybrid,0.01,low_risk_q1,0.1,1.0,0,1.1657265424728394,0.00025823905558288243,40,4065,0.00125,968,9516
2,100,0.3,0.0,harm,hybrid,0.01,low_risk_q1,0.1,1.0,0,1.178774118423462,0.00025823905558288243,40,4065,0.00125,968,9516
2,100,0.3,0.0,harm,hybrid,0.01,low_risk_q1,0.1,1.0,0,1.191821813583374,0.00024594195769798326,40,4065,0.0,968,9516
2,100,0.3,0.0,harm,hybrid,0.01,low_risk_q1,0.1,1.0,0,1.2048693895339966,0.00024594195769798326,40,4065,0.0,968,9516
2,100,0.3,0.0,harm,hybrid,0.01,low_risk_q1,0.1,1.0,0,1.2179170846939087,0.00024594195769798326,40,4065,0.0,968,9516
2,100,0.3,0.0,harm,hybrid,0.01,low_risk_q1,0.1,1.0,0,1.2309646606445312,0.00024594195769798326,40,4065,0.0,968,9516
2,100,0.3,0.0,harm,hybrid,0.01,low_risk_q1,0.1,1.0,0,1.2440123558044434,0.00024594195769798326,40,4065,0.0,968,9516
2,100,0.3,0.0,harm,hybrid,0.01,low_risk_q1,0.1,1.0,0,1.257059931755066,0.00024594195769798326,40,4065,0.0,968,9516
2,100,0.3,0.0,harm,hybrid,0.01,low_risk_q1,0.1,1.0,0,1.2701075077056885,0.00024594195769798326,40,4065,0.0,968,9516
2,100,0.3,0.0,harm,hybrid,0.01,low_risk_q1,0.1,1.0,0,1.2831552028656006,0.00024594195769798326,40,4065,0.0,968,9516
2,100,0.3,0.0,harm,hybrid,0.01,low_risk_q1,0.1,1.0,0,1.2962027788162231,0.00024594195769798326,40,4065,0.0,968,9516
2,100,0.3,0.0,harm,hybrid,0.01,low_risk_q1,0.1,1.0,0,1.3092504739761353,0.00024594195769798326,40,4065,0.0,968,9516
2,100,0.3,0.0,harm,hybrid,0.01,low_risk_q1,0.1,1.0,0,1.3222980499267578,0.00024594195769798326,40,4065,0.0,968,9516
3,100,0.3,0.0,harm,hybrid,0.01,low_risk_q1,0.1,1.0,0,0.05018720030784607,0.012101753519387505,40,4048,1.0,1029,10105
3,100,0.3,0.0,harm,hybrid,0.01,low_risk_q1,0.1,1.0,0,0.06261549144983292,0.012101753519387505,40,4048,1.0,1029,10105
3,100,0.3,0.0,harm,hybrid,0.01,low_risk_q1,0.1,1.0,0,0.07504378259181976,0.012101753519387505,40,4048,1.0,1029,10105
3,100,0.3,0.0,harm,hybrid,0.01,low_risk_q1,0.1,1.0,0,0.08747208118438721,0.012101753519387505,40,4048,1.0,1029,10105
3,100,0.3,0.0,harm,hybrid,0.01,low_risk_q1,0.1,1.0,0,0.09990036487579346,0.012101753519387505,40,4048,1.0,1029,10105
3,100,0.3,0.0,harm,hybrid,0.01,low_risk_q1,0.1,1.0,0,0.1123286634683609,0.012101753519387505,40,4048,1.0,1029,10105
3,100,0.3,0.0,harm,hybrid,0.01,low_risk_q1,0.1,1.0,0,0.12475695461034775,0.012101753519387505,40,4048,1.0,1029,10105
3,100,0.3,0.0,harm,hybrid,0.01,low_risk_q1,0.1,1.0,0,0.1371852457523346,0.012101753519387505,40,4048,1.0,1029,10105
3,100,0.3,0.0,harm,hybrid,0.01,low_risk_q1,0.1,1.0,0,0.14961352944374084,0.012101753519387505,40,4048,1.0,1029,10105
3,100,0.3,0.0,harm,hybrid,0.01,low_risk_q1,0.1,1.0,0,0.1620418280363083,0.012101753519387505,40,4048,1.0,1029,10105
3,100,0.3,0.0,harm,hybrid,0.01,low_risk_q1,0.1,1.0,0,0.17447012662887573,0.012089404791306498,40,4048,0.99875,1029,10105
3,100,0.3,0.0,harm,hybrid,0.01,low_risk_q1,0.1,1.0,0,0.18689841032028198,0.012089404791306498,40,4048,0.99875,1029,10105
3,100,0.3,0.0,harm,hybrid,0.01,low_risk_q1,0.1,1.0,0,0.19932670891284943,0.012089404791306498,40,4048,0.99875,1029,10105
3,100,0.3,0.0,harm,hybrid,0.01,low_risk_q1,0.1,1.0,0,0.21175499260425568,0.012077056063225488,40,4048,0.9974999999999999,1029,10105
3,100,0.3,0.0,harm,hybrid,0.01,low_risk_q1,0.1,1.0,0,0.22418329119682312,0.012064707335144483,40,4048,0.9962499999999999,1029,10105
3,100,0.3,0.0,harm,hybrid,0.01,low_risk_q1,0.1,1.0,0,0.23661157488822937,0.012027661150901458,40,4048,0.9925,1029,10105
3,100,0.3,0.0,harm,hybrid,0.01,low_risk_q1,0.1,1.0,0,0.24903987348079681,0.011990614966658436,40,4048,0.9887500000000001,1029,10105
3,100,0.3,0.0,harm,hybrid,0.01,low_risk_q1,0.1,1.0,0,0.26146817207336426,0.011928871326253396,40,4048,0.9824999999999999,1029,10105
3,100,0.3,0.0,harm,hybrid,0.01,low_risk_q1,0.1,1.0,0,0.2738964557647705,0.011879476413929366,40,4048,0.97875,1029,10105
3,100,0.3,0.0,harm,hybrid,0.01,low_risk_q1,0.1,1.0,0,0.28632473945617676,0.01181773277352433,40,4048,0.9724999999999999,1029,10105
3,100,0.3,0.0,harm,hybrid,0.01,low_risk_q1,0.1,1.0,0,0.298753023147583,0.011793035317362312,40,4048,0.97,1029,10105
3,100,0.3,0.0,harm,hybrid,0.01,low_risk_q1,0.1,1.0,0,0.31118133664131165,0.011768337861200299,40,4048,0.9662500000000002,1029,10105
3,100,0.3,0.0,harm,hybrid,0.01,low_risk_q1,0.1,1.0,0,0.3236096203327179,0.01169424549271425,40,4048,0.96125,1029,10105
3,100,0.3,0.0,harm,hybrid,0.01,low_risk_q1,0.1,1.0,0,0.33603790402412415,0.01159545566806619,40,4048,0.9487500000000001,1029,10105
3,100,0.3,0.0,harm,hybrid,0.01,low_risk_q1,0.1,1.0,0,0.3484662175178528,0.01150901457149914,40,4048,0.9412500000000001,1029,10105
3,100,0.3,0.0,harm,hybrid,0.01,low_risk_q1,0.1,1.0,0,0.36089450120925903,0.01138552729068906,40,4048,0.9274999999999999,1029,10105
3,100,0.3,0.0,harm,hybrid,0.01,low_risk_q1,0.1,1.0,0,0.3733227849006653,0.01123734255371697,40,4048,0.915,1029,10105
3,100,0.3,0.0,harm,hybrid,0.01,low_risk_q1,0.1,1.0,0,0.3857510983943939,0.011089157816744877,40,4048,0.9012499999999999,1029,10105
3,100,0.3,0.0,harm,hybrid,0.01,low_risk_q1,0.1,1.0,0,0.39817938208580017,0.010891578167448753,40,4048,0.8837499999999998,1029,10105
3,100,0.3,0.0,harm,hybrid,0.01,low_risk_q1,0.1,1.0,0,0.4106076657772064,0.010706347246233639,40,4048,0.8637499999999999,1029,10105
3,100,0.3,0.0,harm,hybrid,0.01,low_risk_q1,0.1,1.0,0,0.42303594946861267,0.010422326500370461,40,4048,0.8324999999999999,1029,10105
3,100,0.3,0.0,harm,hybrid,0.01,low_risk_q1,0.1,1.0,0,0.4354642629623413,0.010113608298345272,40,4048,0.8100000000000002,1029,10105
3,100,0.3,0.0,harm,hybrid,0.01,low_risk_q1,0.1,1.0,0,0.44789254665374756,0.0100024697456162,40,4048,0.79375,1029,10105
3,100,0.3,0.0,harm,hybrid,0.01,low_risk_q1,0.1,1.0,0,0.4603208303451538,0.009767843912077056,40,4048,0.7737499999999999,1029,10105
3,100,0.3,0.0,harm,hybrid,0.01,low_risk_q1,0.1,1.0,0,0.47274914383888245,0.009557915534699927,40,4048,0.7550000000000001,1029,10105
3,100,0.3,0.0,harm,hybrid,0.01,low_risk_q1,0.1,1.0,0,0.4851774275302887,0.00943442825388985,40,4048,0.7375,1029,10105
3,100,0.3,0.0,harm,hybrid,0.01,low_risk_q1,0.1,1.0,0,0.49760571122169495,0.009236848604593728,40,4048,0.725,1029,10105
3,100,0.3,0.0,harm,hybrid,0.01,low_risk_q1,0.1,1.0,0,0.5100339651107788,0.00911336132378365,40,4048,0.7075,1029,10105
3,100,0.3,0.0,harm,hybrid,0.01,low_risk_q1,0.1,1.0,0,0.5224623084068298,0.008989874042973574,40,4048,0.7012499999999999,1029,10105
3,100,0.3,0.0,harm,hybrid,0.01,low_risk_q1,0.1,1.0,0,0.5348905920982361,0.008841689306001481,40,4048,0.6837500000000001,1029,10105
3,100,0.3,0.0,harm,hybrid,0.01,low_risk_q1,0.1,1.0,0,0.5473188757896423,0.008668807112867376,40,4048,0.6737499999999998,1029,10105
3,100,0.3,0.0,harm,hybrid,0.01,low_risk_q1,0.1,1.0,0,0.5597472190856934,0.008582366016300321,40,4048,0.665,1029,10105
3,100,0.3,0.0,harm,hybrid,0.01,low_risk_q1,0.1,1.0,0,0.5721755027770996,0.00848357619165226,40,4048,0.66125,1029,10105
3,100,0.3,0.0,harm,hybrid,0.01,low_risk_q1,0.1,1.0,0,0.5846037864685059,0.008446530007409239,40,4048,0.6587500000000001,1029,10105
3,100,0.3,0.0,harm,hybrid,0.01,low_risk_q1,0.1,1.0,0,0.5970320701599121,0.00843418127932823,40,4048,0.65625,1029,10105
3,100,0.3,0.0,harm,hybrid,0.01,low_risk_q1,0.1,1.0,0,0.6094603538513184,0.0083847863670042,40,4048,0.655,1029,10105
3,100,0.3,0.0,harm,hybrid,0.01,low_risk_q1,0.1,1.0,0,0.6218886375427246,0.008360088910842185,40,4048,0.6537499999999999,1029,10105
3,100,0.3,0.0,harm,hybrid,0.01,low_risk_q1,0.1,1.0,0,0.6343169212341309,0.008310693998518153,40,4048,0.6537499999999999,1029,10105
3,100,0.3,0.0,harm,hybrid,0.01,low_risk_q1,0.1,1.0,0,0.6467452049255371,0.008310693998518153,40,4048,0.6537499999999999,1029,10105
3,100,0.3,0.0,harm,hybrid,0.01,low_risk_q1,0.1,1.0,0,0.6591734886169434,0.00827364781427513,40,4048,0.6537499999999999,1029,10105
3,100,0.3,0.0,harm,hybrid,0.01,low_risk_q1,0.1,1.0,0,0.6716017723083496,0.008261299086194123,40,4048,0.6537499999999999,1029,10105
3,100,0.3,0.0,harm,hybrid,0.01,low_risk_q1,0.1,1.0,0,0.6840300559997559,0.008236601630032108,40,4048,0.6537499999999999,1029,10105
3,100,0.3,0.0,harm,hybrid,0.01,low_risk_q1,0.1,1.0,0,0.6964583396911621,0.008187206717708078,40,4048,0.6537499999999999,1029,10105
3,100,0.3,0.0,harm,hybrid,0.01,low_risk_q1,0.1,1.0,0,0.7088866233825684,0.008150160533465053,40,4048,0.6537499999999999,1029,10105
3,100,0.3,0.0,harm,hybrid,0.01,low_risk_q1,0.1,1.0,0,0.7213150262832642,0.008100765621141025,40,4048,0.6537499999999999,1029,10105
3,100,0.3,0.0,harm,hybrid,0.01,low_risk_q1,0.1,1.0,0,0.7337433099746704,0.008051370708816992,40,4048,0.6537499999999999,1029,10105
3,100,0.3,0.0,harm,hybrid,0.01,low_risk_q1,0.1,1.0,0,0.7461715936660767,0.008051370708816992,40,4048,0.6537499999999999,1029,10105
3,100,0.3,0.0,harm,hybrid,0.01,low_risk_q1,0.1,1.0,0,0.7585998773574829,0.008001975796492962,40,4048,0.6537499999999999,1029,10105
3,100,0.3,0.0,harm,hybrid,0.01,low_risk_q1,0.1,1.0,0,0.7710281610488892,0.007964929612249937,40,4048,0.6537499999999999,1029,10105
3,100,0.3,0.0,harm,hybrid,0.01,low_risk_q1,0.1,1.0,0,0.7834564447402954,0.00785379105952087,40,4048,0.6537499999999999,1029,10105
3,100,0.3,0.0,harm,hybrid,0.01,low_risk_q1,0.1,1.0,0,0.7958847284317017,0.007816744875277847,40,4048,0.6537499999999999,1029,10105
3,100,0.3,0.0,harm,hybrid,0.01,low_risk_q1,0.1,1.0,0,0.8083130121231079,0.0077920474191158304,40,4048,0.6537499999999999,1029,10105
3,100,0.3,0.0,harm,hybrid,0.01,low_risk_q1,0.1,1.0,0,0.8207412958145142,0.007730303778710793,40,4048,0.6537499999999999,1029,10105
3,100,0.3,0.0,harm,hybrid,0.01,low_risk_q1,0.1,1.0,0,0.8331695795059204,0.0076932575944677695,40,4048,0.6537499999999999,1029,10105
3,100,0.3,0.0,harm,hybrid,0.01,low_risk_q1,0.1,1.0,0,0.8455978631973267,0.0076685601383057545,40,4048,0.6537499999999999,1029,10105
3,100,0.3,0.0,harm,hybrid,0.01,low_risk_q1,0.1,1.0,0,0.8580261468887329,0.00753272412941467,40,4048,0.6537499999999999,1029,10105
3,100,0.3,0.0,harm,hybrid,0.01,low_risk_q1,0.1,1.0,0,0.8704544305801392,0.007495677945171648,40,4048,0.6537499999999999,1029,10105
3,100,0.3,0.0,harm,hybrid,0.01,low_risk_q1,0.1,1.0,0,0.8828827142715454,0.007396888120523586,40,4048,0.6525000000000001,1029,10105
3,100,0.3,0.0,harm,hybrid,0.01,low_risk_q1,0.1,1.0,0,0.8953111171722412,0.007224005927389478,40,4048,0.64125,1029,10105
3,100,0.3,0.0,harm,hybrid,0.01,low_risk_q1,0.1,1.0,0,0.9077394008636475,0.00706347246233638,40,4048,0.63375,1029,10105
3,100,0.3,0.0,harm,hybrid,0.01,low_risk_q1,0.1,1.0,0,0.9201676845550537,0.00690293899728328,40,4048,0.625,1029,10105
3,100,0.3,0.0,harm,hybrid,0.01,low_risk_q1,0.1,1.0,0,0.93259596824646,0.006767102988392195,40,4048,0.6162500000000001,1029,10105
3,100,0.3,0.0,harm,hybrid,0.01,low_risk_q1,0.1,1.0,0,0.9450242519378662,0.006495430970610027,40,4048,0.6,1029,10105
3,100,0.3,0.0,harm,hybrid,0.01,low_risk_q1,0.1,1.0,0,0.9574525356292725,0.00621141022474685,40,4048,0.5774999999999999,1029,10105
3,100,0.3,0.0,harm,hybrid,0.01,low_risk_q1,0.1,1.0,0,0.9698808193206787,0.005334650530995307,40,4048,0.49625,1029,10105
3,100,0.3,0.0,harm,hybrid,0.01,low_risk_q1,0.1,1.0,0,0.982309103012085,0.004569029389972832,40,4048,0.42625,1029,10105
3,100,0.3,0.0,harm,hybrid,0.01,low_risk_q1,0.1,1.0,0,0.9947373867034912,0.003556433687330205,40,4048,0.3275,1029,10105
3,100,0.3,0.0,harm,hybrid,0.01,low_risk_q1,0.1,1.0,0,1.0071656703948975,0.002729068905902692,40,4048,0.24500000000000002,1029,10105
3,100,0.3,0.0,harm,hybrid,0.01,low_risk_q1,0.1,1.0,0,1.0195939540863037,0.002185724870338355,40,4048,0.19,1029,10105
3,100,0.3,0.0,harm,hybrid,0.01,low_risk_q1,0.1,1.0,0,1.03202223777771,0.0016423808347740183,40,4048,0.135,1029,10105
3,100,0.3,0.0,harm,hybrid,0.01,low_risk_q1,0.1,1.0,0,1.0444505214691162,0.0012101753519387502,40,4048,0.09625,1029,10105
3,100,0.3,0.0,harm,hybrid,0.01,low_risk_q1,0.1,1.0,0,1.056878924369812,0.0009385033341565819,40,4048,0.06999999999999999,1029,10105
3,100,0.3,0.0,harm,hybrid,0.01,low_risk_q1,0.1,1.0,0,1.0693072080612183,0.0007038775006174364,40,4048,0.04625,1029,10105
3,100,0.3,0.0,harm,hybrid,0.01,low_risk_q1,0.1,1.0,0,1.0817354917526245,0.000506297851321314,40,4048,0.026250000000000002,1029,10105
3,100,0.3,0.0,harm,hybrid,0.01,low_risk_q1,0.1,1.0,0,1.0941637754440308,0.00040750802667325264,40,4048,0.01625,1029,10105
3,100,0.3,0.0,harm,hybrid,0.01,low_risk_q1,0.1,1.0,0,1.106592059135437,0.0003704618424302297,40,4048,0.0125,1029,10105
3,100,0.3,0.0,harm,hybrid,0.01,low_risk_q1,0.1,1.0,0,1.1190203428268433,0.00029636947394418375,40,4048,0.005,1029,10105
3,100,0.3,0.0,harm,hybrid,0.01,low_risk_q1,0.1,1.0,0,1.1314486265182495,0.00029636947394418375,40,4048,0.005,1029,10105
3,100,0.3,0.0,harm,hybrid,0.01,low_risk_q1,0.1,1.0,0,1.1438769102096558,0.0002593232897011608,40,4048,0.00125,1029,10105
3,100,0.3,0.0,harm,hybrid,0.01,low_risk_q1,0.1,1.0,0,1.156305193901062,0.0002469745616201531,40,4048,0.0,1029,10105
3,100,0.3,0.0,harm,hybrid,0.01,low_risk_q1,0.1,1.0,0,1.1687334775924683,0.0002469745616201531,40,4048,0.0,1029,10105
3,100,0.3,0.0,harm,hybrid,0.01,low_risk_q1,0.1,1.0,0,1.1811617612838745,0.0002469745616201531,40,4048,0.0,1029,10105
3,100,0.3,0.0,harm,hybrid,0.01,low_risk_q1,0.1,1.0,0,1.1935900449752808,0.0002469745616201531,40,4048,0.0,1029,10105
3,100,0.3,0.0,harm,hybrid,0.01,low_risk_q1,0.1,1.0,0,1.2060184478759766,0.0002469745616201531,40,4048,0.0,1029,10105
3,100,0.3,0.0,harm,hybrid,0.01,low_risk_q1,0.1,1.0,0,1.2184467315673828,0.0002469745616201531,40,4048,0.0,1029,10105
3,100,0.3,0.0,harm,hybrid,0.01,low_risk_q1,0.1,1.0,0,1.230875015258789,0.0002469745616201531,40,4048,0.0,1029,10105
3,100,0.3,0.0,harm,hybrid,0.01,low_risk_q1,0.1,1.0,0,1.2433032989501953,0.0002469745616201531,40,4048,0.0,1029,10105
3,100,0.3,0.0,harm,hybrid,0.01,low_risk_q1,0.1,1.0,0,1.2557315826416016,0.0002469745616201531,40,4048,0.0,1029,10105
3,100,0.3,0.0,harm,hybrid,0.01,low_risk_q1,0.1,1.0,0,1.2681598663330078,0.0002469745616201531,40,4048,0.0,1029,10105
3,100,0.3,0.0,harm,hybrid,0.01,low_risk_q1,0.1,1.0,0,1.280588150024414,0.0002469745616201531,40,4048,0.0,1029,10105
4,100,0.3,0.0,harm,hybrid,0.01,low_risk_q1,0.1,1.0,0,0.12783026695251465,0.0121691813010141,40,4042,1.0,978,9602
4,100,0.3,0.0,harm,hybrid,0.01,low_risk_q1,0.1,1.0,0,0.14074985682964325,0.0121691813010141,40,4042,1.0,978,9602
4,100,0.3,0.0,harm,hybrid,0.01,low_risk_q1,0.1,1.0,0,0.15366944670677185,0.0121691813010141,40,4042,1.0,978,9602
4,100,0.3,0.0,harm,hybrid,0.01,low_risk_q1,0.1,1.0,0,0.16658903658390045,0.0121691813010141,40,4042,1.0,978,9602
4,100,0.3,0.0,harm,hybrid,0.01,low_risk_q1,0.1,1.0,0,0.17950862646102905,0.0121691813010141,40,4042,1.0,978,9602
4,100,0.3,0.0,harm,hybrid,0.01,low_risk_q1,0.1,1.0,0,0.19242820143699646,0.0121691813010141,40,4042,1.0,978,9602
4,100,0.3,0.0,harm,hybrid,0.01,low_risk_q1,0.1,1.0,0,0.20534780621528625,0.0121691813010141,40,4042,1.0,978,9602
4,100,0.3,0.0,harm,hybrid,0.01,low_risk_q1,0.1,1.0,0,0.21826738119125366,0.0121691813010141,40,4042,1.0,978,9602
4,100,0.3,0.0,harm,hybrid,0.01,low_risk_q1,0.1,1.0,0,0.23118698596954346,0.0121691813010141,40,4042,1.0,978,9602
4,100,0.3,0.0,harm,hybrid,0.01,low_risk_q1,0.1,1.0,0,0.24410656094551086,0.0121691813010141,40,4042,1.0,978,9602
4,100,0.3,0.0,harm,hybrid,0.01,low_risk_q1,0.1,1.0,0,0.25702613592147827,0.012156814246846403,40,4042,0.99875,978,9602
4,100,0.3,0.0,harm,hybrid,0.01,low_risk_q1,0.1,1.0,0,0.26994574069976807,0.012132080138511008,40,4042,0.9962499999999999,978,9602
4,100,0.3,0.0,harm,hybrid,0.01,low_risk_q1,0.1,1.0,0,0.28286534547805786,0.012119713084343309,40,4042,0.9949999999999999,978,9602
4,100,0.3,0.0,harm,hybrid,0.01,low_risk_q1,0.1,1.0,0,0.29578492045402527,0.012119713084343309,40,4042,0.9949999999999999,978,9602
4,100,0.3,0.0,harm,hybrid,0.01,low_risk_q1,0.1,1.0,0,0.3087044954299927,0.012107346030175613,40,4042,0.99375,978,9602
4,100,0.3,0.0,harm,hybrid,0.01,low_risk_q1,0.1,1.0,0,0.32162410020828247,0.012082611921840219,40,4042,0.9912500000000002,978,9602
4,100,0.3,0.0,harm,hybrid,0.01,low_risk_q1,0.1,1.0,0,0.33454370498657227,0.012082611921840219,40,4042,0.9912500000000002,978,9602
4,100,0.3,0.0,harm,hybrid,0.01,low_risk_q1,0.1,1.0,0,0.3474632799625397,0.01207024486767252,40,4042,0.9887499999999999,978,9602
4,100,0.3,0.0,harm,hybrid,0.01,low_risk_q1,0.1,1.0,0,0.3603828549385071,0.012020776651001736,40,4042,0.985,978,9602
4,100,0.3,0.0,harm,hybrid,0.01,low_risk_q1,0.1,1.0,0,0.3733024597167969,0.012020776651001734,40,4042,0.985,978,9602
4,100,0.3,0.0,harm,hybrid,0.01,low_risk_q1,0.1,1.0,0,0.3862220346927643,0.011983675488498642,40,4042,0.98125,978,9602
4,100,0.3,0.0,harm,hybrid,0.01,low_risk_q1,0.1,1.0,0,0.3991416394710541,0.011909473163492458,40,4042,0.975,978,9602
4,100,0.3,0.0,harm,hybrid,0.01,low_risk_q1,0.1,1.0,0,0.4120612144470215,0.011860004946821668,40,4042,0.97,978,9602
4,100,0.3,0.0,harm,hybrid,0.01,low_risk_q1,0.1,1.0,0,0.4249808192253113,0.011798169675983182,40,4042,0.9637500000000001,978,9602
4,100,0.3,0.0,harm,hybrid,0.01,low_risk_q1,0.1,1.0,0,0.4379003942012787,0.011785802621815484,40,4042,0.9625,978,9602
4,100,0.3,0.0,harm,hybrid,0.01,low_risk_q1,0.1,1.0,0,0.4508199989795685,0.011723967350976998,40,4042,0.95625,978,9602
4,100,0.3,0.0,harm,hybrid,0.01,low_risk_q1,0.1,1.0,0,0.4637395739555359,0.01167449913430621,40,4042,0.9512499999999999,978,9602
4,100,0.3,0.0,harm,hybrid,0.01,low_risk_q1,0.1,1.0,0,0.4766591787338257,0.011550828592629235,40,4042,0.9375,978,9602
4,100,0.3,0.0,harm,hybrid,0.01,low_risk_q1,0.1,1.0,0,0.4895787537097931,0.011414790996784569,40,4042,0.92125,978,9602
4,100,0.3,0.0,harm,hybrid,0.01,low_risk_q1,0.1,1.0,0,0.5024983882904053,0.011142715805095226,40,4042,0.89875,978,9602
4,100,0.3,0.0,harm,hybrid,0.01,low_risk_q1,0.1,1.0,0,0.5154179334640503,0.010969577046747466,40,4042,0.88125,978,9602
4,100,0.3,0.0,harm,hybrid,0.01,low_risk_q1,0.1,1.0,0,0.5283375382423401,0.010759337125896613,40,4042,0.8637499999999999,978,9602
4,100,0.3,0.0,harm,hybrid,0.01,low_risk_q1,0.1,1.0,0,0.5412571430206299,0.010610932475884245,40,4042,0.84375,978,9602
4,100,0.3,0.0,harm,hybrid,0.01,low_risk_q1,0.1,1.0,0,0.5541766881942749,0.010363591392530302,40,4042,0.8275000000000002,978,9602
4,100,0.3,0.0,harm,hybrid,0.01,low_risk_q1,0.1,1.0,0,0.5670962929725647,0.010277022013356419,40,4042,0.8150000000000001,978,9602
4,100,0.3,0.0,harm,hybrid,0.01,low_risk_q1,0.1,1.0,0,0.5800158977508545,0.010140984417511748,40,4042,0.80625,978,9602
4,100,0.3,0.0,harm,hybrid,0.01,low_risk_q1,0.1,1.0,0,0.5929354429244995,0.01000494682166708,40,4042,0.7899999999999999,978,9602
4,100,0.3,0.0,harm,hybrid,0.01,low_risk_q1,0.1,1.0,0,0.6058550477027893,0.0099060103883255,40,4042,0.78125,978,9602
4,100,0.3,0.0,harm,hybrid,0.01,low_risk_q1,0.1,1.0,0,0.6187746524810791,0.009844175117487013,40,4042,0.7775000000000001,978,9602
4,100,0.3,0.0,harm,hybrid,0.01,low_risk_q1,0.1,1.0,0,0.6316942572593689,0.009720504575810043,40,4042,0.77125,978,9602
4,100,0.3,0.0,harm,hybrid,0.01,low_risk_q1,0.1,1.0,0,0.6446138024330139,0.009683403413306953,40,4042,0.7674999999999998,978,9602
4,100,0.3,0.0,harm,hybrid,0.01,low_risk_q1,0.1,1.0,0,0.6575334072113037,0.00959683403413307,40,4042,0.7649999999999999,978,9602
4,100,0.3,0.0,harm,hybrid,0.01,low_risk_q1,0.1,1.0,0,0.6704530119895935,0.009510264654959188,40,4042,0.75875,978,9602
4,100,0.3,0.0,harm,hybrid,0.01,low_risk_q1,0.1,1.0,0,0.6833726167678833,0.0094607964382884,40,4042,0.75625,978,9602
4,100,0.3,0.0,harm,hybrid,0.01,low_risk_q1,0.1,1.0,0,0.6962921619415283,0.009436062329953008,40,4042,0.75625,978,9602
4,100,0.3,0.0,harm,hybrid,0.01,low_risk_q1,0.1,1.0,0,0.7092117667198181,0.00942369527578531,40,4042,0.75625,978,9602
4,100,0.3,0.0,harm,hybrid,0.01,low_risk_q1,0.1,1.0,0,0.7221313714981079,0.009374227059114521,40,4042,0.75625,978,9602
4,100,0.3,0.0,harm,hybrid,0.01,low_risk_q1,0.1,1.0,0,0.7350509762763977,0.009349492950779125,40,4042,0.75625,978,9602
4,100,0.3,0.0,harm,hybrid,0.01,low_risk_q1,0.1,1.0,0,0.7479705214500427,0.009337125896611427,40,4042,0.75625,978,9602
4,100,0.3,0.0,harm,hybrid,0.01,low_risk_q1,0.1,1.0,0,0.7608901262283325,0.009324758842443732,40,4042,0.75625,978,9602
4,100,0.3,0.0,harm,hybrid,0.01,low_risk_q1,0.1,1.0,0,0.7738097310066223,0.009312391788276034,40,4042,0.75625,978,9602
4,100,0.3,0.0,harm,hybrid,0.01,low_risk_q1,0.1,1.0,0,0.7867292761802673,0.009300024734108335,40,4042,0.75625,978,9602
4,100,0.3,0.0,harm,hybrid,0.01,low_risk_q1,0.1,1.0,0,0.7996488809585571,0.009262923571605245,40,4042,0.75625,978,9602
4,100,0.3,0.0,harm,hybrid,0.01,low_risk_q1,0.1,1.0,0,0.8125684857368469,0.009213455354934454,40,4042,0.75625,978,9602
4,100,0.3,0.0,harm,hybrid,0.01,low_risk_q1,0.1,1.0,0,0.8254880905151367,0.009188721246599061,40,4042,0.75625,978,9602
4,100,0.3,0.0,harm,hybrid,0.01,low_risk_q1,0.1,1.0,0,0.8384076356887817,0.009176354192431365,40,4042,0.75625,978,9602
4,100,0.3,0.0,harm,hybrid,0.01,low_risk_q1,0.1,1.0,0,0.8513272404670715,0.009139253029928273,40,4042,0.75625,978,9602
4,100,0.3,0.0,harm,hybrid,0.01,low_risk_q1,0.1,1.0,0,0.8642468452453613,0.009077417759089787,40,4042,0.75625,978,9602
4,100,0.3,0.0,harm,hybrid,0.01,low_risk_q1,0.1,1.0,0,0.8771664500236511,0.009003215434083603,40,4042,0.75625,978,9602
4,100,0.3,0.0,harm,hybrid,0.01,low_risk_q1,0.1,1.0,0,0.8900859951972961,0.008953747217412813,40,4042,0.75625,978,9602
4,100,0.3,0.0,harm,hybrid,0.01,low_risk_q1,0.1,1.0,0,0.9030055999755859,0.008867177838238932,40,4042,0.75625,978,9602
4,100,0.3,0.0,harm,hybrid,0.01,low_risk_q1,0.1,1.0,0,0.9159252047538757,0.00879297551323275,40,4042,0.75625,978,9602
4,100,0.3,0.0,harm,hybrid,0.01,low_risk_q1,0.1,1.0,0,0.9288448095321655,0.008755874350729657,40,4042,0.75625,978,9602
4,100,0.3,0.0,harm,hybrid,0.01,low_risk_q1,0.1,1.0,0,0.9417643547058105,0.008656937917388079,40,4042,0.75625,978,9602
4,100,0.3,0.0,harm,hybrid,0.01,low_risk_q1,0.1,1.0,0,0.9546839594841003,0.00860746970071729,40,4042,0.75625,978,9602
4,100,0.3,0.0,harm,hybrid,0.01,low_risk_q1,0.1,1.0,0,0.9676035642623901,0.008533267375711105,40,4042,0.75625,978,9602
4,100,0.3,0.0,harm,hybrid,0.01,low_risk_q1,0.1,1.0,0,0.9805231094360352,0.008459065050704925,40,4042,0.75625,978,9602
4,100,0.3,0.0,harm,hybrid,0.01,low_risk_q1,0.1,1.0,0,0.993442714214325,0.00838486272569874,40,4042,0.75625,978,9602
4,100,0.3,0.0,harm,hybrid,0.01,low_risk_q1,0.1,1.0,0,1.0063623189926147,0.00824882512985407,40,4042,0.7550000000000001,978,9602
4,100,0.3,0.0,harm,hybrid,0.01,low_risk_q1,0.1,1.0,0,1.0192818641662598,0.008075686371506307,40,4042,0.74875,978,9602
4,100,0.3,0.0,harm,hybrid,0.01,low_risk_q1,0.1,1.0,0,1.0322015285491943,0.007865446450655456,40,4042,0.7324999999999999,978,9602
4,100,0.3,0.0,harm,hybrid,0.01,low_risk_q1,0.1,1.0,0,1.0451210737228394,0.007605738313133813,40,4042,0.7100000000000002,978,9602
4,100,0.3,0.0,harm,hybrid,0.01,low_risk_q1,0.1,1.0,0,1.0580406188964844,0.006962651496413555,40,4042,0.64625,978,9602
4,100,0.3,0.0,harm,hybrid,0.01,low_risk_q1,0.1,1.0,0,1.070960283279419,0.005886717783823894,40,4042,0.5425000000000001,978,9602
4,100,0.3,0.0,harm,hybrid,0.01,low_risk_q1,0.1,1.0,0,1.083879828453064,0.005008656937917389,40,4042,0.45750000000000013,978,9602
4,100,0.3,0.0,harm,hybrid,0.01,low_risk_q1,0.1,1.0,0,1.096799373626709,0.003932723225327726,40,4042,0.35375,978,9602
4,100,0.3,0.0,harm,hybrid,0.01,low_risk_q1,0.1,1.0,0,1.1097190380096436,0.0030175612169181304,40,4042,0.26749999999999996,978,9602
4,100,0.3,0.0,harm,hybrid,0.01,low_risk_q1,0.1,1.0,0,1.1226387023925781,0.002362107346030176,40,4042,0.20249999999999999,978,9602
4,100,0.3,0.0,harm,hybrid,0.01,low_risk_q1,0.1,1.0,0,1.1355582475662231,0.0019045263418253774,40,4042,0.15625,978,9602
4,100,0.3,0.0,harm,hybrid,0.01,low_risk_q1,0.1,1.0,0,1.1484777927398682,0.0015087806084590654,40,4042,0.11750000000000001,978,9602
4,100,0.3,0.0,harm,hybrid,0.01,low_risk_q1,0.1,1.0,0,1.1613973379135132,0.0011254019292604503,40,4042,0.08125,978,9602
4,100,0.3,0.0,harm,hybrid,0.01,low_risk_q1,0.1,1.0,0,1.1743170022964478,0.0009027949542418996,40,4042,0.0625,978,9602
4,100,0.3,0.0,harm,hybrid,0.01,low_risk_q1,0.1,1.0,0,1.1872365474700928,0.0006554538708879546,40,4042,0.03874999999999999,978,9602
4,100,0.3,0.0,harm,hybrid,0.01,low_risk_q1,0.1,1.0,0,1.2001560926437378,0.0005441503833786793,40,4042,0.03,978,9602
4,100,0.3,0.0,harm,hybrid,0.01,low_risk_q1,0.1,1.0,0,1.2130757570266724,0.0004204798417017067,40,4042,0.017499999999999998,978,9602
4,100,0.3,0.0,harm,hybrid,0.01,low_risk_q1,0.1,1.0,0,1.2259953022003174,0.0003586445708632204,40,4042,0.01125,978,9602
4,100,0.3,0.0,harm,hybrid,0.01,low_risk_q1,0.1,1.0,0,1.238914966583252,0.0003215434083601287,40,4042,0.0075000000000000015,978,9602
4,100,0.3,0.0,harm,hybrid,0.01,low_risk_q1,0.1,1.0,0,1.251834511756897,0.0003091763541924314,40,4042,0.00625,978,9602
4,100,0.3,0.0,harm,hybrid,0.01,low_risk_q1,0.1,1.0,0,1.264754056930542,0.00028444224585703686,40,4042,0.0037500000000000007,978,9602
4,100,0.3,0.0,harm,hybrid,0.01,low_risk_q1,0.1,1.0,0,1.2776737213134766,0.0002720751916893396,40,4042,0.0025,978,9602
4,100,0.3,0.0,harm,hybrid,0.01,low_risk_q1,0.1,1.0,0,1.2905932664871216,0.0002473410833539451,40,4042,0.0,978,9602
4,100,0.3,0.0,harm,hybrid,0.01,low_risk_q1,0.1,1.0,0,1.3035128116607666,0.0002473410833539451,40,4042,0.0,978,9602
4,100,0.3,0.0,harm,hybrid,0.01,low_risk_q1,0.1,1.0,0,1.3164324760437012,0.0002473410833539451,40,4042,0.0,978,9602
4,100,0.3,0.0,harm,hybrid,0.01,low_risk_q1,0.1,1.0,0,1.3293520212173462,0.0002473410833539451,40,4042,0.0,978,9602
4,100,0.3,0.0,harm,hybrid,0.01,low_risk_q1,0.1,1.0,0,1.3422716856002808,0.0002473410833539451,40,4042,0.0,978,9602
4,100,0.3,0.0,harm,hybrid,0.01,low_risk_q1,0.1,1.0,0,1.3551912307739258,0.0002473410833539451,40,4042,0.0,978,9602
4,100,0.3,0.0,harm,hybrid,0.01,low_risk_q1,0.1,1.0,0,1.3681107759475708,0.0002473410833539451,40,4042,0.0,978,9602
4,100,0.3,0.0,harm,hybrid,0.01,low_risk_q1,0.1,1.0,0,1.3810304403305054,0.0002473410833539451,40,4042,0.0,978,9602
4,100,0.3,0.0,harm,hybrid,0.01,low_risk_q1,0.1,1.0,0,1.3939499855041504,0.0002473410833539451,40,4042,0.0,978,9602
4,100,0.3,0.0,harm,hybrid,0.01,low_risk_q1,0.1,1.0,0,1.4068695306777954,0.0002473410833539451,40,4042,0.0,978,9602
5,100,0.3,0.0,harm,hybrid,0.01,low_risk_q1,0.1,1.0,0,0.08004054427146912,0.012073652990608008,40,4045,1.0,1002,9861
5,100,0.3,0.0,harm,hybrid,0.01,low_risk_q1,0.1,1.0,0,0.09199190139770508,0.012073652990608008,40,4045,1.0,1002,9861
5,100,0.3,0.0,harm,hybrid,0.01,low_risk_q1,0.1,1.0,0,0.10394325852394104,0.012073652990608008,40,4045,1.0,1002,9861
5,100,0.3,0.0,harm,hybrid,0.01,low_risk_q1,0.1,1.0,0,0.1158946231007576,0.012073652990608008,40,4045,1.0,1002,9861
5,100,0.3,0.0,harm,hybrid,0.01,low_risk_q1,0.1,1.0,0,0.12784597277641296,0.012073652990608008,40,4045,1.0,1002,9861
5,100,0.3,0.0,harm,hybrid,0.01,low_risk_q1,0.1,1.0,0,0.13979732990264893,0.012073652990608008,40,4045,1.0,1002,9861
5,100,0.3,0.0,harm,hybrid,0.01,low_risk_q1,0.1,1.0,0,0.15174870193004608,0.012073652990608008,40,4045,1.0,1002,9861
5,100,0.3,0.0,harm,hybrid,0.01,low_risk_q1,0.1,1.0,0,0.16370005905628204,0.012061295106277806,40,4045,0.99875,1002,9861
5,100,0.3,0.0,harm,hybrid,0.01,low_risk_q1,0.1,1.0,0,0.175651416182518,0.012048937221947602,40,4045,0.9974999999999999,1002,9861
5,100,0.3,0.0,harm,hybrid,0.01,low_risk_q1,0.1,1.0,0,0.18760277330875397,0.012024221453287198,40,4045,0.9949999999999999,1002,9861
5,100,0.3,0.0,harm,hybrid,0.01,low_risk_q1,0.1,1.0,0,0.19955413043498993,0.012011863568956994,40,4045,0.99375,1002,9861
5,100,0.3,0.0,harm,hybrid,0.01,low_risk_q1,0.1,1.0,0,0.2115054875612259,0.012011863568956994,40,4045,0.99375,1002,9861
5,100,0.3,0.0,harm,hybrid,0.01,low_risk_q1,0.1,1.0,0,0.22345685958862305,0.01199950568462679,40,4045,0.9925,1002,9861
5,100,0.3,0.0,harm,hybrid,0.01,low_risk_q1,0.1,1.0,0,0.235408216714859,0.01199950568462679,40,4045,0.9925,1002,9861
5,100,0.3,0.0,harm,hybrid,0.01,low_risk_q1,0.1,1.0,0,0.24735957384109497,0.011987147800296588,40,4045,0.9912500000000002,1002,9861
5,100,0.3,0.0,harm,hybrid,0.01,low_risk_q1,0.1,1.0,0,0.25931093096733093,0.01195007414730598,40,4045,0.9875,1002,9861
5,100,0.3,0.0,harm,hybrid,0.01,low_risk_q1,0.1,1.0,0,0.2712622880935669,0.011925358378645575,40,4045,0.9850000000000001,1002,9861
5,100,0.3,0.0,harm,hybrid,0.01,low_risk_q1,0.1,1.0,0,0.28321364521980286,0.011863568956994561,40,4045,0.97875,1002,9861
5,100,0.3,0.0,harm,hybrid,0.01,low_risk_q1,0.1,1.0,0,0.2951650023460388,0.011826495304003955,40,4045,0.975,1002,9861
5,100,0.3,0.0,harm,hybrid,0.01,low_risk_q1,0.1,1.0,0,0.3071163594722748,0.011752347998022739,40,4045,0.9675,1002,9861
5,100,0.3,0.0,harm,hybrid,0.01,low_risk_q1,0.1,1.0,0,0.31906771659851074,0.011678200692041521,40,4045,0.9600000000000002,1002,9861
5,100,0.3,0.0,harm,hybrid,0.01,low_risk_q1,0.1,1.0,0,0.3310190737247467,0.011604053386060307,40,4045,0.95375,1002,9861
5,100,0.3,0.0,harm,hybrid,0.01,low_risk_q1,0.1,1.0,0,0.34297043085098267,0.011529906080079087,40,4045,0.9462499999999998,1002,9861
5,100,0.3,0.0,harm,hybrid,0.01,low_risk_q1,0.1,1.0,0,0.35492178797721863,0.011406327236777064,40,4045,0.9337500000000001,1002,9861
5,100,0.3,0.0,harm,hybrid,0.01,low_risk_q1,0.1,1.0,0,0.366873174905777,0.011220958971824024,40,4045,0.9149999999999998,1002,9861
5,100,0.3,0.0,harm,hybrid,0.01,low_risk_q1,0.1,1.0,0,0.37882453203201294,0.01107266435986159,40,4045,0.9,1002,9861
5,100,0.3,0.0,harm,hybrid,0.01,low_risk_q1,0.1,1.0,0,0.3907758891582489,0.010949085516559563,40,4045,0.8887499999999999,1002,9861
5,100,0.3,0.0,harm,hybrid,0.01,low_risk_q1,0.1,1.0,0,0.40272724628448486,0.01078843302026693,40,4045,0.8712499999999999,1002,9861
5,100,0.3,0.0,harm,hybrid,0.01,low_risk_q1,0.1,1.0,0,0.4146786034107208,0.010504201680672268,40,4045,0.8450000000000001,1002,9861
5,100,0.3,0.0,harm,hybrid,0.01,low_risk_q1,0.1,1.0,0,0.4266299605369568,0.010158180919426593,40,4045,0.8112499999999999,1002,9861
5,100,0.3,0.0,harm,hybrid,0.01,low_risk_q1,0.1,1.0,0,0.43858131766319275,0.009948096885813149,40,4045,0.79375,1002,9861
5,100,0.3,0.0,harm,hybrid,0.01,low_risk_q1,0.1,1.0,0,0.4505326747894287,0.009663865546218486,40,4045,0.7625,1002,9861
5,100,0.3,0.0,harm,hybrid,0.01,low_risk_q1,0.1,1.0,0,0.4624840319156647,0.009441423628274838,40,4045,0.7425,1002,9861
5,100,0.3,0.0,harm,hybrid,0.01,low_risk_q1,0.1,1.0,0,0.47443538904190063,0.009206623826000987,40,4045,0.7224999999999999,1002,9861
5,100,0.3,0.0,harm,hybrid,0.01,low_risk_q1,0.1,1.0,0,0.4863867461681366,0.00888531883341572,40,4045,0.69375,1002,9861
5,100,0.3,0.0,harm,hybrid,0.01,low_risk_q1,0.1,1.0,0,0.49833810329437256,0.008687592684132474,40,4045,0.6675,1002,9861
5,100,0.3,0.0,harm,hybrid,0.01,low_risk_q1,0.1,1.0,0,0.5102894306182861,0.008440434997528421,40,4045,0.6487499999999999,1002,9861
5,100,0.3,0.0,harm,hybrid,0.01,low_risk_q1,0.1,1.0,0,0.5222408175468445,0.008230350963914976,40,4045,0.6325,1002,9861
5,100,0.3,0.0,harm,hybrid,0.01,low_risk_q1,0.1,1.0,0,0.5341922044754028,0.008106772120612952,40,4045,0.61875,1002,9861
5,100,0.3,0.0,harm,hybrid,0.01,low_risk_q1,0.1,1.0,0,0.5461435317993164,0.008020266930301532,40,4045,0.615,1002,9861
5,100,0.3,0.0,harm,hybrid,0.01,low_risk_q1,0.1,1.0,0,0.55809485912323,0.007933761739990114,40,4045,0.60625,1002,9861
5,100,0.3,0.0,harm,hybrid,0.01,low_risk_q1,0.1,1.0,0,0.5700463056564331,0.007847256549678695,40,4045,0.6,1002,9861
5,100,0.3,0.0,harm,hybrid,0.01,low_risk_q1,0.1,1.0,0,0.5819976329803467,0.007859614434008897,40,4045,0.59875,1002,9861
5,100,0.3,0.0,harm,hybrid,0.01,low_risk_q1,0.1,1.0,0,0.5939489603042603,0.007847256549678695,40,4045,0.5974999999999999,1002,9861
5,100,0.3,0.0,harm,hybrid,0.01,low_risk_q1,0.1,1.0,0,0.6059002876281738,0.007847256549678695,40,4045,0.59875,1002,9861
5,100,0.3,0.0,harm,hybrid,0.01,low_risk_q1,0.1,1.0,0,0.617851734161377,0.007797825012357884,40,4045,0.5974999999999999,1002,9861
5,100,0.3,0.0,harm,hybrid,0.01,low_risk_q1,0.1,1.0,0,0.6298030614852905,0.007785467128027682,40,4045,0.595,1002,9861
5,100,0.3,0.0,harm,hybrid,0.01,low_risk_q1,0.1,1.0,0,0.6417543888092041,0.007773109243697479,40,4045,0.595,1002,9861
5,100,0.3,0.0,harm,hybrid,0.01,low_risk_q1,0.1,1.0,0,0.6537058353424072,0.007723677706376668,40,4045,0.595,1002,9861
5,100,0.3,0.0,harm,hybrid,0.01,low_risk_q1,0.1,1.0,0,0.6656571626663208,0.007711319822046466,40,4045,0.595,1002,9861
5,100,0.3,0.0,harm,hybrid,0.01,low_risk_q1,0.1,1.0,0,0.6776084899902344,0.007637172516065249,40,4045,0.595,1002,9861
5,100,0.3,0.0,harm,hybrid,0.01,low_risk_q1,0.1,1.0,0,0.689559817314148,0.007600098863074641,40,4045,0.595,1002,9861
5,100,0.3,0.0,harm,hybrid,0.01,low_risk_q1,0.1,1.0,0,0.7015112638473511,0.0075506673257538315,40,4045,0.595,1002,9861
5,100,0.3,0.0,harm,hybrid,0.01,low_risk_q1,0.1,1.0,0,0.7134625911712646,0.007525951557093426,40,4045,0.595,1002,9861
5,100,0.3,0.0,harm,hybrid,0.01,low_risk_q1,0.1,1.0,0,0.7254139184951782,0.007464162135442412,40,4045,0.595,1002,9861
5,100,0.3,0.0,harm,hybrid,0.01,low_risk_q1,0.1,1.0,0,0.7373652458190918,0.007427088482451804,40,4045,0.595,1002,9861
5,100,0.3,0.0,harm,hybrid,0.01,low_risk_q1,0.1,1.0,0,0.7493166923522949,0.007414730598121601,40,4045,0.595,1002,9861
5,100,0.3,0.0,harm,hybrid,0.01,low_risk_q1,0.1,1.0,0,0.7612680196762085,0.007402372713791399,40,4045,0.595,1002,9861
5,100,0.3,0.0,harm,hybrid,0.01,low_risk_q1,0.1,1.0,0,0.7732193470001221,0.007352941176470588,40,4045,0.595,1002,9861
5,100,0.3,0.0,harm,hybrid,0.01,low_risk_q1,0.1,1.0,0,0.7851706743240356,0.007328225407810182,40,4045,0.595,1002,9861
5,100,0.3,0.0,harm,hybrid,0.01,low_risk_q1,0.1,1.0,0,0.7971221208572388,0.007303509639149776,40,4045,0.595,1002,9861
5,100,0.3,0.0,harm,hybrid,0.01,low_risk_q1,0.1,1.0,0,0.8090734481811523,0.007217004448838358,40,4045,0.595,1002,9861
5,100,0.3,0.0,harm,hybrid,0.01,low_risk_q1,0.1,1.0,0,0.8210247755050659,0.0070934256055363324,40,4045,0.595,1002,9861
5,100,0.3,0.0,harm,hybrid,0.01,low_risk_q1,0.1,1.0,0,0.8329761028289795,0.007019278299555115,40,4045,0.595,1002,9861
5,100,0.3,0.0,harm,hybrid,0.01,low_risk_q1,0.1,1.0,0,0.8449275493621826,0.006957488877904102,40,4045,0.595,1002,9861
5,100,0.3,0.0,harm,hybrid,0.01,low_risk_q1,0.1,1.0,0,0.8568788766860962,0.006833910034602076,40,4045,0.595,1002,9861
5,100,0.3,0.0,harm,hybrid,0.01,low_risk_q1,0.1,1.0,0,0.8688302040100098,0.006747404844290658,40,4045,0.595,1002,9861
5,100,0.3,0.0,harm,hybrid,0.01,low_risk_q1,0.1,1.0,0,0.8807816505432129,0.0066732575383094414,40,4045,0.595,1002,9861
5,100,0.3,0.0,harm,hybrid,0.01,low_risk_q1,0.1,1.0,0,0.8927329778671265,0.006512605042016807,40,4045,0.58875,1002,9861
5,100,0.3,0.0,harm,hybrid,0.01,low_risk_q1,0.1,1.0,0,0.90468430519104,0.006364310430054375,40,4045,0.5775,1002,9861
5,100,0.3,0.0,harm,hybrid,0.01,low_risk_q1,0.1,1.0,0,0.9166356325149536,0.006080079090459713,40,4045,0.555,1002,9861
5,100,0.3,0.0,harm,hybrid,0.01,low_risk_q1,0.1,1.0,0,0.9285870790481567,0.005820563519525458,40,4045,0.5325,1002,9861
5,100,0.3,0.0,harm,hybrid,0.01,low_risk_q1,0.1,1.0,0,0.9405384063720703,0.005140879881364311,40,4045,0.46749999999999997,1002,9861
5,100,0.3,0.0,harm,hybrid,0.01,low_risk_q1,0.1,1.0,0,0.9524897336959839,0.004448838358872961,40,4045,0.40374999999999994,1002,9861
5,100,0.3,0.0,harm,hybrid,0.01,low_risk_q1,0.1,1.0,0,0.9644410610198975,0.0038433020266930296,40,4045,0.34375,1002,9861
5,100,0.3,0.0,harm,hybrid,0.01,low_risk_q1,0.1,1.0,0,0.9763925075531006,0.003200692041522491,40,4045,0.28125,1002,9861
5,100,0.3,0.0,harm,hybrid,0.01,low_risk_q1,0.1,1.0,0,0.9883438348770142,0.0026445872466633715,40,4045,0.22749999999999998,1002,9861
5,100,0.3,0.0,harm,hybrid,0.01,low_risk_q1,0.1,1.0,0,1.0002951622009277,0.0021749876421156694,40,4045,0.1825,1002,9861
5,100,0.3,0.0,harm,hybrid,0.01,low_risk_q1,0.1,1.0,0,1.0122464895248413,0.001717745921898171,40,4045,0.1375,1002,9861
5,100,0.3,0.0,harm,hybrid,0.01,low_risk_q1,0.1,1.0,0,1.0241979360580444,0.0013099357390014828,40,4045,0.0975,1002,9861
5,100,0.3,0.0,harm,hybrid,0.01,low_risk_q1,0.1,1.0,0,1.036149263381958,0.0009515570934256056,40,4045,0.06375,1002,9861
5,100,0.3,0.0,harm,hybrid,0.01,low_risk_q1,0.1,1.0,0,1.0481005907058716,0.0006796836381611467,40,4045,0.039999999999999994,1002,9861
5,100,0.3,0.0,harm,hybrid,0.01,low_risk_q1,0.1,1.0,0,1.0600520372390747,0.0005313890261987148,40,4045,0.025,1002,9861
5,100,0.3,0.0,harm,hybrid,0.01,low_risk_q1,0.1,1.0,0,1.0720033645629883,0.0004448838358872961,40,4045,0.01625,1002,9861
5,100,0.3,0.0,harm,hybrid,0.01,low_risk_q1,0.1,1.0,0,1.0839546918869019,0.0004325259515570934,40,4045,0.015000000000000003,1002,9861
5,100,0.3,0.0,harm,hybrid,0.01,low_risk_q1,0.1,1.0,0,1.095906138420105,0.0003830944142362827,40,4045,0.01,1002,9861
5,100,0.3,0.0,harm,hybrid,0.01,low_risk_q1,0.1,1.0,0,1.1078574657440186,0.0003583786455758774,40,4045,0.0075000000000000015,1002,9861
5,100,0.3,0.0,harm,hybrid,0.01,low_risk_q1,0.1,1.0,0,1.1198087930679321,0.0003213049925852694,40,4045,0.0037500000000000007,1002,9861
5,100,0.3,0.0,harm,hybrid,0.01,low_risk_q1,0.1,1.0,0,1.1317601203918457,0.0002842313395946614,40,4045,0.00125,1002,9861
5,100,0.3,0.0,harm,hybrid,0.01,low_risk_q1,0.1,1.0,0,1.1437115669250488,0.000259515570934256,40,4045,0.0,1002,9861
5,100,0.3,0.0,harm,hybrid,0.01,low_risk_q1,0.1,1.0,0,1.1556628942489624,0.000259515570934256,40,4045,0.0,1002,9861
5,100,0.3,0.0,harm,hybrid,0.01,low_risk_q1,0.1,1.0,0,1.167614221572876,0.00024715768660405336,40,4045,0.0,1002,9861
5,100,0.3,0.0,harm,hybrid,0.01,low_risk_q1,0.1,1.0,0,1.1795655488967896,0.00024715768660405336,40,4045,0.0,1002,9861
5,100,0.3,0.0,harm,hybrid,0.01,low_risk_q1,0.1,1.0,0,1.1915169954299927,0.00024715768660405336,40,4045,0.0,1002,9861
5,100,0.3,0.0,harm,hybrid,0.01,low_risk_q1,0.1,1.0,0,1.2034683227539062,0.00024715768660405336,40,4045,0.0,1002,9861
5,100,0.3,0.0,harm,hybrid,0.01,low_risk_q1,0.1,1.0,0,1.2154196500778198,0.00024715768660405336,40,4045,0.0,1002,9861
5,100,0.3,0.0,harm,hybrid,0.01,low_risk_q1,0.1,1.0,0,1.227371096611023,0.00024715768660405336,40,4045,0.0,1002,9861
5,100,0.3,0.0,harm,hybrid,0.01,low_risk_q1,0.1,1.0,0,1.2393224239349365,0.00024715768660405336,40,4045,0.0,1002,9861
5,100,0.3,0.0,harm,hybrid,0.01,low_risk_q1,0.1,1.0,0,1.25127375125885,0.00024715768660405336,40,4045,0.0,1002,9861
5,100,0.3,0.0,harm,hybrid,0.01,low_risk_q1,0.1,1.0,0,1.2632250785827637,0.00024715768660405336,40,4045,0.0,1002,9861
6,100,0.3,0.0,harm,hybrid,0.01,low_risk_q1,0.1,1.0,0,0.04609692096710205,0.012169834608738583,40,4050,1.0,976,9592
6,100,0.3,0.0,harm,hybrid,0.01,low_risk_q1,0.1,1.0,0,0.05876820534467697,0.012169834608738583,40,4050,1.0,976,9592
6,100,0.3,0.0,harm,hybrid,0.01,low_risk_q1,0.1,1.0,0,0.07143948972225189,0.012169834608738583,40,4050,1.0,976,9592
6,100,0.3,0.0,harm,hybrid,0.01,low_risk_q1,0.1,1.0,0,0.08411078155040741,0.012169834608738583,40,4050,1.0,976,9592
6,100,0.3,0.0,harm,hybrid,0.01,low_risk_q1,0.1,1.0,0,0.09678206592798233,0.012169834608738583,40,4050,1.0,976,9592
6,100,0.3,0.0,harm,hybrid,0.01,low_risk_q1,0.1,1.0,0,0.10945335030555725,0.012169834608738583,40,4050,1.0,976,9592
6,100,0.3,0.0,harm,hybrid,0.01,low_risk_q1,0.1,1.0,0,0.12212464213371277,0.012169834608738583,40,4050,1.0,976,9592
6,100,0.3,0.0,harm,hybrid,0.01,low_risk_q1,0.1,1.0,0,0.1347959339618683,0.012169834608738583,40,4050,1.0,976,9592
6,100,0.3,0.0,harm,hybrid,0.01,low_risk_q1,0.1,1.0,0,0.1474672108888626,0.012157491977289558,40,4050,0.99875,976,9592
6,100,0.3,0.0,harm,hybrid,0.01,low_risk_q1,0.1,1.0,0,0.16013848781585693,0.012157491977289558,40,4050,0.99875,976,9592
6,100,0.3,0.0,harm,hybrid,0.01,low_risk_q1,0.1,1.0,0,0.17280977964401245,0.012145149345840532,40,4050,0.9974999999999999,976,9592
6,100,0.3,0.0,harm,hybrid,0.01,low_risk_q1,0.1,1.0,0,0.18548107147216797,0.012145149345840532,40,4050,0.9974999999999999,976,9592
6,100,0.3,0.0,harm,hybrid,0.01,low_risk_q1,0.1,1.0,0,0.1981523633003235,0.012145149345840532,40,4050,0.9974999999999999,976,9592
6,100,0.3,0.0,harm,hybrid,0.01,low_risk_q1,0.1,1.0,0,0.2108236402273178,0.012145149345840532,40,4050,0.9974999999999999,976,9592
6,100,0.3,0.0,harm,hybrid,0.01,low_risk_q1,0.1,1.0,0,0.22349493205547333,0.012145149345840532,40,4050,0.9974999999999999,976,9592
6,100,0.3,0.0,harm,hybrid,0.01,low_risk_q1,0.1,1.0,0,0.23616620898246765,0.012145149345840532,40,4050,0.9974999999999999,976,9592
6,100,0.3,0.0,harm,hybrid,0.01,low_risk_q1,0.1,1.0,0,0.24883750081062317,0.012145149345840532,40,4050,0.9974999999999999,976,9592
6,100,0.3,0.0,harm,hybrid,0.01,low_risk_q1,0.1,1.0,0,0.2615087926387787,0.012132806714391509,40,4050,0.9962499999999999,976,9592
6,100,0.3,0.0,harm,hybrid,0.01,low_risk_q1,0.1,1.0,0,0.2741800546646118,0.012095778820044433,40,4050,0.9924999999999999,976,9592
6,100,0.3,0.0,harm,hybrid,0.01,low_risk_q1,0.1,1.0,0,0.28685134649276733,0.012034065662799309,40,4050,0.9862500000000001,976,9592
6,100,0.3,0.0,harm,hybrid,0.01,low_risk_q1,0.1,1.0,0,0.29952263832092285,0.012034065662799309,40,4050,0.9862500000000001,976,9592
6,100,0.3,0.0,harm,hybrid,0.01,low_risk_q1,0.1,1.0,0,0.31219393014907837,0.011972352505554184,40,4050,0.9800000000000001,976,9592
6,100,0.3,0.0,harm,hybrid,0.01,low_risk_q1,0.1,1.0,0,0.3248652219772339,0.011922981979758085,40,4050,0.975,976,9592
6,100,0.3,0.0,harm,hybrid,0.01,low_risk_q1,0.1,1.0,0,0.3375365138053894,0.011836583559614911,40,4050,0.9662499999999999,976,9592
6,100,0.3,0.0,harm,hybrid,0.01,low_risk_q1,0.1,1.0,0,0.3502078056335449,0.01178721303381881,40,4050,0.96125,976,9592
6,100,0.3,0.0,harm,hybrid,0.01,low_risk_q1,0.1,1.0,0,0.36287906765937805,0.01168847198222661,40,4050,0.9525,976,9592
6,100,0.3,0.0,harm,hybrid,0.01,low_risk_q1,0.1,1.0,0,0.37555035948753357,0.011552703036287335,40,4050,0.9412500000000001,976,9592
6,100,0.3,0.0,harm,hybrid,0.01,low_risk_q1,0.1,1.0,0,0.3882216513156891,0.011392248827450012,40,4050,0.925,976,9592
6,100,0.3,0.0,harm,hybrid,0.01,low_risk_q1,0.1,1.0,0,0.4008929431438446,0.011318193038755862,40,4050,0.91625,976,9592
6,100,0.3,0.0,harm,hybrid,0.01,low_risk_q1,0.1,1.0,0,0.4135642349720001,0.011083683041224389,40,4050,0.8912500000000001,976,9592
6,100,0.3,0.0,harm,hybrid,0.01,low_risk_q1,0.1,1.0,0,0.42623549699783325,0.010849173043692914,40,4050,0.86875,976,9592
6,100,0.3,0.0,harm,hybrid,0.01,low_risk_q1,0.1,1.0,0,0.43890678882598877,0.010602320414712417,40,4050,0.8474999999999999,976,9592
6,100,0.3,0.0,harm,hybrid,0.01,low_risk_q1,0.1,1.0,0,0.4515780806541443,0.010343125154282895,40,4050,0.825,976,9592
6,100,0.3,0.0,harm,hybrid,0.01,low_risk_q1,0.1,1.0,0,0.4642493724822998,0.01023204147124167,40,4050,0.8074999999999999,976,9592
6,100,0.3,0.0,harm,hybrid,0.01,low_risk_q1,0.1,1.0,0,0.4769206643104553,0.009898790422117996,40,4050,0.7837500000000001,976,9592
6,100,0.3,0.0,harm,hybrid,0.01,low_risk_q1,0.1,1.0,0,0.48959192633628845,0.009725993581831646,40,4050,0.7675000000000001,976,9592
6,100,0.3,0.0,harm,hybrid,0.01,low_risk_q1,0.1,1.0,0,0.5022631883621216,0.009405085164156998,40,4050,0.74,976,9592
6,100,0.3,0.0,harm,hybrid,0.01,low_risk_q1,0.1,1.0,0,0.5149345397949219,0.009195260429523575,40,4050,0.7224999999999999,976,9592
6,100,0.3,0.0,harm,hybrid,0.01,low_risk_q1,0.1,1.0,0,0.5276057720184326,0.0090101209577882,40,4050,0.7025,976,9592
6,100,0.3,0.0,harm,hybrid,0.01,low_risk_q1,0.1,1.0,0,0.5402771234512329,0.008862009380399901,40,4050,0.68625,976,9592
6,100,0.3,0.0,harm,hybrid,0.01,low_risk_q1,0.1,1.0,0,0.5529483556747437,0.008824981486052827,40,4050,0.6849999999999999,976,9592
6,100,0.3,0.0,harm,hybrid,0.01,low_risk_q1,0.1,1.0,0,0.5656196475028992,0.008750925697358677,40,4050,0.6824999999999999,976,9592
6,100,0.3,0.0,harm,hybrid,0.01,low_risk_q1,0.1,1.0,0,0.5782909393310547,0.008689212540113551,40,4050,0.6775,976,9592
6,100,0.3,0.0,harm,hybrid,0.01,low_risk_q1,0.1,1.0,0,0.5909622311592102,0.008590471488521352,40,4050,0.66625,976,9592
6,100,0.3,0.0,harm,hybrid,0.01,low_risk_q1,0.1,1.0,0,0.6036335229873657,0.008479387805480128,40,4050,0.65875,976,9592
6,100,0.3,0.0,harm,hybrid,0.01,low_risk_q1,0.1,1.0,0,0.6163048148155212,0.008417674648235004,40,4050,0.6537499999999999,976,9592
6,100,0.3,0.0,harm,hybrid,0.01,low_risk_q1,0.1,1.0,0,0.6289761066436768,0.008392989385336953,40,4050,0.6525,976,9592
6,100,0.3,0.0,harm,hybrid,0.01,low_risk_q1,0.1,1.0,0,0.6416473984718323,0.008355961490989878,40,4050,0.6525,976,9592
6,100,0.3,0.0,harm,hybrid,0.01,low_risk_q1,0.1,1.0,0,0.6543186902999878,0.00825722043939768,40,4050,0.65,976,9592
6,100,0.3,0.0,harm,hybrid,0.01,low_risk_q1,0.1,1.0,0,0.6669899225234985,0.00823253517649963,40,4050,0.65,976,9592
6,100,0.3,0.0,harm,hybrid,0.01,low_risk_q1,0.1,1.0,0,0.679661214351654,0.00820784991360158,40,4050,0.65,976,9592
6,100,0.3,0.0,harm,hybrid,0.01,low_risk_q1,0.1,1.0,0,0.6923325061798096,0.00820784991360158,40,4050,0.65,976,9592
6,100,0.3,0.0,harm,hybrid,0.01,low_risk_q1,0.1,1.0,0,0.7050037980079651,0.008195507282152556,40,4050,0.65,976,9592
6,100,0.3,0.0,harm,hybrid,0.01,low_risk_q1,0.1,1.0,0,0.7176750898361206,0.008170822019254505,40,4050,0.65,976,9592
6,100,0.3,0.0,harm,hybrid,0.01,low_risk_q1,0.1,1.0,0,0.7303463816642761,0.00815847938780548,40,4050,0.65,976,9592
6,100,0.3,0.0,harm,hybrid,0.01,low_risk_q1,0.1,1.0,0,0.7430176734924316,0.008121451493458404,40,4050,0.65,976,9592
6,100,0.3,0.0,harm,hybrid,0.01,low_risk_q1,0.1,1.0,0,0.7556889653205872,0.00808442359911133,40,4050,0.65,976,9592
6,100,0.3,0.0,harm,hybrid,0.01,low_risk_q1,0.1,1.0,0,0.7683602571487427,0.008035053073315231,40,4050,0.65,976,9592
6,100,0.3,0.0,harm,hybrid,0.01,low_risk_q1,0.1,1.0,0,0.7810315489768982,0.007985682547519132,40,4050,0.65,976,9592
6,100,0.3,0.0,harm,hybrid,0.01,low_risk_q1,0.1,1.0,0,0.7937027812004089,0.007936312021723032,40,4050,0.65,976,9592
6,100,0.3,0.0,harm,hybrid,0.01,low_risk_q1,0.1,1.0,0,0.8063740730285645,0.007899284127375958,40,4050,0.65,976,9592
6,100,0.3,0.0,harm,hybrid,0.01,low_risk_q1,0.1,1.0,0,0.81904536485672,0.007788200444334732,40,4050,0.65,976,9592
6,100,0.3,0.0,harm,hybrid,0.01,low_risk_q1,0.1,1.0,0,0.8317166566848755,0.007763515181436683,40,4050,0.65,976,9592
6,100,0.3,0.0,harm,hybrid,0.01,low_risk_q1,0.1,1.0,0,0.844387948513031,0.007640088866946433,40,4050,0.65,976,9592
6,100,0.3,0.0,harm,hybrid,0.01,low_risk_q1,0.1,1.0,0,0.8570592403411865,0.007566033078252284,40,4050,0.65,976,9592
6,100,0.3,0.0,harm,hybrid,0.01,low_risk_q1,0.1,1.0,0,0.869730532169342,0.007491977289558134,40,4050,0.65,976,9592
6,100,0.3,0.0,harm,hybrid,0.01,low_risk_q1,0.1,1.0,0,0.8824018239974976,0.007368550975067884,40,4050,0.65,976,9592
6,100,0.3,0.0,harm,hybrid,0.01,low_risk_q1,0.1,1.0,0,0.8950731158256531,0.00728215255492471,40,4050,0.65,976,9592
6,100,0.3,0.0,harm,hybrid,0.01,low_risk_q1,0.1,1.0,0,0.9077444076538086,0.0072080967662305605,40,4050,0.65,976,9592
6,100,0.3,0.0,harm,hybrid,0.01,low_risk_q1,0.1,1.0,0,0.9204156994819641,0.0071340409775364115,40,4050,0.65,976,9592
6,100,0.3,0.0,harm,hybrid,0.01,low_risk_q1,0.1,1.0,0,0.9330869317054749,0.007109355714638361,40,4050,0.65,976,9592
6,100,0.3,0.0,harm,hybrid,0.01,low_risk_q1,0.1,1.0,0,0.9457582235336304,0.0069735867686990865,40,4050,0.64375,976,9592
6,100,0.3,0.0,harm,hybrid,0.01,low_risk_q1,0.1,1.0,0,0.9584295153617859,0.006652678351024439,40,4050,0.6174999999999999,976,9592
6,100,0.3,0.0,harm,hybrid,0.01,low_risk_q1,0.1,1.0,0,0.9711008071899414,0.0061589730930634405,40,4050,0.5762499999999999,976,9592
6,100,0.3,0.0,harm,hybrid,0.01,low_risk_q1,0.1,1.0,0,0.9837720990180969,0.005517156257714144,40,4050,0.5125,976,9592
6,100,0.3,0.0,harm,hybrid,0.01,low_risk_q1,0.1,1.0,0,0.9964433908462524,0.004492717847445076,40,4050,0.41500000000000004,976,9592
6,100,0.3,0.0,harm,hybrid,0.01,low_risk_q1,0.1,1.0,0,1.0091147422790527,0.0037274746976055286,40,4050,0.33875,976,9592
6,100,0.3,0.0,harm,hybrid,0.01,low_risk_q1,0.1,1.0,0,1.0217859745025635,0.003172056282399408,40,4050,0.28375000000000006,976,9592
6,100,0.3,0.0,harm,hybrid,0.01,low_risk_q1,0.1,1.0,0,1.0344572067260742,0.002431498395457911,40,4050,0.21375000000000002,976,9592
6,100,0.3,0.0,harm,hybrid,0.01,low_risk_q1,0.1,1.0,0,1.0471285581588745,0.001814366823006665,40,4050,0.15375,976,9592
6,100,0.3,0.0,harm,hybrid,0.01,low_risk_q1,0.1,1.0,0,1.0597997903823853,0.0014194026166378672,40,4050,0.11500000000000002,976,9592
6,100,0.3,0.0,harm,hybrid,0.01,low_risk_q1,0.1,1.0,0,1.0724711418151855,0.001110836830412244,40,4050,0.08499999999999999,976,9592
6,100,0.3,0.0,harm,hybrid,0.01,low_risk_q1,0.1,1.0,0,1.0851423740386963,0.000913354727227845,40,4050,0.065,976,9592
6,100,0.3,0.0,harm,hybrid,0.01,low_risk_q1,0.1,1.0,0,1.0978137254714966,0.0007035299925944212,40,4050,0.04375,976,9592
6,100,0.3,0.0,harm,hybrid,0.01,low_risk_q1,0.1,1.0,0,1.1104849576950073,0.0006047889410022217,40,4050,0.034999999999999996,976,9592
6,100,0.3,0.0,harm,hybrid,0.01,low_risk_q1,0.1,1.0,0,1.1231563091278076,0.0005183905208590472,40,4050,0.026250000000000002,976,9592
6,100,0.3,0.0,harm,hybrid,0.01,low_risk_q1,0.1,1.0,0,1.1358275413513184,0.0004196494692668477,40,4050,0.01625,976,9592
6,100,0.3,0.0,harm,hybrid,0.01,low_risk_q1,0.1,1.0,0,1.148498773574829,0.00032090841767464824,40,4050,0.00625,976,9592
6,100,0.3,0.0,harm,hybrid,0.01,low_risk_q1,0.1,1.0,0,1.1611701250076294,0.0002715378918785485,40,4050,0.00125,976,9592
6,100,0.3,0.0,harm,hybrid,0.01,low_risk_q1,0.1,1.0,0,1.1738413572311401,0.0002591952604295236,40,4050,0.00125,976,9592
6,100,0.3,0.0,harm,hybrid,0.01,low_risk_q1,0.1,1.0,0,1.1865127086639404,0.0002591952604295236,40,4050,0.00125,976,9592
6,100,0.3,0.0,harm,hybrid,0.01,low_risk_q1,0.1,1.0,0,1.1991839408874512,0.00024685262898049864,40,4050,0.0,976,9592
6,100,0.3,0.0,harm,hybrid,0.01,low_risk_q1,0.1,1.0,0,1.2118552923202515,0.00024685262898049864,40,4050,0.0,976,9592
6,100,0.3,0.0,harm,hybrid,0.01,low_risk_q1,0.1,1.0,0,1.2245265245437622,0.00024685262898049864,40,4050,0.0,976,9592
6,100,0.3,0.0,harm,hybrid,0.01,low_risk_q1,0.1,1.0,0,1.2371978759765625,0.00024685262898049864,40,4050,0.0,976,9592
6,100,0.3,0.0,harm,hybrid,0.01,low_risk_q1,0.1,1.0,0,1.2498691082000732,0.00024685262898049864,40,4050,0.0,976,9592
6,100,0.3,0.0,harm,hybrid,0.01,low_risk_q1,0.1,1.0,0,1.2625404596328735,0.00024685262898049864,40,4050,0.0,976,9592
6,100,0.3,0.0,harm,hybrid,0.01,low_risk_q1,0.1,1.0,0,1.2752116918563843,0.00024685262898049864,40,4050,0.0,976,9592
6,100,0.3,0.0,harm,hybrid,0.01,low_risk_q1,0.1,1.0,0,1.287882924079895,0.00024685262898049864,40,4050,0.0,976,9592
6,100,0.3,0.0,harm,hybrid,0.01,low_risk_q1,0.1,1.0,0,1.3005542755126953,0.00024685262898049864,40,4050,0.0,976,9592
7,100,0.3,0.0,harm,hybrid,0.01,low_risk_q1,0.1,1.0,0,0.047112464904785156,0.012226322263222632,40,4064,1.0,988,9693
7,100,0.3,0.0,harm,hybrid,0.01,low_risk_q1,0.1,1.0,0,0.06021270900964737,0.012226322263222632,40,4064,1.0,988,9693
7,100,0.3,0.0,harm,hybrid,0.01,low_risk_q1,0.1,1.0,0,0.07331295311450958,0.012226322263222632,40,4064,1.0,988,9693
7,100,0.3,0.0,harm,hybrid,0.01,low_risk_q1,0.1,1.0,0,0.0864131897687912,0.012226322263222632,40,4064,1.0,988,9693
7,100,0.3,0.0,harm,hybrid,0.01,low_risk_q1,0.1,1.0,0,0.09951344132423401,0.012214022140221404,40,4064,0.99875,988,9693
7,100,0.3,0.0,harm,hybrid,0.01,low_risk_q1,0.1,1.0,0,0.11261367797851562,0.012214022140221404,40,4064,0.99875,988,9693
7,100,0.3,0.0,harm,hybrid,0.01,low_risk_q1,0.1,1.0,0,0.12571391463279724,0.012214022140221404,40,4064,0.99875,988,9693
7,100,0.3,0.0,harm,hybrid,0.01,low_risk_q1,0.1,1.0,0,0.13881416618824005,0.012214022140221404,40,4064,0.99875,988,9693
7,100,0.3,0.0,harm,hybrid,0.01,low_risk_q1,0.1,1.0,0,0.15191441774368286,0.012201722017220173,40,4064,0.9974999999999999,988,9693
7,100,0.3,0.0,harm,hybrid,0.01,low_risk_q1,0.1,1.0,0,0.16501465439796448,0.012201722017220173,40,4064,0.9974999999999999,988,9693
7,100,0.3,0.0,harm,hybrid,0.01,low_risk_q1,0.1,1.0,0,0.1781148910522461,0.012201722017220173,40,4064,0.9974999999999999,988,9693
7,100,0.3,0.0,harm,hybrid,0.01,low_risk_q1,0.1,1.0,0,0.1912151426076889,0.012201722017220173,40,4064,0.9974999999999999,988,9693
7,100,0.3,0.0,harm,hybrid,0.01,low_risk_q1,0.1,1.0,0,0.20431537926197052,0.012201722017220173,40,4064,0.9974999999999999,988,9693
7,100,0.3,0.0,harm,hybrid,0.01,low_risk_q1,0.1,1.0,0,0.21741563081741333,0.012177121771217712,40,4064,0.9949999999999999,988,9693
7,100,0.3,0.0,harm,hybrid,0.01,low_risk_q1,0.1,1.0,0,0.23051586747169495,0.012152521525215251,40,4064,0.9925,988,9693
7,100,0.3,0.0,harm,hybrid,0.01,low_risk_q1,0.1,1.0,0,0.24361611902713776,0.012127921279212792,40,4064,0.99,988,9693
7,100,0.3,0.0,harm,hybrid,0.01,low_risk_q1,0.1,1.0,0,0.25671637058258057,0.012091020910209102,40,4064,0.9862500000000001,988,9693
7,100,0.3,0.0,harm,hybrid,0.01,low_risk_q1,0.1,1.0,0,0.2698165774345398,0.012066420664206642,40,4064,0.98375,988,9693
7,100,0.3,0.0,harm,hybrid,0.01,low_risk_q1,0.1,1.0,0,0.2829168438911438,0.011968019680196803,40,4064,0.9737500000000001,988,9693
7,100,0.3,0.0,harm,hybrid,0.01,low_risk_q1,0.1,1.0,0,0.2960170805454254,0.011869618696186962,40,4064,0.9637499999999999,988,9693
7,100,0.3,0.0,harm,hybrid,0.01,low_risk_q1,0.1,1.0,0,0.30911731719970703,0.011783517835178352,40,4064,0.95625,988,9693
7,100,0.3,0.0,harm,hybrid,0.01,low_risk_q1,0.1,1.0,0,0.32221758365631104,0.011758917589175891,40,4064,0.9537500000000001,988,9693
7,100,0.3,0.0,harm,hybrid,0.01,low_risk_q1,0.1,1.0,0,0.33531782031059265,0.011697416974169742,40,4064,0.9475000000000001,988,9693
7,100,0.3,0.0,harm,hybrid,0.01,low_risk_q1,0.1,1.0,0,0.34841805696487427,0.011611316113161132,40,4064,0.93875,988,9693
7,100,0.3,0.0,harm,hybrid,0.01,low_risk_q1,0.1,1.0,0,0.3615182936191559,0.01151291512915129,40,4064,0.9275000000000002,988,9693
7,100,0.3,0.0,harm,hybrid,0.01,low_risk_q1,0.1,1.0,0,0.3746185302734375,0.011389913899138992,40,4064,0.9162500000000001,988,9693
7,100,0.3,0.0,harm,hybrid,0.01,low_risk_q1,0.1,1.0,0,0.3877187967300415,0.011266912669126692,40,4064,0.905,988,9693
7,100,0.3,0.0,harm,hybrid,0.01,low_risk_q1,0.1,1.0,0,0.4008190333843231,0.011119311193111932,40,4064,0.89,988,9693
7,100,0.3,0.0,harm,hybrid,0.01,low_risk_q1,0.1,1.0,0,0.41391927003860474,0.01087330873308733,40,4064,0.86875,988,9693
7,100,0.3,0.0,harm,hybrid,0.01,low_risk_q1,0.1,1.0,0,0.42701950669288635,0.010713407134071342,40,4064,0.8550000000000001,988,9693
7,100,0.3,0.0,harm,hybrid,0.01,low_risk_q1,0.1,1.0,0,0.44011977314949036,0.010504305043050432,40,4064,0.8275,988,9693
7,100,0.3,0.0,harm,hybrid,0.01,low_risk_q1,0.1,1.0,0,0.453220009803772,0.010172201722017223,40,4064,0.8025,988,9693
7,100,0.3,0.0,harm,hybrid,0.01,low_risk_q1,0.1,1.0,0,0.4663202464580536,0.009901599015990161,40,4064,0.775,988,9693
7,100,0.3,0.0,harm,hybrid,0.01,low_risk_q1,0.1,1.0,0,0.4794204831123352,0.00948339483394834,40,4064,0.7474999999999999,988,9693
7,100,0.3,0.0,harm,hybrid,0.01,low_risk_q1,0.1,1.0,0,0.4925207197666168,0.00923739237392374,40,4064,0.7212500000000001,988,9693
7,100,0.3,0.0,harm,hybrid,0.01,low_risk_q1,0.1,1.0,0,0.5056209564208984,0.00894218942189422,40,4064,0.69625,988,9693
7,100,0.3,0.0,harm,hybrid,0.01,low_risk_q1,0.1,1.0,0,0.5187212228775024,0.00873308733087331,40,4064,0.6799999999999999,988,9693
7,100,0.3,0.0,harm,hybrid,0.01,low_risk_q1,0.1,1.0,0,0.5318214893341064,0.008573185731857318,40,4064,0.6625,988,9693
7,100,0.3,0.0,harm,hybrid,0.01,low_risk_q1,0.1,1.0,0,0.5449216961860657,0.008364083640836408,40,4064,0.65,988,9693
7,100,0.3,0.0,harm,hybrid,0.01,low_risk_q1,0.1,1.0,0,0.5580219626426697,0.00820418204182042,40,4064,0.635,988,9693
7,100,0.3,0.0,harm,hybrid,0.01,low_risk_q1,0.1,1.0,0,0.5711221694946289,0.00809348093480935,40,4064,0.615,988,9693
7,100,0.3,0.0,harm,hybrid,0.01,low_risk_q1,0.1,1.0,0,0.5842224359512329,0.007958179581795817,40,4064,0.615,988,9693
7,100,0.3,0.0,harm,hybrid,0.01,low_risk_q1,0.1,1.0,0,0.5973227024078369,0.007884378843788438,40,4064,0.6075,988,9693
7,100,0.3,0.0,harm,hybrid,0.01,low_risk_q1,0.1,1.0,0,0.6104229092597961,0.007798277982779829,40,4064,0.5974999999999999,988,9693
7,100,0.3,0.0,harm,hybrid,0.01,low_risk_q1,0.1,1.0,0,0.6235231757164001,0.007712177121771219,40,4064,0.5900000000000001,988,9693
7,100,0.3,0.0,harm,hybrid,0.01,low_risk_q1,0.1,1.0,0,0.6366233825683594,0.007724477244772449,40,4064,0.58875,988,9693
7,100,0.3,0.0,harm,hybrid,0.01,low_risk_q1,0.1,1.0,0,0.6497236490249634,0.007687576875768758,40,4064,0.5875,988,9693
7,100,0.3,0.0,harm,hybrid,0.01,low_risk_q1,0.1,1.0,0,0.6628239154815674,0.007638376383763837,40,4064,0.5862499999999999,988,9693
7,100,0.3,0.0,harm,hybrid,0.01,low_risk_q1,0.1,1.0,0,0.6759241223335266,0.007613776137761377,40,4064,0.5862499999999999,988,9693
7,100,0.3,0.0,harm,hybrid,0.01,low_risk_q1,0.1,1.0,0,0.6890243887901306,0.007601476014760148,40,4064,0.5862499999999999,988,9693
7,100,0.3,0.0,harm,hybrid,0.01,low_risk_q1,0.1,1.0,0,0.7021245956420898,0.0075645756457564575,40,4064,0.5862499999999999,988,9693
7,100,0.3,0.0,harm,hybrid,0.01,low_risk_q1,0.1,1.0,0,0.7152248620986938,0.007490774907749078,40,4064,0.5862499999999999,988,9693
7,100,0.3,0.0,harm,hybrid,0.01,low_risk_q1,0.1,1.0,0,0.7283251285552979,0.007466174661746617,40,4064,0.5862499999999999,988,9693
7,100,0.3,0.0,harm,hybrid,0.01,low_risk_q1,0.1,1.0,0,0.7414253354072571,0.007441574415744158,40,4064,0.5862499999999999,988,9693
7,100,0.3,0.0,harm,hybrid,0.01,low_risk_q1,0.1,1.0,0,0.7545256018638611,0.007416974169741698,40,4064,0.5862499999999999,988,9693
7,100,0.3,0.0,harm,hybrid,0.01,low_risk_q1,0.1,1.0,0,0.7676258683204651,0.007380073800738008,40,4064,0.5862499999999999,988,9693
7,100,0.3,0.0,harm,hybrid,0.01,low_risk_q1,0.1,1.0,0,0.7807260751724243,0.007355473554735548,40,4064,0.5862499999999999,988,9693
7,100,0.3,0.0,harm,hybrid,0.01,low_risk_q1,0.1,1.0,0,0.7938263416290283,0.007318573185731857,40,4064,0.5862499999999999,988,9693
7,100,0.3,0.0,harm,hybrid,0.01,low_risk_q1,0.1,1.0,0,0.8069265484809875,0.007244772447724478,40,4064,0.5862499999999999,988,9693
7,100,0.3,0.0,harm,hybrid,0.01,low_risk_q1,0.1,1.0,0,0.8200268149375916,0.007134071340713408,40,4064,0.5862499999999999,988,9693
7,100,0.3,0.0,harm,hybrid,0.01,low_risk_q1,0.1,1.0,0,0.8331270813941956,0.007060270602706028,40,4064,0.5862499999999999,988,9693
7,100,0.3,0.0,harm,hybrid,0.01,low_risk_q1,0.1,1.0,0,0.8462272882461548,0.0070110701107011075,40,4064,0.5862499999999999,988,9693
7,100,0.3,0.0,harm,hybrid,0.01,low_risk_q1,0.1,1.0,0,0.8593275547027588,0.006949569495694957,40,4064,0.5862499999999999,988,9693
7,100,0.3,0.0,harm,hybrid,0.01,low_risk_q1,0.1,1.0,0,0.872427761554718,0.006924969249692497,40,4064,0.5862499999999999,988,9693
7,100,0.3,0.0,harm,hybrid,0.01,low_risk_q1,0.1,1.0,0,0.885528028011322,0.006838868388683887,40,4064,0.5862499999999999,988,9693
7,100,0.3,0.0,harm,hybrid,0.01,low_risk_q1,0.1,1.0,0,0.898628294467926,0.006740467404674047,40,4064,0.5862499999999999,988,9693
7,100,0.3,0.0,harm,hybrid,0.01,low_risk_q1,0.1,1.0,0,0.9117285013198853,0.006654366543665437,40,4064,0.5825,988,9693
7,100,0.3,0.0,harm,hybrid,0.01,low_risk_q1,0.1,1.0,0,0.9248287677764893,0.006408364083640837,40,4064,0.57,988,9693
7,100,0.3,0.0,harm,hybrid,0.01,low_risk_q1,0.1,1.0,0,0.9379289746284485,0.006273062730627306,40,4064,0.56125,988,9693
7,100,0.3,0.0,harm,hybrid,0.01,low_risk_q1,0.1,1.0,0,0.9510292410850525,0.005904059040590407,40,4064,0.5325,988,9693
7,100,0.3,0.0,harm,hybrid,0.01,low_risk_q1,0.1,1.0,0,0.9641295075416565,0.005473554735547356,40,4064,0.49375,988,9693
7,100,0.3,0.0,harm,hybrid,0.01,low_risk_q1,0.1,1.0,0,0.9772297143936157,0.004883148831488315,40,4064,0.445,988,9693
7,100,0.3,0.0,harm,hybrid,0.01,low_risk_q1,0.1,1.0,0,0.9903299808502197,0.003960639606396064,40,4064,0.35625,988,9693
7,100,0.3,0.0,harm,hybrid,0.01,low_risk_q1,0.1,1.0,0,1.0034301280975342,0.0033210332103321034,40,4064,0.2975,988,9693
7,100,0.3,0.0,harm,hybrid,0.01,low_risk_q1,0.1,1.0,0,1.0165305137634277,0.002779827798277983,40,4064,0.24500000000000002,988,9693
7,100,0.3,0.0,harm,hybrid,0.01,low_risk_q1,0.1,1.0,0,1.0296306610107422,0.002127921279212792,40,4064,0.18375,988,9693
7,100,0.3,0.0,harm,hybrid,0.01,low_risk_q1,0.1,1.0,0,1.0427309274673462,0.0015867158671586713,40,4064,0.1325,988,9693
7,100,0.3,0.0,harm,hybrid,0.01,low_risk_q1,0.1,1.0,0,1.0558311939239502,0.001070110701107011,40,4064,0.08125,988,9693
7,100,0.3,0.0,harm,hybrid,0.01,low_risk_q1,0.1,1.0,0,1.0689314603805542,0.0008118081180811807,40,4064,0.05625,988,9693
7,100,0.3,0.0,harm,hybrid,0.01,low_risk_q1,0.1,1.0,0,1.0820317268371582,0.0006027060270602706,40,4064,0.036250000000000004,988,9693
7,100,0.3,0.0,harm,hybrid,0.01,low_risk_q1,0.1,1.0,0,1.0951318740844727,0.00046740467404674045,40,4064,0.0225,988,9693
7,100,0.3,0.0,harm,hybrid,0.01,low_risk_q1,0.1,1.0,0,1.1082321405410767,0.00035670356703567036,40,4064,0.01125,988,9693
7,100,0.3,0.0,harm,hybrid,0.01,low_risk_q1,0.1,1.0,0,1.1213324069976807,0.00034440344403444036,40,4064,0.01,988,9693
7,100,0.3,0.0,harm,hybrid,0.01,low_risk_q1,0.1,1.0,0,1.1344326734542847,0.00030750307503075026,40,4064,0.00625,988,9693
7,100,0.3,0.0,harm,hybrid,0.01,low_risk_q1,0.1,1.0,0,1.1475329399108887,0.00030750307503075026,40,4064,0.00625,988,9693
7,100,0.3,0.0,harm,hybrid,0.01,low_risk_q1,0.1,1.0,0,1.1606330871582031,0.00027060270602706027,40,4064,0.0025,988,9693
7,100,0.3,0.0,harm,hybrid,0.01,low_risk_q1,0.1,1.0,0,1.1737333536148071,0.0002460024600246002,40,4064,0.0,988,9693
7,100,0.3,0.0,harm,hybrid,0.01,low_risk_q1,0.1,1.0,0,1.1868336200714111,0.0002460024600246002,40,4064,0.0,988,9693
7,100,0.3,0.0,harm,hybrid,0.01,low_risk_q1,0.1,1.0,0,1.1999338865280151,0.0002460024600246002,40,4064,0.0,988,9693
7,100,0.3,0.0,harm,hybrid,0.01,low_risk_q1,0.1,1.0,0,1.2130341529846191,0.0002460024600246002,40,4064,0.0,988,9693
7,100,0.3,0.0,harm,hybrid,0.01,low_risk_q1,0.1,1.0,0,1.2261343002319336,0.0002460024600246002,40,4064,0.0,988,9693
7,100,0.3,0.0,harm,hybrid,0.01,low_risk_q1,0.1,1.0,0,1.2392345666885376,0.0002460024600246002,40,4064,0.0,988,9693
7,100,0.3,0.0,harm,hybrid,0.01,low_risk_q1,0.1,1.0,0,1.2523348331451416,0.0002460024600246002,40,4064,0.0,988,9693
7,100,0.3,0.0,harm,hybrid,0.01,low_risk_q1,0.1,1.0,0,1.2654350996017456,0.0002460024600246002,40,4064,0.0,988,9693
7,100,0.3,0.0,harm,hybrid,0.01,low_risk_q1,0.1,1.0,0,1.2785353660583496,0.0002460024600246002,40,4064,0.0,988,9693
7,100,0.3,0.0,harm,hybrid,0.01,low_risk_q1,0.1,1.0,0,1.291635513305664,0.0002460024600246002,40,4064,0.0,988,9693
7,100,0.3,0.0,harm,hybrid,0.01,low_risk_q1,0.1,1.0,0,1.304735779762268,0.0002460024600246002,40,4064,0.0,988,9693
7,100,0.3,0.0,harm,hybrid,0.01,low_risk_q1,0.1,1.0,0,1.317836046218872,0.0002460024600246002,40,4064,0.0,988,9693
7,100,0.3,0.0,harm,hybrid,0.01,low_risk_q1,0.1,1.0,0,1.330936312675476,0.0002460024600246002,40,4064,0.0,988,9693
7,100,0.3,0.0,harm,hybrid,0.01,low_risk_q1,0.1,1.0,0,1.34403657913208,0.0002460024600246002,40,4064,0.0,988,9693
8,100,0.3,0.0,harm,hybrid,0.01,low_risk_q1,0.1,1.0,0,0.07922777533531189,0.012053681359271116,40,4060,1.0,977,9580
8,100,0.3,0.0,harm,hybrid,0.01,low_risk_q1,0.1,1.0,0,0.0916549414396286,0.012053681359271116,40,4060,1.0,977,9580
8,100,0.3,0.0,harm,hybrid,0.01,low_risk_q1,0.1,1.0,0,0.10408211499452591,0.012053681359271116,40,4060,1.0,977,9580
8,100,0.3,0.0,harm,hybrid,0.01,low_risk_q1,0.1,1.0,0,0.11650928109884262,0.012053681359271116,40,4060,1.0,977,9580
8,100,0.3,0.0,harm,hybrid,0.01,low_risk_q1,0.1,1.0,0,0.12893645465373993,0.012053681359271116,40,4060,1.0,977,9580
8,100,0.3,0.0,harm,hybrid,0.01,low_risk_q1,0.1,1.0,0,0.14136362075805664,0.012053681359271116,40,4060,1.0,977,9580
8,100,0.3,0.0,harm,hybrid,0.01,low_risk_q1,0.1,1.0,0,0.15379078686237335,0.012053681359271116,40,4060,1.0,977,9580
8,100,0.3,0.0,harm,hybrid,0.01,low_risk_q1,0.1,1.0,0,0.16621795296669006,0.012053681359271116,40,4060,1.0,977,9580
8,100,0.3,0.0,harm,hybrid,0.01,low_risk_q1,0.1,1.0,0,0.17864513397216797,0.01204136912090618,40,4060,0.99875,977,9580
8,100,0.3,0.0,harm,hybrid,0.01,low_risk_q1,0.1,1.0,0,0.1910722851753235,0.01204136912090618,40,4060,0.99875,977,9580
8,100,0.3,0.0,harm,hybrid,0.01,low_risk_q1,0.1,1.0,0,0.2034994661808014,0.01204136912090618,40,4060,0.99875,977,9580
8,100,0.3,0.0,harm,hybrid,0.01,low_risk_q1,0.1,1.0,0,0.2159266322851181,0.01204136912090618,40,4060,0.99875,977,9580
8,100,0.3,0.0,harm,hybrid,0.01,low_risk_q1,0.1,1.0,0,0.22835379838943481,0.01204136912090618,40,4060,0.99875,977,9580
8,100,0.3,0.0,harm,hybrid,0.01,low_risk_q1,0.1,1.0,0,0.24078096449375153,0.01196749569071657,40,4060,0.9912500000000002,977,9580
8,100,0.3,0.0,harm,hybrid,0.01,low_risk_q1,0.1,1.0,0,0.2532081604003906,0.011942871213986702,40,4060,0.9887499999999999,977,9580
8,100,0.3,0.0,harm,hybrid,0.01,low_risk_q1,0.1,1.0,0,0.26563531160354614,0.011930558975621766,40,4060,0.9862500000000001,977,9580
8,100,0.3,0.0,harm,hybrid,0.01,low_risk_q1,0.1,1.0,0,0.27806246280670166,0.01188131002216203,40,4060,0.9824999999999999,977,9580
8,100,0.3,0.0,harm,hybrid,0.01,low_risk_q1,0.1,1.0,0,0.29048964381217957,0.011856685545432158,40,4060,0.9800000000000001,977,9580
8,100,0.3,0.0,harm,hybrid,0.01,low_risk_q1,0.1,1.0,0,0.30291682481765747,0.01180743659197242,40,4060,0.975,977,9580
8,100,0.3,0.0,harm,hybrid,0.01,low_risk_q1,0.1,1.0,0,0.315343976020813,0.011770499876877614,40,4060,0.9712500000000001,977,9580
8,100,0.3,0.0,harm,hybrid,0.01,low_risk_q1,0.1,1.0,0,0.3277711570262909,0.011733563161782812,40,4060,0.9675,977,9580
8,100,0.3,0.0,harm,hybrid,0.01,low_risk_q1,0.1,1.0,0,0.3401983082294464,0.011672001969958138,40,4060,0.96125,977,9580
8,100,0.3,0.0,harm,hybrid,0.01,low_risk_q1,0.1,1.0,0,0.3526254892349243,0.011536567347943857,40,4060,0.9487500000000001,977,9580
8,100,0.3,0.0,harm,hybrid,0.01,low_risk_q1,0.1,1.0,0,0.3650526702404022,0.01136419601083477,40,4060,0.9375,977,9580
8,100,0.3,0.0,harm,hybrid,0.01,low_risk_q1,0.1,1.0,0,0.37747982144355774,0.011327259295739965,40,4060,0.93,977,9580
8,100,0.3,0.0,harm,hybrid,0.01,low_risk_q1,0.1,1.0,0,0.38990700244903564,0.011167200196995812,40,4060,0.91875,977,9580
8,100,0.3,0.0,harm,hybrid,0.01,low_risk_q1,0.1,1.0,0,0.40233415365219116,0.01099482885988673,40,4060,0.89625,977,9580
8,100,0.3,0.0,harm,hybrid,0.01,low_risk_q1,0.1,1.0,0,0.41476133465766907,0.010773208569317901,40,4060,0.8737499999999999,977,9580
8,100,0.3,0.0,harm,hybrid,0.01,low_risk_q1,0.1,1.0,0,0.427188515663147,0.010551588278749077,40,4060,0.8487500000000001,977,9580
8,100,0.3,0.0,harm,hybrid,0.01,low_risk_q1,0.1,1.0,0,0.4396156668663025,0.010231470081260772,40,4060,0.8300000000000001,977,9580
8,100,0.3,0.0,harm,hybrid,0.01,low_risk_q1,0.1,1.0,0,0.4520428478717804,0.010022162029056881,40,4060,0.8074999999999999,977,9580
8,100,0.3,0.0,harm,hybrid,0.01,low_risk_q1,0.1,1.0,0,0.4644699990749359,0.009800541738488058,40,4060,0.7825,977,9580
8,100,0.3,0.0,harm,hybrid,0.01,low_risk_q1,0.1,1.0,0,0.4768971800804138,0.009541984732824426,40,4060,0.7575000000000001,977,9580
8,100,0.3,0.0,harm,hybrid,0.01,low_risk_q1,0.1,1.0,0,0.4893243610858917,0.009344988918985471,40,4060,0.7375,977,9580
8,100,0.3,0.0,harm,hybrid,0.01,low_risk_q1,0.1,1.0,0,0.5017515420913696,0.00911105639005171,40,4060,0.7150000000000001,977,9580
8,100,0.3,0.0,harm,hybrid,0.01,low_risk_q1,0.1,1.0,0,0.5141786932945251,0.008914060576212756,40,4060,0.6925000000000001,977,9580
8,100,0.3,0.0,harm,hybrid,0.01,low_risk_q1,0.1,1.0,0,0.5266058444976807,0.008729377000738735,40,4060,0.6775,977,9580
8,100,0.3,0.0,harm,hybrid,0.01,low_risk_q1,0.1,1.0,0,0.539033055305481,0.008606254617089387,40,4060,0.66625,977,9580
8,100,0.3,0.0,harm,hybrid,0.01,low_risk_q1,0.1,1.0,0,0.5514602065086365,0.008507756710169907,40,4060,0.6575,977,9580
8,100,0.3,0.0,harm,hybrid,0.01,low_risk_q1,0.1,1.0,0,0.563887357711792,0.008396946564885495,40,4060,0.6475,977,9580
8,100,0.3,0.0,harm,hybrid,0.01,low_risk_q1,0.1,1.0,0,0.5763145685195923,0.008261511942871214,40,4060,0.63875,977,9580
8,100,0.3,0.0,harm,hybrid,0.01,low_risk_q1,0.1,1.0,0,0.588741660118103,0.008163014035951736,40,4060,0.6275000000000001,977,9580
8,100,0.3,0.0,harm,hybrid,0.01,low_risk_q1,0.1,1.0,0,0.6011688709259033,0.008089140605762128,40,4060,0.6224999999999999,977,9580
8,100,0.3,0.0,harm,hybrid,0.01,low_risk_q1,0.1,1.0,0,0.6135960817337036,0.00801526717557252,40,4060,0.6212500000000001,977,9580
8,100,0.3,0.0,harm,hybrid,0.01,low_risk_q1,0.1,1.0,0,0.6260231733322144,0.00799064269884265,40,4060,0.61875,977,9580
8,100,0.3,0.0,harm,hybrid,0.01,low_risk_q1,0.1,1.0,0,0.6384503841400146,0.007978330460477715,40,4060,0.61875,977,9580
8,100,0.3,0.0,harm,hybrid,0.01,low_risk_q1,0.1,1.0,0,0.6508775949478149,0.007916769268653041,40,4060,0.6174999999999999,977,9580
8,100,0.3,0.0,harm,hybrid,0.01,low_risk_q1,0.1,1.0,0,0.6633046865463257,0.007879832553558237,40,4060,0.6174999999999999,977,9580
8,100,0.3,0.0,harm,hybrid,0.01,low_risk_q1,0.1,1.0,0,0.675731897354126,0.007855208076828367,40,4060,0.6174999999999999,977,9580
8,100,0.3,0.0,harm,hybrid,0.01,low_risk_q1,0.1,1.0,0,0.6881591081619263,0.007793646885003693,40,4060,0.6174999999999999,977,9580
8,100,0.3,0.0,harm,hybrid,0.01,low_risk_q1,0.1,1.0,0,0.700586199760437,0.007781334646638758,40,4060,0.6174999999999999,977,9580
8,100,0.3,0.0,harm,hybrid,0.01,low_risk_q1,0.1,1.0,0,0.7130134105682373,0.007719773454814085,40,4060,0.6174999999999999,977,9580
8,100,0.3,0.0,harm,hybrid,0.01,low_risk_q1,0.1,1.0,0,0.725440502166748,0.00768283673971928,40,4060,0.6174999999999999,977,9580
8,100,0.3,0.0,harm,hybrid,0.01,low_risk_q1,0.1,1.0,0,0.7378677129745483,0.007670524501354346,40,4060,0.6174999999999999,977,9580
8,100,0.3,0.0,harm,hybrid,0.01,low_risk_q1,0.1,1.0,0,0.7502949237823486,0.007658212262989411,40,4060,0.6174999999999999,977,9580
8,100,0.3,0.0,harm,hybrid,0.01,low_risk_q1,0.1,1.0,0,0.7627220153808594,0.007596651071164738,40,4060,0.6174999999999999,977,9580
8,100,0.3,0.0,harm,hybrid,0.01,low_risk_q1,0.1,1.0,0,0.7751492261886597,0.0075474021177049985,40,4060,0.6174999999999999,977,9580
8,100,0.3,0.0,harm,hybrid,0.01,low_risk_q1,0.1,1.0,0,0.78757643699646,0.007535089879340064,40,4060,0.6174999999999999,977,9580
8,100,0.3,0.0,harm,hybrid,0.01,low_risk_q1,0.1,1.0,0,0.8000035285949707,0.007498153164245259,40,4060,0.6174999999999999,977,9580
8,100,0.3,0.0,harm,hybrid,0.01,low_risk_q1,0.1,1.0,0,0.812430739402771,0.007399655257325781,40,4060,0.6174999999999999,977,9580
8,100,0.3,0.0,harm,hybrid,0.01,low_risk_q1,0.1,1.0,0,0.8248579502105713,0.007288845112041369,40,4060,0.6174999999999999,977,9580
8,100,0.3,0.0,harm,hybrid,0.01,low_risk_q1,0.1,1.0,0,0.837285041809082,0.007190347205121891,40,4060,0.6174999999999999,977,9580
8,100,0.3,0.0,harm,hybrid,0.01,low_risk_q1,0.1,1.0,0,0.8497122526168823,0.007153410490027086,40,4060,0.6174999999999999,977,9580
8,100,0.3,0.0,harm,hybrid,0.01,low_risk_q1,0.1,1.0,0,0.8621394634246826,0.007128786013297216,40,4060,0.6174999999999999,977,9580
8,100,0.3,0.0,harm,hybrid,0.01,low_risk_q1,0.1,1.0,0,0.8745665550231934,0.007067224821472544,40,4060,0.6174999999999999,977,9580
8,100,0.3,0.0,harm,hybrid,0.01,low_risk_q1,0.1,1.0,0,0.8869937658309937,0.006993351391282936,40,4060,0.6174999999999999,977,9580
8,100,0.3,0.0,harm,hybrid,0.01,low_risk_q1,0.1,1.0,0,0.899420976638794,0.006956414676188131,40,4060,0.6174999999999999,977,9580
8,100,0.3,0.0,harm,hybrid,0.01,low_risk_q1,0.1,1.0,0,0.9118480682373047,0.006784043339079044,40,4060,0.61,977,9580
8,100,0.3,0.0,harm,hybrid,0.01,low_risk_q1,0.1,1.0,0,0.924275279045105,0.006636296478699828,40,4060,0.60375,977,9580
8,100,0.3,0.0,harm,hybrid,0.01,low_risk_q1,0.1,1.0,0,0.9367023706436157,0.006328490519576459,40,4060,0.58125,977,9580
8,100,0.3,0.0,harm,hybrid,0.01,low_risk_q1,0.1,1.0,0,0.949129581451416,0.005971435606993351,40,4060,0.5487499999999998,977,9580
8,100,0.3,0.0,harm,hybrid,0.01,low_risk_q1,0.1,1.0,0,0.9615567922592163,0.005429697118936223,40,4060,0.50125,977,9580
8,100,0.3,0.0,harm,hybrid,0.01,low_risk_q1,0.1,1.0,0,0.973983883857727,0.004641713863580399,40,4060,0.42625,977,9580
8,100,0.3,0.0,harm,hybrid,0.01,low_risk_q1,0.1,1.0,0,0.9864110946655273,0.0038414183698596404,40,4060,0.355,977,9580
8,100,0.3,0.0,harm,hybrid,0.01,low_risk_q1,0.1,1.0,0,0.9988383054733276,0.0031149963063284904,40,4060,0.28250000000000003,977,9580
8,100,0.3,0.0,harm,hybrid,0.01,low_risk_q1,0.1,1.0,0,1.0112653970718384,0.002573257818271362,40,4060,0.22875,977,9580
8,100,0.3,0.0,harm,hybrid,0.01,low_risk_q1,0.1,1.0,0,1.0236926078796387,0.001933021423294755,40,4060,0.16625,977,9580
8,100,0.3,0.0,harm,hybrid,0.01,low_risk_q1,0.1,1.0,0,1.036119818687439,0.001575966510711647,40,4060,0.13125,977,9580
8,100,0.3,0.0,harm,hybrid,0.01,low_risk_q1,0.1,1.0,0,1.0485469102859497,0.0012435360748584091,40,4060,0.1,977,9580
8,100,0.3,0.0,harm,hybrid,0.01,low_risk_q1,0.1,1.0,0,1.06097412109375,0.0009603545924649102,40,4060,0.07125000000000001,977,9580
8,100,0.3,0.0,harm,hybrid,0.01,low_risk_q1,0.1,1.0,0,1.0734013319015503,0.0007756710169908891,40,4060,0.053750000000000006,977,9580
8,100,0.3,0.0,harm,hybrid,0.01,low_risk_q1,0.1,1.0,0,1.0858285427093506,0.0006402363949766067,40,4060,0.04,977,9580
8,100,0.3,0.0,harm,hybrid,0.01,low_risk_q1,0.1,1.0,0,1.0982556343078613,0.000529426249692194,40,4060,0.028750000000000005,977,9580
8,100,0.3,0.0,harm,hybrid,0.01,low_risk_q1,0.1,1.0,0,1.1106828451156616,0.0004432405811376508,40,4060,0.02,977,9580
8,100,0.3,0.0,harm,hybrid,0.01,low_risk_q1,0.1,1.0,0,1.1231099367141724,0.00036936715094804237,40,4060,0.0125,977,9580
8,100,0.3,0.0,harm,hybrid,0.01,low_risk_q1,0.1,1.0,0,1.1355371475219727,0.00033243043585323814,40,4060,0.00875,977,9580
8,100,0.3,0.0,harm,hybrid,0.01,low_risk_q1,0.1,1.0,0,1.147964358329773,0.00030780595912336864,40,4060,0.00625,977,9580
8,100,0.3,0.0,harm,hybrid,0.01,low_risk_q1,0.1,1.0,0,1.1603914499282837,0.00028318148239349914,40,4060,0.0037500000000000007,977,9580
8,100,0.3,0.0,harm,hybrid,0.01,low_risk_q1,0.1,1.0,0,1.172818660736084,0.00028318148239349914,40,4060,0.0037500000000000007,977,9580
8,100,0.3,0.0,harm,hybrid,0.01,low_risk_q1,0.1,1.0,0,1.1852458715438843,0.00025855700566362964,40,4060,0.00125,977,9580
8,100,0.3,0.0,harm,hybrid,0.01,low_risk_q1,0.1,1.0,0,1.197672963142395,0.00025855700566362964,40,4060,0.00125,977,9580
8,100,0.3,0.0,harm,hybrid,0.01,low_risk_q1,0.1,1.0,0,1.2101001739501953,0.0002462447672986949,40,4060,0.0,977,9580
8,100,0.3,0.0,harm,hybrid,0.01,low_risk_q1,0.1,1.0,0,1.2225273847579956,0.0002462447672986949,40,4060,0.0,977,9580
8,100,0.3,0.0,harm,hybrid,0.01,low_risk_q1,0.1,1.0,0,1.2349544763565063,0.0002462447672986949,40,4060,0.0,977,9580
8,100,0.3,0.0,harm,hybrid,0.01,low_risk_q1,0.1,1.0,0,1.2473816871643066,0.0002462447672986949,40,4060,0.0,977,9580
8,100,0.3,0.0,harm,hybrid,0.01,low_risk_q1,0.1,1.0,0,1.259808897972107,0.0002462447672986949,40,4060,0.0,977,9580
8,100,0.3,0.0,harm,hybrid,0.01,low_risk_q1,0.1,1.0,0,1.2722359895706177,0.0002462447672986949,40,4060,0.0,977,9580
8,100,0.3,0.0,harm,hybrid,0.01,low_risk_q1,0.1,1.0,0,1.284663200378418,0.0002462447672986949,40,4060,0.0,977,9580
8,100,0.3,0.0,harm,hybrid,0.01,low_risk_q1,0.1,1.0,0,1.2970904111862183,0.0002462447672986949,40,4060,0.0,977,9580
8,100,0.3,0.0,harm,hybrid,0.01,low_risk_q1,0.1,1.0,0,1.309517502784729,0.0002462447672986949,40,4060,0.0,977,9580
9,100,0.3,0.0,harm,hybrid,0.01,low_risk_q1,0.1,1.0,0,0.0,0.012217305801376597,40,4067,1.0,1049,10307
9,100,0.3,0.0,harm,hybrid,0.01,low_risk_q1,0.1,1.0,0,0.013008207082748413,0.012217305801376597,40,4067,1.0,1049,10307
9,100,0.3,0.0,harm,hybrid,0.01,low_risk_q1,0.1,1.0,0,0.026016414165496826,0.012217305801376597,40,4067,1.0,1049,10307
9,100,0.3,0.0,harm,hybrid,0.01,low_risk_q1,0.1,1.0,0,0.03902462124824524,0.012217305801376597,40,4067,1.0,1049,10307
9,100,0.3,0.0,harm,hybrid,0.01,low_risk_q1,0.1,1.0,0,0.05203282833099365,0.012217305801376597,40,4067,1.0,1049,10307
9,100,0.3,0.0,harm,hybrid,0.01,low_risk_q1,0.1,1.0,0,0.06504103541374207,0.012217305801376597,40,4067,1.0,1049,10307
9,100,0.3,0.0,harm,hybrid,0.01,low_risk_q1,0.1,1.0,0,0.07804924249649048,0.012217305801376597,40,4067,1.0,1049,10307
9,100,0.3,0.0,harm,hybrid,0.01,low_risk_q1,0.1,1.0,0,0.09105744957923889,0.012217305801376597,40,4067,1.0,1049,10307
9,100,0.3,0.0,harm,hybrid,0.01,low_risk_q1,0.1,1.0,0,0.1040656566619873,0.012217305801376597,40,4067,1.0,1049,10307
9,100,0.3,0.0,harm,hybrid,0.01,low_risk_q1,0.1,1.0,0,0.11707386374473572,0.012217305801376597,40,4067,1.0,1049,10307
9,100,0.3,0.0,harm,hybrid,0.01,low_risk_q1,0.1,1.0,0,0.13008207082748413,0.012217305801376597,40,4067,1.0,1049,10307
9,100,0.3,0.0,harm,hybrid,0.01,low_risk_q1,0.1,1.0,0,0.14309027791023254,0.012205014749262538,40,4067,0.99875,1049,10307
9,100,0.3,0.0,harm,hybrid,0.01,low_risk_q1,0.1,1.0,0,0.15609848499298096,0.012205014749262538,40,4067,0.99875,1049,10307
9,100,0.3,0.0,harm,hybrid,0.01,low_risk_q1,0.1,1.0,0,0.16910669207572937,0.012192723697148473,40,4067,0.9974999999999999,1049,10307
9,100,0.3,0.0,harm,hybrid,0.01,low_risk_q1,0.1,1.0,0,0.18211489915847778,0.012180432645034413,40,4067,0.9962499999999999,1049,10307
9,100,0.3,0.0,harm,hybrid,0.01,low_risk_q1,0.1,1.0,0,0.1951231062412262,0.012180432645034413,40,4067,0.9962499999999999,1049,10307
9,100,0.3,0.0,harm,hybrid,0.01,low_risk_q1,0.1,1.0,0,0.2081313133239746,0.012180432645034413,40,4067,0.9962499999999999,1049,10307
9,100,0.3,0.0,harm,hybrid,0.01,low_risk_q1,0.1,1.0,0,0.22113952040672302,0.012168141592920354,40,4067,0.9949999999999999,1049,10307
9,100,0.3,0.0,harm,hybrid,0.01,low_risk_q1,0.1,1.0,0,0.23414772748947144,0.012155850540806293,40,4067,0.99375,1049,10307
9,100,0.3,0.0,harm,hybrid,0.01,low_risk_q1,0.1,1.0,0,0.24715593457221985,0.012106686332350049,40,4067,0.9887499999999999,1049,10307
9,100,0.3,0.0,harm,hybrid,0.01,low_risk_q1,0.1,1.0,0,0.26016414165496826,0.012069813176007867,40,4067,0.9850000000000001,1049,10307
9,100,0.3,0.0,harm,hybrid,0.01,low_risk_q1,0.1,1.0,0,0.2731723487377167,0.012020648967551624,40,4067,0.9800000000000001,1049,10307
9,100,0.3,0.0,harm,hybrid,0.01,low_risk_q1,0.1,1.0,0,0.2861805558204651,0.011959193706981319,40,4067,0.9737500000000001,1049,10307
9,100,0.3,0.0,harm,hybrid,0.01,low_risk_q1,0.1,1.0,0,0.2991887629032135,0.01187315634218289,40,4067,0.9650000000000001,1049,10307
9,100,0.3,0.0,harm,hybrid,0.01,low_risk_q1,0.1,1.0,0,0.3121969699859619,0.011823992133726646,40,4067,0.96125,1049,10307
9,100,0.3,0.0,harm,hybrid,0.01,low_risk_q1,0.1,1.0,0,0.3252051770687103,0.011725663716814159,40,4067,0.95,1049,10307
9,100,0.3,0.0,harm,hybrid,0.01,low_risk_q1,0.1,1.0,0,0.33821338415145874,0.011651917404129795,40,4067,0.94375,1049,10307
9,100,0.3,0.0,harm,hybrid,0.01,low_risk_q1,0.1,1.0,0,0.35122159123420715,0.011553588987217304,40,4067,0.9325000000000001,1049,10307
9,100,0.3,0.0,harm,hybrid,0.01,low_risk_q1,0.1,1.0,0,0.36422979831695557,0.01146755162241888,40,4067,0.9262499999999999,1049,10307
9,100,0.3,0.0,harm,hybrid,0.01,low_risk_q1,0.1,1.0,0,0.377238005399704,0.011332350049164207,40,4067,0.9100000000000001,1049,10307
9,100,0.3,0.0,harm,hybrid,0.01,low_risk_q1,0.1,1.0,0,0.3902462124824524,0.01112340216322517,40,4067,0.8912500000000001,1049,10307
9,100,0.3,0.0,harm,hybrid,0.01,low_risk_q1,0.1,1.0,0,0.4032544195652008,0.010926745329400196,40,4067,0.87625,1049,10307
9,100,0.3,0.0,harm,hybrid,0.01,low_risk_q1,0.1,1.0,0,0.4162626266479492,0.010680924287118978,40,4067,0.85,1049,10307
9,100,0.3,0.0,harm,hybrid,0.01,low_risk_q1,0.1,1.0,0,0.42927083373069763,0.010459685349065878,40,4067,0.8237500000000001,1049,10307
9,100,0.3,0.0,harm,hybrid,0.01,low_risk_q1,0.1,1.0,0,0.44227904081344604,0.010078662733529989,40,4067,0.79125,1049,10307
9,100,0.3,0.0,harm,hybrid,0.01,low_risk_q1,0.1,1.0,0,0.45528724789619446,0.00968534906588004,40,4067,0.75625,1049,10307
9,100,0.3,0.0,harm,hybrid,0.01,low_risk_q1,0.1,1.0,0,0.46829545497894287,0.009341199606686333,40,4067,0.725,1049,10307
9,100,0.3,0.0,harm,hybrid,0.01,low_risk_q1,0.1,1.0,0,0.4813036620616913,0.009046214355948868,40,4067,0.695,1049,10307
9,100,0.3,0.0,harm,hybrid,0.01,low_risk_q1,0.1,1.0,0,0.4943118691444397,0.008677482792527039,40,4067,0.6625,1049,10307
9,100,0.3,0.0,harm,hybrid,0.01,low_risk_q1,0.1,1.0,0,0.5073200464248657,0.008468534906588004,40,4067,0.6375,1049,10307
9,100,0.3,0.0,harm,hybrid,0.01,low_risk_q1,0.1,1.0,0,0.5203282833099365,0.008259587020648966,40,4067,0.6224999999999999,1049,10307
9,100,0.3,0.0,harm,hybrid,0.01,low_risk_q1,0.1,1.0,0,0.5333365201950073,0.007989183874139627,40,4067,0.6,1049,10307
9,100,0.3,0.0,harm,hybrid,0.01,low_risk_q1,0.1,1.0,0,0.5463446974754333,0.007940019665683383,40,4067,0.5975,1049,10307
9,100,0.3,0.0,harm,hybrid,0.01,low_risk_q1,0.1,1.0,0,0.5593528747558594,0.007866273352999017,40,4067,0.5962500000000001,1049,10307
9,100,0.3,0.0,harm,hybrid,0.01,low_risk_q1,0.1,1.0,0,0.5723611116409302,0.007841691248770894,40,4067,0.5900000000000001,1049,10307
9,100,0.3,0.0,harm,hybrid,0.01,low_risk_q1,0.1,1.0,0,0.585369348526001,0.00778023598820059,40,4067,0.58625,1049,10307
9,100,0.3,0.0,harm,hybrid,0.01,low_risk_q1,0.1,1.0,0,0.598377525806427,0.007767944936086529,40,4067,0.58375,1049,10307
9,100,0.3,0.0,harm,hybrid,0.01,low_risk_q1,0.1,1.0,0,0.611385703086853,0.007731071779744346,40,4067,0.58375,1049,10307
9,100,0.3,0.0,harm,hybrid,0.01,low_risk_q1,0.1,1.0,0,0.6243939399719238,0.007743362831858408,40,4067,0.5850000000000001,1049,10307
9,100,0.3,0.0,harm,hybrid,0.01,low_risk_q1,0.1,1.0,0,0.6374021768569946,0.007694198623402164,40,4067,0.5825,1049,10307
9,100,0.3,0.0,harm,hybrid,0.01,low_risk_q1,0.1,1.0,0,0.6504103541374207,0.007681907571288102,40,4067,0.5825,1049,10307
9,100,0.3,0.0,harm,hybrid,0.01,low_risk_q1,0.1,1.0,0,0.6634185314178467,0.007632743362831858,40,4067,0.5825,1049,10307
9,100,0.3,0.0,harm,hybrid,0.01,low_risk_q1,0.1,1.0,0,0.6764267683029175,0.007546705998033431,40,4067,0.5825,1049,10307
9,100,0.3,0.0,harm,hybrid,0.01,low_risk_q1,0.1,1.0,0,0.6894350051879883,0.0075221238938053105,40,4067,0.5825,1049,10307
9,100,0.3,0.0,harm,hybrid,0.01,low_risk_q1,0.1,1.0,0,0.7024431824684143,0.007509832841691249,40,4067,0.5825,1049,10307
9,100,0.3,0.0,harm,hybrid,0.01,low_risk_q1,0.1,1.0,0,0.7154513597488403,0.007485250737463128,40,4067,0.5825,1049,10307
9,100,0.3,0.0,harm,hybrid,0.01,low_risk_q1,0.1,1.0,0,0.7284595966339111,0.007448377581120946,40,4067,0.5825,1049,10307
9,100,0.3,0.0,harm,hybrid,0.01,low_risk_q1,0.1,1.0,0,0.7414678335189819,0.00738692232055064,40,4067,0.5825,1049,10307
9,100,0.3,0.0,harm,hybrid,0.01,low_risk_q1,0.1,1.0,0,0.754476010799408,0.00738692232055064,40,4067,0.5825,1049,10307
9,100,0.3,0.0,harm,hybrid,0.01,low_risk_q1,0.1,1.0,0,0.767484188079834,0.007313176007866275,40,4067,0.5825,1049,10307
9,100,0.3,0.0,harm,hybrid,0.01,low_risk_q1,0.1,1.0,0,0.7804924249649048,0.0072885939036381525,40,4067,0.5825,1049,10307
9,100,0.3,0.0,harm,hybrid,0.01,low_risk_q1,0.1,1.0,0,0.7935006618499756,0.007251720747295969,40,4067,0.5825,1049,10307
9,100,0.3,0.0,harm,hybrid,0.01,low_risk_q1,0.1,1.0,0,0.8065088391304016,0.007177974434611604,40,4067,0.5825,1049,10307
9,100,0.3,0.0,harm,hybrid,0.01,low_risk_q1,0.1,1.0,0,0.8195170164108276,0.007128810226155359,40,4067,0.5825,1049,10307
9,100,0.3,0.0,harm,hybrid,0.01,low_risk_q1,0.1,1.0,0,0.8325252532958984,0.007067354965585055,40,4067,0.5825,1049,10307
9,100,0.3,0.0,harm,hybrid,0.01,low_risk_q1,0.1,1.0,0,0.8455334901809692,0.006981317600786628,40,4067,0.5825,1049,10307
9,100,0.3,0.0,harm,hybrid,0.01,low_risk_q1,0.1,1.0,0,0.8585416674613953,0.006907571288102262,40,4067,0.5825,1049,10307
9,100,0.3,0.0,harm,hybrid,0.01,low_risk_q1,0.1,1.0,0,0.8715498447418213,0.006846116027531957,40,4067,0.5825,1049,10307
9,100,0.3,0.0,harm,hybrid,0.01,low_risk_q1,0.1,1.0,0,0.8845580816268921,0.00674778761061947,40,4067,0.5825,1049,10307
9,100,0.3,0.0,harm,hybrid,0.01,low_risk_q1,0.1,1.0,0,0.8975663185119629,0.006649459193706983,40,4067,0.58125,1049,10307
9,100,0.3,0.0,harm,hybrid,0.01,low_risk_q1,0.1,1.0,0,0.9105744957923889,0.006501966568338251,40,4067,0.5775,1049,10307
9,100,0.3,0.0,harm,hybrid,0.01,low_risk_q1,0.1,1.0,0,0.9235826730728149,0.006317600786627335,40,4067,0.56375,1049,10307
9,100,0.3,0.0,harm,hybrid,0.01,low_risk_q1,0.1,1.0,0,0.9365909099578857,0.006108652900688299,40,4067,0.5487500000000001,1049,10307
9,100,0.3,0.0,harm,hybrid,0.01,low_risk_q1,0.1,1.0,0,0.9495991468429565,0.005813667649950836,40,4067,0.5237499999999999,1049,10307
9,100,0.3,0.0,harm,hybrid,0.01,low_risk_q1,0.1,1.0,0,0.9626073241233826,0.00522369714847591,40,4067,0.4725,1049,10307
9,100,0.3,0.0,harm,hybrid,0.01,low_risk_q1,0.1,1.0,0,0.9756155014038086,0.004400196656833825,40,4067,0.3975,1049,10307
9,100,0.3,0.0,harm,hybrid,0.01,low_risk_q1,0.1,1.0,0,0.9886237382888794,0.0037118977384464113,40,4067,0.33,1049,10307
9,100,0.3,0.0,harm,hybrid,0.01,low_risk_q1,0.1,1.0,0,1.0016319751739502,0.0029621435594886923,40,4067,0.25875,1049,10307
9,100,0.3,0.0,harm,hybrid,0.01,low_risk_q1,0.1,1.0,0,1.0146400928497314,0.002359882005899705,40,4067,0.20375000000000001,1049,10307
9,100,0.3,0.0,harm,hybrid,0.01,low_risk_q1,0.1,1.0,0,1.0276483297348022,0.0017576204523107176,40,4067,0.145,1049,10307
9,100,0.3,0.0,harm,hybrid,0.01,low_risk_q1,0.1,1.0,0,1.040656566619873,0.0013274336283185843,40,4067,0.10250000000000001,1049,10307
9,100,0.3,0.0,harm,hybrid,0.01,low_risk_q1,0.1,1.0,0,1.0536648035049438,0.0010693215339233038,40,4067,0.07625,1049,10307
9,100,0.3,0.0,harm,hybrid,0.01,low_risk_q1,0.1,1.0,0,1.0666730403900146,0.0008357915437561456,40,4067,0.05500000000000001,1049,10307
9,100,0.3,0.0,harm,hybrid,0.01,low_risk_q1,0.1,1.0,0,1.079681158065796,0.0005530973451327434,40,4067,0.027500000000000004,1049,10307
9,100,0.3,0.0,harm,hybrid,0.01,low_risk_q1,0.1,1.0,0,1.0926893949508667,0.00043018682399213374,40,4067,0.01625,1049,10307
9,100,0.3,0.0,harm,hybrid,0.01,low_risk_q1,0.1,1.0,0,1.1056976318359375,0.0003687315634218289,40,4067,0.01125,1049,10307
9,100,0.3,0.0,harm,hybrid,0.01,low_risk_q1,0.1,1.0,0,1.1187057495117188,0.00031956735496558507,40,4067,0.00625,1049,10307
9,100,0.3,0.0,harm,hybrid,0.01,low_risk_q1,0.1,1.0,0,1.1317139863967896,0.0002949852507374631,40,4067,0.0037500000000000007,1049,10307
9,100,0.3,0.0,harm,hybrid,0.01,low_risk_q1,0.1,1.0,0,1.1447222232818604,0.0002826941986234022,40,4067,0.0025,1049,10307
9,100,0.3,0.0,harm,hybrid,0.01,low_risk_q1,0.1,1.0,0,1.1577304601669312,0.00027040314650934123,40,4067,0.00125,1049,10307
9,100,0.3,0.0,harm,hybrid,0.01,low_risk_q1,0.1,1.0,0,1.170738697052002,0.00025811209439528023,40,4067,0.0,1049,10307
9,100,0.3,0.0,harm,hybrid,0.01,low_risk_q1,0.1,1.0,0,1.1837468147277832,0.00025811209439528023,40,4067,0.0,1049,10307
9,100,0.3,0.0,harm,hybrid,0.01,low_risk_q1,0.1,1.0,0,1.196755051612854,0.00025811209439528023,40,4067,0.0,1049,10307
9,100,0.3,0.0,harm,hybrid,0.01,low_risk_q1,0.1,1.0,0,1.2097632884979248,0.0002458210422812193,40,4067,0.0,1049,10307
9,100,0.3,0.0,harm,hybrid,0.01,low_risk_q1,0.1,1.0,0,1.222771406173706,0.0002458210422812193,40,4067,0.0,1049,10307
9,100,0.3,0.0,harm,hybrid,0.01,low_risk_q1,0.1,1.0,0,1.2357796430587769,0.0002458210422812193,40,4067,0.0,1049,10307
9,100,0.3,0.0,harm,hybrid,0.01,low_risk_q1,0.1,1.0,0,1.2487878799438477,0.0002458210422812193,40,4067,0.0,1049,10307
9,100,0.3,0.0,harm,hybrid,0.01,low_risk_q1,0.1,1.0,0,1.2617961168289185,0.0002458210422812193,40,4067,0.0,1049,10307
9,100,0.3,0.0,harm,hybrid,0.01,low_risk_q1,0.1,1.0,0,1.2748043537139893,0.0002458210422812193,40,4067,0.0,1049,10307
9,100,0.3,0.0,harm,hybrid,0.01,low_risk_q1,0.1,1.0,0,1.2878124713897705,0.0002458210422812193,40,4067,0.0,1049,10307
