run_id,epoch,base_harm,beta,score_type,conformal_method,Collective,Report Strategy,Report Fraction,likes_softmax_temperature,topk_n,gamma,calib_risk_adjusted,num_adv_users,calib_set_size,avg_harm_adv_raw,total_flagged_items,total_items_seen_by_adv_users
0,100,0.3,0.0,harm,hybrid,0.01,tag,0.25,1.0,0,0.11756947636604309,0.0035308641975308644,40,4049,0.11625,1164,9740
0,100,0.3,0.0,harm,hybrid,0.01,tag,0.25,1.0,0,0.12999893724918365,0.0035308641975308644,40,4049,0.11625,1164,9740
0,100,0.3,0.0,harm,hybrid,0.01,tag,0.25,1.0,0,0.14242839813232422,0.0035308641975308644,40,4049,0.11625,1164,9740
0,100,0.3,0.0,harm,hybrid,0.01,tag,0.25,1.0,0,0.1548578441143036,0.0035308641975308644,40,4049,0.11625,1164,9740
0,100,0.3,0.0,harm,hybrid,0.01,tag,0.25,1.0,0,0.16728731989860535,0.0035308641975308644,40,4049,0.11625,1164,9740
0,100,0.3,0.0,harm,hybrid,0.01,tag,0.25,1.0,0,0.17971676588058472,0.0035308641975308644,40,4049,0.11625,1164,9740
0,100,0.3,0.0,harm,hybrid,0.01,tag,0.25,1.0,0,0.19214622676372528,0.0035308641975308644,40,4049,0.11625,1164,9740
0,100,0.3,0.0,harm,hybrid,0.01,tag,0.25,1.0,0,0.20457568764686584,0.0035308641975308644,40,4049,0.11625,1164,9740
0,100,0.3,0.0,harm,hybrid,0.01,tag,0.25,1.0,0,0.2170051485300064,0.0035308641975308644,40,4049,0.11625,1164,9740
0,100,0.3,0.0,harm,hybrid,0.01,tag,0.25,1.0,0,0.22943460941314697,0.0035308641975308644,40,4049,0.11625,1164,9740
0,100,0.3,0.0,harm,hybrid,0.01,tag,0.25,1.0,0,0.24186407029628754,0.0035308641975308644,40,4049,0.11625,1164,9740
0,100,0.3,0.0,harm,hybrid,0.01,tag,0.25,1.0,0,0.2542935311794281,0.003518518518518519,40,4049,0.11625,1164,9740
0,100,0.3,0.0,harm,hybrid,0.01,tag,0.25,1.0,0,0.26672297716140747,0.003518518518518519,40,4049,0.11625,1164,9740
0,100,0.3,0.0,harm,hybrid,0.01,tag,0.25,1.0,0,0.27915245294570923,0.003518518518518519,40,4049,0.11625,1164,9740
0,100,0.3,0.0,harm,hybrid,0.01,tag,0.25,1.0,0,0.2915818989276886,0.003518518518518519,40,4049,0.11625,1164,9740
0,100,0.3,0.0,harm,hybrid,0.01,tag,0.25,1.0,0,0.30401134490966797,0.003506172839506173,40,4049,0.11625,1164,9740
0,100,0.3,0.0,harm,hybrid,0.01,tag,0.25,1.0,0,0.3164408206939697,0.003506172839506173,40,4049,0.11625,1164,9740
0,100,0.3,0.0,harm,hybrid,0.01,tag,0.25,1.0,0,0.3288702964782715,0.003493827160493827,40,4049,0.11499999999999999,1164,9740
0,100,0.3,0.0,harm,hybrid,0.01,tag,0.25,1.0,0,0.34129974246025085,0.003493827160493827,40,4049,0.11499999999999999,1164,9740
0,100,0.3,0.0,harm,hybrid,0.01,tag,0.25,1.0,0,0.3537291884422302,0.003469135802469136,40,4049,0.1125,1164,9740
0,100,0.3,0.0,harm,hybrid,0.01,tag,0.25,1.0,0,0.366158664226532,0.0034567901234567903,40,4049,0.11125,1164,9740
0,100,0.3,0.0,harm,hybrid,0.01,tag,0.25,1.0,0,0.37858811020851135,0.0034444444444444444,40,4049,0.11125,1164,9740
0,100,0.3,0.0,harm,hybrid,0.01,tag,0.25,1.0,0,0.3910175859928131,0.0034444444444444444,40,4049,0.11125,1164,9740
0,100,0.3,0.0,harm,hybrid,0.01,tag,0.25,1.0,0,0.4034470319747925,0.0034320987654320994,40,4049,0.11000000000000001,1164,9740
0,100,0.3,0.0,harm,hybrid,0.01,tag,0.25,1.0,0,0.41587647795677185,0.0034197530864197535,40,4049,0.10874999999999999,1164,9740
0,100,0.3,0.0,harm,hybrid,0.01,tag,0.25,1.0,0,0.4283059537410736,0.0033950617283950617,40,4049,0.1075,1164,9740
0,100,0.3,0.0,harm,hybrid,0.01,tag,0.25,1.0,0,0.440735399723053,0.003345679012345679,40,4049,0.10124999999999999,1164,9740
0,100,0.3,0.0,harm,hybrid,0.01,tag,0.25,1.0,0,0.45316487550735474,0.003259259259259259,40,4049,0.09625,1164,9740
0,100,0.3,0.0,harm,hybrid,0.01,tag,0.25,1.0,0,0.4655943214893341,0.003246913580246914,40,4049,0.09375,1164,9740
0,100,0.3,0.0,harm,hybrid,0.01,tag,0.25,1.0,0,0.47802379727363586,0.0032345679012345686,40,4049,0.0925,1164,9740
0,100,0.3,0.0,harm,hybrid,0.01,tag,0.25,1.0,0,0.49045324325561523,0.003160493827160494,40,4049,0.09,1164,9740
0,100,0.3,0.0,harm,hybrid,0.01,tag,0.25,1.0,0,0.502882719039917,0.0031111111111111114,40,4049,0.08625000000000001,1164,9740
0,100,0.3,0.0,harm,hybrid,0.01,tag,0.25,1.0,0,0.5153121948242188,0.0030740740740740746,40,4049,0.08625000000000001,1164,9740
0,100,0.3,0.0,harm,hybrid,0.01,tag,0.25,1.0,0,0.5277416110038757,0.0030370370370370373,40,4049,0.08375,1164,9740
0,100,0.3,0.0,harm,hybrid,0.01,tag,0.25,1.0,0,0.5401710867881775,0.0030123456790123455,40,4049,0.08249999999999999,1164,9740
0,100,0.3,0.0,harm,hybrid,0.01,tag,0.25,1.0,0,0.5526005029678345,0.003,40,4049,0.08125,1164,9740
0,100,0.3,0.0,harm,hybrid,0.01,tag,0.25,1.0,0,0.5650299787521362,0.0029382716049382715,40,4049,0.08,1164,9740
0,100,0.3,0.0,harm,hybrid,0.01,tag,0.25,1.0,0,0.577459454536438,0.0028765432098765433,40,4049,0.07625000000000001,1164,9740
0,100,0.3,0.0,harm,hybrid,0.01,tag,0.25,1.0,0,0.5898889303207397,0.002839506172839506,40,4049,0.07250000000000001,1164,9740
0,100,0.3,0.0,harm,hybrid,0.01,tag,0.25,1.0,0,0.6023184061050415,0.0027901234567901238,40,4049,0.07250000000000001,1164,9740
0,100,0.3,0.0,harm,hybrid,0.01,tag,0.25,1.0,0,0.6147478818893433,0.002777777777777778,40,4049,0.07250000000000001,1164,9740
0,100,0.3,0.0,harm,hybrid,0.01,tag,0.25,1.0,0,0.6271772384643555,0.002765432098765432,40,4049,0.07250000000000001,1164,9740
0,100,0.3,0.0,harm,hybrid,0.01,tag,0.25,1.0,0,0.6396067142486572,0.002728395061728395,40,4049,0.07250000000000001,1164,9740
0,100,0.3,0.0,harm,hybrid,0.01,tag,0.25,1.0,0,0.652036190032959,0.0027160493827160497,40,4049,0.07250000000000001,1164,9740
0,100,0.3,0.0,harm,hybrid,0.01,tag,0.25,1.0,0,0.6644656658172607,0.002666666666666667,40,4049,0.07250000000000001,1164,9740
0,100,0.3,0.0,harm,hybrid,0.01,tag,0.25,1.0,0,0.6768951416015625,0.002666666666666667,40,4049,0.07250000000000001,1164,9740
0,100,0.3,0.0,harm,hybrid,0.01,tag,0.25,1.0,0,0.6893246173858643,0.0026296296296296298,40,4049,0.07250000000000001,1164,9740
0,100,0.3,0.0,harm,hybrid,0.01,tag,0.25,1.0,0,0.701754093170166,0.002580246913580247,40,4049,0.07250000000000001,1164,9740
0,100,0.3,0.0,harm,hybrid,0.01,tag,0.25,1.0,0,0.7141834497451782,0.0025679012345679016,40,4049,0.07250000000000001,1164,9740
0,100,0.3,0.0,harm,hybrid,0.01,tag,0.25,1.0,0,0.72661292552948,0.002555555555555556,40,4049,0.07250000000000001,1164,9740
0,100,0.3,0.0,harm,hybrid,0.01,tag,0.25,1.0,0,0.7390424013137817,0.00254320987654321,40,4049,0.07250000000000001,1164,9740
0,100,0.3,0.0,harm,hybrid,0.01,tag,0.25,1.0,0,0.7514718770980835,0.0025308641975308644,40,4049,0.07250000000000001,1164,9740
0,100,0.3,0.0,harm,hybrid,0.01,tag,0.25,1.0,0,0.7639013528823853,0.002506172839506173,40,4049,0.07250000000000001,1164,9740
0,100,0.3,0.0,harm,hybrid,0.01,tag,0.25,1.0,0,0.776330828666687,0.002481481481481482,40,4049,0.07250000000000001,1164,9740
0,100,0.3,0.0,harm,hybrid,0.01,tag,0.25,1.0,0,0.7887603044509888,0.0024444444444444444,40,4049,0.07250000000000001,1164,9740
0,100,0.3,0.0,harm,hybrid,0.01,tag,0.25,1.0,0,0.8011897802352905,0.002432098765432099,40,4049,0.07250000000000001,1164,9740
0,100,0.3,0.0,harm,hybrid,0.01,tag,0.25,1.0,0,0.8136191368103027,0.0023950617283950613,40,4049,0.07250000000000001,1164,9740
0,100,0.3,0.0,harm,hybrid,0.01,tag,0.25,1.0,0,0.8260486125946045,0.0022962962962962967,40,4049,0.07250000000000001,1164,9740
0,100,0.3,0.0,harm,hybrid,0.01,tag,0.25,1.0,0,0.8384780883789062,0.0022098765432098768,40,4049,0.07250000000000001,1164,9740
0,100,0.3,0.0,harm,hybrid,0.01,tag,0.25,1.0,0,0.850907564163208,0.002160493827160494,40,4049,0.07250000000000001,1164,9740
0,100,0.3,0.0,harm,hybrid,0.01,tag,0.25,1.0,0,0.8633370399475098,0.0020740740740740745,40,4049,0.07250000000000001,1164,9740
0,100,0.3,0.0,harm,hybrid,0.01,tag,0.25,1.0,0,0.8757665157318115,0.0020246913580246914,40,4049,0.07250000000000001,1164,9740
0,100,0.3,0.0,harm,hybrid,0.01,tag,0.25,1.0,0,0.8881959915161133,0.0019629629629629632,40,4049,0.07250000000000001,1164,9740
0,100,0.3,0.0,harm,hybrid,0.01,tag,0.25,1.0,0,0.9006253480911255,0.0018765432098765435,40,4049,0.07250000000000001,1164,9740
0,100,0.3,0.0,harm,hybrid,0.01,tag,0.25,1.0,0,0.9130548238754272,0.001740740740740741,40,4049,0.07250000000000001,1164,9740
0,100,0.3,0.0,harm,hybrid,0.01,tag,0.25,1.0,0,0.925484299659729,0.0016296296296296297,40,4049,0.07250000000000001,1164,9740
0,100,0.3,0.0,harm,hybrid,0.01,tag,0.25,1.0,0,0.9379137754440308,0.0015802469135802468,40,4049,0.07250000000000001,1164,9740
0,100,0.3,0.0,harm,hybrid,0.01,tag,0.25,1.0,0,0.9503432512283325,0.00154320987654321,40,4049,0.07250000000000001,1164,9740
0,100,0.3,0.0,harm,hybrid,0.01,tag,0.25,1.0,0,0.9627727270126343,0.0014567901234567903,40,4049,0.07250000000000001,1164,9740
0,100,0.3,0.0,harm,hybrid,0.01,tag,0.25,1.0,0,0.975202202796936,0.0013950617283950617,40,4049,0.07,1164,9740
0,100,0.3,0.0,harm,hybrid,0.01,tag,0.25,1.0,0,0.9876315593719482,0.0013209876543209874,40,4049,0.06875,1164,9740
0,100,0.3,0.0,harm,hybrid,0.01,tag,0.25,1.0,0,1.00006103515625,0.00108641975308642,40,4049,0.05625,1164,9740
0,100,0.3,0.0,harm,hybrid,0.01,tag,0.25,1.0,0,1.0124905109405518,0.000925925925925926,40,4049,0.0475,1164,9740
0,100,0.3,0.0,harm,hybrid,0.01,tag,0.25,1.0,0,1.0249199867248535,0.0008641975308641976,40,4049,0.04375,1164,9740
0,100,0.3,0.0,harm,hybrid,0.01,tag,0.25,1.0,0,1.0373494625091553,0.0007407407407407408,40,4049,0.034999999999999996,1164,9740
0,100,0.3,0.0,harm,hybrid,0.01,tag,0.25,1.0,0,1.049778938293457,0.0006296296296296297,40,4049,0.028749999999999998,1164,9740
0,100,0.3,0.0,harm,hybrid,0.01,tag,0.25,1.0,0,1.0622084140777588,0.00054320987654321,40,4049,0.0225,1164,9740
0,100,0.3,0.0,harm,hybrid,0.01,tag,0.25,1.0,0,1.074637770652771,0.0005061728395061728,40,4049,0.02,1164,9740
0,100,0.3,0.0,harm,hybrid,0.01,tag,0.25,1.0,0,1.0870672464370728,0.0004320987654320988,40,4049,0.0125,1164,9740
0,100,0.3,0.0,harm,hybrid,0.01,tag,0.25,1.0,0,1.0994967222213745,0.0003703703703703704,40,4049,0.00875,1164,9740
0,100,0.3,0.0,harm,hybrid,0.01,tag,0.25,1.0,0,1.1119261980056763,0.00030864197530864197,40,4049,0.0037500000000000007,1164,9740
0,100,0.3,0.0,harm,hybrid,0.01,tag,0.25,1.0,0,1.124355673789978,0.0002962962962962963,40,4049,0.0037500000000000007,1164,9740
0,100,0.3,0.0,harm,hybrid,0.01,tag,0.25,1.0,0,1.1367850303649902,0.0002839506172839506,40,4049,0.0025,1164,9740
0,100,0.3,0.0,harm,hybrid,0.01,tag,0.25,1.0,0,1.149214506149292,0.00027160493827160494,40,4049,0.00125,1164,9740
0,100,0.3,0.0,harm,hybrid,0.01,tag,0.25,1.0,0,1.1616439819335938,0.00027160493827160494,40,4049,0.00125,1164,9740
0,100,0.3,0.0,harm,hybrid,0.01,tag,0.25,1.0,0,1.1740734577178955,0.00025925925925925926,40,4049,0.0,1164,9740
0,100,0.3,0.0,harm,hybrid,0.01,tag,0.25,1.0,0,1.1865029335021973,0.00025925925925925926,40,4049,0.0,1164,9740
0,100,0.3,0.0,harm,hybrid,0.01,tag,0.25,1.0,0,1.198932409286499,0.00025925925925925926,40,4049,0.0,1164,9740
0,100,0.3,0.0,harm,hybrid,0.01,tag,0.25,1.0,0,1.2113618850708008,0.0002469135802469136,40,4049,0.0,1164,9740
0,100,0.3,0.0,harm,hybrid,0.01,tag,0.25,1.0,0,1.223791241645813,0.0002469135802469136,40,4049,0.0,1164,9740
0,100,0.3,0.0,harm,hybrid,0.01,tag,0.25,1.0,0,1.2362207174301147,0.0002469135802469136,40,4049,0.0,1164,9740
0,100,0.3,0.0,harm,hybrid,0.01,tag,0.25,1.0,0,1.2486501932144165,0.0002469135802469136,40,4049,0.0,1164,9740
0,100,0.3,0.0,harm,hybrid,0.01,tag,0.25,1.0,0,1.2610796689987183,0.0002469135802469136,40,4049,0.0,1164,9740
0,100,0.3,0.0,harm,hybrid,0.01,tag,0.25,1.0,0,1.27350914478302,0.0002469135802469136,40,4049,0.0,1164,9740
0,100,0.3,0.0,harm,hybrid,0.01,tag,0.25,1.0,0,1.2859386205673218,0.0002469135802469136,40,4049,0.0,1164,9740
0,100,0.3,0.0,harm,hybrid,0.01,tag,0.25,1.0,0,1.2983680963516235,0.0002469135802469136,40,4049,0.0,1164,9740
0,100,0.3,0.0,harm,hybrid,0.01,tag,0.25,1.0,0,1.3107974529266357,0.0002469135802469136,40,4049,0.0,1164,9740
0,100,0.3,0.0,harm,hybrid,0.01,tag,0.25,1.0,0,1.3232269287109375,0.0002469135802469136,40,4049,0.0,1164,9740
0,100,0.3,0.0,harm,hybrid,0.01,tag,0.25,1.0,0,1.3356564044952393,0.0002469135802469136,40,4049,0.0,1164,9740
0,100,0.3,0.0,harm,hybrid,0.01,tag,0.25,1.0,0,1.348085880279541,0.0002469135802469136,40,4049,0.0,1164,9740
1,100,0.3,0.0,harm,hybrid,0.01,tag,0.25,1.0,0,0.04140770435333252,0.0036777367773677735,40,4064,0.12625000000000003,1177,9774
1,100,0.3,0.0,harm,hybrid,0.01,tag,0.25,1.0,0,0.05379550904035568,0.0036777367773677735,40,4064,0.12625000000000003,1177,9774
1,100,0.3,0.0,harm,hybrid,0.01,tag,0.25,1.0,0,0.06618331372737885,0.0036777367773677735,40,4064,0.12625000000000003,1177,9774
1,100,0.3,0.0,harm,hybrid,0.01,tag,0.25,1.0,0,0.07857111841440201,0.0036777367773677735,40,4064,0.12625000000000003,1177,9774
1,100,0.3,0.0,harm,hybrid,0.01,tag,0.25,1.0,0,0.09095892310142517,0.0036777367773677735,40,4064,0.12625000000000003,1177,9774
1,100,0.3,0.0,harm,hybrid,0.01,tag,0.25,1.0,0,0.10334672778844833,0.0036777367773677735,40,4064,0.12625000000000003,1177,9774
1,100,0.3,0.0,harm,hybrid,0.01,tag,0.25,1.0,0,0.1157345324754715,0.0036777367773677735,40,4064,0.12625000000000003,1177,9774
1,100,0.3,0.0,harm,hybrid,0.01,tag,0.25,1.0,0,0.12812232971191406,0.0036777367773677735,40,4064,0.12625000000000003,1177,9774
1,100,0.3,0.0,harm,hybrid,0.01,tag,0.25,1.0,0,0.14051014184951782,0.0036777367773677735,40,4064,0.12625000000000003,1177,9774
1,100,0.3,0.0,harm,hybrid,0.01,tag,0.25,1.0,0,0.15289795398712158,0.0036777367773677735,40,4064,0.12625000000000003,1177,9774
1,100,0.3,0.0,harm,hybrid,0.01,tag,0.25,1.0,0,0.16528575122356415,0.0036777367773677735,40,4064,0.12625000000000003,1177,9774
1,100,0.3,0.0,harm,hybrid,0.01,tag,0.25,1.0,0,0.1776735484600067,0.0036777367773677735,40,4064,0.12625000000000003,1177,9774
1,100,0.3,0.0,harm,hybrid,0.01,tag,0.25,1.0,0,0.19006136059761047,0.0036777367773677735,40,4064,0.12625000000000003,1177,9774
1,100,0.3,0.0,harm,hybrid,0.01,tag,0.25,1.0,0,0.20244917273521423,0.0036777367773677735,40,4064,0.12625000000000003,1177,9774
1,100,0.3,0.0,harm,hybrid,0.01,tag,0.25,1.0,0,0.2148369699716568,0.0036777367773677735,40,4064,0.12625000000000003,1177,9774
1,100,0.3,0.0,harm,hybrid,0.01,tag,0.25,1.0,0,0.22722476720809937,0.003665436654366544,40,4064,0.125,1177,9774
1,100,0.3,0.0,harm,hybrid,0.01,tag,0.25,1.0,0,0.23961257934570312,0.003665436654366544,40,4064,0.125,1177,9774
1,100,0.3,0.0,harm,hybrid,0.01,tag,0.25,1.0,0,0.2520003914833069,0.003665436654366544,40,4064,0.125,1177,9774
1,100,0.3,0.0,harm,hybrid,0.01,tag,0.25,1.0,0,0.26438820362091064,0.003665436654366544,40,4064,0.125,1177,9774
1,100,0.3,0.0,harm,hybrid,0.01,tag,0.25,1.0,0,0.276775985956192,0.003628536285362854,40,4064,0.12125,1177,9774
1,100,0.3,0.0,harm,hybrid,0.01,tag,0.25,1.0,0,0.2891637980937958,0.003628536285362854,40,4064,0.12125,1177,9774
1,100,0.3,0.0,harm,hybrid,0.01,tag,0.25,1.0,0,0.30155161023139954,0.0036162361623616234,40,4064,0.12,1177,9774
1,100,0.3,0.0,harm,hybrid,0.01,tag,0.25,1.0,0,0.3139393925666809,0.003603936039360394,40,4064,0.11875,1177,9774
1,100,0.3,0.0,harm,hybrid,0.01,tag,0.25,1.0,0,0.32632720470428467,0.003579335793357934,40,4064,0.11625,1177,9774
1,100,0.3,0.0,harm,hybrid,0.01,tag,0.25,1.0,0,0.3387150168418884,0.0035547355473554737,40,4064,0.11374999999999999,1177,9774
1,100,0.3,0.0,harm,hybrid,0.01,tag,0.25,1.0,0,0.3511028289794922,0.0035424354243542436,40,4064,0.1125,1177,9774
1,100,0.3,0.0,harm,hybrid,0.01,tag,0.25,1.0,0,0.36349064111709595,0.003517835178351784,40,4064,0.1125,1177,9774
1,100,0.3,0.0,harm,hybrid,0.01,tag,0.25,1.0,0,0.3758784234523773,0.0034686346863468634,40,4064,0.10874999999999999,1177,9774
1,100,0.3,0.0,harm,hybrid,0.01,tag,0.25,1.0,0,0.3882662355899811,0.0034563345633456333,40,4064,0.10874999999999999,1177,9774
1,100,0.3,0.0,harm,hybrid,0.01,tag,0.25,1.0,0,0.40065404772758484,0.0034317343173431735,40,4064,0.10625,1177,9774
1,100,0.3,0.0,harm,hybrid,0.01,tag,0.25,1.0,0,0.4130418300628662,0.003394833948339484,40,4064,0.1025,1177,9774
1,100,0.3,0.0,harm,hybrid,0.01,tag,0.25,1.0,0,0.42542964220046997,0.003345633456334564,40,4064,0.09875,1177,9774
1,100,0.3,0.0,harm,hybrid,0.01,tag,0.25,1.0,0,0.43781745433807373,0.0032472324723247237,40,4064,0.095,1177,9774
1,100,0.3,0.0,harm,hybrid,0.01,tag,0.25,1.0,0,0.4502052664756775,0.0032226322263222635,40,4064,0.0925,1177,9774
1,100,0.3,0.0,harm,hybrid,0.01,tag,0.25,1.0,0,0.46259307861328125,0.003173431734317344,40,4064,0.09,1177,9774
1,100,0.3,0.0,harm,hybrid,0.01,tag,0.25,1.0,0,0.4749808609485626,0.0030381303813038136,40,4064,0.08499999999999999,1177,9774
1,100,0.3,0.0,harm,hybrid,0.01,tag,0.25,1.0,0,0.4873686730861664,0.0030258302583025835,40,4064,0.08499999999999999,1177,9774
1,100,0.3,0.0,harm,hybrid,0.01,tag,0.25,1.0,0,0.49975648522377014,0.0029889298892988936,40,4064,0.08249999999999999,1177,9774
1,100,0.3,0.0,harm,hybrid,0.01,tag,0.25,1.0,0,0.5121442675590515,0.0029766297662976635,40,4064,0.08125,1177,9774
1,100,0.3,0.0,harm,hybrid,0.01,tag,0.25,1.0,0,0.5245320796966553,0.0029397293972939728,40,4064,0.07999999999999999,1177,9774
1,100,0.3,0.0,harm,hybrid,0.01,tag,0.25,1.0,0,0.536919891834259,0.002927429274292743,40,4064,0.07999999999999999,1177,9774
1,100,0.3,0.0,harm,hybrid,0.01,tag,0.25,1.0,0,0.5493077039718628,0.002841328413284133,40,4064,0.0775,1177,9774
1,100,0.3,0.0,harm,hybrid,0.01,tag,0.25,1.0,0,0.5616955161094666,0.002841328413284133,40,4064,0.0775,1177,9774
1,100,0.3,0.0,harm,hybrid,0.01,tag,0.25,1.0,0,0.5740833282470703,0.0028167281672816734,40,4064,0.0775,1177,9774
1,100,0.3,0.0,harm,hybrid,0.01,tag,0.25,1.0,0,0.5864710807800293,0.0027552275522755233,40,4064,0.0775,1177,9774
1,100,0.3,0.0,harm,hybrid,0.01,tag,0.25,1.0,0,0.5988588929176331,0.002730627306273063,40,4064,0.07625,1177,9774
1,100,0.3,0.0,harm,hybrid,0.01,tag,0.25,1.0,0,0.6112467050552368,0.0026937269372693724,40,4064,0.07625,1177,9774
1,100,0.3,0.0,harm,hybrid,0.01,tag,0.25,1.0,0,0.6236345171928406,0.002681426814268143,40,4064,0.07625,1177,9774
1,100,0.3,0.0,harm,hybrid,0.01,tag,0.25,1.0,0,0.6360223293304443,0.002656826568265683,40,4064,0.07625,1177,9774
1,100,0.3,0.0,harm,hybrid,0.01,tag,0.25,1.0,0,0.6484101414680481,0.002632226322263223,40,4064,0.07625,1177,9774
1,100,0.3,0.0,harm,hybrid,0.01,tag,0.25,1.0,0,0.6607979536056519,0.0026076260762607634,40,4064,0.07625,1177,9774
1,100,0.3,0.0,harm,hybrid,0.01,tag,0.25,1.0,0,0.6731857657432556,0.0025830258302583027,40,4064,0.07625,1177,9774
1,100,0.3,0.0,harm,hybrid,0.01,tag,0.25,1.0,0,0.6855735778808594,0.0025707257072570726,40,4064,0.07625,1177,9774
1,100,0.3,0.0,harm,hybrid,0.01,tag,0.25,1.0,0,0.6979613304138184,0.0025338253382533827,40,4064,0.07625,1177,9774
1,100,0.3,0.0,harm,hybrid,0.01,tag,0.25,1.0,0,0.7103491425514221,0.0024846248462484627,40,4064,0.07625,1177,9774
1,100,0.3,0.0,harm,hybrid,0.01,tag,0.25,1.0,0,0.7227369546890259,0.0024600246002460025,40,4064,0.07625,1177,9774
1,100,0.3,0.0,harm,hybrid,0.01,tag,0.25,1.0,0,0.7351247668266296,0.0024600246002460025,40,4064,0.07625,1177,9774
1,100,0.3,0.0,harm,hybrid,0.01,tag,0.25,1.0,0,0.7475125789642334,0.0023862238622386228,40,4064,0.07625,1177,9774
1,100,0.3,0.0,harm,hybrid,0.01,tag,0.25,1.0,0,0.7599003911018372,0.0023124231242312426,40,4064,0.07625,1177,9774
1,100,0.3,0.0,harm,hybrid,0.01,tag,0.25,1.0,0,0.7722882032394409,0.002238622386223862,40,4064,0.07625,1177,9774
1,100,0.3,0.0,harm,hybrid,0.01,tag,0.25,1.0,0,0.7846759557723999,0.0022017220172201725,40,4064,0.07625,1177,9774
1,100,0.3,0.0,harm,hybrid,0.01,tag,0.25,1.0,0,0.7970637679100037,0.0021525215252152525,40,4064,0.07625,1177,9774
1,100,0.3,0.0,harm,hybrid,0.01,tag,0.25,1.0,0,0.8094515800476074,0.002091020910209102,40,4064,0.07625,1177,9774
1,100,0.3,0.0,harm,hybrid,0.01,tag,0.25,1.0,0,0.8218393921852112,0.001943419434194342,40,4064,0.07625,1177,9774
1,100,0.3,0.0,harm,hybrid,0.01,tag,0.25,1.0,0,0.8342272043228149,0.001832718327183272,40,4064,0.07625,1177,9774
1,100,0.3,0.0,harm,hybrid,0.01,tag,0.25,1.0,0,0.8466150164604187,0.0016728167281672818,40,4064,0.07625,1177,9774
1,100,0.3,0.0,harm,hybrid,0.01,tag,0.25,1.0,0,0.8590028285980225,0.0015867158671586715,40,4064,0.07625,1177,9774
1,100,0.3,0.0,harm,hybrid,0.01,tag,0.25,1.0,0,0.8713906407356262,0.0015498154981549814,40,4064,0.07625,1177,9774
1,100,0.3,0.0,harm,hybrid,0.01,tag,0.25,1.0,0,0.88377845287323,0.0015006150061500614,40,4064,0.07625,1177,9774
1,100,0.3,0.0,harm,hybrid,0.01,tag,0.25,1.0,0,0.896166205406189,0.0014268142681426817,40,4064,0.07625,1177,9774
1,100,0.3,0.0,harm,hybrid,0.01,tag,0.25,1.0,0,0.9085540175437927,0.0013407134071340714,40,4064,0.07375000000000001,1177,9774
1,100,0.3,0.0,harm,hybrid,0.01,tag,0.25,1.0,0,0.9209418296813965,0.0011193111931119312,40,4064,0.0625,1177,9774
1,100,0.3,0.0,harm,hybrid,0.01,tag,0.25,1.0,0,0.9333296418190002,0.001020910209102091,40,4064,0.05625,1177,9774
1,100,0.3,0.0,harm,hybrid,0.01,tag,0.25,1.0,0,0.945717453956604,0.0009102091020910209,40,4064,0.051250000000000004,1177,9774
1,100,0.3,0.0,harm,hybrid,0.01,tag,0.25,1.0,0,0.9581052660942078,0.0007872078720787207,40,4064,0.0425,1177,9774
1,100,0.3,0.0,harm,hybrid,0.01,tag,0.25,1.0,0,0.9704930782318115,0.0007134071340713407,40,4064,0.034999999999999996,1177,9774
1,100,0.3,0.0,harm,hybrid,0.01,tag,0.25,1.0,0,0.9828808307647705,0.0006150061500615005,40,4064,0.028750000000000005,1177,9774
1,100,0.3,0.0,harm,hybrid,0.01,tag,0.25,1.0,0,0.9952686429023743,0.0005289052890528904,40,4064,0.021249999999999998,1177,9774
1,100,0.3,0.0,harm,hybrid,0.01,tag,0.25,1.0,0,1.007656455039978,0.00045510455104551045,40,4064,0.016250000000000004,1177,9774
1,100,0.3,0.0,harm,hybrid,0.01,tag,0.25,1.0,0,1.0200443267822266,0.00040590405904059035,40,4064,0.01125,1177,9774
1,100,0.3,0.0,harm,hybrid,0.01,tag,0.25,1.0,0,1.0324320793151855,0.0003321033210332103,40,4064,0.00625,1177,9774
1,100,0.3,0.0,harm,hybrid,0.01,tag,0.25,1.0,0,1.0448198318481445,0.00030750307503075026,40,4064,0.0037500000000000007,1177,9774
1,100,0.3,0.0,harm,hybrid,0.01,tag,0.25,1.0,0,1.057207703590393,0.00028290282902829027,40,4064,0.00125,1177,9774
1,100,0.3,0.0,harm,hybrid,0.01,tag,0.25,1.0,0,1.069595456123352,0.00027060270602706027,40,4064,0.0,1177,9774
1,100,0.3,0.0,harm,hybrid,0.01,tag,0.25,1.0,0,1.0819833278656006,0.00027060270602706027,40,4064,0.0,1177,9774
1,100,0.3,0.0,harm,hybrid,0.01,tag,0.25,1.0,0,1.0943710803985596,0.0002583025830258302,40,4064,0.0,1177,9774
1,100,0.3,0.0,harm,hybrid,0.01,tag,0.25,1.0,0,1.106758952140808,0.0002460024600246002,40,4064,0.0,1177,9774
1,100,0.3,0.0,harm,hybrid,0.01,tag,0.25,1.0,0,1.119146704673767,0.0002460024600246002,40,4064,0.0,1177,9774
1,100,0.3,0.0,harm,hybrid,0.01,tag,0.25,1.0,0,1.131534457206726,0.0002460024600246002,40,4064,0.0,1177,9774
1,100,0.3,0.0,harm,hybrid,0.01,tag,0.25,1.0,0,1.1439223289489746,0.0002460024600246002,40,4064,0.0,1177,9774
1,100,0.3,0.0,harm,hybrid,0.01,tag,0.25,1.0,0,1.1563100814819336,0.0002460024600246002,40,4064,0.0,1177,9774
1,100,0.3,0.0,harm,hybrid,0.01,tag,0.25,1.0,0,1.1686979532241821,0.0002460024600246002,40,4064,0.0,1177,9774
1,100,0.3,0.0,harm,hybrid,0.01,tag,0.25,1.0,0,1.1810857057571411,0.0002460024600246002,40,4064,0.0,1177,9774
1,100,0.3,0.0,harm,hybrid,0.01,tag,0.25,1.0,0,1.1934735774993896,0.0002460024600246002,40,4064,0.0,1177,9774
1,100,0.3,0.0,harm,hybrid,0.01,tag,0.25,1.0,0,1.2058613300323486,0.0002460024600246002,40,4064,0.0,1177,9774
1,100,0.3,0.0,harm,hybrid,0.01,tag,0.25,1.0,0,1.2182492017745972,0.0002460024600246002,40,4064,0.0,1177,9774
1,100,0.3,0.0,harm,hybrid,0.01,tag,0.25,1.0,0,1.2306369543075562,0.0002460024600246002,40,4064,0.0,1177,9774
1,100,0.3,0.0,harm,hybrid,0.01,tag,0.25,1.0,0,1.2430247068405151,0.0002460024600246002,40,4064,0.0,1177,9774
1,100,0.3,0.0,harm,hybrid,0.01,tag,0.25,1.0,0,1.2554125785827637,0.0002460024600246002,40,4064,0.0,1177,9774
1,100,0.3,0.0,harm,hybrid,0.01,tag,0.25,1.0,0,1.2678003311157227,0.0002460024600246002,40,4064,0.0,1177,9774
2,100,0.3,0.0,harm,hybrid,0.01,tag,0.25,1.0,0,0.03058314323425293,0.003603049680275455,40,4065,0.12125,1126,9516
2,100,0.3,0.0,harm,hybrid,0.01,tag,0.25,1.0,0,0.04363076761364937,0.003603049680275455,40,4065,0.12125,1126,9516
2,100,0.3,0.0,harm,hybrid,0.01,tag,0.25,1.0,0,0.05667839199304581,0.003603049680275455,40,4065,0.12125,1126,9516
2,100,0.3,0.0,harm,hybrid,0.01,tag,0.25,1.0,0,0.06972602009773254,0.003603049680275455,40,4065,0.12125,1126,9516
2,100,0.3,0.0,harm,hybrid,0.01,tag,0.25,1.0,0,0.08277364075183868,0.003603049680275455,40,4065,0.12125,1126,9516
2,100,0.3,0.0,harm,hybrid,0.01,tag,0.25,1.0,0,0.09582126885652542,0.003603049680275455,40,4065,0.12125,1126,9516
2,100,0.3,0.0,harm,hybrid,0.01,tag,0.25,1.0,0,0.10886889696121216,0.003603049680275455,40,4065,0.12125,1126,9516
2,100,0.3,0.0,harm,hybrid,0.01,tag,0.25,1.0,0,0.1219165176153183,0.003603049680275455,40,4065,0.12125,1126,9516
2,100,0.3,0.0,harm,hybrid,0.01,tag,0.25,1.0,0,0.13496413826942444,0.003603049680275455,40,4065,0.12125,1126,9516
2,100,0.3,0.0,harm,hybrid,0.01,tag,0.25,1.0,0,0.14801177382469177,0.003603049680275455,40,4065,0.12125,1126,9516
2,100,0.3,0.0,harm,hybrid,0.01,tag,0.25,1.0,0,0.1610593944787979,0.003603049680275455,40,4065,0.12125,1126,9516
2,100,0.3,0.0,harm,hybrid,0.01,tag,0.25,1.0,0,0.17410701513290405,0.003603049680275455,40,4065,0.12125,1126,9516
2,100,0.3,0.0,harm,hybrid,0.01,tag,0.25,1.0,0,0.1871546506881714,0.003603049680275455,40,4065,0.12125,1126,9516
2,100,0.3,0.0,harm,hybrid,0.01,tag,0.25,1.0,0,0.20020227134227753,0.003603049680275455,40,4065,0.12125,1126,9516
2,100,0.3,0.0,harm,hybrid,0.01,tag,0.25,1.0,0,0.21324989199638367,0.003603049680275455,40,4065,0.12125,1126,9516
2,100,0.3,0.0,harm,hybrid,0.01,tag,0.25,1.0,0,0.226297527551651,0.003590752582390556,40,4065,0.12,1126,9516
2,100,0.3,0.0,harm,hybrid,0.01,tag,0.25,1.0,0,0.23934514820575714,0.003590752582390556,40,4065,0.12,1126,9516
2,100,0.3,0.0,harm,hybrid,0.01,tag,0.25,1.0,0,0.2523927688598633,0.003578455484505657,40,4065,0.11875,1126,9516
2,100,0.3,0.0,harm,hybrid,0.01,tag,0.25,1.0,0,0.2654404044151306,0.0035661583866207582,40,4065,0.11875,1126,9516
2,100,0.3,0.0,harm,hybrid,0.01,tag,0.25,1.0,0,0.27848803997039795,0.0035661583866207582,40,4065,0.11875,1126,9516
2,100,0.3,0.0,harm,hybrid,0.01,tag,0.25,1.0,0,0.2915356457233429,0.0035661583866207582,40,4065,0.11875,1126,9516
2,100,0.3,0.0,harm,hybrid,0.01,tag,0.25,1.0,0,0.30458328127861023,0.0035538612887358587,40,4065,0.11875,1126,9516
2,100,0.3,0.0,harm,hybrid,0.01,tag,0.25,1.0,0,0.3176308870315552,0.0035538612887358587,40,4065,0.11875,1126,9516
2,100,0.3,0.0,harm,hybrid,0.01,tag,0.25,1.0,0,0.3306785225868225,0.0035415641908509593,40,4065,0.11750000000000001,1126,9516
2,100,0.3,0.0,harm,hybrid,0.01,tag,0.25,1.0,0,0.34372615814208984,0.0035292670929660598,40,4065,0.11625,1126,9516
2,100,0.3,0.0,harm,hybrid,0.01,tag,0.25,1.0,0,0.3567737638950348,0.003516969995081161,40,4065,0.11500000000000002,1126,9516
2,100,0.3,0.0,harm,hybrid,0.01,tag,0.25,1.0,0,0.3698213994503021,0.003504672897196262,40,4065,0.11375000000000002,1126,9516
2,100,0.3,0.0,harm,hybrid,0.01,tag,0.25,1.0,0,0.38286903500556946,0.003480078701426463,40,4065,0.1125,1126,9516
2,100,0.3,0.0,harm,hybrid,0.01,tag,0.25,1.0,0,0.3959166407585144,0.003443187407771766,40,4065,0.11124999999999999,1126,9516
2,100,0.3,0.0,harm,hybrid,0.01,tag,0.25,1.0,0,0.40896427631378174,0.003443187407771766,40,4065,0.11124999999999999,1126,9516
2,100,0.3,0.0,harm,hybrid,0.01,tag,0.25,1.0,0,0.4220119118690491,0.0033694048204623707,40,4065,0.1075,1126,9516
2,100,0.3,0.0,harm,hybrid,0.01,tag,0.25,1.0,0,0.435059517621994,0.003295622233152976,40,4065,0.10375000000000001,1126,9516
2,100,0.3,0.0,harm,hybrid,0.01,tag,0.25,1.0,0,0.44810715317726135,0.0032587309394982783,40,4065,0.1,1126,9516
2,100,0.3,0.0,harm,hybrid,0.01,tag,0.25,1.0,0,0.4611547887325287,0.003172651254303984,40,4065,0.095,1126,9516
2,100,0.3,0.0,harm,hybrid,0.01,tag,0.25,1.0,0,0.47420239448547363,0.003135759960649287,40,4065,0.09125,1126,9516
2,100,0.3,0.0,harm,hybrid,0.01,tag,0.25,1.0,0,0.48725003004074097,0.003098868666994589,40,4065,0.08875,1126,9516
2,100,0.3,0.0,harm,hybrid,0.01,tag,0.25,1.0,0,0.5002976655960083,0.0030742744712247906,40,4065,0.08625000000000001,1126,9516
2,100,0.3,0.0,harm,hybrid,0.01,tag,0.25,1.0,0,0.5133452415466309,0.003012788981800295,40,4065,0.08374999999999999,1126,9516
2,100,0.3,0.0,harm,hybrid,0.01,tag,0.25,1.0,0,0.526392936706543,0.0029636005902606987,40,4065,0.07999999999999999,1126,9516
2,100,0.3,0.0,harm,hybrid,0.01,tag,0.25,1.0,0,0.5394405126571655,0.0029390063944908997,40,4065,0.07875,1126,9516
2,100,0.3,0.0,harm,hybrid,0.01,tag,0.25,1.0,0,0.5524881482124329,0.002889818002951304,40,4065,0.07875,1126,9516
2,100,0.3,0.0,harm,hybrid,0.01,tag,0.25,1.0,0,0.5655357837677002,0.002852926709296606,40,4065,0.07749999999999999,1126,9516
2,100,0.3,0.0,harm,hybrid,0.01,tag,0.25,1.0,0,0.5785834193229675,0.002803738317757009,40,4065,0.075,1126,9516
2,100,0.3,0.0,harm,hybrid,0.01,tag,0.25,1.0,0,0.5916310548782349,0.002766847024102312,40,4065,0.075,1126,9516
2,100,0.3,0.0,harm,hybrid,0.01,tag,0.25,1.0,0,0.6046786308288574,0.0027053615346778162,40,4065,0.075,1126,9516
2,100,0.3,0.0,harm,hybrid,0.01,tag,0.25,1.0,0,0.6177262663841248,0.0026438760452533205,40,4065,0.075,1126,9516
2,100,0.3,0.0,harm,hybrid,0.01,tag,0.25,1.0,0,0.6307739019393921,0.0026438760452533205,40,4065,0.075,1126,9516
2,100,0.3,0.0,harm,hybrid,0.01,tag,0.25,1.0,0,0.6438215374946594,0.002606984751598623,40,4065,0.075,1126,9516
2,100,0.3,0.0,harm,hybrid,0.01,tag,0.25,1.0,0,0.6568691730499268,0.002594687653713724,40,4065,0.075,1126,9516
2,100,0.3,0.0,harm,hybrid,0.01,tag,0.25,1.0,0,0.6699168086051941,0.0025700934579439253,40,4065,0.075,1126,9516
2,100,0.3,0.0,harm,hybrid,0.01,tag,0.25,1.0,0,0.6829643845558167,0.0025332021642892276,40,4065,0.075,1126,9516
2,100,0.3,0.0,harm,hybrid,0.01,tag,0.25,1.0,0,0.696012020111084,0.0024963108706345305,40,4065,0.075,1126,9516
2,100,0.3,0.0,harm,hybrid,0.01,tag,0.25,1.0,0,0.7090596556663513,0.0024840137727496314,40,4065,0.075,1126,9516
2,100,0.3,0.0,harm,hybrid,0.01,tag,0.25,1.0,0,0.7221072912216187,0.002459419576979833,40,4065,0.075,1126,9516
2,100,0.3,0.0,harm,hybrid,0.01,tag,0.25,1.0,0,0.735154926776886,0.0024225282833251357,40,4065,0.075,1126,9516
2,100,0.3,0.0,harm,hybrid,0.01,tag,0.25,1.0,0,0.7482025623321533,0.0023979340875553367,40,4065,0.075,1126,9516
2,100,0.3,0.0,harm,hybrid,0.01,tag,0.25,1.0,0,0.7612501382827759,0.00236104279390064,40,4065,0.075,1126,9516
2,100,0.3,0.0,harm,hybrid,0.01,tag,0.25,1.0,0,0.7742977738380432,0.0022872602065912447,40,4065,0.075,1126,9516
2,100,0.3,0.0,harm,hybrid,0.01,tag,0.25,1.0,0,0.7873454093933105,0.002238071815051648,40,4065,0.075,1126,9516
2,100,0.3,0.0,harm,hybrid,0.01,tag,0.25,1.0,0,0.8003930449485779,0.0022134776192818495,40,4065,0.075,1126,9516
2,100,0.3,0.0,harm,hybrid,0.01,tag,0.25,1.0,0,0.8134406805038452,0.002127397934087555,40,4065,0.075,1126,9516
2,100,0.3,0.0,harm,hybrid,0.01,tag,0.25,1.0,0,0.8264883160591125,0.0020413182488932613,40,4065,0.075,1126,9516
2,100,0.3,0.0,harm,hybrid,0.01,tag,0.25,1.0,0,0.8395358920097351,0.0020044269552385637,40,4065,0.075,1126,9516
2,100,0.3,0.0,harm,hybrid,0.01,tag,0.25,1.0,0,0.8525835275650024,0.0019306443679291685,40,4065,0.075,1126,9516
2,100,0.3,0.0,harm,hybrid,0.01,tag,0.25,1.0,0,0.8656311631202698,0.001795376291195278,40,4065,0.075,1126,9516
2,100,0.3,0.0,harm,hybrid,0.01,tag,0.25,1.0,0,0.8786787986755371,0.0017092966060009837,40,4065,0.075,1126,9516
2,100,0.3,0.0,harm,hybrid,0.01,tag,0.25,1.0,0,0.8917264342308044,0.0015740285292670931,40,4065,0.075,1126,9516
2,100,0.3,0.0,harm,hybrid,0.01,tag,0.25,1.0,0,0.904774010181427,0.001500245941957698,40,4065,0.075,1126,9516
2,100,0.3,0.0,harm,hybrid,0.01,tag,0.25,1.0,0,0.9178216457366943,0.0014264633546483027,40,4065,0.075,1126,9516
2,100,0.3,0.0,harm,hybrid,0.01,tag,0.25,1.0,0,0.9308692812919617,0.001352680767338908,40,4065,0.075,1126,9516
2,100,0.3,0.0,harm,hybrid,0.01,tag,0.25,1.0,0,0.943916916847229,0.0012543039842597145,40,4065,0.07375000000000001,1126,9516
2,100,0.3,0.0,harm,hybrid,0.01,tag,0.25,1.0,0,0.9569645524024963,0.001131333005410723,40,4065,0.06875,1126,9516
2,100,0.3,0.0,harm,hybrid,0.01,tag,0.25,1.0,0,0.9700121879577637,0.0010329562223315297,40,4065,0.061250000000000006,1126,9516
2,100,0.3,0.0,harm,hybrid,0.01,tag,0.25,1.0,0,0.9830597639083862,0.0009345794392523364,40,4065,0.05500000000000001,1126,9516
2,100,0.3,0.0,harm,hybrid,0.01,tag,0.25,1.0,0,0.9961073994636536,0.0007624200688637481,40,4065,0.04,1126,9516
2,100,0.3,0.0,harm,hybrid,0.01,tag,0.25,1.0,0,1.009155035018921,0.0005902606984751599,40,4065,0.027500000000000004,1126,9516
2,100,0.3,0.0,harm,hybrid,0.01,tag,0.25,1.0,0,1.022202730178833,0.0005164781111657649,40,4065,0.0225,1126,9516
2,100,0.3,0.0,harm,hybrid,0.01,tag,0.25,1.0,0,1.0352503061294556,0.0004672897196261682,40,4065,0.0175,1126,9516
2,100,0.3,0.0,harm,hybrid,0.01,tag,0.25,1.0,0,1.0482978820800781,0.00034431874077717656,40,4065,0.00625,1126,9516
2,100,0.3,0.0,harm,hybrid,0.01,tag,0.25,1.0,0,1.0613455772399902,0.0003197245450073783,40,4065,0.0037500000000000007,1126,9516
2,100,0.3,0.0,harm,hybrid,0.01,tag,0.25,1.0,0,1.0743931531906128,0.0003197245450073783,40,4065,0.0037500000000000007,1126,9516
2,100,0.3,0.0,harm,hybrid,0.01,tag,0.25,1.0,0,1.087440848350525,0.0003197245450073783,40,4065,0.0037500000000000007,1126,9516
2,100,0.3,0.0,harm,hybrid,0.01,tag,0.25,1.0,0,1.1004884243011475,0.0002705361534677816,40,4065,0.0025,1126,9516
2,100,0.3,0.0,harm,hybrid,0.01,tag,0.25,1.0,0,1.11353600025177,0.0002705361534677816,40,4065,0.0025,1126,9516
2,100,0.3,0.0,harm,hybrid,0.01,tag,0.25,1.0,0,1.1265836954116821,0.00025823905558288243,40,4065,0.00125,1126,9516
2,100,0.3,0.0,harm,hybrid,0.01,tag,0.25,1.0,0,1.1396312713623047,0.00025823905558288243,40,4065,0.00125,1126,9516
2,100,0.3,0.0,harm,hybrid,0.01,tag,0.25,1.0,0,1.1526789665222168,0.00024594195769798326,40,4065,0.0,1126,9516
2,100,0.3,0.0,harm,hybrid,0.01,tag,0.25,1.0,0,1.1657265424728394,0.00024594195769798326,40,4065,0.0,1126,9516
2,100,0.3,0.0,harm,hybrid,0.01,tag,0.25,1.0,0,1.178774118423462,0.00024594195769798326,40,4065,0.0,1126,9516
2,100,0.3,0.0,harm,hybrid,0.01,tag,0.25,1.0,0,1.191821813583374,0.00024594195769798326,40,4065,0.0,1126,9516
2,100,0.3,0.0,harm,hybrid,0.01,tag,0.25,1.0,0,1.2048693895339966,0.00024594195769798326,40,4065,0.0,1126,9516
2,100,0.3,0.0,harm,hybrid,0.01,tag,0.25,1.0,0,1.2179170846939087,0.00024594195769798326,40,4065,0.0,1126,9516
2,100,0.3,0.0,harm,hybrid,0.01,tag,0.25,1.0,0,1.2309646606445312,0.00024594195769798326,40,4065,0.0,1126,9516
2,100,0.3,0.0,harm,hybrid,0.01,tag,0.25,1.0,0,1.2440123558044434,0.00024594195769798326,40,4065,0.0,1126,9516
2,100,0.3,0.0,harm,hybrid,0.01,tag,0.25,1.0,0,1.257059931755066,0.00024594195769798326,40,4065,0.0,1126,9516
2,100,0.3,0.0,harm,hybrid,0.01,tag,0.25,1.0,0,1.2701075077056885,0.00024594195769798326,40,4065,0.0,1126,9516
2,100,0.3,0.0,harm,hybrid,0.01,tag,0.25,1.0,0,1.2831552028656006,0.00024594195769798326,40,4065,0.0,1126,9516
2,100,0.3,0.0,harm,hybrid,0.01,tag,0.25,1.0,0,1.2962027788162231,0.00024594195769798326,40,4065,0.0,1126,9516
2,100,0.3,0.0,harm,hybrid,0.01,tag,0.25,1.0,0,1.3092504739761353,0.00024594195769798326,40,4065,0.0,1126,9516
2,100,0.3,0.0,harm,hybrid,0.01,tag,0.25,1.0,0,1.3222980499267578,0.00024594195769798326,40,4065,0.0,1126,9516
3,100,0.3,0.0,harm,hybrid,0.01,tag,0.25,1.0,0,0.05018720030784607,0.003358854038034083,40,4048,0.11499999999999999,1146,10105
3,100,0.3,0.0,harm,hybrid,0.01,tag,0.25,1.0,0,0.06261549144983292,0.003358854038034083,40,4048,0.11499999999999999,1146,10105
3,100,0.3,0.0,harm,hybrid,0.01,tag,0.25,1.0,0,0.07504378259181976,0.003358854038034083,40,4048,0.11499999999999999,1146,10105
3,100,0.3,0.0,harm,hybrid,0.01,tag,0.25,1.0,0,0.08747208118438721,0.003358854038034083,40,4048,0.11499999999999999,1146,10105
3,100,0.3,0.0,harm,hybrid,0.01,tag,0.25,1.0,0,0.09990036487579346,0.003358854038034083,40,4048,0.11499999999999999,1146,10105
3,100,0.3,0.0,harm,hybrid,0.01,tag,0.25,1.0,0,0.1123286634683609,0.003358854038034083,40,4048,0.11499999999999999,1146,10105
3,100,0.3,0.0,harm,hybrid,0.01,tag,0.25,1.0,0,0.12475695461034775,0.003358854038034083,40,4048,0.11499999999999999,1146,10105
3,100,0.3,0.0,harm,hybrid,0.01,tag,0.25,1.0,0,0.1371852457523346,0.003358854038034083,40,4048,0.11499999999999999,1146,10105
3,100,0.3,0.0,harm,hybrid,0.01,tag,0.25,1.0,0,0.14961352944374084,0.003358854038034083,40,4048,0.11499999999999999,1146,10105
3,100,0.3,0.0,harm,hybrid,0.01,tag,0.25,1.0,0,0.1620418280363083,0.003358854038034083,40,4048,0.11499999999999999,1146,10105
3,100,0.3,0.0,harm,hybrid,0.01,tag,0.25,1.0,0,0.17447012662887573,0.0033465053099530754,40,4048,0.11374999999999999,1146,10105
3,100,0.3,0.0,harm,hybrid,0.01,tag,0.25,1.0,0,0.18689841032028198,0.0033465053099530754,40,4048,0.11374999999999999,1146,10105
3,100,0.3,0.0,harm,hybrid,0.01,tag,0.25,1.0,0,0.19932670891284943,0.0033465053099530754,40,4048,0.11374999999999999,1146,10105
3,100,0.3,0.0,harm,hybrid,0.01,tag,0.25,1.0,0,0.21175499260425568,0.0033465053099530754,40,4048,0.11374999999999999,1146,10105
3,100,0.3,0.0,harm,hybrid,0.01,tag,0.25,1.0,0,0.22418329119682312,0.0033465053099530754,40,4048,0.11374999999999999,1146,10105
3,100,0.3,0.0,harm,hybrid,0.01,tag,0.25,1.0,0,0.23661157488822937,0.0033465053099530754,40,4048,0.11374999999999999,1146,10105
3,100,0.3,0.0,harm,hybrid,0.01,tag,0.25,1.0,0,0.24903987348079681,0.0033465053099530754,40,4048,0.11374999999999999,1146,10105
3,100,0.3,0.0,harm,hybrid,0.01,tag,0.25,1.0,0,0.26146817207336426,0.0033465053099530754,40,4048,0.11374999999999999,1146,10105
3,100,0.3,0.0,harm,hybrid,0.01,tag,0.25,1.0,0,0.2738964557647705,0.003334156581872067,40,4048,0.11374999999999999,1146,10105
3,100,0.3,0.0,harm,hybrid,0.01,tag,0.25,1.0,0,0.28632473945617676,0.003334156581872067,40,4048,0.11374999999999999,1146,10105
3,100,0.3,0.0,harm,hybrid,0.01,tag,0.25,1.0,0,0.298753023147583,0.00332180785379106,40,4048,0.1125,1146,10105
3,100,0.3,0.0,harm,hybrid,0.01,tag,0.25,1.0,0,0.31118133664131165,0.003309459125710052,40,4048,0.11125,1146,10105
3,100,0.3,0.0,harm,hybrid,0.01,tag,0.25,1.0,0,0.3236096203327179,0.003309459125710052,40,4048,0.11125,1146,10105
3,100,0.3,0.0,harm,hybrid,0.01,tag,0.25,1.0,0,0.33603790402412415,0.0032971103976290445,40,4048,0.11000000000000001,1146,10105
3,100,0.3,0.0,harm,hybrid,0.01,tag,0.25,1.0,0,0.3484662175178528,0.003272412941467029,40,4048,0.1075,1146,10105
3,100,0.3,0.0,harm,hybrid,0.01,tag,0.25,1.0,0,0.36089450120925903,0.003247715485305014,40,4048,0.10499999999999998,1146,10105
3,100,0.3,0.0,harm,hybrid,0.01,tag,0.25,1.0,0,0.3733227849006653,0.0032353667572240065,40,4048,0.10499999999999998,1146,10105
3,100,0.3,0.0,harm,hybrid,0.01,tag,0.25,1.0,0,0.3857510983943939,0.0032106693010619906,40,4048,0.10375000000000001,1146,10105
3,100,0.3,0.0,harm,hybrid,0.01,tag,0.25,1.0,0,0.39817938208580017,0.00316127438873796,40,4048,0.10125000000000002,1146,10105
3,100,0.3,0.0,harm,hybrid,0.01,tag,0.25,1.0,0,0.4106076657772064,0.0031242282044949376,40,4048,0.0975,1146,10105
3,100,0.3,0.0,harm,hybrid,0.01,tag,0.25,1.0,0,0.42303594946861267,0.0030871820202519142,40,4048,0.09375,1146,10105
3,100,0.3,0.0,harm,hybrid,0.01,tag,0.25,1.0,0,0.4354642629623413,0.0030624845640898997,40,4048,0.09125000000000001,1146,10105
3,100,0.3,0.0,harm,hybrid,0.01,tag,0.25,1.0,0,0.44789254665374756,0.003025438379846876,40,4048,0.08875,1146,10105
3,100,0.3,0.0,harm,hybrid,0.01,tag,0.25,1.0,0,0.4603208303451538,0.0029636947394418374,40,4048,0.08375,1146,10105
3,100,0.3,0.0,harm,hybrid,0.01,tag,0.25,1.0,0,0.47274914383888245,0.002938997283279823,40,4048,0.08125,1146,10105
3,100,0.3,0.0,harm,hybrid,0.01,tag,0.25,1.0,0,0.4851774275302887,0.002926648555198815,40,4048,0.08,1146,10105
3,100,0.3,0.0,harm,hybrid,0.01,tag,0.25,1.0,0,0.49760571122169495,0.0028896023709557915,40,4048,0.07875000000000001,1146,10105
3,100,0.3,0.0,harm,hybrid,0.01,tag,0.25,1.0,0,0.5100339651107788,0.002864904914793777,40,4048,0.07625000000000001,1146,10105
3,100,0.3,0.0,harm,hybrid,0.01,tag,0.25,1.0,0,0.5224623084068298,0.002827858730550753,40,4048,0.075,1146,10105
3,100,0.3,0.0,harm,hybrid,0.01,tag,0.25,1.0,0,0.5348905920982361,0.002778463818226723,40,4048,0.06999999999999999,1146,10105
3,100,0.3,0.0,harm,hybrid,0.01,tag,0.25,1.0,0,0.5473188757896423,0.002729068905902692,40,4048,0.06999999999999999,1146,10105
3,100,0.3,0.0,harm,hybrid,0.01,tag,0.25,1.0,0,0.5597472190856934,0.0027043714497406767,40,4048,0.06999999999999999,1146,10105
3,100,0.3,0.0,harm,hybrid,0.01,tag,0.25,1.0,0,0.5721755027770996,0.002667325265497654,40,4048,0.06999999999999999,1146,10105
3,100,0.3,0.0,harm,hybrid,0.01,tag,0.25,1.0,0,0.5846037864685059,0.002642627809335639,40,4048,0.06999999999999999,1146,10105
3,100,0.3,0.0,harm,hybrid,0.01,tag,0.25,1.0,0,0.5970320701599121,0.002630279081254631,40,4048,0.06875,1146,10105
3,100,0.3,0.0,harm,hybrid,0.01,tag,0.25,1.0,0,0.6094603538513184,0.002593232897011608,40,4048,0.06875,1146,10105
3,100,0.3,0.0,harm,hybrid,0.01,tag,0.25,1.0,0,0.6218886375427246,0.0025808841689306003,40,4048,0.06875,1146,10105
3,100,0.3,0.0,harm,hybrid,0.01,tag,0.25,1.0,0,0.6343169212341309,0.0025314892566065694,40,4048,0.06875,1146,10105
3,100,0.3,0.0,harm,hybrid,0.01,tag,0.25,1.0,0,0.6467452049255371,0.0025314892566065694,40,4048,0.06875,1146,10105
3,100,0.3,0.0,harm,hybrid,0.01,tag,0.25,1.0,0,0.6591734886169434,0.0024944430723635473,40,4048,0.06875,1146,10105
3,100,0.3,0.0,harm,hybrid,0.01,tag,0.25,1.0,0,0.6716017723083496,0.002482094344282539,40,4048,0.06875,1146,10105
3,100,0.3,0.0,harm,hybrid,0.01,tag,0.25,1.0,0,0.6840300559997559,0.0024573968881205235,40,4048,0.06875,1146,10105
3,100,0.3,0.0,harm,hybrid,0.01,tag,0.25,1.0,0,0.6964583396911621,0.002408001975796493,40,4048,0.06875,1146,10105
3,100,0.3,0.0,harm,hybrid,0.01,tag,0.25,1.0,0,0.7088866233825684,0.00237095579155347,40,4048,0.06875,1146,10105
3,100,0.3,0.0,harm,hybrid,0.01,tag,0.25,1.0,0,0.7213150262832642,0.0023215608792294395,40,4048,0.06875,1146,10105
3,100,0.3,0.0,harm,hybrid,0.01,tag,0.25,1.0,0,0.7337433099746704,0.002272165966905409,40,4048,0.06875,1146,10105
3,100,0.3,0.0,harm,hybrid,0.01,tag,0.25,1.0,0,0.7461715936660767,0.002272165966905409,40,4048,0.06875,1146,10105
3,100,0.3,0.0,harm,hybrid,0.01,tag,0.25,1.0,0,0.7585998773574829,0.002222771054581378,40,4048,0.06875,1146,10105
3,100,0.3,0.0,harm,hybrid,0.01,tag,0.25,1.0,0,0.7710281610488892,0.002185724870338355,40,4048,0.06875,1146,10105
3,100,0.3,0.0,harm,hybrid,0.01,tag,0.25,1.0,0,0.7834564447402954,0.0020745863176092863,40,4048,0.06875,1146,10105
3,100,0.3,0.0,harm,hybrid,0.01,tag,0.25,1.0,0,0.7958847284317017,0.0020375401333662634,40,4048,0.06875,1146,10105
3,100,0.3,0.0,harm,hybrid,0.01,tag,0.25,1.0,0,0.8083130121231079,0.002012842677204248,40,4048,0.06875,1146,10105
3,100,0.3,0.0,harm,hybrid,0.01,tag,0.25,1.0,0,0.8207412958145142,0.00195109903679921,40,4048,0.06875,1146,10105
3,100,0.3,0.0,harm,hybrid,0.01,tag,0.25,1.0,0,0.8331695795059204,0.0019140528525561865,40,4048,0.06875,1146,10105
3,100,0.3,0.0,harm,hybrid,0.01,tag,0.25,1.0,0,0.8455978631973267,0.0018893553963941715,40,4048,0.06875,1146,10105
3,100,0.3,0.0,harm,hybrid,0.01,tag,0.25,1.0,0,0.8580261468887329,0.0017535193875030872,40,4048,0.06875,1146,10105
3,100,0.3,0.0,harm,hybrid,0.01,tag,0.25,1.0,0,0.8704544305801392,0.0017164732032600642,40,4048,0.06875,1146,10105
3,100,0.3,0.0,harm,hybrid,0.01,tag,0.25,1.0,0,0.8828827142715454,0.0016300321066930103,40,4048,0.06875,1146,10105
3,100,0.3,0.0,harm,hybrid,0.01,tag,0.25,1.0,0,0.8953111171722412,0.0015559397382069648,40,4048,0.0675,1146,10105
3,100,0.3,0.0,harm,hybrid,0.01,tag,0.25,1.0,0,0.9077394008636475,0.001469498641639911,40,4048,0.0675,1146,10105
3,100,0.3,0.0,harm,hybrid,0.01,tag,0.25,1.0,0,0.9201676845550537,0.001395406273153865,40,4048,0.0675,1146,10105
3,100,0.3,0.0,harm,hybrid,0.01,tag,0.25,1.0,0,0.93259596824646,0.0013460113608298346,40,4048,0.0675,1146,10105
3,100,0.3,0.0,harm,hybrid,0.01,tag,0.25,1.0,0,0.9450242519378662,0.0012101753519387502,40,4048,0.065,1146,10105
3,100,0.3,0.0,harm,hybrid,0.01,tag,0.25,1.0,0,0.9574525356292725,0.001111385527290689,40,4048,0.061250000000000006,1146,10105
3,100,0.3,0.0,harm,hybrid,0.01,tag,0.25,1.0,0,0.9698808193206787,0.0009632007903185971,40,4048,0.053750000000000006,1146,10105
3,100,0.3,0.0,harm,hybrid,0.01,tag,0.25,1.0,0,0.982309103012085,0.0008397135095085205,40,4048,0.04875,1146,10105
3,100,0.3,0.0,harm,hybrid,0.01,tag,0.25,1.0,0,0.9947373867034912,0.000679180044455421,40,4048,0.036250000000000004,1146,10105
3,100,0.3,0.0,harm,hybrid,0.01,tag,0.25,1.0,0,1.0071656703948975,0.0005680414917263522,40,4048,0.026250000000000002,1146,10105
3,100,0.3,0.0,harm,hybrid,0.01,tag,0.25,1.0,0,1.0195939540863037,0.0005186465794023216,40,4048,0.02125,1146,10105
3,100,0.3,0.0,harm,hybrid,0.01,tag,0.25,1.0,0,1.03202223777771,0.00046925166707829095,40,4048,0.01625,1146,10105
3,100,0.3,0.0,harm,hybrid,0.01,tag,0.25,1.0,0,1.0444505214691162,0.00038281057051123735,40,4048,0.0125,1146,10105
3,100,0.3,0.0,harm,hybrid,0.01,tag,0.25,1.0,0,1.056878924369812,0.00032106693010619904,40,4048,0.0075,1146,10105
3,100,0.3,0.0,harm,hybrid,0.01,tag,0.25,1.0,0,1.0693072080612183,0.0002840207458631761,40,4048,0.0037500000000000007,1146,10105
3,100,0.3,0.0,harm,hybrid,0.01,tag,0.25,1.0,0,1.0817354917526245,0.0002840207458631761,40,4048,0.0037500000000000007,1146,10105
3,100,0.3,0.0,harm,hybrid,0.01,tag,0.25,1.0,0,1.0941637754440308,0.0002840207458631761,40,4048,0.0037500000000000007,1146,10105
3,100,0.3,0.0,harm,hybrid,0.01,tag,0.25,1.0,0,1.106592059135437,0.0002716720177821684,40,4048,0.0025,1146,10105
3,100,0.3,0.0,harm,hybrid,0.01,tag,0.25,1.0,0,1.1190203428268433,0.0002593232897011608,40,4048,0.00125,1146,10105
3,100,0.3,0.0,harm,hybrid,0.01,tag,0.25,1.0,0,1.1314486265182495,0.0002593232897011608,40,4048,0.00125,1146,10105
3,100,0.3,0.0,harm,hybrid,0.01,tag,0.25,1.0,0,1.1438769102096558,0.0002593232897011608,40,4048,0.00125,1146,10105
3,100,0.3,0.0,harm,hybrid,0.01,tag,0.25,1.0,0,1.156305193901062,0.0002469745616201531,40,4048,0.0,1146,10105
3,100,0.3,0.0,harm,hybrid,0.01,tag,0.25,1.0,0,1.1687334775924683,0.0002469745616201531,40,4048,0.0,1146,10105
3,100,0.3,0.0,harm,hybrid,0.01,tag,0.25,1.0,0,1.1811617612838745,0.0002469745616201531,40,4048,0.0,1146,10105
3,100,0.3,0.0,harm,hybrid,0.01,tag,0.25,1.0,0,1.1935900449752808,0.0002469745616201531,40,4048,0.0,1146,10105
3,100,0.3,0.0,harm,hybrid,0.01,tag,0.25,1.0,0,1.2060184478759766,0.0002469745616201531,40,4048,0.0,1146,10105
3,100,0.3,0.0,harm,hybrid,0.01,tag,0.25,1.0,0,1.2184467315673828,0.0002469745616201531,40,4048,0.0,1146,10105
3,100,0.3,0.0,harm,hybrid,0.01,tag,0.25,1.0,0,1.230875015258789,0.0002469745616201531,40,4048,0.0,1146,10105
3,100,0.3,0.0,harm,hybrid,0.01,tag,0.25,1.0,0,1.2433032989501953,0.0002469745616201531,40,4048,0.0,1146,10105
3,100,0.3,0.0,harm,hybrid,0.01,tag,0.25,1.0,0,1.2557315826416016,0.0002469745616201531,40,4048,0.0,1146,10105
3,100,0.3,0.0,harm,hybrid,0.01,tag,0.25,1.0,0,1.2681598663330078,0.0002469745616201531,40,4048,0.0,1146,10105
3,100,0.3,0.0,harm,hybrid,0.01,tag,0.25,1.0,0,1.280588150024414,0.0002469745616201531,40,4048,0.0,1146,10105
4,100,0.3,0.0,harm,hybrid,0.01,tag,0.25,1.0,0,0.12783026695251465,0.0034875092752906264,40,4042,0.12250000000000001,1121,9602
4,100,0.3,0.0,harm,hybrid,0.01,tag,0.25,1.0,0,0.14074985682964325,0.0034875092752906264,40,4042,0.12250000000000001,1121,9602
4,100,0.3,0.0,harm,hybrid,0.01,tag,0.25,1.0,0,0.15366944670677185,0.0034875092752906264,40,4042,0.12250000000000001,1121,9602
4,100,0.3,0.0,harm,hybrid,0.01,tag,0.25,1.0,0,0.16658903658390045,0.0034875092752906264,40,4042,0.12250000000000001,1121,9602
4,100,0.3,0.0,harm,hybrid,0.01,tag,0.25,1.0,0,0.17950862646102905,0.0034875092752906264,40,4042,0.12250000000000001,1121,9602
4,100,0.3,0.0,harm,hybrid,0.01,tag,0.25,1.0,0,0.19242820143699646,0.0034875092752906264,40,4042,0.12250000000000001,1121,9602
4,100,0.3,0.0,harm,hybrid,0.01,tag,0.25,1.0,0,0.20534780621528625,0.0034875092752906264,40,4042,0.12250000000000001,1121,9602
4,100,0.3,0.0,harm,hybrid,0.01,tag,0.25,1.0,0,0.21826738119125366,0.0034875092752906264,40,4042,0.12250000000000001,1121,9602
4,100,0.3,0.0,harm,hybrid,0.01,tag,0.25,1.0,0,0.23118698596954346,0.0034875092752906264,40,4042,0.12250000000000001,1121,9602
4,100,0.3,0.0,harm,hybrid,0.01,tag,0.25,1.0,0,0.24410656094551086,0.0034875092752906264,40,4042,0.12250000000000001,1121,9602
4,100,0.3,0.0,harm,hybrid,0.01,tag,0.25,1.0,0,0.25702613592147827,0.0034875092752906264,40,4042,0.12250000000000001,1121,9602
4,100,0.3,0.0,harm,hybrid,0.01,tag,0.25,1.0,0,0.26994574069976807,0.0034875092752906264,40,4042,0.12250000000000001,1121,9602
4,100,0.3,0.0,harm,hybrid,0.01,tag,0.25,1.0,0,0.28286534547805786,0.0034875092752906264,40,4042,0.12250000000000001,1121,9602
4,100,0.3,0.0,harm,hybrid,0.01,tag,0.25,1.0,0,0.29578492045402527,0.0034875092752906264,40,4042,0.12250000000000001,1121,9602
4,100,0.3,0.0,harm,hybrid,0.01,tag,0.25,1.0,0,0.3087044954299927,0.0034875092752906264,40,4042,0.12250000000000001,1121,9602
4,100,0.3,0.0,harm,hybrid,0.01,tag,0.25,1.0,0,0.32162410020828247,0.0034875092752906264,40,4042,0.12250000000000001,1121,9602
4,100,0.3,0.0,harm,hybrid,0.01,tag,0.25,1.0,0,0.33454370498657227,0.0034875092752906264,40,4042,0.12250000000000001,1121,9602
4,100,0.3,0.0,harm,hybrid,0.01,tag,0.25,1.0,0,0.3474632799625397,0.0034875092752906264,40,4042,0.12250000000000001,1121,9602
4,100,0.3,0.0,harm,hybrid,0.01,tag,0.25,1.0,0,0.3603828549385071,0.0034875092752906264,40,4042,0.12250000000000001,1121,9602
4,100,0.3,0.0,harm,hybrid,0.01,tag,0.25,1.0,0,0.3733024597167969,0.0034875092752906264,40,4042,0.12250000000000001,1121,9602
4,100,0.3,0.0,harm,hybrid,0.01,tag,0.25,1.0,0,0.3862220346927643,0.0034875092752906264,40,4042,0.12250000000000001,1121,9602
4,100,0.3,0.0,harm,hybrid,0.01,tag,0.25,1.0,0,0.3991416394710541,0.003475142221122929,40,4042,0.12125000000000001,1121,9602
4,100,0.3,0.0,harm,hybrid,0.01,tag,0.25,1.0,0,0.4120612144470215,0.0034627751669552313,40,4042,0.12125000000000001,1121,9602
4,100,0.3,0.0,harm,hybrid,0.01,tag,0.25,1.0,0,0.4249808192253113,0.0034627751669552313,40,4042,0.12125000000000001,1121,9602
4,100,0.3,0.0,harm,hybrid,0.01,tag,0.25,1.0,0,0.4379003942012787,0.0034627751669552313,40,4042,0.12125000000000001,1121,9602
4,100,0.3,0.0,harm,hybrid,0.01,tag,0.25,1.0,0,0.4508199989795685,0.0034627751669552313,40,4042,0.12125000000000001,1121,9602
4,100,0.3,0.0,harm,hybrid,0.01,tag,0.25,1.0,0,0.4637395739555359,0.0034627751669552313,40,4042,0.12125000000000001,1121,9602
4,100,0.3,0.0,harm,hybrid,0.01,tag,0.25,1.0,0,0.4766591787338257,0.0034504081127875344,40,4042,0.12000000000000002,1121,9602
4,100,0.3,0.0,harm,hybrid,0.01,tag,0.25,1.0,0,0.4895787537097931,0.0034380410586198375,40,4042,0.11875,1121,9602
4,100,0.3,0.0,harm,hybrid,0.01,tag,0.25,1.0,0,0.5024983882904053,0.0034133069502844428,40,4042,0.11625,1121,9602
4,100,0.3,0.0,harm,hybrid,0.01,tag,0.25,1.0,0,0.5154179334640503,0.0033885728419490477,40,4042,0.11500000000000002,1121,9602
4,100,0.3,0.0,harm,hybrid,0.01,tag,0.25,1.0,0,0.5283375382423401,0.0033762057877813507,40,4042,0.11500000000000002,1121,9602
4,100,0.3,0.0,harm,hybrid,0.01,tag,0.25,1.0,0,0.5412571430206299,0.0033267375711105614,40,4042,0.1125,1121,9602
4,100,0.3,0.0,harm,hybrid,0.01,tag,0.25,1.0,0,0.5541766881942749,0.003277269354439773,40,4042,0.10750000000000001,1121,9602
4,100,0.3,0.0,harm,hybrid,0.01,tag,0.25,1.0,0,0.5670962929725647,0.003264902300272076,40,4042,0.10750000000000001,1121,9602
4,100,0.3,0.0,harm,hybrid,0.01,tag,0.25,1.0,0,0.5800158977508545,0.003240168191936681,40,4042,0.10625,1121,9602
4,100,0.3,0.0,harm,hybrid,0.01,tag,0.25,1.0,0,0.5929354429244995,0.0031535988127628003,40,4042,0.1,1121,9602
4,100,0.3,0.0,harm,hybrid,0.01,tag,0.25,1.0,0,0.6058550477027893,0.003141231758595103,40,4042,0.0975,1121,9602
4,100,0.3,0.0,harm,hybrid,0.01,tag,0.25,1.0,0,0.6187746524810791,0.0031041305960920113,40,4042,0.0975,1121,9602
4,100,0.3,0.0,harm,hybrid,0.01,tag,0.25,1.0,0,0.6316942572593689,0.0030670294335889197,40,4042,0.09625,1121,9602
4,100,0.3,0.0,harm,hybrid,0.01,tag,0.25,1.0,0,0.6446138024330139,0.003017561216918131,40,4042,0.095,1121,9602
4,100,0.3,0.0,harm,hybrid,0.01,tag,0.25,1.0,0,0.6575334072113037,0.0029557259460796445,40,4042,0.0925,1121,9602
4,100,0.3,0.0,harm,hybrid,0.01,tag,0.25,1.0,0,0.6704530119895935,0.0029186247835765525,40,4042,0.0925,1121,9602
4,100,0.3,0.0,harm,hybrid,0.01,tag,0.25,1.0,0,0.6833726167678833,0.0028938906752411574,40,4042,0.0925,1121,9602
4,100,0.3,0.0,harm,hybrid,0.01,tag,0.25,1.0,0,0.6962921619415283,0.002869156566905764,40,4042,0.0925,1121,9602
4,100,0.3,0.0,harm,hybrid,0.01,tag,0.25,1.0,0,0.7092117667198181,0.002856789512738066,40,4042,0.0925,1121,9602
4,100,0.3,0.0,harm,hybrid,0.01,tag,0.25,1.0,0,0.7221313714981079,0.0028073212960672772,40,4042,0.0925,1121,9602
4,100,0.3,0.0,harm,hybrid,0.01,tag,0.25,1.0,0,0.7350509762763977,0.0027825871877318826,40,4042,0.0925,1121,9602
4,100,0.3,0.0,harm,hybrid,0.01,tag,0.25,1.0,0,0.7479705214500427,0.0027702201335641856,40,4042,0.0925,1121,9602
4,100,0.3,0.0,harm,hybrid,0.01,tag,0.25,1.0,0,0.7608901262283325,0.0027578530793964883,40,4042,0.0925,1121,9602
4,100,0.3,0.0,harm,hybrid,0.01,tag,0.25,1.0,0,0.7738097310066223,0.002745486025228791,40,4042,0.0925,1121,9602
4,100,0.3,0.0,harm,hybrid,0.01,tag,0.25,1.0,0,0.7867292761802673,0.0027331189710610936,40,4042,0.0925,1121,9602
4,100,0.3,0.0,harm,hybrid,0.01,tag,0.25,1.0,0,0.7996488809585571,0.002696017808558002,40,4042,0.0925,1121,9602
4,100,0.3,0.0,harm,hybrid,0.01,tag,0.25,1.0,0,0.8125684857368469,0.002646549591887212,40,4042,0.0925,1121,9602
4,100,0.3,0.0,harm,hybrid,0.01,tag,0.25,1.0,0,0.8254880905151367,0.002621815483551819,40,4042,0.0925,1121,9602
4,100,0.3,0.0,harm,hybrid,0.01,tag,0.25,1.0,0,0.8384076356887817,0.002609448429384121,40,4042,0.0925,1121,9602
4,100,0.3,0.0,harm,hybrid,0.01,tag,0.25,1.0,0,0.8513272404670715,0.002572347266881029,40,4042,0.0925,1121,9602
4,100,0.3,0.0,harm,hybrid,0.01,tag,0.25,1.0,0,0.8642468452453613,0.002510511996042543,40,4042,0.0925,1121,9602
4,100,0.3,0.0,harm,hybrid,0.01,tag,0.25,1.0,0,0.8771664500236511,0.0024363096710363595,40,4042,0.0925,1121,9602
4,100,0.3,0.0,harm,hybrid,0.01,tag,0.25,1.0,0,0.8900859951972961,0.002386841454365571,40,4042,0.0925,1121,9602
4,100,0.3,0.0,harm,hybrid,0.01,tag,0.25,1.0,0,0.9030055999755859,0.00230027207519169,40,4042,0.0925,1121,9602
4,100,0.3,0.0,harm,hybrid,0.01,tag,0.25,1.0,0,0.9159252047538757,0.0022260697501855064,40,4042,0.0925,1121,9602
4,100,0.3,0.0,harm,hybrid,0.01,tag,0.25,1.0,0,0.9288448095321655,0.002188968587682414,40,4042,0.0925,1121,9602
4,100,0.3,0.0,harm,hybrid,0.01,tag,0.25,1.0,0,0.9417643547058105,0.002090032154340836,40,4042,0.0925,1121,9602
4,100,0.3,0.0,harm,hybrid,0.01,tag,0.25,1.0,0,0.9546839594841003,0.002040563937670047,40,4042,0.0925,1121,9602
4,100,0.3,0.0,harm,hybrid,0.01,tag,0.25,1.0,0,0.9676035642623901,0.0019663616126638635,40,4042,0.0925,1121,9602
4,100,0.3,0.0,harm,hybrid,0.01,tag,0.25,1.0,0,0.9805231094360352,0.00189215928765768,40,4042,0.0925,1121,9602
4,100,0.3,0.0,harm,hybrid,0.01,tag,0.25,1.0,0,0.993442714214325,0.0018179569626514966,40,4042,0.0925,1121,9602
4,100,0.3,0.0,harm,hybrid,0.01,tag,0.25,1.0,0,1.0063623189926147,0.0016942864209745238,40,4042,0.0925,1121,9602
4,100,0.3,0.0,harm,hybrid,0.01,tag,0.25,1.0,0,1.0192818641662598,0.0015829829334652488,40,4042,0.0925,1121,9602
4,100,0.3,0.0,harm,hybrid,0.01,tag,0.25,1.0,0,1.0322015285491943,0.0015087806084590654,40,4042,0.09,1121,9602
4,100,0.3,0.0,harm,hybrid,0.01,tag,0.25,1.0,0,1.0451210737228394,0.001446945337620579,40,4042,0.0875,1121,9602
4,100,0.3,0.0,harm,hybrid,0.01,tag,0.25,1.0,0,1.0580406188964844,0.0013974771209497902,40,4042,0.08374999999999999,1121,9602
4,100,0.3,0.0,harm,hybrid,0.01,tag,0.25,1.0,0,1.070960283279419,0.001249072470937423,40,4042,0.07375,1121,9602
4,100,0.3,0.0,harm,hybrid,0.01,tag,0.25,1.0,0,1.083879828453064,0.0010759337125896612,40,4042,0.06000000000000001,1121,9602
4,100,0.3,0.0,harm,hybrid,0.01,tag,0.25,1.0,0,1.096799373626709,0.0008533267375711107,40,4042,0.0425,1121,9602
4,100,0.3,0.0,harm,hybrid,0.01,tag,0.25,1.0,0,1.1097190380096436,0.0006678209250556518,40,4042,0.030000000000000006,1121,9602
4,100,0.3,0.0,harm,hybrid,0.01,tag,0.25,1.0,0,1.1226387023925781,0.0005812515458817711,40,4042,0.0225,1121,9602
4,100,0.3,0.0,harm,hybrid,0.01,tag,0.25,1.0,0,1.1355582475662231,0.0005565174375463765,40,4042,0.02,1121,9602
4,100,0.3,0.0,harm,hybrid,0.01,tag,0.25,1.0,0,1.1484777927398682,0.0005070492208755874,40,4042,0.01625,1121,9602
4,100,0.3,0.0,harm,hybrid,0.01,tag,0.25,1.0,0,1.1613973379135132,0.0004575810042047984,40,4042,0.013750000000000002,1121,9602
4,100,0.3,0.0,harm,hybrid,0.01,tag,0.25,1.0,0,1.1743170022964478,0.0003833786791986149,40,4042,0.01,1121,9602
4,100,0.3,0.0,harm,hybrid,0.01,tag,0.25,1.0,0,1.1872365474700928,0.00034627751669552315,40,4042,0.0075,1121,9602
4,100,0.3,0.0,harm,hybrid,0.01,tag,0.25,1.0,0,1.2001560926437378,0.0003091763541924314,40,4042,0.00625,1121,9602
4,100,0.3,0.0,harm,hybrid,0.01,tag,0.25,1.0,0,1.2130757570266724,0.00025970813752164234,40,4042,0.00125,1121,9602
4,100,0.3,0.0,harm,hybrid,0.01,tag,0.25,1.0,0,1.2259953022003174,0.0002473410833539451,40,4042,0.0,1121,9602
4,100,0.3,0.0,harm,hybrid,0.01,tag,0.25,1.0,0,1.238914966583252,0.0002473410833539451,40,4042,0.0,1121,9602
4,100,0.3,0.0,harm,hybrid,0.01,tag,0.25,1.0,0,1.251834511756897,0.0002473410833539451,40,4042,0.0,1121,9602
4,100,0.3,0.0,harm,hybrid,0.01,tag,0.25,1.0,0,1.264754056930542,0.0002473410833539451,40,4042,0.0,1121,9602
4,100,0.3,0.0,harm,hybrid,0.01,tag,0.25,1.0,0,1.2776737213134766,0.0002473410833539451,40,4042,0.0,1121,9602
4,100,0.3,0.0,harm,hybrid,0.01,tag,0.25,1.0,0,1.2905932664871216,0.0002473410833539451,40,4042,0.0,1121,9602
4,100,0.3,0.0,harm,hybrid,0.01,tag,0.25,1.0,0,1.3035128116607666,0.0002473410833539451,40,4042,0.0,1121,9602
4,100,0.3,0.0,harm,hybrid,0.01,tag,0.25,1.0,0,1.3164324760437012,0.0002473410833539451,40,4042,0.0,1121,9602
4,100,0.3,0.0,harm,hybrid,0.01,tag,0.25,1.0,0,1.3293520212173462,0.0002473410833539451,40,4042,0.0,1121,9602
4,100,0.3,0.0,harm,hybrid,0.01,tag,0.25,1.0,0,1.3422716856002808,0.0002473410833539451,40,4042,0.0,1121,9602
4,100,0.3,0.0,harm,hybrid,0.01,tag,0.25,1.0,0,1.3551912307739258,0.0002473410833539451,40,4042,0.0,1121,9602
4,100,0.3,0.0,harm,hybrid,0.01,tag,0.25,1.0,0,1.3681107759475708,0.0002473410833539451,40,4042,0.0,1121,9602
4,100,0.3,0.0,harm,hybrid,0.01,tag,0.25,1.0,0,1.3810304403305054,0.0002473410833539451,40,4042,0.0,1121,9602
4,100,0.3,0.0,harm,hybrid,0.01,tag,0.25,1.0,0,1.3939499855041504,0.0002473410833539451,40,4042,0.0,1121,9602
4,100,0.3,0.0,harm,hybrid,0.01,tag,0.25,1.0,0,1.4068695306777954,0.0002473410833539451,40,4042,0.0,1121,9602
5,100,0.3,0.0,harm,hybrid,0.01,tag,0.25,1.0,0,0.08004054427146912,0.0034231339594661394,40,4045,0.125,1152,9861
5,100,0.3,0.0,harm,hybrid,0.01,tag,0.25,1.0,0,0.09199190139770508,0.0034231339594661394,40,4045,0.125,1152,9861
5,100,0.3,0.0,harm,hybrid,0.01,tag,0.25,1.0,0,0.10394325852394104,0.0034231339594661394,40,4045,0.125,1152,9861
5,100,0.3,0.0,harm,hybrid,0.01,tag,0.25,1.0,0,0.1158946231007576,0.0034231339594661394,40,4045,0.125,1152,9861
5,100,0.3,0.0,harm,hybrid,0.01,tag,0.25,1.0,0,0.12784597277641296,0.0034231339594661394,40,4045,0.125,1152,9861
5,100,0.3,0.0,harm,hybrid,0.01,tag,0.25,1.0,0,0.13979732990264893,0.0034231339594661394,40,4045,0.125,1152,9861
5,100,0.3,0.0,harm,hybrid,0.01,tag,0.25,1.0,0,0.15174870193004608,0.0034231339594661394,40,4045,0.125,1152,9861
5,100,0.3,0.0,harm,hybrid,0.01,tag,0.25,1.0,0,0.16370005905628204,0.0034231339594661394,40,4045,0.125,1152,9861
5,100,0.3,0.0,harm,hybrid,0.01,tag,0.25,1.0,0,0.175651416182518,0.0034231339594661394,40,4045,0.125,1152,9861
5,100,0.3,0.0,harm,hybrid,0.01,tag,0.25,1.0,0,0.18760277330875397,0.0034231339594661394,40,4045,0.125,1152,9861
5,100,0.3,0.0,harm,hybrid,0.01,tag,0.25,1.0,0,0.19955413043498993,0.0034231339594661394,40,4045,0.125,1152,9861
5,100,0.3,0.0,harm,hybrid,0.01,tag,0.25,1.0,0,0.2115054875612259,0.0034231339594661394,40,4045,0.125,1152,9861
5,100,0.3,0.0,harm,hybrid,0.01,tag,0.25,1.0,0,0.22345685958862305,0.0034231339594661394,40,4045,0.125,1152,9861
5,100,0.3,0.0,harm,hybrid,0.01,tag,0.25,1.0,0,0.235408216714859,0.0034231339594661394,40,4045,0.125,1152,9861
5,100,0.3,0.0,harm,hybrid,0.01,tag,0.25,1.0,0,0.24735957384109497,0.0034107760751359373,40,4045,0.12375,1152,9861
5,100,0.3,0.0,harm,hybrid,0.01,tag,0.25,1.0,0,0.25931093096733093,0.0034107760751359373,40,4045,0.12375,1152,9861
5,100,0.3,0.0,harm,hybrid,0.01,tag,0.25,1.0,0,0.2712622880935669,0.0034107760751359373,40,4045,0.12375,1152,9861
5,100,0.3,0.0,harm,hybrid,0.01,tag,0.25,1.0,0,0.28321364521980286,0.0034107760751359373,40,4045,0.12375,1152,9861
5,100,0.3,0.0,harm,hybrid,0.01,tag,0.25,1.0,0,0.2951650023460388,0.0033984181908057335,40,4045,0.12250000000000001,1152,9861
5,100,0.3,0.0,harm,hybrid,0.01,tag,0.25,1.0,0,0.3071163594722748,0.0033860603064755305,40,4045,0.12125,1152,9861
5,100,0.3,0.0,harm,hybrid,0.01,tag,0.25,1.0,0,0.31906771659851074,0.0033860603064755305,40,4045,0.12125,1152,9861
5,100,0.3,0.0,harm,hybrid,0.01,tag,0.25,1.0,0,0.3310190737247467,0.0033737024221453284,40,4045,0.12125,1152,9861
5,100,0.3,0.0,harm,hybrid,0.01,tag,0.25,1.0,0,0.34297043085098267,0.0033489866534849233,40,4045,0.11875,1152,9861
5,100,0.3,0.0,harm,hybrid,0.01,tag,0.25,1.0,0,0.35492178797721863,0.003324270884824518,40,4045,0.11625,1152,9861
5,100,0.3,0.0,harm,hybrid,0.01,tag,0.25,1.0,0,0.366873174905777,0.00328719723183391,40,4045,0.1125,1152,9861
5,100,0.3,0.0,harm,hybrid,0.01,tag,0.25,1.0,0,0.37882453203201294,0.00328719723183391,40,4045,0.1125,1152,9861
5,100,0.3,0.0,harm,hybrid,0.01,tag,0.25,1.0,0,0.3907758891582489,0.003274839347503707,40,4045,0.1125,1152,9861
5,100,0.3,0.0,harm,hybrid,0.01,tag,0.25,1.0,0,0.40272724628448486,0.003262481463173504,40,4045,0.11125,1152,9861
5,100,0.3,0.0,harm,hybrid,0.01,tag,0.25,1.0,0,0.4146786034107208,0.003237765694513099,40,4045,0.11000000000000001,1152,9861
5,100,0.3,0.0,harm,hybrid,0.01,tag,0.25,1.0,0,0.4266299605369568,0.003213049925852694,40,4045,0.10874999999999999,1152,9861
5,100,0.3,0.0,harm,hybrid,0.01,tag,0.25,1.0,0,0.43858131766319275,0.003188334157192289,40,4045,0.10750000000000001,1152,9861
5,100,0.3,0.0,harm,hybrid,0.01,tag,0.25,1.0,0,0.4505326747894287,0.0031389026198714778,40,4045,0.10375000000000001,1152,9861
5,100,0.3,0.0,harm,hybrid,0.01,tag,0.25,1.0,0,0.4624840319156647,0.0030894710825506676,40,4045,0.10124999999999999,1152,9861
5,100,0.3,0.0,harm,hybrid,0.01,tag,0.25,1.0,0,0.47443538904190063,0.0030647553138902625,40,4045,0.1,1152,9861
5,100,0.3,0.0,harm,hybrid,0.01,tag,0.25,1.0,0,0.4863867461681366,0.0030029658922392484,40,4045,0.09624999999999999,1152,9861
5,100,0.3,0.0,harm,hybrid,0.01,tag,0.25,1.0,0,0.49833810329437256,0.0029906080079090454,40,4045,0.095,1152,9861
5,100,0.3,0.0,harm,hybrid,0.01,tag,0.25,1.0,0,0.5102894306182861,0.0029658922392486404,40,4045,0.095,1152,9861
5,100,0.3,0.0,harm,hybrid,0.01,tag,0.25,1.0,0,0.5222408175468445,0.002904102817597627,40,4045,0.0925,1152,9861
5,100,0.3,0.0,harm,hybrid,0.01,tag,0.25,1.0,0,0.5341922044754028,0.002842313395946614,40,4045,0.08875,1152,9861
5,100,0.3,0.0,harm,hybrid,0.01,tag,0.25,1.0,0,0.5461435317993164,0.002817597627286209,40,4045,0.0875,1152,9861
5,100,0.3,0.0,harm,hybrid,0.01,tag,0.25,1.0,0,0.55809485912323,0.002805239742956006,40,4045,0.08625000000000001,1152,9861
5,100,0.3,0.0,harm,hybrid,0.01,tag,0.25,1.0,0,0.5700463056564331,0.0027805239742956,40,4045,0.08499999999999999,1152,9861
5,100,0.3,0.0,harm,hybrid,0.01,tag,0.25,1.0,0,0.5819976329803467,0.002768166089965398,40,4045,0.08499999999999999,1152,9861
5,100,0.3,0.0,harm,hybrid,0.01,tag,0.25,1.0,0,0.5939489603042603,0.002768166089965398,40,4045,0.08499999999999999,1152,9861
5,100,0.3,0.0,harm,hybrid,0.01,tag,0.25,1.0,0,0.6059002876281738,0.002768166089965398,40,4045,0.08499999999999999,1152,9861
5,100,0.3,0.0,harm,hybrid,0.01,tag,0.25,1.0,0,0.617851734161377,0.0027434503213049927,40,4045,0.08499999999999999,1152,9861
5,100,0.3,0.0,harm,hybrid,0.01,tag,0.25,1.0,0,0.6298030614852905,0.0027434503213049927,40,4045,0.08499999999999999,1152,9861
5,100,0.3,0.0,harm,hybrid,0.01,tag,0.25,1.0,0,0.6417543888092041,0.0027310924369747898,40,4045,0.08499999999999999,1152,9861
5,100,0.3,0.0,harm,hybrid,0.01,tag,0.25,1.0,0,0.6537058353424072,0.0026816608996539796,40,4045,0.08499999999999999,1152,9861
5,100,0.3,0.0,harm,hybrid,0.01,tag,0.25,1.0,0,0.6656571626663208,0.0026693030153237766,40,4045,0.08499999999999999,1152,9861
5,100,0.3,0.0,harm,hybrid,0.01,tag,0.25,1.0,0,0.6776084899902344,0.0025951557093425604,40,4045,0.08499999999999999,1152,9861
5,100,0.3,0.0,harm,hybrid,0.01,tag,0.25,1.0,0,0.689559817314148,0.0025580820563519523,40,4045,0.08499999999999999,1152,9861
5,100,0.3,0.0,harm,hybrid,0.01,tag,0.25,1.0,0,0.7015112638473511,0.002508650519031142,40,4045,0.08499999999999999,1152,9861
5,100,0.3,0.0,harm,hybrid,0.01,tag,0.25,1.0,0,0.7134625911712646,0.002483934750370737,40,4045,0.08499999999999999,1152,9861
5,100,0.3,0.0,harm,hybrid,0.01,tag,0.25,1.0,0,0.7254139184951782,0.002422145328719723,40,4045,0.08499999999999999,1152,9861
5,100,0.3,0.0,harm,hybrid,0.01,tag,0.25,1.0,0,0.7373652458190918,0.002385071675729115,40,4045,0.08499999999999999,1152,9861
5,100,0.3,0.0,harm,hybrid,0.01,tag,0.25,1.0,0,0.7493166923522949,0.002372713791398912,40,4045,0.08499999999999999,1152,9861
5,100,0.3,0.0,harm,hybrid,0.01,tag,0.25,1.0,0,0.7612680196762085,0.00236035590706871,40,4045,0.08499999999999999,1152,9861
5,100,0.3,0.0,harm,hybrid,0.01,tag,0.25,1.0,0,0.7732193470001221,0.0023109243697478996,40,4045,0.08499999999999999,1152,9861
5,100,0.3,0.0,harm,hybrid,0.01,tag,0.25,1.0,0,0.7851706743240356,0.0022862086010874937,40,4045,0.08499999999999999,1152,9861
5,100,0.3,0.0,harm,hybrid,0.01,tag,0.25,1.0,0,0.7971221208572388,0.0022614928324270886,40,4045,0.08499999999999999,1152,9861
5,100,0.3,0.0,harm,hybrid,0.01,tag,0.25,1.0,0,0.8090734481811523,0.0021749876421156694,40,4045,0.08499999999999999,1152,9861
5,100,0.3,0.0,harm,hybrid,0.01,tag,0.25,1.0,0,0.8210247755050659,0.002051408798813643,40,4045,0.08499999999999999,1152,9861
5,100,0.3,0.0,harm,hybrid,0.01,tag,0.25,1.0,0,0.8329761028289795,0.001977261492832427,40,4045,0.08499999999999999,1152,9861
5,100,0.3,0.0,harm,hybrid,0.01,tag,0.25,1.0,0,0.8449275493621826,0.0019154720711814137,40,4045,0.08499999999999999,1152,9861
5,100,0.3,0.0,harm,hybrid,0.01,tag,0.25,1.0,0,0.8568788766860962,0.001791893227879387,40,4045,0.08499999999999999,1152,9861
5,100,0.3,0.0,harm,hybrid,0.01,tag,0.25,1.0,0,0.8688302040100098,0.001705388037567968,40,4045,0.08499999999999999,1152,9861
5,100,0.3,0.0,harm,hybrid,0.01,tag,0.25,1.0,0,0.8807816505432129,0.001631240731586752,40,4045,0.08499999999999999,1152,9861
5,100,0.3,0.0,harm,hybrid,0.01,tag,0.25,1.0,0,0.8927329778671265,0.001532377656945131,40,4045,0.08499999999999999,1152,9861
5,100,0.3,0.0,harm,hybrid,0.01,tag,0.25,1.0,0,0.90468430519104,0.0014705882352941174,40,4045,0.08249999999999999,1152,9861
5,100,0.3,0.0,harm,hybrid,0.01,tag,0.25,1.0,0,0.9166356325149536,0.0014087988136431042,40,4045,0.08249999999999999,1152,9861
5,100,0.3,0.0,harm,hybrid,0.01,tag,0.25,1.0,0,0.9285870790481567,0.0013470093919920908,40,4045,0.07999999999999999,1152,9861
5,100,0.3,0.0,harm,hybrid,0.01,tag,0.25,1.0,0,0.9405384063720703,0.001272862086010875,40,4045,0.07625,1152,9861
5,100,0.3,0.0,harm,hybrid,0.01,tag,0.25,1.0,0,0.9524897336959839,0.001087493821057835,40,4045,0.06375,1152,9861
5,100,0.3,0.0,harm,hybrid,0.01,tag,0.25,1.0,0,0.9644410610198975,0.001000988630746416,40,4045,0.05625,1152,9861
5,100,0.3,0.0,harm,hybrid,0.01,tag,0.25,1.0,0,0.9763925075531006,0.0008403361344537816,40,4045,0.042499999999999996,1152,9861
5,100,0.3,0.0,harm,hybrid,0.01,tag,0.25,1.0,0,0.9883438348770142,0.0007414730598121602,40,4045,0.034999999999999996,1152,9861
5,100,0.3,0.0,harm,hybrid,0.01,tag,0.25,1.0,0,1.0002951622009277,0.0006426099851705388,40,4045,0.027500000000000004,1152,9861
5,100,0.3,0.0,harm,hybrid,0.01,tag,0.25,1.0,0,1.0122464895248413,0.0005437469105289175,40,4045,0.01875,1152,9861
5,100,0.3,0.0,harm,hybrid,0.01,tag,0.25,1.0,0,1.0241979360580444,0.00048195748887790407,40,4045,0.013750000000000002,1152,9861
5,100,0.3,0.0,harm,hybrid,0.01,tag,0.25,1.0,0,1.036149263381958,0.00042016806722689073,40,4045,0.01,1152,9861
5,100,0.3,0.0,harm,hybrid,0.01,tag,0.25,1.0,0,1.0481005907058716,0.0003583786455758774,40,4045,0.0075000000000000015,1152,9861
5,100,0.3,0.0,harm,hybrid,0.01,tag,0.25,1.0,0,1.0600520372390747,0.00033366287691547207,40,4045,0.005,1152,9861
5,100,0.3,0.0,harm,hybrid,0.01,tag,0.25,1.0,0,1.0720033645629883,0.0003213049925852694,40,4045,0.0037500000000000007,1152,9861
5,100,0.3,0.0,harm,hybrid,0.01,tag,0.25,1.0,0,1.0839546918869019,0.0003213049925852694,40,4045,0.0037500000000000007,1152,9861
5,100,0.3,0.0,harm,hybrid,0.01,tag,0.25,1.0,0,1.095906138420105,0.0003213049925852694,40,4045,0.0037500000000000007,1152,9861
5,100,0.3,0.0,harm,hybrid,0.01,tag,0.25,1.0,0,1.1078574657440186,0.0003089471082550667,40,4045,0.0025,1152,9861
5,100,0.3,0.0,harm,hybrid,0.01,tag,0.25,1.0,0,1.1198087930679321,0.0002842313395946614,40,4045,0.0,1152,9861
5,100,0.3,0.0,harm,hybrid,0.01,tag,0.25,1.0,0,1.1317601203918457,0.0002718734552644587,40,4045,0.0,1152,9861
5,100,0.3,0.0,harm,hybrid,0.01,tag,0.25,1.0,0,1.1437115669250488,0.000259515570934256,40,4045,0.0,1152,9861
5,100,0.3,0.0,harm,hybrid,0.01,tag,0.25,1.0,0,1.1556628942489624,0.000259515570934256,40,4045,0.0,1152,9861
5,100,0.3,0.0,harm,hybrid,0.01,tag,0.25,1.0,0,1.167614221572876,0.00024715768660405336,40,4045,0.0,1152,9861
5,100,0.3,0.0,harm,hybrid,0.01,tag,0.25,1.0,0,1.1795655488967896,0.00024715768660405336,40,4045,0.0,1152,9861
5,100,0.3,0.0,harm,hybrid,0.01,tag,0.25,1.0,0,1.1915169954299927,0.00024715768660405336,40,4045,0.0,1152,9861
5,100,0.3,0.0,harm,hybrid,0.01,tag,0.25,1.0,0,1.2034683227539062,0.00024715768660405336,40,4045,0.0,1152,9861
5,100,0.3,0.0,harm,hybrid,0.01,tag,0.25,1.0,0,1.2154196500778198,0.00024715768660405336,40,4045,0.0,1152,9861
5,100,0.3,0.0,harm,hybrid,0.01,tag,0.25,1.0,0,1.227371096611023,0.00024715768660405336,40,4045,0.0,1152,9861
5,100,0.3,0.0,harm,hybrid,0.01,tag,0.25,1.0,0,1.2393224239349365,0.00024715768660405336,40,4045,0.0,1152,9861
5,100,0.3,0.0,harm,hybrid,0.01,tag,0.25,1.0,0,1.25127375125885,0.00024715768660405336,40,4045,0.0,1152,9861
5,100,0.3,0.0,harm,hybrid,0.01,tag,0.25,1.0,0,1.2632250785827637,0.00024715768660405336,40,4045,0.0,1152,9861
6,100,0.3,0.0,harm,hybrid,0.01,tag,0.25,1.0,0,0.04609692096710205,0.0038385583806467534,40,4050,0.15625,1195,9592
6,100,0.3,0.0,harm,hybrid,0.01,tag,0.25,1.0,0,0.05876820534467697,0.0038385583806467534,40,4050,0.15625,1195,9592
6,100,0.3,0.0,harm,hybrid,0.01,tag,0.25,1.0,0,0.07143948972225189,0.0038385583806467534,40,4050,0.15625,1195,9592
6,100,0.3,0.0,harm,hybrid,0.01,tag,0.25,1.0,0,0.08411078155040741,0.0038385583806467534,40,4050,0.15625,1195,9592
6,100,0.3,0.0,harm,hybrid,0.01,tag,0.25,1.0,0,0.09678206592798233,0.0038385583806467534,40,4050,0.15625,1195,9592
6,100,0.3,0.0,harm,hybrid,0.01,tag,0.25,1.0,0,0.10945335030555725,0.0038385583806467534,40,4050,0.15625,1195,9592
6,100,0.3,0.0,harm,hybrid,0.01,tag,0.25,1.0,0,0.12212464213371277,0.0038385583806467534,40,4050,0.15625,1195,9592
6,100,0.3,0.0,harm,hybrid,0.01,tag,0.25,1.0,0,0.1347959339618683,0.0038385583806467534,40,4050,0.15625,1195,9592
6,100,0.3,0.0,harm,hybrid,0.01,tag,0.25,1.0,0,0.1474672108888626,0.0038385583806467534,40,4050,0.15625,1195,9592
6,100,0.3,0.0,harm,hybrid,0.01,tag,0.25,1.0,0,0.16013848781585693,0.0038385583806467534,40,4050,0.15625,1195,9592
6,100,0.3,0.0,harm,hybrid,0.01,tag,0.25,1.0,0,0.17280977964401245,0.0038385583806467534,40,4050,0.15625,1195,9592
6,100,0.3,0.0,harm,hybrid,0.01,tag,0.25,1.0,0,0.18548107147216797,0.0038385583806467534,40,4050,0.15625,1195,9592
6,100,0.3,0.0,harm,hybrid,0.01,tag,0.25,1.0,0,0.1981523633003235,0.0038385583806467534,40,4050,0.15625,1195,9592
6,100,0.3,0.0,harm,hybrid,0.01,tag,0.25,1.0,0,0.2108236402273178,0.0038385583806467534,40,4050,0.15625,1195,9592
6,100,0.3,0.0,harm,hybrid,0.01,tag,0.25,1.0,0,0.22349493205547333,0.0038385583806467534,40,4050,0.15625,1195,9592
6,100,0.3,0.0,harm,hybrid,0.01,tag,0.25,1.0,0,0.23616620898246765,0.0038385583806467534,40,4050,0.15625,1195,9592
6,100,0.3,0.0,harm,hybrid,0.01,tag,0.25,1.0,0,0.24883750081062317,0.0038385583806467534,40,4050,0.15625,1195,9592
6,100,0.3,0.0,harm,hybrid,0.01,tag,0.25,1.0,0,0.2615087926387787,0.0038385583806467534,40,4050,0.15625,1195,9592
6,100,0.3,0.0,harm,hybrid,0.01,tag,0.25,1.0,0,0.2741800546646118,0.0038385583806467534,40,4050,0.15625,1195,9592
6,100,0.3,0.0,harm,hybrid,0.01,tag,0.25,1.0,0,0.28685134649276733,0.003826215749197729,40,4050,0.155,1195,9592
6,100,0.3,0.0,harm,hybrid,0.01,tag,0.25,1.0,0,0.29952263832092285,0.003826215749197729,40,4050,0.155,1195,9592
6,100,0.3,0.0,harm,hybrid,0.01,tag,0.25,1.0,0,0.31219393014907837,0.003826215749197729,40,4050,0.155,1195,9592
6,100,0.3,0.0,harm,hybrid,0.01,tag,0.25,1.0,0,0.3248652219772339,0.003826215749197729,40,4050,0.155,1195,9592
6,100,0.3,0.0,harm,hybrid,0.01,tag,0.25,1.0,0,0.3375365138053894,0.0038015304862996785,40,4050,0.1525,1195,9592
6,100,0.3,0.0,harm,hybrid,0.01,tag,0.25,1.0,0,0.3502078056335449,0.0038015304862996785,40,4050,0.1525,1195,9592
6,100,0.3,0.0,harm,hybrid,0.01,tag,0.25,1.0,0,0.36287906765937805,0.0037768452234016297,40,4050,0.1525,1195,9592
6,100,0.3,0.0,harm,hybrid,0.01,tag,0.25,1.0,0,0.37555035948753357,0.0037645025919526044,40,4050,0.1525,1195,9592
6,100,0.3,0.0,harm,hybrid,0.01,tag,0.25,1.0,0,0.3882216513156891,0.0037398173290545548,40,4050,0.15,1195,9592
6,100,0.3,0.0,harm,hybrid,0.01,tag,0.25,1.0,0,0.4008929431438446,0.003715132066156504,40,4050,0.14750000000000002,1195,9592
6,100,0.3,0.0,harm,hybrid,0.01,tag,0.25,1.0,0,0.4135642349720001,0.00367810417180943,40,4050,0.14375,1195,9592
6,100,0.3,0.0,harm,hybrid,0.01,tag,0.25,1.0,0,0.42623549699783325,0.0036534189089113805,40,4050,0.14125000000000001,1195,9592
6,100,0.3,0.0,harm,hybrid,0.01,tag,0.25,1.0,0,0.43890678882598877,0.003591705751666255,40,4050,0.1375,1195,9592
6,100,0.3,0.0,harm,hybrid,0.01,tag,0.25,1.0,0,0.4515780806541443,0.0035423352258701557,40,4050,0.135,1195,9592
6,100,0.3,0.0,harm,hybrid,0.01,tag,0.25,1.0,0,0.4642493724822998,0.0035423352258701557,40,4050,0.13374999999999998,1195,9592
6,100,0.3,0.0,harm,hybrid,0.01,tag,0.25,1.0,0,0.4769206643104553,0.003443594174277956,40,4050,0.13,1195,9592
6,100,0.3,0.0,harm,hybrid,0.01,tag,0.25,1.0,0,0.48959192633628845,0.003394223648481857,40,4050,0.1275,1195,9592
6,100,0.3,0.0,harm,hybrid,0.01,tag,0.25,1.0,0,0.5022631883621216,0.0033325104912367313,40,4050,0.12375000000000003,1195,9592
6,100,0.3,0.0,harm,hybrid,0.01,tag,0.25,1.0,0,0.5149345397949219,0.0032707973339916067,40,4050,0.12125000000000001,1195,9592
6,100,0.3,0.0,harm,hybrid,0.01,tag,0.25,1.0,0,0.5276057720184326,0.0032337694396445318,40,4050,0.11749999999999998,1195,9592
6,100,0.3,0.0,harm,hybrid,0.01,tag,0.25,1.0,0,0.5402771234512329,0.0031843989138484333,40,4050,0.11499999999999999,1195,9592
6,100,0.3,0.0,harm,hybrid,0.01,tag,0.25,1.0,0,0.5529483556747437,0.0031967415452974577,40,4050,0.11375000000000002,1195,9592
6,100,0.3,0.0,harm,hybrid,0.01,tag,0.25,1.0,0,0.5656196475028992,0.0031597136509503828,40,4050,0.11375000000000002,1195,9592
6,100,0.3,0.0,harm,hybrid,0.01,tag,0.25,1.0,0,0.5782909393310547,0.0031350283880523322,40,4050,0.11375000000000002,1195,9592
6,100,0.3,0.0,harm,hybrid,0.01,tag,0.25,1.0,0,0.5909622311592102,0.003085657862256233,40,4050,0.11125,1195,9592
6,100,0.3,0.0,harm,hybrid,0.01,tag,0.25,1.0,0,0.6036335229873657,0.0030609725993581832,40,4050,0.11000000000000001,1195,9592
6,100,0.3,0.0,harm,hybrid,0.01,tag,0.25,1.0,0,0.6163048148155212,0.0030362873364601336,40,4050,0.10874999999999999,1195,9592
6,100,0.3,0.0,harm,hybrid,0.01,tag,0.25,1.0,0,0.6289761066436768,0.003011602073562083,40,4050,0.1075,1195,9592
6,100,0.3,0.0,harm,hybrid,0.01,tag,0.25,1.0,0,0.6416473984718323,0.002974574179215009,40,4050,0.1075,1195,9592
6,100,0.3,0.0,harm,hybrid,0.01,tag,0.25,1.0,0,0.6543186902999878,0.002900518390520859,40,4050,0.1075,1195,9592
6,100,0.3,0.0,harm,hybrid,0.01,tag,0.25,1.0,0,0.6669899225234985,0.0028758331276228094,40,4050,0.1075,1195,9592
6,100,0.3,0.0,harm,hybrid,0.01,tag,0.25,1.0,0,0.679661214351654,0.0028511478647247597,40,4050,0.1075,1195,9592
6,100,0.3,0.0,harm,hybrid,0.01,tag,0.25,1.0,0,0.6923325061798096,0.0028511478647247597,40,4050,0.1075,1195,9592
6,100,0.3,0.0,harm,hybrid,0.01,tag,0.25,1.0,0,0.7050037980079651,0.0028388052332757345,40,4050,0.1075,1195,9592
6,100,0.3,0.0,harm,hybrid,0.01,tag,0.25,1.0,0,0.7176750898361206,0.002814119970377685,40,4050,0.1075,1195,9592
6,100,0.3,0.0,harm,hybrid,0.01,tag,0.25,1.0,0,0.7303463816642761,0.0028017773389286595,40,4050,0.1075,1195,9592
6,100,0.3,0.0,harm,hybrid,0.01,tag,0.25,1.0,0,0.7430176734924316,0.0027647494445815846,40,4050,0.1075,1195,9592
6,100,0.3,0.0,harm,hybrid,0.01,tag,0.25,1.0,0,0.7556889653205872,0.0027277215502345097,40,4050,0.1075,1195,9592
6,100,0.3,0.0,harm,hybrid,0.01,tag,0.25,1.0,0,0.7683602571487427,0.0026783510244384103,40,4050,0.1075,1195,9592
6,100,0.3,0.0,harm,hybrid,0.01,tag,0.25,1.0,0,0.7810315489768982,0.002628980498642311,40,4050,0.1075,1195,9592
6,100,0.3,0.0,harm,hybrid,0.01,tag,0.25,1.0,0,0.7937027812004089,0.0025796099728462108,40,4050,0.1075,1195,9592
6,100,0.3,0.0,harm,hybrid,0.01,tag,0.25,1.0,0,0.8063740730285645,0.002542582078499136,40,4050,0.1075,1195,9592
6,100,0.3,0.0,harm,hybrid,0.01,tag,0.25,1.0,0,0.81904536485672,0.002431498395457911,40,4050,0.1075,1195,9592
6,100,0.3,0.0,harm,hybrid,0.01,tag,0.25,1.0,0,0.8317166566848755,0.0024068131325598614,40,4050,0.1075,1195,9592
6,100,0.3,0.0,harm,hybrid,0.01,tag,0.25,1.0,0,0.844387948513031,0.002283386818069612,40,4050,0.1075,1195,9592
6,100,0.3,0.0,harm,hybrid,0.01,tag,0.25,1.0,0,0.8570592403411865,0.0022093310293754623,40,4050,0.1075,1195,9592
6,100,0.3,0.0,harm,hybrid,0.01,tag,0.25,1.0,0,0.869730532169342,0.0021352752406813133,40,4050,0.1075,1195,9592
6,100,0.3,0.0,harm,hybrid,0.01,tag,0.25,1.0,0,0.8824018239974976,0.002011848926191064,40,4050,0.1075,1195,9592
6,100,0.3,0.0,harm,hybrid,0.01,tag,0.25,1.0,0,0.8950731158256531,0.0019254505060478893,40,4050,0.1075,1195,9592
6,100,0.3,0.0,harm,hybrid,0.01,tag,0.25,1.0,0,0.9077444076538086,0.0018513947173537397,40,4050,0.1075,1195,9592
6,100,0.3,0.0,harm,hybrid,0.01,tag,0.25,1.0,0,0.9204156994819641,0.0017773389286595903,40,4050,0.1075,1195,9592
6,100,0.3,0.0,harm,hybrid,0.01,tag,0.25,1.0,0,0.9330869317054749,0.0017526536657615404,40,4050,0.1075,1195,9592
6,100,0.3,0.0,harm,hybrid,0.01,tag,0.25,1.0,0,0.9457582235336304,0.0016785978770673907,40,4050,0.1075,1195,9592
6,100,0.3,0.0,harm,hybrid,0.01,tag,0.25,1.0,0,0.9584295153617859,0.0015428289311281164,40,4050,0.1,1195,9592
6,100,0.3,0.0,harm,hybrid,0.01,tag,0.25,1.0,0,0.9711008071899414,0.0013700320908417677,40,4050,0.09125000000000001,1195,9592
6,100,0.3,0.0,harm,hybrid,0.01,tag,0.25,1.0,0,0.9837720990180969,0.0012589484078005433,40,4050,0.08125,1195,9592
6,100,0.3,0.0,harm,hybrid,0.01,tag,0.25,1.0,0,0.9964433908462524,0.0009874105159219946,40,4050,0.06000000000000001,1195,9592
6,100,0.3,0.0,harm,hybrid,0.01,tag,0.25,1.0,0,1.0091147422790527,0.0009010120957788202,40,4050,0.052500000000000005,1195,9592
6,100,0.3,0.0,harm,hybrid,0.01,tag,0.25,1.0,0,1.0217859745025635,0.0007899284127375957,40,4050,0.0425,1195,9592
6,100,0.3,0.0,harm,hybrid,0.01,tag,0.25,1.0,0,1.0344572067260742,0.0006047889410022217,40,4050,0.028749999999999998,1195,9592
6,100,0.3,0.0,harm,hybrid,0.01,tag,0.25,1.0,0,1.0471285581588745,0.0005060478894100222,40,4050,0.02125,1195,9592
6,100,0.3,0.0,harm,hybrid,0.01,tag,0.25,1.0,0,1.0597997903823853,0.00048136262651197234,40,4050,0.02,1195,9592
6,100,0.3,0.0,harm,hybrid,0.01,tag,0.25,1.0,0,1.0724711418151855,0.00041964946926684773,40,4050,0.015000000000000003,1195,9592
6,100,0.3,0.0,harm,hybrid,0.01,tag,0.25,1.0,0,1.0851423740386963,0.0003826215749197729,40,4050,0.01125,1195,9592
6,100,0.3,0.0,harm,hybrid,0.01,tag,0.25,1.0,0,1.0978137254714966,0.0003455936805726981,40,4050,0.0075,1195,9592
6,100,0.3,0.0,harm,hybrid,0.01,tag,0.25,1.0,0,1.1104849576950073,0.0003085657862256233,40,4050,0.005,1195,9592
6,100,0.3,0.0,harm,hybrid,0.01,tag,0.25,1.0,0,1.1231563091278076,0.00029622315477659836,40,4050,0.0037500000000000007,1195,9592
6,100,0.3,0.0,harm,hybrid,0.01,tag,0.25,1.0,0,1.1358275413513184,0.00029622315477659836,40,4050,0.0037500000000000007,1195,9592
6,100,0.3,0.0,harm,hybrid,0.01,tag,0.25,1.0,0,1.148498773574829,0.0002715378918785485,40,4050,0.00125,1195,9592
6,100,0.3,0.0,harm,hybrid,0.01,tag,0.25,1.0,0,1.1611701250076294,0.0002591952604295236,40,4050,0.0,1195,9592
6,100,0.3,0.0,harm,hybrid,0.01,tag,0.25,1.0,0,1.1738413572311401,0.00024685262898049864,40,4050,0.0,1195,9592
6,100,0.3,0.0,harm,hybrid,0.01,tag,0.25,1.0,0,1.1865127086639404,0.00024685262898049864,40,4050,0.0,1195,9592
6,100,0.3,0.0,harm,hybrid,0.01,tag,0.25,1.0,0,1.1991839408874512,0.00024685262898049864,40,4050,0.0,1195,9592
6,100,0.3,0.0,harm,hybrid,0.01,tag,0.25,1.0,0,1.2118552923202515,0.00024685262898049864,40,4050,0.0,1195,9592
6,100,0.3,0.0,harm,hybrid,0.01,tag,0.25,1.0,0,1.2245265245437622,0.00024685262898049864,40,4050,0.0,1195,9592
6,100,0.3,0.0,harm,hybrid,0.01,tag,0.25,1.0,0,1.2371978759765625,0.00024685262898049864,40,4050,0.0,1195,9592
6,100,0.3,0.0,harm,hybrid,0.01,tag,0.25,1.0,0,1.2498691082000732,0.00024685262898049864,40,4050,0.0,1195,9592
6,100,0.3,0.0,harm,hybrid,0.01,tag,0.25,1.0,0,1.2625404596328735,0.00024685262898049864,40,4050,0.0,1195,9592
6,100,0.3,0.0,harm,hybrid,0.01,tag,0.25,1.0,0,1.2752116918563843,0.00024685262898049864,40,4050,0.0,1195,9592
6,100,0.3,0.0,harm,hybrid,0.01,tag,0.25,1.0,0,1.287882924079895,0.00024685262898049864,40,4050,0.0,1195,9592
6,100,0.3,0.0,harm,hybrid,0.01,tag,0.25,1.0,0,1.3005542755126953,0.00024685262898049864,40,4050,0.0,1195,9592
7,100,0.3,0.0,harm,hybrid,0.01,tag,0.25,1.0,0,0.047112464904785156,0.003862238622386224,40,4064,0.15,1162,9693
7,100,0.3,0.0,harm,hybrid,0.01,tag,0.25,1.0,0,0.06021270900964737,0.003862238622386224,40,4064,0.15,1162,9693
7,100,0.3,0.0,harm,hybrid,0.01,tag,0.25,1.0,0,0.07331295311450958,0.003862238622386224,40,4064,0.15,1162,9693
7,100,0.3,0.0,harm,hybrid,0.01,tag,0.25,1.0,0,0.0864131897687912,0.003862238622386224,40,4064,0.15,1162,9693
7,100,0.3,0.0,harm,hybrid,0.01,tag,0.25,1.0,0,0.09951344132423401,0.003862238622386224,40,4064,0.15,1162,9693
7,100,0.3,0.0,harm,hybrid,0.01,tag,0.25,1.0,0,0.11261367797851562,0.003862238622386224,40,4064,0.15,1162,9693
7,100,0.3,0.0,harm,hybrid,0.01,tag,0.25,1.0,0,0.12571391463279724,0.003862238622386224,40,4064,0.15,1162,9693
7,100,0.3,0.0,harm,hybrid,0.01,tag,0.25,1.0,0,0.13881416618824005,0.003862238622386224,40,4064,0.15,1162,9693
7,100,0.3,0.0,harm,hybrid,0.01,tag,0.25,1.0,0,0.15191441774368286,0.003862238622386224,40,4064,0.15,1162,9693
7,100,0.3,0.0,harm,hybrid,0.01,tag,0.25,1.0,0,0.16501465439796448,0.003862238622386224,40,4064,0.15,1162,9693
7,100,0.3,0.0,harm,hybrid,0.01,tag,0.25,1.0,0,0.1781148910522461,0.003862238622386224,40,4064,0.15,1162,9693
7,100,0.3,0.0,harm,hybrid,0.01,tag,0.25,1.0,0,0.1912151426076889,0.003862238622386224,40,4064,0.15,1162,9693
7,100,0.3,0.0,harm,hybrid,0.01,tag,0.25,1.0,0,0.20431537926197052,0.003862238622386224,40,4064,0.15,1162,9693
7,100,0.3,0.0,harm,hybrid,0.01,tag,0.25,1.0,0,0.21741563081741333,0.003862238622386224,40,4064,0.15,1162,9693
7,100,0.3,0.0,harm,hybrid,0.01,tag,0.25,1.0,0,0.23051586747169495,0.003862238622386224,40,4064,0.15,1162,9693
7,100,0.3,0.0,harm,hybrid,0.01,tag,0.25,1.0,0,0.24361611902713776,0.003862238622386224,40,4064,0.15,1162,9693
7,100,0.3,0.0,harm,hybrid,0.01,tag,0.25,1.0,0,0.25671637058258057,0.003862238622386224,40,4064,0.15,1162,9693
7,100,0.3,0.0,harm,hybrid,0.01,tag,0.25,1.0,0,0.2698165774345398,0.003862238622386224,40,4064,0.15,1162,9693
7,100,0.3,0.0,harm,hybrid,0.01,tag,0.25,1.0,0,0.2829168438911438,0.0038499384993849945,40,4064,0.14875,1162,9693
7,100,0.3,0.0,harm,hybrid,0.01,tag,0.25,1.0,0,0.2960170805454254,0.0038376383763837644,40,4064,0.14750000000000002,1162,9693
7,100,0.3,0.0,harm,hybrid,0.01,tag,0.25,1.0,0,0.30911731719970703,0.003813038130381304,40,4064,0.14625,1162,9693
7,100,0.3,0.0,harm,hybrid,0.01,tag,0.25,1.0,0,0.32221758365631104,0.003813038130381304,40,4064,0.14625,1162,9693
7,100,0.3,0.0,harm,hybrid,0.01,tag,0.25,1.0,0,0.33531782031059265,0.003813038130381304,40,4064,0.14625,1162,9693
7,100,0.3,0.0,harm,hybrid,0.01,tag,0.25,1.0,0,0.34841805696487427,0.003813038130381304,40,4064,0.14625,1162,9693
7,100,0.3,0.0,harm,hybrid,0.01,tag,0.25,1.0,0,0.3615182936191559,0.003788437884378844,40,4064,0.14375,1162,9693
7,100,0.3,0.0,harm,hybrid,0.01,tag,0.25,1.0,0,0.3746185302734375,0.003726937269372694,40,4064,0.13999999999999999,1162,9693
7,100,0.3,0.0,harm,hybrid,0.01,tag,0.25,1.0,0,0.3877187967300415,0.003665436654366544,40,4064,0.13374999999999998,1162,9693
7,100,0.3,0.0,harm,hybrid,0.01,tag,0.25,1.0,0,0.4008190333843231,0.003653136531365314,40,4064,0.13374999999999998,1162,9693
7,100,0.3,0.0,harm,hybrid,0.01,tag,0.25,1.0,0,0.41391927003860474,0.0036039360393603946,40,4064,0.13125,1162,9693
7,100,0.3,0.0,harm,hybrid,0.01,tag,0.25,1.0,0,0.42701950669288635,0.0036039360393603946,40,4064,0.13125,1162,9693
7,100,0.3,0.0,harm,hybrid,0.01,tag,0.25,1.0,0,0.44011977314949036,0.003567035670356704,40,4064,0.1275,1162,9693
7,100,0.3,0.0,harm,hybrid,0.01,tag,0.25,1.0,0,0.453220009803772,0.0035055350553505537,40,4064,0.12625,1162,9693
7,100,0.3,0.0,harm,hybrid,0.01,tag,0.25,1.0,0,0.4663202464580536,0.0034440344403444036,40,4064,0.12250000000000001,1162,9693
7,100,0.3,0.0,harm,hybrid,0.01,tag,0.25,1.0,0,0.4794204831123352,0.0033087330873308733,40,4064,0.11625,1162,9693
7,100,0.3,0.0,harm,hybrid,0.01,tag,0.25,1.0,0,0.4925207197666168,0.003210332103321034,40,4064,0.10750000000000001,1162,9693
7,100,0.3,0.0,harm,hybrid,0.01,tag,0.25,1.0,0,0.5056209564208984,0.003124231242312423,40,4064,0.10500000000000001,1162,9693
7,100,0.3,0.0,harm,hybrid,0.01,tag,0.25,1.0,0,0.5187212228775024,0.0030750307503075035,40,4064,0.10250000000000001,1162,9693
7,100,0.3,0.0,harm,hybrid,0.01,tag,0.25,1.0,0,0.5318214893341064,0.002988929889298893,40,4064,0.0975,1162,9693
7,100,0.3,0.0,harm,hybrid,0.01,tag,0.25,1.0,0,0.5449216961860657,0.002915129151291513,40,4064,0.095,1162,9693
7,100,0.3,0.0,harm,hybrid,0.01,tag,0.25,1.0,0,0.5580219626426697,0.0028782287822878227,40,4064,0.09000000000000001,1162,9693
7,100,0.3,0.0,harm,hybrid,0.01,tag,0.25,1.0,0,0.5711221694946289,0.002841328413284133,40,4064,0.085,1162,9693
7,100,0.3,0.0,harm,hybrid,0.01,tag,0.25,1.0,0,0.5842224359512329,0.002779827798277983,40,4064,0.085,1162,9693
7,100,0.3,0.0,harm,hybrid,0.01,tag,0.25,1.0,0,0.5973227024078369,0.0027552275522755233,40,4064,0.085,1162,9693
7,100,0.3,0.0,harm,hybrid,0.01,tag,0.25,1.0,0,0.6104229092597961,0.002742927429274293,40,4064,0.08375,1162,9693
7,100,0.3,0.0,harm,hybrid,0.01,tag,0.25,1.0,0,0.6235231757164001,0.002742927429274293,40,4064,0.08375,1162,9693
7,100,0.3,0.0,harm,hybrid,0.01,tag,0.25,1.0,0,0.6366233825683594,0.002742927429274293,40,4064,0.08375,1162,9693
7,100,0.3,0.0,harm,hybrid,0.01,tag,0.25,1.0,0,0.6497236490249634,0.002718327183271833,40,4064,0.0825,1162,9693
7,100,0.3,0.0,harm,hybrid,0.01,tag,0.25,1.0,0,0.6628239154815674,0.0026814268142681427,40,4064,0.0825,1162,9693
7,100,0.3,0.0,harm,hybrid,0.01,tag,0.25,1.0,0,0.6759241223335266,0.002656826568265683,40,4064,0.0825,1162,9693
7,100,0.3,0.0,harm,hybrid,0.01,tag,0.25,1.0,0,0.6890243887901306,0.002644526445264453,40,4064,0.0825,1162,9693
7,100,0.3,0.0,harm,hybrid,0.01,tag,0.25,1.0,0,0.7021245956420898,0.002607626076260763,40,4064,0.0825,1162,9693
7,100,0.3,0.0,harm,hybrid,0.01,tag,0.25,1.0,0,0.7152248620986938,0.0025338253382533827,40,4064,0.0825,1162,9693
7,100,0.3,0.0,harm,hybrid,0.01,tag,0.25,1.0,0,0.7283251285552979,0.0025092250922509225,40,4064,0.0825,1162,9693
7,100,0.3,0.0,harm,hybrid,0.01,tag,0.25,1.0,0,0.7414253354072571,0.0024846248462484623,40,4064,0.0825,1162,9693
7,100,0.3,0.0,harm,hybrid,0.01,tag,0.25,1.0,0,0.7545256018638611,0.0024600246002460025,40,4064,0.0825,1162,9693
7,100,0.3,0.0,harm,hybrid,0.01,tag,0.25,1.0,0,0.7676258683204651,0.0024231242312423126,40,4064,0.0825,1162,9693
7,100,0.3,0.0,harm,hybrid,0.01,tag,0.25,1.0,0,0.7807260751724243,0.0023985239852398524,40,4064,0.0825,1162,9693
7,100,0.3,0.0,harm,hybrid,0.01,tag,0.25,1.0,0,0.7938263416290283,0.0023616236162361626,40,4064,0.0825,1162,9693
7,100,0.3,0.0,harm,hybrid,0.01,tag,0.25,1.0,0,0.8069265484809875,0.002287822878228783,40,4064,0.0825,1162,9693
7,100,0.3,0.0,harm,hybrid,0.01,tag,0.25,1.0,0,0.8200268149375916,0.0021771217712177127,40,4064,0.0825,1162,9693
7,100,0.3,0.0,harm,hybrid,0.01,tag,0.25,1.0,0,0.8331270813941956,0.002103321033210332,40,4064,0.0825,1162,9693
7,100,0.3,0.0,harm,hybrid,0.01,tag,0.25,1.0,0,0.8462272882461548,0.002054120541205412,40,4064,0.0825,1162,9693
7,100,0.3,0.0,harm,hybrid,0.01,tag,0.25,1.0,0,0.8593275547027588,0.0019926199261992624,40,4064,0.0825,1162,9693
7,100,0.3,0.0,harm,hybrid,0.01,tag,0.25,1.0,0,0.872427761554718,0.001968019680196802,40,4064,0.0825,1162,9693
7,100,0.3,0.0,harm,hybrid,0.01,tag,0.25,1.0,0,0.885528028011322,0.0018819188191881917,40,4064,0.0825,1162,9693
7,100,0.3,0.0,harm,hybrid,0.01,tag,0.25,1.0,0,0.898628294467926,0.0017835178351783517,40,4064,0.0825,1162,9693
7,100,0.3,0.0,harm,hybrid,0.01,tag,0.25,1.0,0,0.9117285013198853,0.0017343173431734317,40,4064,0.0825,1162,9693
7,100,0.3,0.0,harm,hybrid,0.01,tag,0.25,1.0,0,0.9248287677764893,0.0015744157441574414,40,4064,0.07875000000000001,1162,9693
7,100,0.3,0.0,harm,hybrid,0.01,tag,0.25,1.0,0,0.9379289746284485,0.0015006150061500616,40,4064,0.07625,1162,9693
7,100,0.3,0.0,harm,hybrid,0.01,tag,0.25,1.0,0,0.9510292410850525,0.0013899138991389913,40,4064,0.07375000000000001,1162,9693
7,100,0.3,0.0,harm,hybrid,0.01,tag,0.25,1.0,0,0.9641295075416565,0.0012669126691266914,40,4064,0.06625,1162,9693
7,100,0.3,0.0,harm,hybrid,0.01,tag,0.25,1.0,0,0.9772297143936157,0.0010947109471094712,40,4064,0.06,1162,9693
7,100,0.3,0.0,harm,hybrid,0.01,tag,0.25,1.0,0,0.9903299808502197,0.0009348093480934809,40,4064,0.04875,1162,9693
7,100,0.3,0.0,harm,hybrid,0.01,tag,0.25,1.0,0,1.0034301280975342,0.0007995079950799508,40,4064,0.04125,1162,9693
7,100,0.3,0.0,harm,hybrid,0.01,tag,0.25,1.0,0,1.0165305137634277,0.0007011070110701107,40,4064,0.03375,1162,9693
7,100,0.3,0.0,harm,hybrid,0.01,tag,0.25,1.0,0,1.0296306610107422,0.0005658056580565805,40,4064,0.025,1162,9693
7,100,0.3,0.0,harm,hybrid,0.01,tag,0.25,1.0,0,1.0427309274673462,0.00045510455104551045,40,4064,0.017499999999999998,1162,9693
7,100,0.3,0.0,harm,hybrid,0.01,tag,0.25,1.0,0,1.0558311939239502,0.0003321033210332103,40,4064,0.00625,1162,9693
7,100,0.3,0.0,harm,hybrid,0.01,tag,0.25,1.0,0,1.0689314603805542,0.00030750307503075026,40,4064,0.005,1162,9693
7,100,0.3,0.0,harm,hybrid,0.01,tag,0.25,1.0,0,1.0820317268371582,0.00027060270602706027,40,4064,0.0025,1162,9693
7,100,0.3,0.0,harm,hybrid,0.01,tag,0.25,1.0,0,1.0951318740844727,0.0002583025830258302,40,4064,0.00125,1162,9693
7,100,0.3,0.0,harm,hybrid,0.01,tag,0.25,1.0,0,1.1082321405410767,0.0002460024600246002,40,4064,0.0,1162,9693
7,100,0.3,0.0,harm,hybrid,0.01,tag,0.25,1.0,0,1.1213324069976807,0.0002460024600246002,40,4064,0.0,1162,9693
7,100,0.3,0.0,harm,hybrid,0.01,tag,0.25,1.0,0,1.1344326734542847,0.0002460024600246002,40,4064,0.0,1162,9693
7,100,0.3,0.0,harm,hybrid,0.01,tag,0.25,1.0,0,1.1475329399108887,0.0002460024600246002,40,4064,0.0,1162,9693
7,100,0.3,0.0,harm,hybrid,0.01,tag,0.25,1.0,0,1.1606330871582031,0.0002460024600246002,40,4064,0.0,1162,9693
7,100,0.3,0.0,harm,hybrid,0.01,tag,0.25,1.0,0,1.1737333536148071,0.0002460024600246002,40,4064,0.0,1162,9693
7,100,0.3,0.0,harm,hybrid,0.01,tag,0.25,1.0,0,1.1868336200714111,0.0002460024600246002,40,4064,0.0,1162,9693
7,100,0.3,0.0,harm,hybrid,0.01,tag,0.25,1.0,0,1.1999338865280151,0.0002460024600246002,40,4064,0.0,1162,9693
7,100,0.3,0.0,harm,hybrid,0.01,tag,0.25,1.0,0,1.2130341529846191,0.0002460024600246002,40,4064,0.0,1162,9693
7,100,0.3,0.0,harm,hybrid,0.01,tag,0.25,1.0,0,1.2261343002319336,0.0002460024600246002,40,4064,0.0,1162,9693
7,100,0.3,0.0,harm,hybrid,0.01,tag,0.25,1.0,0,1.2392345666885376,0.0002460024600246002,40,4064,0.0,1162,9693
7,100,0.3,0.0,harm,hybrid,0.01,tag,0.25,1.0,0,1.2523348331451416,0.0002460024600246002,40,4064,0.0,1162,9693
7,100,0.3,0.0,harm,hybrid,0.01,tag,0.25,1.0,0,1.2654350996017456,0.0002460024600246002,40,4064,0.0,1162,9693
7,100,0.3,0.0,harm,hybrid,0.01,tag,0.25,1.0,0,1.2785353660583496,0.0002460024600246002,40,4064,0.0,1162,9693
7,100,0.3,0.0,harm,hybrid,0.01,tag,0.25,1.0,0,1.291635513305664,0.0002460024600246002,40,4064,0.0,1162,9693
7,100,0.3,0.0,harm,hybrid,0.01,tag,0.25,1.0,0,1.304735779762268,0.0002460024600246002,40,4064,0.0,1162,9693
7,100,0.3,0.0,harm,hybrid,0.01,tag,0.25,1.0,0,1.317836046218872,0.0002460024600246002,40,4064,0.0,1162,9693
7,100,0.3,0.0,harm,hybrid,0.01,tag,0.25,1.0,0,1.330936312675476,0.0002460024600246002,40,4064,0.0,1162,9693
7,100,0.3,0.0,harm,hybrid,0.01,tag,0.25,1.0,0,1.34403657913208,0.0002460024600246002,40,4064,0.0,1162,9693
8,100,0.3,0.0,harm,hybrid,0.01,tag,0.25,1.0,0,0.07922777533531189,0.0035336124107362716,40,4060,0.135,1166,9580
8,100,0.3,0.0,harm,hybrid,0.01,tag,0.25,1.0,0,0.0916549414396286,0.0035336124107362716,40,4060,0.135,1166,9580
8,100,0.3,0.0,harm,hybrid,0.01,tag,0.25,1.0,0,0.10408211499452591,0.0035336124107362716,40,4060,0.135,1166,9580
8,100,0.3,0.0,harm,hybrid,0.01,tag,0.25,1.0,0,0.11650928109884262,0.0035336124107362716,40,4060,0.135,1166,9580
8,100,0.3,0.0,harm,hybrid,0.01,tag,0.25,1.0,0,0.12893645465373993,0.0035336124107362716,40,4060,0.135,1166,9580
8,100,0.3,0.0,harm,hybrid,0.01,tag,0.25,1.0,0,0.14136362075805664,0.0035336124107362716,40,4060,0.135,1166,9580
8,100,0.3,0.0,harm,hybrid,0.01,tag,0.25,1.0,0,0.15379078686237335,0.0035336124107362716,40,4060,0.135,1166,9580
8,100,0.3,0.0,harm,hybrid,0.01,tag,0.25,1.0,0,0.16621795296669006,0.0035336124107362716,40,4060,0.135,1166,9580
8,100,0.3,0.0,harm,hybrid,0.01,tag,0.25,1.0,0,0.17864513397216797,0.0035336124107362716,40,4060,0.135,1166,9580
8,100,0.3,0.0,harm,hybrid,0.01,tag,0.25,1.0,0,0.1910722851753235,0.0035336124107362716,40,4060,0.135,1166,9580
8,100,0.3,0.0,harm,hybrid,0.01,tag,0.25,1.0,0,0.2034994661808014,0.0035336124107362716,40,4060,0.135,1166,9580
8,100,0.3,0.0,harm,hybrid,0.01,tag,0.25,1.0,0,0.2159266322851181,0.0035336124107362716,40,4060,0.135,1166,9580
8,100,0.3,0.0,harm,hybrid,0.01,tag,0.25,1.0,0,0.22835379838943481,0.0035336124107362716,40,4060,0.135,1166,9580
8,100,0.3,0.0,harm,hybrid,0.01,tag,0.25,1.0,0,0.24078096449375153,0.0035213001723713375,40,4060,0.13374999999999998,1166,9580
8,100,0.3,0.0,harm,hybrid,0.01,tag,0.25,1.0,0,0.2532081604003906,0.0035213001723713375,40,4060,0.13374999999999998,1166,9580
8,100,0.3,0.0,harm,hybrid,0.01,tag,0.25,1.0,0,0.26563531160354614,0.0035213001723713375,40,4060,0.13374999999999998,1166,9580
8,100,0.3,0.0,harm,hybrid,0.01,tag,0.25,1.0,0,0.27806246280670166,0.0035213001723713375,40,4060,0.13374999999999998,1166,9580
8,100,0.3,0.0,harm,hybrid,0.01,tag,0.25,1.0,0,0.29048964381217957,0.0035089879340064025,40,4060,0.1325,1166,9580
8,100,0.3,0.0,harm,hybrid,0.01,tag,0.25,1.0,0,0.30291682481765747,0.0035089879340064025,40,4060,0.1325,1166,9580
8,100,0.3,0.0,harm,hybrid,0.01,tag,0.25,1.0,0,0.315343976020813,0.0034966756956414683,40,4060,0.13125,1166,9580
8,100,0.3,0.0,harm,hybrid,0.01,tag,0.25,1.0,0,0.3277711570262909,0.0034966756956414683,40,4060,0.13125,1166,9580
8,100,0.3,0.0,harm,hybrid,0.01,tag,0.25,1.0,0,0.3401983082294464,0.0034843634572765325,40,4060,0.13,1166,9580
8,100,0.3,0.0,harm,hybrid,0.01,tag,0.25,1.0,0,0.3526254892349243,0.0034351145038167934,40,4060,0.12625000000000003,1166,9580
8,100,0.3,0.0,harm,hybrid,0.01,tag,0.25,1.0,0,0.3650526702404022,0.00339817778872199,40,4060,0.12625000000000003,1166,9580
8,100,0.3,0.0,harm,hybrid,0.01,tag,0.25,1.0,0,0.37747982144355774,0.00339817778872199,40,4060,0.125,1166,9580
8,100,0.3,0.0,harm,hybrid,0.01,tag,0.25,1.0,0,0.38990700244903564,0.003336616596897316,40,4060,0.12125,1166,9580
8,100,0.3,0.0,harm,hybrid,0.01,tag,0.25,1.0,0,0.40233415365219116,0.003336616596897316,40,4060,0.12000000000000002,1166,9580
8,100,0.3,0.0,harm,hybrid,0.01,tag,0.25,1.0,0,0.41476133465766907,0.003336616596897316,40,4060,0.12000000000000002,1166,9580
8,100,0.3,0.0,harm,hybrid,0.01,tag,0.25,1.0,0,0.427188515663147,0.003299679881802512,40,4060,0.11750000000000001,1166,9580
8,100,0.3,0.0,harm,hybrid,0.01,tag,0.25,1.0,0,0.4396156668663025,0.0032381186899778387,40,4060,0.11499999999999999,1166,9580
8,100,0.3,0.0,harm,hybrid,0.01,tag,0.25,1.0,0,0.4520428478717804,0.0031888697365180995,40,4060,0.11000000000000001,1166,9580
8,100,0.3,0.0,harm,hybrid,0.01,tag,0.25,1.0,0,0.4644699990749359,0.0031888697365180995,40,4060,0.10874999999999999,1166,9580
8,100,0.3,0.0,harm,hybrid,0.01,tag,0.25,1.0,0,0.4768971800804138,0.0031642452597882295,40,4060,0.10875000000000001,1166,9580
8,100,0.3,0.0,harm,hybrid,0.01,tag,0.25,1.0,0,0.4893243610858917,0.0031396207830583596,40,4060,0.10625,1166,9580
8,100,0.3,0.0,harm,hybrid,0.01,tag,0.25,1.0,0,0.5017515420913696,0.0031026840679635563,40,4060,0.10500000000000001,1166,9580
8,100,0.3,0.0,harm,hybrid,0.01,tag,0.25,1.0,0,0.5141786932945251,0.003053435114503817,40,4060,0.1025,1166,9580
8,100,0.3,0.0,harm,hybrid,0.01,tag,0.25,1.0,0,0.5266058444976807,0.003028810637773947,40,4060,0.1,1166,9580
8,100,0.3,0.0,harm,hybrid,0.01,tag,0.25,1.0,0,0.539033055305481,0.002991873922679143,40,4060,0.09875,1166,9580
8,100,0.3,0.0,harm,hybrid,0.01,tag,0.25,1.0,0,0.5514602065086365,0.003004186161044077,40,4060,0.09875,1166,9580
8,100,0.3,0.0,harm,hybrid,0.01,tag,0.25,1.0,0,0.563887357711792,0.002967249445949274,40,4060,0.0975,1166,9580
8,100,0.3,0.0,harm,hybrid,0.01,tag,0.25,1.0,0,0.5763145685195923,0.0029056882541246,40,4060,0.09625000000000002,1166,9580
8,100,0.3,0.0,harm,hybrid,0.01,tag,0.25,1.0,0,0.588741660118103,0.002893376015759665,40,4060,0.09625000000000002,1166,9580
8,100,0.3,0.0,harm,hybrid,0.01,tag,0.25,1.0,0,0.6011688709259033,0.002893376015759665,40,4060,0.095,1166,9580
8,100,0.3,0.0,harm,hybrid,0.01,tag,0.25,1.0,0,0.6135960817337036,0.0028441270622999266,40,4060,0.09625000000000002,1166,9580
8,100,0.3,0.0,harm,hybrid,0.01,tag,0.25,1.0,0,0.6260231733322144,0.0028195025855700566,40,4060,0.095,1166,9580
8,100,0.3,0.0,harm,hybrid,0.01,tag,0.25,1.0,0,0.6384503841400146,0.0028195025855700566,40,4060,0.095,1166,9580
8,100,0.3,0.0,harm,hybrid,0.01,tag,0.25,1.0,0,0.6508775949478149,0.0027702536321103175,40,4060,0.095,1166,9580
8,100,0.3,0.0,harm,hybrid,0.01,tag,0.25,1.0,0,0.6633046865463257,0.0027333169170155134,40,4060,0.095,1166,9580
8,100,0.3,0.0,harm,hybrid,0.01,tag,0.25,1.0,0,0.675731897354126,0.0027086924402856443,40,4060,0.095,1166,9580
8,100,0.3,0.0,harm,hybrid,0.01,tag,0.25,1.0,0,0.6881591081619263,0.00264713124846097,40,4060,0.095,1166,9580
8,100,0.3,0.0,harm,hybrid,0.01,tag,0.25,1.0,0,0.700586199760437,0.002634819010096035,40,4060,0.095,1166,9580
8,100,0.3,0.0,harm,hybrid,0.01,tag,0.25,1.0,0,0.7130134105682373,0.002573257818271361,40,4060,0.095,1166,9580
8,100,0.3,0.0,harm,hybrid,0.01,tag,0.25,1.0,0,0.725440502166748,0.002536321103176558,40,4060,0.095,1166,9580
8,100,0.3,0.0,harm,hybrid,0.01,tag,0.25,1.0,0,0.7378677129745483,0.002524008864811623,40,4060,0.095,1166,9580
8,100,0.3,0.0,harm,hybrid,0.01,tag,0.25,1.0,0,0.7502949237823486,0.002511696626446688,40,4060,0.095,1166,9580
8,100,0.3,0.0,harm,hybrid,0.01,tag,0.25,1.0,0,0.7627220153808594,0.0024501354346220137,40,4060,0.095,1166,9580
8,100,0.3,0.0,harm,hybrid,0.01,tag,0.25,1.0,0,0.7751492261886597,0.0024008864811622755,40,4060,0.095,1166,9580
8,100,0.3,0.0,harm,hybrid,0.01,tag,0.25,1.0,0,0.78757643699646,0.0023885742427973405,40,4060,0.095,1166,9580
8,100,0.3,0.0,harm,hybrid,0.01,tag,0.25,1.0,0,0.8000035285949707,0.0023516375277025364,40,4060,0.095,1166,9580
8,100,0.3,0.0,harm,hybrid,0.01,tag,0.25,1.0,0,0.812430739402771,0.002253139620783058,40,4060,0.095,1166,9580
8,100,0.3,0.0,harm,hybrid,0.01,tag,0.25,1.0,0,0.8248579502105713,0.0021423294754986458,40,4060,0.095,1166,9580
8,100,0.3,0.0,harm,hybrid,0.01,tag,0.25,1.0,0,0.837285041809082,0.002043831568579168,40,4060,0.095,1166,9580
8,100,0.3,0.0,harm,hybrid,0.01,tag,0.25,1.0,0,0.8497122526168823,0.0020068948534843634,40,4060,0.095,1166,9580
8,100,0.3,0.0,harm,hybrid,0.01,tag,0.25,1.0,0,0.8621394634246826,0.0019822703767544943,40,4060,0.095,1166,9580
8,100,0.3,0.0,harm,hybrid,0.01,tag,0.25,1.0,0,0.8745665550231934,0.0019207091849298202,40,4060,0.095,1166,9580
8,100,0.3,0.0,harm,hybrid,0.01,tag,0.25,1.0,0,0.8869937658309937,0.0018468357547402117,40,4060,0.095,1166,9580
8,100,0.3,0.0,harm,hybrid,0.01,tag,0.25,1.0,0,0.899420976638794,0.0018098990396454076,40,4060,0.095,1166,9580
8,100,0.3,0.0,harm,hybrid,0.01,tag,0.25,1.0,0,0.9118480682373047,0.0016990888943609948,40,4060,0.09375000000000001,1166,9580
8,100,0.3,0.0,harm,hybrid,0.01,tag,0.25,1.0,0,0.924275279045105,0.0016005909874415168,40,4060,0.0925,1166,9580
8,100,0.3,0.0,harm,hybrid,0.01,tag,0.25,1.0,0,0.9367023706436157,0.0014897808421571043,40,4060,0.09000000000000001,1166,9580
8,100,0.3,0.0,harm,hybrid,0.01,tag,0.25,1.0,0,0.949129581451416,0.0014159074119674958,40,4060,0.08625000000000001,1166,9580
8,100,0.3,0.0,harm,hybrid,0.01,tag,0.25,1.0,0,0.9615567922592163,0.001292785028318148,40,4060,0.08125,1166,9580
8,100,0.3,0.0,harm,hybrid,0.01,tag,0.25,1.0,0,0.973983883857727,0.001120413691209062,40,4060,0.06875,1166,9580
8,100,0.3,0.0,harm,hybrid,0.01,tag,0.25,1.0,0,0.9864110946655273,0.0008987934006402365,40,4060,0.05625,1166,9580
8,100,0.3,0.0,harm,hybrid,0.01,tag,0.25,1.0,0,0.9988383054733276,0.0007879832553558237,40,4060,0.04625,1166,9580
8,100,0.3,0.0,harm,hybrid,0.01,tag,0.25,1.0,0,1.0112653970718384,0.0006032996798818026,40,4060,0.028750000000000005,1166,9580
8,100,0.3,0.0,harm,hybrid,0.01,tag,0.25,1.0,0,1.0236926078796387,0.0005048017729623246,40,4060,0.021249999999999998,1166,9580
8,100,0.3,0.0,harm,hybrid,0.01,tag,0.25,1.0,0,1.036119818687439,0.0004432405811376508,40,4060,0.016249999999999997,1166,9580
8,100,0.3,0.0,harm,hybrid,0.01,tag,0.25,1.0,0,1.0485469102859497,0.00038167938931297715,40,4060,0.0125,1166,9580
8,100,0.3,0.0,harm,hybrid,0.01,tag,0.25,1.0,0,1.06097412109375,0.0003570549125831076,40,4060,0.01,1166,9580
8,100,0.3,0.0,harm,hybrid,0.01,tag,0.25,1.0,0,1.0734013319015503,0.00032011819748830337,40,4060,0.0075000000000000015,1166,9580
8,100,0.3,0.0,harm,hybrid,0.01,tag,0.25,1.0,0,1.0858285427093506,0.00032011819748830337,40,4060,0.0075000000000000015,1166,9580
8,100,0.3,0.0,harm,hybrid,0.01,tag,0.25,1.0,0,1.0982556343078613,0.00030780595912336864,40,4060,0.00625,1166,9580
8,100,0.3,0.0,harm,hybrid,0.01,tag,0.25,1.0,0,1.1106828451156616,0.0002954937207584339,40,4060,0.005,1166,9580
8,100,0.3,0.0,harm,hybrid,0.01,tag,0.25,1.0,0,1.1231099367141724,0.0002954937207584339,40,4060,0.005,1166,9580
8,100,0.3,0.0,harm,hybrid,0.01,tag,0.25,1.0,0,1.1355371475219727,0.0002708692440285644,40,4060,0.0025,1166,9580
8,100,0.3,0.0,harm,hybrid,0.01,tag,0.25,1.0,0,1.147964358329773,0.0002708692440285644,40,4060,0.0025,1166,9580
8,100,0.3,0.0,harm,hybrid,0.01,tag,0.25,1.0,0,1.1603914499282837,0.0002462447672986949,40,4060,0.0,1166,9580
8,100,0.3,0.0,harm,hybrid,0.01,tag,0.25,1.0,0,1.172818660736084,0.0002462447672986949,40,4060,0.0,1166,9580
8,100,0.3,0.0,harm,hybrid,0.01,tag,0.25,1.0,0,1.1852458715438843,0.0002462447672986949,40,4060,0.0,1166,9580
8,100,0.3,0.0,harm,hybrid,0.01,tag,0.25,1.0,0,1.197672963142395,0.0002462447672986949,40,4060,0.0,1166,9580
8,100,0.3,0.0,harm,hybrid,0.01,tag,0.25,1.0,0,1.2101001739501953,0.0002462447672986949,40,4060,0.0,1166,9580
8,100,0.3,0.0,harm,hybrid,0.01,tag,0.25,1.0,0,1.2225273847579956,0.0002462447672986949,40,4060,0.0,1166,9580
8,100,0.3,0.0,harm,hybrid,0.01,tag,0.25,1.0,0,1.2349544763565063,0.0002462447672986949,40,4060,0.0,1166,9580
8,100,0.3,0.0,harm,hybrid,0.01,tag,0.25,1.0,0,1.2473816871643066,0.0002462447672986949,40,4060,0.0,1166,9580
8,100,0.3,0.0,harm,hybrid,0.01,tag,0.25,1.0,0,1.259808897972107,0.0002462447672986949,40,4060,0.0,1166,9580
8,100,0.3,0.0,harm,hybrid,0.01,tag,0.25,1.0,0,1.2722359895706177,0.0002462447672986949,40,4060,0.0,1166,9580
8,100,0.3,0.0,harm,hybrid,0.01,tag,0.25,1.0,0,1.284663200378418,0.0002462447672986949,40,4060,0.0,1166,9580
8,100,0.3,0.0,harm,hybrid,0.01,tag,0.25,1.0,0,1.2970904111862183,0.0002462447672986949,40,4060,0.0,1166,9580
8,100,0.3,0.0,harm,hybrid,0.01,tag,0.25,1.0,0,1.309517502784729,0.0002462447672986949,40,4060,0.0,1166,9580
9,100,0.3,0.0,harm,hybrid,0.01,tag,0.25,1.0,0,0.0,0.003552114060963618,40,4067,0.11875,1230,10307
9,100,0.3,0.0,harm,hybrid,0.01,tag,0.25,1.0,0,0.013008207082748413,0.003552114060963618,40,4067,0.11875,1230,10307
9,100,0.3,0.0,harm,hybrid,0.01,tag,0.25,1.0,0,0.026016414165496826,0.003552114060963618,40,4067,0.11875,1230,10307
9,100,0.3,0.0,harm,hybrid,0.01,tag,0.25,1.0,0,0.03902462124824524,0.003552114060963618,40,4067,0.11875,1230,10307
9,100,0.3,0.0,harm,hybrid,0.01,tag,0.25,1.0,0,0.05203282833099365,0.003552114060963618,40,4067,0.11875,1230,10307
9,100,0.3,0.0,harm,hybrid,0.01,tag,0.25,1.0,0,0.06504103541374207,0.003552114060963618,40,4067,0.11875,1230,10307
9,100,0.3,0.0,harm,hybrid,0.01,tag,0.25,1.0,0,0.07804924249649048,0.003552114060963618,40,4067,0.11875,1230,10307
9,100,0.3,0.0,harm,hybrid,0.01,tag,0.25,1.0,0,0.09105744957923889,0.003552114060963618,40,4067,0.11875,1230,10307
9,100,0.3,0.0,harm,hybrid,0.01,tag,0.25,1.0,0,0.1040656566619873,0.003552114060963618,40,4067,0.11875,1230,10307
9,100,0.3,0.0,harm,hybrid,0.01,tag,0.25,1.0,0,0.11707386374473572,0.003552114060963618,40,4067,0.11875,1230,10307
9,100,0.3,0.0,harm,hybrid,0.01,tag,0.25,1.0,0,0.13008207082748413,0.003552114060963618,40,4067,0.11875,1230,10307
9,100,0.3,0.0,harm,hybrid,0.01,tag,0.25,1.0,0,0.14309027791023254,0.003552114060963618,40,4067,0.11875,1230,10307
9,100,0.3,0.0,harm,hybrid,0.01,tag,0.25,1.0,0,0.15609848499298096,0.003552114060963618,40,4067,0.11875,1230,10307
9,100,0.3,0.0,harm,hybrid,0.01,tag,0.25,1.0,0,0.16910669207572937,0.003552114060963618,40,4067,0.11875,1230,10307
9,100,0.3,0.0,harm,hybrid,0.01,tag,0.25,1.0,0,0.18211489915847778,0.003552114060963618,40,4067,0.11875,1230,10307
9,100,0.3,0.0,harm,hybrid,0.01,tag,0.25,1.0,0,0.1951231062412262,0.003552114060963618,40,4067,0.11875,1230,10307
9,100,0.3,0.0,harm,hybrid,0.01,tag,0.25,1.0,0,0.2081313133239746,0.003552114060963618,40,4067,0.11875,1230,10307
9,100,0.3,0.0,harm,hybrid,0.01,tag,0.25,1.0,0,0.22113952040672302,0.003552114060963618,40,4067,0.11875,1230,10307
9,100,0.3,0.0,harm,hybrid,0.01,tag,0.25,1.0,0,0.23414772748947144,0.0035398230088495575,40,4067,0.11750000000000001,1230,10307
9,100,0.3,0.0,harm,hybrid,0.01,tag,0.25,1.0,0,0.24715593457221985,0.0035398230088495575,40,4067,0.11750000000000001,1230,10307
9,100,0.3,0.0,harm,hybrid,0.01,tag,0.25,1.0,0,0.26016414165496826,0.0035398230088495575,40,4067,0.11750000000000001,1230,10307
9,100,0.3,0.0,harm,hybrid,0.01,tag,0.25,1.0,0,0.2731723487377167,0.0035275319567354964,40,4067,0.11625,1230,10307
9,100,0.3,0.0,harm,hybrid,0.01,tag,0.25,1.0,0,0.2861805558204651,0.0035152409046214357,40,4067,0.11499999999999999,1230,10307
9,100,0.3,0.0,harm,hybrid,0.01,tag,0.25,1.0,0,0.2991887629032135,0.003490658800393313,40,4067,0.1125,1230,10307
9,100,0.3,0.0,harm,hybrid,0.01,tag,0.25,1.0,0,0.3121969699859619,0.0034660766961651917,40,4067,0.11125,1230,10307
9,100,0.3,0.0,harm,hybrid,0.01,tag,0.25,1.0,0,0.3252051770687103,0.0034783677482792524,40,4067,0.11125,1230,10307
9,100,0.3,0.0,harm,hybrid,0.01,tag,0.25,1.0,0,0.33821338415145874,0.0034660766961651917,40,4067,0.11125,1230,10307
9,100,0.3,0.0,harm,hybrid,0.01,tag,0.25,1.0,0,0.35122159123420715,0.003453785644051131,40,4067,0.11000000000000001,1230,10307
9,100,0.3,0.0,harm,hybrid,0.01,tag,0.25,1.0,0,0.36422979831695557,0.0034414945919370695,40,4067,0.10874999999999999,1230,10307
9,100,0.3,0.0,harm,hybrid,0.01,tag,0.25,1.0,0,0.377238005399704,0.003429203539823009,40,4067,0.10750000000000001,1230,10307
9,100,0.3,0.0,harm,hybrid,0.01,tag,0.25,1.0,0,0.3902462124824524,0.003392330383480826,40,4067,0.10500000000000001,1230,10307
9,100,0.3,0.0,harm,hybrid,0.01,tag,0.25,1.0,0,0.4032544195652008,0.0033308751229105212,40,4067,0.10250000000000001,1230,10307
9,100,0.3,0.0,harm,hybrid,0.01,tag,0.25,1.0,0,0.4162626266479492,0.0033308751229105212,40,4067,0.10125000000000002,1230,10307
9,100,0.3,0.0,harm,hybrid,0.01,tag,0.25,1.0,0,0.42927083373069763,0.003257128810226156,40,4067,0.095,1230,10307
9,100,0.3,0.0,harm,hybrid,0.01,tag,0.25,1.0,0,0.44227904081344604,0.0031956735496558504,40,4067,0.09000000000000001,1230,10307
9,100,0.3,0.0,harm,hybrid,0.01,tag,0.25,1.0,0,0.45528724789619446,0.003146509341199607,40,4067,0.09125000000000001,1230,10307
9,100,0.3,0.0,harm,hybrid,0.01,tag,0.25,1.0,0,0.46829545497894287,0.0030727630285152406,40,4067,0.08499999999999999,1230,10307
9,100,0.3,0.0,harm,hybrid,0.01,tag,0.25,1.0,0,0.4813036620616913,0.0030358898721730585,40,4067,0.0825,1230,10307
9,100,0.3,0.0,harm,hybrid,0.01,tag,0.25,1.0,0,0.4943118691444397,0.0029498525073746312,40,4067,0.08,1230,10307
9,100,0.3,0.0,harm,hybrid,0.01,tag,0.25,1.0,0,0.5073200464248657,0.0029006882989183877,40,4067,0.07625,1230,10307
9,100,0.3,0.0,harm,hybrid,0.01,tag,0.25,1.0,0,0.5203282833099365,0.0028638151425762043,40,4067,0.075,1230,10307
9,100,0.3,0.0,harm,hybrid,0.01,tag,0.25,1.0,0,0.5333365201950073,0.0027900688298918386,40,4067,0.06999999999999999,1230,10307
9,100,0.3,0.0,harm,hybrid,0.01,tag,0.25,1.0,0,0.5463446974754333,0.002777777777777778,40,4067,0.06999999999999999,1230,10307
9,100,0.3,0.0,harm,hybrid,0.01,tag,0.25,1.0,0,0.5593528747558594,0.0027163225172074728,40,4067,0.06999999999999999,1230,10307
9,100,0.3,0.0,harm,hybrid,0.01,tag,0.25,1.0,0,0.5723611116409302,0.0027163225172074728,40,4067,0.06875,1230,10307
9,100,0.3,0.0,harm,hybrid,0.01,tag,0.25,1.0,0,0.585369348526001,0.0026794493608652903,40,4067,0.0675,1230,10307
9,100,0.3,0.0,harm,hybrid,0.01,tag,0.25,1.0,0,0.598377525806427,0.0026671583087512296,40,4067,0.0675,1230,10307
9,100,0.3,0.0,harm,hybrid,0.01,tag,0.25,1.0,0,0.611385703086853,0.0026671583087512296,40,4067,0.0675,1230,10307
9,100,0.3,0.0,harm,hybrid,0.01,tag,0.25,1.0,0,0.6243939399719238,0.002654867256637168,40,4067,0.0675,1230,10307
9,100,0.3,0.0,harm,hybrid,0.01,tag,0.25,1.0,0,0.6374021768569946,0.0026302851524090463,40,4067,0.0675,1230,10307
9,100,0.3,0.0,harm,hybrid,0.01,tag,0.25,1.0,0,0.6504103541374207,0.002617994100294985,40,4067,0.0675,1230,10307
9,100,0.3,0.0,harm,hybrid,0.01,tag,0.25,1.0,0,0.6634185314178467,0.0025688298918387416,40,4067,0.0675,1230,10307
9,100,0.3,0.0,harm,hybrid,0.01,tag,0.25,1.0,0,0.6764267683029175,0.0024827925270403148,40,4067,0.0675,1230,10307
9,100,0.3,0.0,harm,hybrid,0.01,tag,0.25,1.0,0,0.6894350051879883,0.0024582104228121925,40,4067,0.0675,1230,10307
9,100,0.3,0.0,harm,hybrid,0.01,tag,0.25,1.0,0,0.7024431824684143,0.002445919370698132,40,4067,0.0675,1230,10307
9,100,0.3,0.0,harm,hybrid,0.01,tag,0.25,1.0,0,0.7154513597488403,0.00242133726647001,40,4067,0.0675,1230,10307
9,100,0.3,0.0,harm,hybrid,0.01,tag,0.25,1.0,0,0.7284595966339111,0.0023844641101278268,40,4067,0.0675,1230,10307
9,100,0.3,0.0,harm,hybrid,0.01,tag,0.25,1.0,0,0.7414678335189819,0.002323008849557522,40,4067,0.0675,1230,10307
9,100,0.3,0.0,harm,hybrid,0.01,tag,0.25,1.0,0,0.754476010799408,0.002323008849557522,40,4067,0.0675,1230,10307
9,100,0.3,0.0,harm,hybrid,0.01,tag,0.25,1.0,0,0.767484188079834,0.002249262536873156,40,4067,0.0675,1230,10307
9,100,0.3,0.0,harm,hybrid,0.01,tag,0.25,1.0,0,0.7804924249649048,0.0022246804326450345,40,4067,0.0675,1230,10307
9,100,0.3,0.0,harm,hybrid,0.01,tag,0.25,1.0,0,0.7935006618499756,0.0021878072763028516,40,4067,0.0675,1230,10307
9,100,0.3,0.0,harm,hybrid,0.01,tag,0.25,1.0,0,0.8065088391304016,0.002114060963618486,40,4067,0.0675,1230,10307
9,100,0.3,0.0,harm,hybrid,0.01,tag,0.25,1.0,0,0.8195170164108276,0.002064896755162242,40,4067,0.0675,1230,10307
9,100,0.3,0.0,harm,hybrid,0.01,tag,0.25,1.0,0,0.8325252532958984,0.002003441494591937,40,4067,0.0675,1230,10307
9,100,0.3,0.0,harm,hybrid,0.01,tag,0.25,1.0,0,0.8455334901809692,0.0019174041297935103,40,4067,0.0675,1230,10307
9,100,0.3,0.0,harm,hybrid,0.01,tag,0.25,1.0,0,0.8585416674613953,0.0018436578171091445,40,4067,0.0675,1230,10307
9,100,0.3,0.0,harm,hybrid,0.01,tag,0.25,1.0,0,0.8715498447418213,0.0017822025565388398,40,4067,0.0675,1230,10307
9,100,0.3,0.0,harm,hybrid,0.01,tag,0.25,1.0,0,0.8845580816268921,0.001683874139626352,40,4067,0.0675,1230,10307
9,100,0.3,0.0,harm,hybrid,0.01,tag,0.25,1.0,0,0.8975663185119629,0.0015978367748279254,40,4067,0.0675,1230,10307
9,100,0.3,0.0,harm,hybrid,0.01,tag,0.25,1.0,0,0.9105744957923889,0.0014749262536873156,40,4067,0.06625,1230,10307
9,100,0.3,0.0,harm,hybrid,0.01,tag,0.25,1.0,0,0.9235826730728149,0.0014257620452310718,40,4067,0.06625,1230,10307
9,100,0.3,0.0,harm,hybrid,0.01,tag,0.25,1.0,0,0.9365909099578857,0.0013520157325467063,40,4067,0.06499999999999999,1230,10307
9,100,0.3,0.0,harm,hybrid,0.01,tag,0.25,1.0,0,0.9495991468429565,0.0012782694198623405,40,4067,0.0625,1230,10307
9,100,0.3,0.0,harm,hybrid,0.01,tag,0.25,1.0,0,0.9626073241233826,0.0011307767944936087,40,4067,0.05625,1230,10307
9,100,0.3,0.0,harm,hybrid,0.01,tag,0.25,1.0,0,0.9756155014038086,0.0009709931170108163,40,4067,0.04875,1230,10307
9,100,0.3,0.0,harm,hybrid,0.01,tag,0.25,1.0,0,0.9886237382888794,0.0008603736479842674,40,4067,0.04,1230,10307
9,100,0.3,0.0,harm,hybrid,0.01,tag,0.25,1.0,0,1.0016319751739502,0.0007497541789577187,40,4067,0.03375,1230,10307
9,100,0.3,0.0,harm,hybrid,0.01,tag,0.25,1.0,0,1.0146400928497314,0.0006145526057030482,40,4067,0.026250000000000002,1230,10307
9,100,0.3,0.0,harm,hybrid,0.01,tag,0.25,1.0,0,1.0276483297348022,0.0005285152409046214,40,4067,0.02,1230,10307
9,100,0.3,0.0,harm,hybrid,0.01,tag,0.25,1.0,0,1.040656566619873,0.00047935103244837763,40,4067,0.016250000000000004,1230,10307
9,100,0.3,0.0,harm,hybrid,0.01,tag,0.25,1.0,0,1.0536648035049438,0.0004424778761061947,40,4067,0.0125,1230,10307
9,100,0.3,0.0,harm,hybrid,0.01,tag,0.25,1.0,0,1.0666730403900146,0.0003810226155358899,40,4067,0.008749999999999999,1230,10307
9,100,0.3,0.0,harm,hybrid,0.01,tag,0.25,1.0,0,1.079681158065796,0.00031956735496558507,40,4067,0.0037500000000000007,1230,10307
9,100,0.3,0.0,harm,hybrid,0.01,tag,0.25,1.0,0,1.0926893949508667,0.0002949852507374631,40,4067,0.0025,1230,10307
9,100,0.3,0.0,harm,hybrid,0.01,tag,0.25,1.0,0,1.1056976318359375,0.00027040314650934123,40,4067,0.00125,1230,10307
9,100,0.3,0.0,harm,hybrid,0.01,tag,0.25,1.0,0,1.1187057495117188,0.00027040314650934123,40,4067,0.00125,1230,10307
9,100,0.3,0.0,harm,hybrid,0.01,tag,0.25,1.0,0,1.1317139863967896,0.00027040314650934123,40,4067,0.00125,1230,10307
9,100,0.3,0.0,harm,hybrid,0.01,tag,0.25,1.0,0,1.1447222232818604,0.00025811209439528023,40,4067,0.0,1230,10307
9,100,0.3,0.0,harm,hybrid,0.01,tag,0.25,1.0,0,1.1577304601669312,0.00025811209439528023,40,4067,0.0,1230,10307
9,100,0.3,0.0,harm,hybrid,0.01,tag,0.25,1.0,0,1.170738697052002,0.00025811209439528023,40,4067,0.0,1230,10307
9,100,0.3,0.0,harm,hybrid,0.01,tag,0.25,1.0,0,1.1837468147277832,0.00025811209439528023,40,4067,0.0,1230,10307
9,100,0.3,0.0,harm,hybrid,0.01,tag,0.25,1.0,0,1.196755051612854,0.00025811209439528023,40,4067,0.0,1230,10307
9,100,0.3,0.0,harm,hybrid,0.01,tag,0.25,1.0,0,1.2097632884979248,0.0002458210422812193,40,4067,0.0,1230,10307
9,100,0.3,0.0,harm,hybrid,0.01,tag,0.25,1.0,0,1.222771406173706,0.0002458210422812193,40,4067,0.0,1230,10307
9,100,0.3,0.0,harm,hybrid,0.01,tag,0.25,1.0,0,1.2357796430587769,0.0002458210422812193,40,4067,0.0,1230,10307
9,100,0.3,0.0,harm,hybrid,0.01,tag,0.25,1.0,0,1.2487878799438477,0.0002458210422812193,40,4067,0.0,1230,10307
9,100,0.3,0.0,harm,hybrid,0.01,tag,0.25,1.0,0,1.2617961168289185,0.0002458210422812193,40,4067,0.0,1230,10307
9,100,0.3,0.0,harm,hybrid,0.01,tag,0.25,1.0,0,1.2748043537139893,0.0002458210422812193,40,4067,0.0,1230,10307
9,100,0.3,0.0,harm,hybrid,0.01,tag,0.25,1.0,0,1.2878124713897705,0.0002458210422812193,40,4067,0.0,1230,10307
