run_id,epoch,base_harm,beta,score_type,conformal_method,Collective,Report Strategy,Report Fraction,likes_softmax_temperature,topk_n,gamma,calib_risk_adjusted,num_adv_users,calib_set_size,avg_harm_adv_raw,total_flagged_items,total_items_seen_by_adv_users
0,100,0.3,0.0,harm,hybrid,0.023,random,0.034,1.0,0,0.11756947636604309,0.003049382716049383,93,4049,0.030645161290322576,811,22588
0,100,0.3,0.0,harm,hybrid,0.023,random,0.034,1.0,0,0.12999893724918365,0.003049382716049383,93,4049,0.030645161290322576,811,22588
0,100,0.3,0.0,harm,hybrid,0.023,random,0.034,1.0,0,0.14242839813232422,0.003049382716049383,93,4049,0.030645161290322576,811,22588
0,100,0.3,0.0,harm,hybrid,0.023,random,0.034,1.0,0,0.1548578441143036,0.003049382716049383,93,4049,0.030645161290322576,811,22588
0,100,0.3,0.0,harm,hybrid,0.023,random,0.034,1.0,0,0.16728731989860535,0.003049382716049383,93,4049,0.030645161290322576,811,22588
0,100,0.3,0.0,harm,hybrid,0.023,random,0.034,1.0,0,0.17971676588058472,0.003049382716049383,93,4049,0.030645161290322576,811,22588
0,100,0.3,0.0,harm,hybrid,0.023,random,0.034,1.0,0,0.19214622676372528,0.003049382716049383,93,4049,0.030645161290322576,811,22588
0,100,0.3,0.0,harm,hybrid,0.023,random,0.034,1.0,0,0.20457568764686584,0.003049382716049383,93,4049,0.030645161290322576,811,22588
0,100,0.3,0.0,harm,hybrid,0.023,random,0.034,1.0,0,0.2170051485300064,0.003049382716049383,93,4049,0.030645161290322576,811,22588
0,100,0.3,0.0,harm,hybrid,0.023,random,0.034,1.0,0,0.22943460941314697,0.003049382716049383,93,4049,0.030645161290322576,811,22588
0,100,0.3,0.0,harm,hybrid,0.023,random,0.034,1.0,0,0.24186407029628754,0.003049382716049383,93,4049,0.030645161290322576,811,22588
0,100,0.3,0.0,harm,hybrid,0.023,random,0.034,1.0,0,0.2542935311794281,0.0030370370370370373,93,4049,0.030645161290322576,811,22588
0,100,0.3,0.0,harm,hybrid,0.023,random,0.034,1.0,0,0.26672297716140747,0.0030370370370370373,93,4049,0.030645161290322576,811,22588
0,100,0.3,0.0,harm,hybrid,0.023,random,0.034,1.0,0,0.27915245294570923,0.0030370370370370373,93,4049,0.030645161290322576,811,22588
0,100,0.3,0.0,harm,hybrid,0.023,random,0.034,1.0,0,0.2915818989276886,0.0030246913580246914,93,4049,0.03010752688172043,811,22588
0,100,0.3,0.0,harm,hybrid,0.023,random,0.034,1.0,0,0.30401134490966797,0.003012345679012346,93,4049,0.03010752688172043,811,22588
0,100,0.3,0.0,harm,hybrid,0.023,random,0.034,1.0,0,0.3164408206939697,0.003012345679012346,93,4049,0.03010752688172043,811,22588
0,100,0.3,0.0,harm,hybrid,0.023,random,0.034,1.0,0,0.3288702964782715,0.003012345679012346,93,4049,0.03010752688172043,811,22588
0,100,0.3,0.0,harm,hybrid,0.023,random,0.034,1.0,0,0.34129974246025085,0.0029876543209876546,93,4049,0.02903225806451612,811,22588
0,100,0.3,0.0,harm,hybrid,0.023,random,0.034,1.0,0,0.3537291884422302,0.0029876543209876546,93,4049,0.02903225806451612,811,22588
0,100,0.3,0.0,harm,hybrid,0.023,random,0.034,1.0,0,0.366158664226532,0.0029753086419753087,93,4049,0.02903225806451612,811,22588
0,100,0.3,0.0,harm,hybrid,0.023,random,0.034,1.0,0,0.37858811020851135,0.0029753086419753087,93,4049,0.02903225806451612,811,22588
0,100,0.3,0.0,harm,hybrid,0.023,random,0.034,1.0,0,0.3910175859928131,0.002938271604938272,93,4049,0.027956989247311825,811,22588
0,100,0.3,0.0,harm,hybrid,0.023,random,0.034,1.0,0,0.4034470319747925,0.002938271604938272,93,4049,0.027956989247311825,811,22588
0,100,0.3,0.0,harm,hybrid,0.023,random,0.034,1.0,0,0.41587647795677185,0.0029506172839506174,93,4049,0.02741935483870967,811,22588
0,100,0.3,0.0,harm,hybrid,0.023,random,0.034,1.0,0,0.4283059537410736,0.0029259259259259264,93,4049,0.02741935483870967,811,22588
0,100,0.3,0.0,harm,hybrid,0.023,random,0.034,1.0,0,0.440735399723053,0.00291358024691358,93,4049,0.02741935483870967,811,22588
0,100,0.3,0.0,harm,hybrid,0.023,random,0.034,1.0,0,0.45316487550735474,0.0028765432098765433,93,4049,0.02634408602150537,811,22588
0,100,0.3,0.0,harm,hybrid,0.023,random,0.034,1.0,0,0.4655943214893341,0.0028765432098765433,93,4049,0.026881720430107517,811,22588
0,100,0.3,0.0,harm,hybrid,0.023,random,0.034,1.0,0,0.47802379727363586,0.0028765432098765433,93,4049,0.02634408602150537,811,22588
0,100,0.3,0.0,harm,hybrid,0.023,random,0.034,1.0,0,0.49045324325561523,0.002839506172839506,93,4049,0.02580645161290322,811,22588
0,100,0.3,0.0,harm,hybrid,0.023,random,0.034,1.0,0,0.502882719039917,0.0027901234567901238,93,4049,0.02419354838709677,811,22588
0,100,0.3,0.0,harm,hybrid,0.023,random,0.034,1.0,0,0.5153121948242188,0.0027160493827160497,93,4049,0.023655913978494616,811,22588
0,100,0.3,0.0,harm,hybrid,0.023,random,0.034,1.0,0,0.5277416110038757,0.0027160493827160497,93,4049,0.023655913978494616,811,22588
0,100,0.3,0.0,harm,hybrid,0.023,random,0.034,1.0,0,0.5401710867881775,0.002691358024691358,93,4049,0.023655913978494616,811,22588
0,100,0.3,0.0,harm,hybrid,0.023,random,0.034,1.0,0,0.5526005029678345,0.002691358024691358,93,4049,0.02311827956989247,811,22588
0,100,0.3,0.0,harm,hybrid,0.023,random,0.034,1.0,0,0.5650299787521362,0.002654320987654321,93,4049,0.022580645161290318,811,22588
0,100,0.3,0.0,harm,hybrid,0.023,random,0.034,1.0,0,0.577459454536438,0.0026049382716049384,93,4049,0.022580645161290318,811,22588
0,100,0.3,0.0,harm,hybrid,0.023,random,0.034,1.0,0,0.5898889303207397,0.002555555555555556,93,4049,0.021505376344086023,811,22588
0,100,0.3,0.0,harm,hybrid,0.023,random,0.034,1.0,0,0.6023184061050415,0.00254320987654321,93,4049,0.021505376344086023,811,22588
0,100,0.3,0.0,harm,hybrid,0.023,random,0.034,1.0,0,0.6147478818893433,0.002506172839506173,93,4049,0.021505376344086023,811,22588
0,100,0.3,0.0,harm,hybrid,0.023,random,0.034,1.0,0,0.6271772384643555,0.002506172839506173,93,4049,0.021505376344086023,811,22588
0,100,0.3,0.0,harm,hybrid,0.023,random,0.034,1.0,0,0.6396067142486572,0.0024691358024691358,93,4049,0.021505376344086023,811,22588
0,100,0.3,0.0,harm,hybrid,0.023,random,0.034,1.0,0,0.652036190032959,0.0024567901234567903,93,4049,0.021505376344086023,811,22588
0,100,0.3,0.0,harm,hybrid,0.023,random,0.034,1.0,0,0.6644656658172607,0.0024074074074074076,93,4049,0.021505376344086023,811,22588
0,100,0.3,0.0,harm,hybrid,0.023,random,0.034,1.0,0,0.6768951416015625,0.0024074074074074076,93,4049,0.021505376344086023,811,22588
0,100,0.3,0.0,harm,hybrid,0.023,random,0.034,1.0,0,0.6893246173858643,0.0023827160493827162,93,4049,0.021505376344086023,811,22588
0,100,0.3,0.0,harm,hybrid,0.023,random,0.034,1.0,0,0.701754093170166,0.0023086419753086417,93,4049,0.021505376344086023,811,22588
0,100,0.3,0.0,harm,hybrid,0.023,random,0.034,1.0,0,0.7141834497451782,0.0023086419753086417,93,4049,0.021505376344086023,811,22588
0,100,0.3,0.0,harm,hybrid,0.023,random,0.034,1.0,0,0.72661292552948,0.0022962962962962967,93,4049,0.021505376344086023,811,22588
0,100,0.3,0.0,harm,hybrid,0.023,random,0.034,1.0,0,0.7390424013137817,0.002283950617283951,93,4049,0.021505376344086023,811,22588
0,100,0.3,0.0,harm,hybrid,0.023,random,0.034,1.0,0,0.7514718770980835,0.002271604938271605,93,4049,0.021505376344086023,811,22588
0,100,0.3,0.0,harm,hybrid,0.023,random,0.034,1.0,0,0.7639013528823853,0.002246913580246914,93,4049,0.021505376344086023,811,22588
0,100,0.3,0.0,harm,hybrid,0.023,random,0.034,1.0,0,0.776330828666687,0.0022222222222222222,93,4049,0.021505376344086023,811,22588
0,100,0.3,0.0,harm,hybrid,0.023,random,0.034,1.0,0,0.7887603044509888,0.0021851851851851854,93,4049,0.021505376344086023,811,22588
0,100,0.3,0.0,harm,hybrid,0.023,random,0.034,1.0,0,0.8011897802352905,0.0021728395061728395,93,4049,0.021505376344086023,811,22588
0,100,0.3,0.0,harm,hybrid,0.023,random,0.034,1.0,0,0.8136191368103027,0.0021358024691358027,93,4049,0.021505376344086023,811,22588
0,100,0.3,0.0,harm,hybrid,0.023,random,0.034,1.0,0,0.8260486125946045,0.0020370370370370373,93,4049,0.021505376344086023,811,22588
0,100,0.3,0.0,harm,hybrid,0.023,random,0.034,1.0,0,0.8384780883789062,0.0019506172839506176,93,4049,0.021505376344086023,811,22588
0,100,0.3,0.0,harm,hybrid,0.023,random,0.034,1.0,0,0.850907564163208,0.0019012345679012346,93,4049,0.021505376344086023,811,22588
0,100,0.3,0.0,harm,hybrid,0.023,random,0.034,1.0,0,0.8633370399475098,0.001814814814814815,93,4049,0.021505376344086023,811,22588
0,100,0.3,0.0,harm,hybrid,0.023,random,0.034,1.0,0,0.8757665157318115,0.0017654320987654322,93,4049,0.021505376344086023,811,22588
0,100,0.3,0.0,harm,hybrid,0.023,random,0.034,1.0,0,0.8881959915161133,0.0017037037037037038,93,4049,0.021505376344086023,811,22588
0,100,0.3,0.0,harm,hybrid,0.023,random,0.034,1.0,0,0.9006253480911255,0.0016172839506172839,93,4049,0.021505376344086023,811,22588
0,100,0.3,0.0,harm,hybrid,0.023,random,0.034,1.0,0,0.9130548238754272,0.0014814814814814816,93,4049,0.021505376344086023,811,22588
0,100,0.3,0.0,harm,hybrid,0.023,random,0.034,1.0,0,0.925484299659729,0.0013580246913580246,93,4049,0.020967741935483872,811,22588
0,100,0.3,0.0,harm,hybrid,0.023,random,0.034,1.0,0,0.9379137754440308,0.0013086419753086422,93,4049,0.020967741935483872,811,22588
0,100,0.3,0.0,harm,hybrid,0.023,random,0.034,1.0,0,0.9503432512283325,0.0012716049382716051,93,4049,0.020967741935483872,811,22588
0,100,0.3,0.0,harm,hybrid,0.023,random,0.034,1.0,0,0.9627727270126343,0.001160493827160494,93,4049,0.019892473118279574,811,22588
0,100,0.3,0.0,harm,hybrid,0.023,random,0.034,1.0,0,0.975202202796936,0.0011234567901234568,93,4049,0.019892473118279574,811,22588
0,100,0.3,0.0,harm,hybrid,0.023,random,0.034,1.0,0,0.9876315593719482,0.0010123456790123457,93,4049,0.017741935483870968,811,22588
0,100,0.3,0.0,harm,hybrid,0.023,random,0.034,1.0,0,1.00006103515625,0.0008641975308641976,93,4049,0.01559139784946237,811,22588
0,100,0.3,0.0,harm,hybrid,0.023,random,0.034,1.0,0,1.0124905109405518,0.0007654320987654322,93,4049,0.014516129032258069,811,22588
0,100,0.3,0.0,harm,hybrid,0.023,random,0.034,1.0,0,1.0249199867248535,0.0006543209876543211,93,4049,0.010215053763440863,811,22588
0,100,0.3,0.0,harm,hybrid,0.023,random,0.034,1.0,0,1.0373494625091553,0.0005185185185185186,93,4049,0.0059139784946236566,811,22588
0,100,0.3,0.0,harm,hybrid,0.023,random,0.034,1.0,0,1.049778938293457,0.0004691358024691358,93,4049,0.005376344086021506,811,22588
0,100,0.3,0.0,harm,hybrid,0.023,random,0.034,1.0,0,1.0622084140777588,0.0004197530864197531,93,4049,0.004301075268817204,811,22588
0,100,0.3,0.0,harm,hybrid,0.023,random,0.034,1.0,0,1.074637770652771,0.0003703703703703704,93,4049,0.002688172043010753,811,22588
0,100,0.3,0.0,harm,hybrid,0.023,random,0.034,1.0,0,1.0870672464370728,0.00035802469135802473,93,4049,0.002150537634408602,811,22588
0,100,0.3,0.0,harm,hybrid,0.023,random,0.034,1.0,0,1.0994967222213745,0.00030864197530864197,93,4049,0.001075268817204301,811,22588
0,100,0.3,0.0,harm,hybrid,0.023,random,0.034,1.0,0,1.1119261980056763,0.0002962962962962963,93,4049,0.001075268817204301,811,22588
0,100,0.3,0.0,harm,hybrid,0.023,random,0.034,1.0,0,1.124355673789978,0.0002839506172839506,93,4049,0.001075268817204301,811,22588
0,100,0.3,0.0,harm,hybrid,0.023,random,0.034,1.0,0,1.1367850303649902,0.00027160493827160494,93,4049,0.0005376344086021505,811,22588
0,100,0.3,0.0,harm,hybrid,0.023,random,0.034,1.0,0,1.149214506149292,0.00027160493827160494,93,4049,0.0005376344086021505,811,22588
0,100,0.3,0.0,harm,hybrid,0.023,random,0.034,1.0,0,1.1616439819335938,0.00027160493827160494,93,4049,0.0005376344086021505,811,22588
0,100,0.3,0.0,harm,hybrid,0.023,random,0.034,1.0,0,1.1740734577178955,0.00027160493827160494,93,4049,0.0005376344086021505,811,22588
0,100,0.3,0.0,harm,hybrid,0.023,random,0.034,1.0,0,1.1865029335021973,0.00027160493827160494,93,4049,0.0005376344086021505,811,22588
0,100,0.3,0.0,harm,hybrid,0.023,random,0.034,1.0,0,1.198932409286499,0.00027160493827160494,93,4049,0.0005376344086021505,811,22588
0,100,0.3,0.0,harm,hybrid,0.023,random,0.034,1.0,0,1.2113618850708008,0.0002469135802469136,93,4049,0.0,811,22588
0,100,0.3,0.0,harm,hybrid,0.023,random,0.034,1.0,0,1.223791241645813,0.0002469135802469136,93,4049,0.0,811,22588
0,100,0.3,0.0,harm,hybrid,0.023,random,0.034,1.0,0,1.2362207174301147,0.0002469135802469136,93,4049,0.0,811,22588
0,100,0.3,0.0,harm,hybrid,0.023,random,0.034,1.0,0,1.2486501932144165,0.0002469135802469136,93,4049,0.0,811,22588
0,100,0.3,0.0,harm,hybrid,0.023,random,0.034,1.0,0,1.2610796689987183,0.0002469135802469136,93,4049,0.0,811,22588
0,100,0.3,0.0,harm,hybrid,0.023,random,0.034,1.0,0,1.27350914478302,0.0002469135802469136,93,4049,0.0,811,22588
0,100,0.3,0.0,harm,hybrid,0.023,random,0.034,1.0,0,1.2859386205673218,0.0002469135802469136,93,4049,0.0,811,22588
0,100,0.3,0.0,harm,hybrid,0.023,random,0.034,1.0,0,1.2983680963516235,0.0002469135802469136,93,4049,0.0,811,22588
0,100,0.3,0.0,harm,hybrid,0.023,random,0.034,1.0,0,1.3107974529266357,0.0002469135802469136,93,4049,0.0,811,22588
0,100,0.3,0.0,harm,hybrid,0.023,random,0.034,1.0,0,1.3232269287109375,0.0002469135802469136,93,4049,0.0,811,22588
0,100,0.3,0.0,harm,hybrid,0.023,random,0.034,1.0,0,1.3356564044952393,0.0002469135802469136,93,4049,0.0,811,22588
0,100,0.3,0.0,harm,hybrid,0.023,random,0.034,1.0,0,1.348085880279541,0.0002469135802469136,93,4049,0.0,811,22588
1,100,0.3,0.0,harm,hybrid,0.023,random,0.034,1.0,0,0.04140770435333252,0.0032349323493234936,93,4064,0.03494623655913978,804,22306
1,100,0.3,0.0,harm,hybrid,0.023,random,0.034,1.0,0,0.05379550904035568,0.0032349323493234936,93,4064,0.03494623655913978,804,22306
1,100,0.3,0.0,harm,hybrid,0.023,random,0.034,1.0,0,0.06618331372737885,0.0032349323493234936,93,4064,0.03494623655913978,804,22306
1,100,0.3,0.0,harm,hybrid,0.023,random,0.034,1.0,0,0.07857111841440201,0.0032349323493234936,93,4064,0.03494623655913978,804,22306
1,100,0.3,0.0,harm,hybrid,0.023,random,0.034,1.0,0,0.09095892310142517,0.0032349323493234936,93,4064,0.03494623655913978,804,22306
1,100,0.3,0.0,harm,hybrid,0.023,random,0.034,1.0,0,0.10334672778844833,0.0032349323493234936,93,4064,0.03494623655913978,804,22306
1,100,0.3,0.0,harm,hybrid,0.023,random,0.034,1.0,0,0.1157345324754715,0.0032349323493234936,93,4064,0.03494623655913978,804,22306
1,100,0.3,0.0,harm,hybrid,0.023,random,0.034,1.0,0,0.12812232971191406,0.0032349323493234936,93,4064,0.03494623655913978,804,22306
1,100,0.3,0.0,harm,hybrid,0.023,random,0.034,1.0,0,0.14051014184951782,0.0032349323493234936,93,4064,0.03494623655913978,804,22306
1,100,0.3,0.0,harm,hybrid,0.023,random,0.034,1.0,0,0.15289795398712158,0.0032349323493234936,93,4064,0.03494623655913978,804,22306
1,100,0.3,0.0,harm,hybrid,0.023,random,0.034,1.0,0,0.16528575122356415,0.0032349323493234936,93,4064,0.03494623655913978,804,22306
1,100,0.3,0.0,harm,hybrid,0.023,random,0.034,1.0,0,0.1776735484600067,0.0032349323493234936,93,4064,0.03494623655913978,804,22306
1,100,0.3,0.0,harm,hybrid,0.023,random,0.034,1.0,0,0.19006136059761047,0.0032349323493234936,93,4064,0.03494623655913978,804,22306
1,100,0.3,0.0,harm,hybrid,0.023,random,0.034,1.0,0,0.20244917273521423,0.0032349323493234936,93,4064,0.03494623655913978,804,22306
1,100,0.3,0.0,harm,hybrid,0.023,random,0.034,1.0,0,0.2148369699716568,0.0032349323493234936,93,4064,0.03494623655913978,804,22306
1,100,0.3,0.0,harm,hybrid,0.023,random,0.034,1.0,0,0.22722476720809937,0.0032349323493234936,93,4064,0.03494623655913978,804,22306
1,100,0.3,0.0,harm,hybrid,0.023,random,0.034,1.0,0,0.23961257934570312,0.003222632226322263,93,4064,0.034408602150537634,804,22306
1,100,0.3,0.0,harm,hybrid,0.023,random,0.034,1.0,0,0.2520003914833069,0.003222632226322263,93,4064,0.034408602150537634,804,22306
1,100,0.3,0.0,harm,hybrid,0.023,random,0.034,1.0,0,0.26438820362091064,0.003222632226322263,93,4064,0.034408602150537634,804,22306
1,100,0.3,0.0,harm,hybrid,0.023,random,0.034,1.0,0,0.276775985956192,0.003222632226322263,93,4064,0.034408602150537634,804,22306
1,100,0.3,0.0,harm,hybrid,0.023,random,0.034,1.0,0,0.2891637980937958,0.0031980319803198032,93,4064,0.03333333333333333,804,22306
1,100,0.3,0.0,harm,hybrid,0.023,random,0.034,1.0,0,0.30155161023139954,0.0031980319803198032,93,4064,0.03333333333333333,804,22306
1,100,0.3,0.0,harm,hybrid,0.023,random,0.034,1.0,0,0.3139393925666809,0.0031980319803198032,93,4064,0.03333333333333333,804,22306
1,100,0.3,0.0,harm,hybrid,0.023,random,0.034,1.0,0,0.32632720470428467,0.0031980319803198032,93,4064,0.03333333333333333,804,22306
1,100,0.3,0.0,harm,hybrid,0.023,random,0.034,1.0,0,0.3387150168418884,0.0031980319803198032,93,4064,0.03333333333333333,804,22306
1,100,0.3,0.0,harm,hybrid,0.023,random,0.034,1.0,0,0.3511028289794922,0.003185731857318573,93,4064,0.03333333333333333,804,22306
1,100,0.3,0.0,harm,hybrid,0.023,random,0.034,1.0,0,0.36349064111709595,0.0031734317343173435,93,4064,0.03333333333333333,804,22306
1,100,0.3,0.0,harm,hybrid,0.023,random,0.034,1.0,0,0.3758784234523773,0.0031488314883148833,93,4064,0.03279569892473118,804,22306
1,100,0.3,0.0,harm,hybrid,0.023,random,0.034,1.0,0,0.3882662355899811,0.0031119311193111934,93,4064,0.03172043010752688,804,22306
1,100,0.3,0.0,harm,hybrid,0.023,random,0.034,1.0,0,0.40065404772758484,0.0031119311193111934,93,4064,0.03118279569892473,804,22306
1,100,0.3,0.0,harm,hybrid,0.023,random,0.034,1.0,0,0.4130418300628662,0.0030996309963099637,93,4064,0.03118279569892473,804,22306
1,100,0.3,0.0,harm,hybrid,0.023,random,0.034,1.0,0,0.42542964220046997,0.003038130381303813,93,4064,0.029032258064516127,804,22306
1,100,0.3,0.0,harm,hybrid,0.023,random,0.034,1.0,0,0.43781745433807373,0.0029643296432964334,93,4064,0.028494623655913976,804,22306
1,100,0.3,0.0,harm,hybrid,0.023,random,0.034,1.0,0,0.4502052664756775,0.002890528905289053,93,4064,0.025806451612903226,804,22306
1,100,0.3,0.0,harm,hybrid,0.023,random,0.034,1.0,0,0.46259307861328125,0.002841328413284133,93,4064,0.024193548387096774,804,22306
1,100,0.3,0.0,harm,hybrid,0.023,random,0.034,1.0,0,0.4749808609485626,0.0027552275522755233,93,4064,0.024193548387096774,804,22306
1,100,0.3,0.0,harm,hybrid,0.023,random,0.034,1.0,0,0.4873686730861664,0.0027429274292742932,93,4064,0.024193548387096774,804,22306
1,100,0.3,0.0,harm,hybrid,0.023,random,0.034,1.0,0,0.49975648522377014,0.002706027060270603,93,4064,0.022580645161290325,804,22306
1,100,0.3,0.0,harm,hybrid,0.023,random,0.034,1.0,0,0.5121442675590515,0.0026937269372693724,93,4064,0.022580645161290325,804,22306
1,100,0.3,0.0,harm,hybrid,0.023,random,0.034,1.0,0,0.5245320796966553,0.002644526445264453,93,4064,0.021505376344086023,804,22306
1,100,0.3,0.0,harm,hybrid,0.023,random,0.034,1.0,0,0.536919891834259,0.0026322263222632227,93,4064,0.021505376344086023,804,22306
1,100,0.3,0.0,harm,hybrid,0.023,random,0.034,1.0,0,0.5493077039718628,0.002570725707257073,93,4064,0.021505376344086023,804,22306
1,100,0.3,0.0,harm,hybrid,0.023,random,0.034,1.0,0,0.5616955161094666,0.002558425584255843,93,4064,0.020967741935483872,804,22306
1,100,0.3,0.0,harm,hybrid,0.023,random,0.034,1.0,0,0.5740833282470703,0.0025338253382533827,93,4064,0.020967741935483872,804,22306
1,100,0.3,0.0,harm,hybrid,0.023,random,0.034,1.0,0,0.5864710807800293,0.002472324723247233,93,4064,0.020967741935483872,804,22306
1,100,0.3,0.0,harm,hybrid,0.023,random,0.034,1.0,0,0.5988588929176331,0.0024477244772447724,93,4064,0.02043010752688172,804,22306
1,100,0.3,0.0,harm,hybrid,0.023,random,0.034,1.0,0,0.6112467050552368,0.0024108241082410825,93,4064,0.02043010752688172,804,22306
1,100,0.3,0.0,harm,hybrid,0.023,random,0.034,1.0,0,0.6236345171928406,0.0023985239852398524,93,4064,0.02043010752688172,804,22306
1,100,0.3,0.0,harm,hybrid,0.023,random,0.034,1.0,0,0.6360223293304443,0.0023739237392373927,93,4064,0.02043010752688172,804,22306
1,100,0.3,0.0,harm,hybrid,0.023,random,0.034,1.0,0,0.6484101414680481,0.0023493234932349324,93,4064,0.02043010752688172,804,22306
1,100,0.3,0.0,harm,hybrid,0.023,random,0.034,1.0,0,0.6607979536056519,0.0023247232472324722,93,4064,0.02043010752688172,804,22306
1,100,0.3,0.0,harm,hybrid,0.023,random,0.034,1.0,0,0.6731857657432556,0.002300123001230013,93,4064,0.02043010752688172,804,22306
1,100,0.3,0.0,harm,hybrid,0.023,random,0.034,1.0,0,0.6855735778808594,0.002287822878228783,93,4064,0.02043010752688172,804,22306
1,100,0.3,0.0,harm,hybrid,0.023,random,0.034,1.0,0,0.6979613304138184,0.0022509225092250925,93,4064,0.02043010752688172,804,22306
1,100,0.3,0.0,harm,hybrid,0.023,random,0.034,1.0,0,0.7103491425514221,0.002201722017220172,93,4064,0.02043010752688172,804,22306
1,100,0.3,0.0,harm,hybrid,0.023,random,0.034,1.0,0,0.7227369546890259,0.0021771217712177123,93,4064,0.02043010752688172,804,22306
1,100,0.3,0.0,harm,hybrid,0.023,random,0.034,1.0,0,0.7351247668266296,0.0021771217712177123,93,4064,0.02043010752688172,804,22306
1,100,0.3,0.0,harm,hybrid,0.023,random,0.034,1.0,0,0.7475125789642334,0.002103321033210332,93,4064,0.02043010752688172,804,22306
1,100,0.3,0.0,harm,hybrid,0.023,random,0.034,1.0,0,0.7599003911018372,0.0020295202952029523,93,4064,0.02043010752688172,804,22306
1,100,0.3,0.0,harm,hybrid,0.023,random,0.034,1.0,0,0.7722882032394409,0.001955719557195572,93,4064,0.02043010752688172,804,22306
1,100,0.3,0.0,harm,hybrid,0.023,random,0.034,1.0,0,0.7846759557723999,0.001918819188191882,93,4064,0.02043010752688172,804,22306
1,100,0.3,0.0,harm,hybrid,0.023,random,0.034,1.0,0,0.7970637679100037,0.0018696186961869618,93,4064,0.02043010752688172,804,22306
1,100,0.3,0.0,harm,hybrid,0.023,random,0.034,1.0,0,0.8094515800476074,0.001808118081180812,93,4064,0.02043010752688172,804,22306
1,100,0.3,0.0,harm,hybrid,0.023,random,0.034,1.0,0,0.8218393921852112,0.0016605166051660517,93,4064,0.02043010752688172,804,22306
1,100,0.3,0.0,harm,hybrid,0.023,random,0.034,1.0,0,0.8342272043228149,0.0015498154981549816,93,4064,0.02043010752688172,804,22306
1,100,0.3,0.0,harm,hybrid,0.023,random,0.034,1.0,0,0.8466150164604187,0.0013899138991389913,93,4064,0.02043010752688172,804,22306
1,100,0.3,0.0,harm,hybrid,0.023,random,0.034,1.0,0,0.8590028285980225,0.0013038130381303815,93,4064,0.02043010752688172,804,22306
1,100,0.3,0.0,harm,hybrid,0.023,random,0.034,1.0,0,0.8713906407356262,0.0012669126691266914,93,4064,0.02043010752688172,804,22306
1,100,0.3,0.0,harm,hybrid,0.023,random,0.034,1.0,0,0.88377845287323,0.0012177121771217714,93,4064,0.02043010752688172,804,22306
1,100,0.3,0.0,harm,hybrid,0.023,random,0.034,1.0,0,0.896166205406189,0.0011439114391143912,93,4064,0.02043010752688172,804,22306
1,100,0.3,0.0,harm,hybrid,0.023,random,0.034,1.0,0,0.9085540175437927,0.001070110701107011,93,4064,0.019892473118279574,804,22306
1,100,0.3,0.0,harm,hybrid,0.023,random,0.034,1.0,0,0.9209418296813965,0.0009348093480934811,93,4064,0.018817204301075273,804,22306
1,100,0.3,0.0,harm,hybrid,0.023,random,0.034,1.0,0,0.9333296418190002,0.0008610086100861009,93,4064,0.01720430107526882,804,22306
1,100,0.3,0.0,harm,hybrid,0.023,random,0.034,1.0,0,0.945717453956604,0.0007872078720787207,93,4064,0.016666666666666666,804,22306
1,100,0.3,0.0,harm,hybrid,0.023,random,0.034,1.0,0,0.9581052660942078,0.0007134071340713407,93,4064,0.015053763440860216,804,22306
1,100,0.3,0.0,harm,hybrid,0.023,random,0.034,1.0,0,0.9704930782318115,0.0006642066420664207,93,4064,0.012903225806451615,804,22306
1,100,0.3,0.0,harm,hybrid,0.023,random,0.034,1.0,0,0.9828808307647705,0.0005412054120541205,93,4064,0.00913978494623656,804,22306
1,100,0.3,0.0,harm,hybrid,0.023,random,0.034,1.0,0,0.9952686429023743,0.0004920049200492004,93,4064,0.007526881720430108,804,22306
1,100,0.3,0.0,harm,hybrid,0.023,random,0.034,1.0,0,1.007656455039978,0.0004182041820418204,93,4064,0.005376344086021506,804,22306
1,100,0.3,0.0,harm,hybrid,0.023,random,0.034,1.0,0,1.0200443267822266,0.0003936039360393604,93,4064,0.004301075268817204,804,22306
1,100,0.3,0.0,harm,hybrid,0.023,random,0.034,1.0,0,1.0324320793151855,0.00034440344403444036,93,4064,0.0032258064516129032,804,22306
1,100,0.3,0.0,harm,hybrid,0.023,random,0.034,1.0,0,1.0448198318481445,0.00029520295202952026,93,4064,0.001075268817204301,804,22306
1,100,0.3,0.0,harm,hybrid,0.023,random,0.034,1.0,0,1.057207703590393,0.00028290282902829027,93,4064,0.0005376344086021505,804,22306
1,100,0.3,0.0,harm,hybrid,0.023,random,0.034,1.0,0,1.069595456123352,0.00027060270602706027,93,4064,0.0,804,22306
1,100,0.3,0.0,harm,hybrid,0.023,random,0.034,1.0,0,1.0819833278656006,0.00027060270602706027,93,4064,0.0,804,22306
1,100,0.3,0.0,harm,hybrid,0.023,random,0.034,1.0,0,1.0943710803985596,0.0002583025830258302,93,4064,0.0,804,22306
1,100,0.3,0.0,harm,hybrid,0.023,random,0.034,1.0,0,1.106758952140808,0.0002460024600246002,93,4064,0.0,804,22306
1,100,0.3,0.0,harm,hybrid,0.023,random,0.034,1.0,0,1.119146704673767,0.0002460024600246002,93,4064,0.0,804,22306
1,100,0.3,0.0,harm,hybrid,0.023,random,0.034,1.0,0,1.131534457206726,0.0002460024600246002,93,4064,0.0,804,22306
1,100,0.3,0.0,harm,hybrid,0.023,random,0.034,1.0,0,1.1439223289489746,0.0002460024600246002,93,4064,0.0,804,22306
1,100,0.3,0.0,harm,hybrid,0.023,random,0.034,1.0,0,1.1563100814819336,0.0002460024600246002,93,4064,0.0,804,22306
1,100,0.3,0.0,harm,hybrid,0.023,random,0.034,1.0,0,1.1686979532241821,0.0002460024600246002,93,4064,0.0,804,22306
1,100,0.3,0.0,harm,hybrid,0.023,random,0.034,1.0,0,1.1810857057571411,0.0002460024600246002,93,4064,0.0,804,22306
1,100,0.3,0.0,harm,hybrid,0.023,random,0.034,1.0,0,1.1934735774993896,0.0002460024600246002,93,4064,0.0,804,22306
1,100,0.3,0.0,harm,hybrid,0.023,random,0.034,1.0,0,1.2058613300323486,0.0002460024600246002,93,4064,0.0,804,22306
1,100,0.3,0.0,harm,hybrid,0.023,random,0.034,1.0,0,1.2182492017745972,0.0002460024600246002,93,4064,0.0,804,22306
1,100,0.3,0.0,harm,hybrid,0.023,random,0.034,1.0,0,1.2306369543075562,0.0002460024600246002,93,4064,0.0,804,22306
1,100,0.3,0.0,harm,hybrid,0.023,random,0.034,1.0,0,1.2430247068405151,0.0002460024600246002,93,4064,0.0,804,22306
1,100,0.3,0.0,harm,hybrid,0.023,random,0.034,1.0,0,1.2554125785827637,0.0002460024600246002,93,4064,0.0,804,22306
1,100,0.3,0.0,harm,hybrid,0.023,random,0.034,1.0,0,1.2678003311157227,0.0002460024600246002,93,4064,0.0,804,22306
2,100,0.3,0.0,harm,hybrid,0.023,random,0.034,1.0,0,0.03058314323425293,0.0032218396458435815,93,4065,0.035483870967741936,815,22499
2,100,0.3,0.0,harm,hybrid,0.023,random,0.034,1.0,0,0.04363076761364937,0.0032218396458435815,93,4065,0.035483870967741936,815,22499
2,100,0.3,0.0,harm,hybrid,0.023,random,0.034,1.0,0,0.05667839199304581,0.0032218396458435815,93,4065,0.035483870967741936,815,22499
2,100,0.3,0.0,harm,hybrid,0.023,random,0.034,1.0,0,0.06972602009773254,0.0032218396458435815,93,4065,0.035483870967741936,815,22499
2,100,0.3,0.0,harm,hybrid,0.023,random,0.034,1.0,0,0.08277364075183868,0.0032218396458435815,93,4065,0.035483870967741936,815,22499
2,100,0.3,0.0,harm,hybrid,0.023,random,0.034,1.0,0,0.09582126885652542,0.0032218396458435815,93,4065,0.035483870967741936,815,22499
2,100,0.3,0.0,harm,hybrid,0.023,random,0.034,1.0,0,0.10886889696121216,0.0032218396458435815,93,4065,0.035483870967741936,815,22499
2,100,0.3,0.0,harm,hybrid,0.023,random,0.034,1.0,0,0.1219165176153183,0.0032218396458435815,93,4065,0.035483870967741936,815,22499
2,100,0.3,0.0,harm,hybrid,0.023,random,0.034,1.0,0,0.13496413826942444,0.0032218396458435815,93,4065,0.035483870967741936,815,22499
2,100,0.3,0.0,harm,hybrid,0.023,random,0.034,1.0,0,0.14801177382469177,0.0032218396458435815,93,4065,0.035483870967741936,815,22499
2,100,0.3,0.0,harm,hybrid,0.023,random,0.034,1.0,0,0.1610593944787979,0.0032218396458435815,93,4065,0.035483870967741936,815,22499
2,100,0.3,0.0,harm,hybrid,0.023,random,0.034,1.0,0,0.17410701513290405,0.0032218396458435815,93,4065,0.035483870967741936,815,22499
2,100,0.3,0.0,harm,hybrid,0.023,random,0.034,1.0,0,0.1871546506881714,0.0032218396458435815,93,4065,0.035483870967741936,815,22499
2,100,0.3,0.0,harm,hybrid,0.023,random,0.034,1.0,0,0.20020227134227753,0.0032218396458435815,93,4065,0.035483870967741936,815,22499
2,100,0.3,0.0,harm,hybrid,0.023,random,0.034,1.0,0,0.21324989199638367,0.0032218396458435815,93,4065,0.035483870967741936,815,22499
2,100,0.3,0.0,harm,hybrid,0.023,random,0.034,1.0,0,0.226297527551651,0.0032218396458435815,93,4065,0.035483870967741936,815,22499
2,100,0.3,0.0,harm,hybrid,0.023,random,0.034,1.0,0,0.23934514820575714,0.0032218396458435815,93,4065,0.035483870967741936,815,22499
2,100,0.3,0.0,harm,hybrid,0.023,random,0.034,1.0,0,0.2523927688598633,0.0032218396458435815,93,4065,0.035483870967741936,815,22499
2,100,0.3,0.0,harm,hybrid,0.023,random,0.034,1.0,0,0.2654404044151306,0.0032095425479586816,93,4065,0.035483870967741936,815,22499
2,100,0.3,0.0,harm,hybrid,0.023,random,0.034,1.0,0,0.27848803997039795,0.0032095425479586816,93,4065,0.035483870967741936,815,22499
2,100,0.3,0.0,harm,hybrid,0.023,random,0.034,1.0,0,0.2915356457233429,0.0032095425479586816,93,4065,0.035483870967741936,815,22499
2,100,0.3,0.0,harm,hybrid,0.023,random,0.034,1.0,0,0.30458328127861023,0.003197245450073783,93,4065,0.035483870967741936,815,22499
2,100,0.3,0.0,harm,hybrid,0.023,random,0.034,1.0,0,0.3176308870315552,0.003172651254303985,93,4065,0.03494623655913978,815,22499
2,100,0.3,0.0,harm,hybrid,0.023,random,0.034,1.0,0,0.3306785225868225,0.003160354156419086,93,4065,0.034408602150537634,815,22499
2,100,0.3,0.0,harm,hybrid,0.023,random,0.034,1.0,0,0.34372615814208984,0.0031480570585341863,93,4065,0.03333333333333333,815,22499
2,100,0.3,0.0,harm,hybrid,0.023,random,0.034,1.0,0,0.3567737638950348,0.0031234628627643877,93,4065,0.03225806451612903,815,22499
2,100,0.3,0.0,harm,hybrid,0.023,random,0.034,1.0,0,0.3698213994503021,0.0031234628627643877,93,4065,0.03225806451612903,815,22499
2,100,0.3,0.0,harm,hybrid,0.023,random,0.034,1.0,0,0.38286903500556946,0.003111165764879489,93,4065,0.03225806451612903,815,22499
2,100,0.3,0.0,harm,hybrid,0.023,random,0.034,1.0,0,0.3959166407585144,0.0030865715691096906,93,4065,0.03225806451612903,815,22499
2,100,0.3,0.0,harm,hybrid,0.023,random,0.034,1.0,0,0.40896427631378174,0.0030619773733398924,93,4065,0.03118279569892473,815,22499
2,100,0.3,0.0,harm,hybrid,0.023,random,0.034,1.0,0,0.4220119118690491,0.003025086079685195,93,4065,0.03118279569892473,815,22499
2,100,0.3,0.0,harm,hybrid,0.023,random,0.034,1.0,0,0.435059517621994,0.0029513034923757996,93,4065,0.029569892473118274,815,22499
2,100,0.3,0.0,harm,hybrid,0.023,random,0.034,1.0,0,0.44810715317726135,0.0029267092966060015,93,4065,0.028494623655913976,815,22499
2,100,0.3,0.0,harm,hybrid,0.023,random,0.034,1.0,0,0.4611547887325287,0.002902115100836203,93,4065,0.028494623655913976,815,22499
2,100,0.3,0.0,harm,hybrid,0.023,random,0.034,1.0,0,0.47420239448547363,0.0028652238071815057,93,4065,0.027419354838709675,815,22499
2,100,0.3,0.0,harm,hybrid,0.023,random,0.034,1.0,0,0.48725003004074097,0.002840629611411707,93,4065,0.026344086021505373,815,22499
2,100,0.3,0.0,harm,hybrid,0.023,random,0.034,1.0,0,0.5002976655960083,0.0027914412198721105,93,4065,0.025268817204301075,815,22499
2,100,0.3,0.0,harm,hybrid,0.023,random,0.034,1.0,0,0.5133452415466309,0.0027299557304476148,93,4065,0.023655913978494626,815,22499
2,100,0.3,0.0,harm,hybrid,0.023,random,0.034,1.0,0,0.526392936706543,0.0027053615346778162,93,4065,0.022580645161290325,815,22499
2,100,0.3,0.0,harm,hybrid,0.023,random,0.034,1.0,0,0.5394405126571655,0.0026684702410231186,93,4065,0.022580645161290325,815,22499
2,100,0.3,0.0,harm,hybrid,0.023,random,0.034,1.0,0,0.5524881482124329,0.002606984751598623,93,4065,0.021505376344086023,815,22499
2,100,0.3,0.0,harm,hybrid,0.023,random,0.034,1.0,0,0.5655357837677002,0.0025823905558288243,93,4065,0.020967741935483872,815,22499
2,100,0.3,0.0,harm,hybrid,0.023,random,0.034,1.0,0,0.5785834193229675,0.002545499262174127,93,4065,0.020967741935483872,815,22499
2,100,0.3,0.0,harm,hybrid,0.023,random,0.034,1.0,0,0.5916310548782349,0.00250860796851943,93,4065,0.01989247311827957,815,22499
2,100,0.3,0.0,harm,hybrid,0.023,random,0.034,1.0,0,0.6046786308288574,0.0024348253812100347,93,4065,0.01989247311827957,815,22499
2,100,0.3,0.0,harm,hybrid,0.023,random,0.034,1.0,0,0.6177262663841248,0.002373339891785539,93,4065,0.01989247311827957,815,22499
2,100,0.3,0.0,harm,hybrid,0.023,random,0.034,1.0,0,0.6307739019393921,0.002373339891785539,93,4065,0.01989247311827957,815,22499
2,100,0.3,0.0,harm,hybrid,0.023,random,0.034,1.0,0,0.6438215374946594,0.002336448598130841,93,4065,0.01989247311827957,815,22499
2,100,0.3,0.0,harm,hybrid,0.023,random,0.034,1.0,0,0.6568691730499268,0.002324151500245942,93,4065,0.01989247311827957,815,22499
2,100,0.3,0.0,harm,hybrid,0.023,random,0.034,1.0,0,0.6699168086051941,0.0022995573044761438,93,4065,0.01989247311827957,815,22499
2,100,0.3,0.0,harm,hybrid,0.023,random,0.034,1.0,0,0.6829643845558167,0.002262666010821446,93,4065,0.01989247311827957,815,22499
2,100,0.3,0.0,harm,hybrid,0.023,random,0.034,1.0,0,0.696012020111084,0.002225774717166749,93,4065,0.01989247311827957,815,22499
2,100,0.3,0.0,harm,hybrid,0.023,random,0.034,1.0,0,0.7090596556663513,0.0022134776192818495,93,4065,0.01989247311827957,815,22499
2,100,0.3,0.0,harm,hybrid,0.023,random,0.034,1.0,0,0.7221072912216187,0.0021888834235120514,93,4065,0.01989247311827957,815,22499
2,100,0.3,0.0,harm,hybrid,0.023,random,0.034,1.0,0,0.735154926776886,0.0021519921298573537,93,4065,0.01989247311827957,815,22499
2,100,0.3,0.0,harm,hybrid,0.023,random,0.034,1.0,0,0.7482025623321533,0.002127397934087555,93,4065,0.01989247311827957,815,22499
2,100,0.3,0.0,harm,hybrid,0.023,random,0.034,1.0,0,0.7612501382827759,0.002090506640432858,93,4065,0.01989247311827957,815,22499
2,100,0.3,0.0,harm,hybrid,0.023,random,0.034,1.0,0,0.7742977738380432,0.0020167240531234628,93,4065,0.01989247311827957,815,22499
2,100,0.3,0.0,harm,hybrid,0.023,random,0.034,1.0,0,0.7873454093933105,0.001967535661583866,93,4065,0.01989247311827957,815,22499
2,100,0.3,0.0,harm,hybrid,0.023,random,0.034,1.0,0,0.8003930449485779,0.001942941465814068,93,4065,0.01989247311827957,815,22499
2,100,0.3,0.0,harm,hybrid,0.023,random,0.034,1.0,0,0.8134406805038452,0.0018568617806197737,93,4065,0.01989247311827957,815,22499
2,100,0.3,0.0,harm,hybrid,0.023,random,0.034,1.0,0,0.8264883160591125,0.0017707820954254798,93,4065,0.01989247311827957,815,22499
2,100,0.3,0.0,harm,hybrid,0.023,random,0.034,1.0,0,0.8395358920097351,0.0017338908017707822,93,4065,0.01989247311827957,815,22499
2,100,0.3,0.0,harm,hybrid,0.023,random,0.034,1.0,0,0.8525835275650024,0.001660108214461387,93,4065,0.01989247311827957,815,22499
2,100,0.3,0.0,harm,hybrid,0.023,random,0.034,1.0,0,0.8656311631202698,0.001524840137727496,93,4065,0.01989247311827957,815,22499
2,100,0.3,0.0,harm,hybrid,0.023,random,0.034,1.0,0,0.8786787986755371,0.0014387604525332022,93,4065,0.01989247311827957,815,22499
2,100,0.3,0.0,harm,hybrid,0.023,random,0.034,1.0,0,0.8917264342308044,0.0013034923757993117,93,4065,0.01989247311827957,815,22499
2,100,0.3,0.0,harm,hybrid,0.023,random,0.034,1.0,0,0.904774010181427,0.0012297097884899164,93,4065,0.01989247311827957,815,22499
2,100,0.3,0.0,harm,hybrid,0.023,random,0.034,1.0,0,0.9178216457366943,0.0011559272011805214,93,4065,0.01989247311827957,815,22499
2,100,0.3,0.0,harm,hybrid,0.023,random,0.034,1.0,0,0.9308692812919617,0.0010821446138711264,93,4065,0.01989247311827957,815,22499
2,100,0.3,0.0,harm,hybrid,0.023,random,0.034,1.0,0,0.943916916847229,0.000983767830791933,93,4065,0.019354838709677424,815,22499
2,100,0.3,0.0,harm,hybrid,0.023,random,0.034,1.0,0,0.9569645524024963,0.0008853910477127398,93,4065,0.017741935483870968,815,22499
2,100,0.3,0.0,harm,hybrid,0.023,random,0.034,1.0,0,0.9700121879577637,0.0008362026561731431,93,4065,0.016666666666666666,815,22499
2,100,0.3,0.0,harm,hybrid,0.023,random,0.034,1.0,0,0.9830597639083862,0.000762420068863748,93,4065,0.015053763440860214,815,22499
2,100,0.3,0.0,harm,hybrid,0.023,random,0.034,1.0,0,0.9961073994636536,0.0007009345794392523,93,4065,0.013440860215053765,815,22499
2,100,0.3,0.0,harm,hybrid,0.023,random,0.034,1.0,0,1.009155035018921,0.0005656665027053615,93,4065,0.01021505376344086,815,22499
2,100,0.3,0.0,harm,hybrid,0.023,random,0.034,1.0,0,1.022202730178833,0.0005041810132808657,93,4065,0.008602150537634409,815,22499
2,100,0.3,0.0,harm,hybrid,0.023,random,0.034,1.0,0,1.0352503061294556,0.0004181013280865715,93,4065,0.004838709677419355,815,22499
2,100,0.3,0.0,harm,hybrid,0.023,random,0.034,1.0,0,1.0482978820800781,0.0003566158386620758,93,4065,0.002688172043010753,815,22499
2,100,0.3,0.0,harm,hybrid,0.023,random,0.034,1.0,0,1.0613455772399902,0.0003074274471224791,93,4065,0.001075268817204301,815,22499
2,100,0.3,0.0,harm,hybrid,0.023,random,0.034,1.0,0,1.0743931531906128,0.00029513034923757994,93,4065,0.0005376344086021505,815,22499
2,100,0.3,0.0,harm,hybrid,0.023,random,0.034,1.0,0,1.087440848350525,0.00028283325135268077,93,4065,0.0,815,22499
2,100,0.3,0.0,harm,hybrid,0.023,random,0.034,1.0,0,1.1004884243011475,0.00024594195769798326,93,4065,0.0,815,22499
2,100,0.3,0.0,harm,hybrid,0.023,random,0.034,1.0,0,1.11353600025177,0.00024594195769798326,93,4065,0.0,815,22499
2,100,0.3,0.0,harm,hybrid,0.023,random,0.034,1.0,0,1.1265836954116821,0.00024594195769798326,93,4065,0.0,815,22499
2,100,0.3,0.0,harm,hybrid,0.023,random,0.034,1.0,0,1.1396312713623047,0.00024594195769798326,93,4065,0.0,815,22499
2,100,0.3,0.0,harm,hybrid,0.023,random,0.034,1.0,0,1.1526789665222168,0.00024594195769798326,93,4065,0.0,815,22499
2,100,0.3,0.0,harm,hybrid,0.023,random,0.034,1.0,0,1.1657265424728394,0.00024594195769798326,93,4065,0.0,815,22499
2,100,0.3,0.0,harm,hybrid,0.023,random,0.034,1.0,0,1.178774118423462,0.00024594195769798326,93,4065,0.0,815,22499
2,100,0.3,0.0,harm,hybrid,0.023,random,0.034,1.0,0,1.191821813583374,0.00024594195769798326,93,4065,0.0,815,22499
2,100,0.3,0.0,harm,hybrid,0.023,random,0.034,1.0,0,1.2048693895339966,0.00024594195769798326,93,4065,0.0,815,22499
2,100,0.3,0.0,harm,hybrid,0.023,random,0.034,1.0,0,1.2179170846939087,0.00024594195769798326,93,4065,0.0,815,22499
2,100,0.3,0.0,harm,hybrid,0.023,random,0.034,1.0,0,1.2309646606445312,0.00024594195769798326,93,4065,0.0,815,22499
2,100,0.3,0.0,harm,hybrid,0.023,random,0.034,1.0,0,1.2440123558044434,0.00024594195769798326,93,4065,0.0,815,22499
2,100,0.3,0.0,harm,hybrid,0.023,random,0.034,1.0,0,1.257059931755066,0.00024594195769798326,93,4065,0.0,815,22499
2,100,0.3,0.0,harm,hybrid,0.023,random,0.034,1.0,0,1.2701075077056885,0.00024594195769798326,93,4065,0.0,815,22499
2,100,0.3,0.0,harm,hybrid,0.023,random,0.034,1.0,0,1.2831552028656006,0.00024594195769798326,93,4065,0.0,815,22499
2,100,0.3,0.0,harm,hybrid,0.023,random,0.034,1.0,0,1.2962027788162231,0.00024594195769798326,93,4065,0.0,815,22499
2,100,0.3,0.0,harm,hybrid,0.023,random,0.034,1.0,0,1.3092504739761353,0.00024594195769798326,93,4065,0.0,815,22499
2,100,0.3,0.0,harm,hybrid,0.023,random,0.034,1.0,0,1.3222980499267578,0.00024594195769798326,93,4065,0.0,815,22499
3,100,0.3,0.0,harm,hybrid,0.023,random,0.034,1.0,0,0.05018720030784607,0.0030501358360088913,93,4048,0.03709677419354839,811,22428
3,100,0.3,0.0,harm,hybrid,0.023,random,0.034,1.0,0,0.06261549144983292,0.0030501358360088913,93,4048,0.03709677419354839,811,22428
3,100,0.3,0.0,harm,hybrid,0.023,random,0.034,1.0,0,0.07504378259181976,0.0030501358360088913,93,4048,0.03709677419354839,811,22428
3,100,0.3,0.0,harm,hybrid,0.023,random,0.034,1.0,0,0.08747208118438721,0.0030501358360088913,93,4048,0.03709677419354839,811,22428
3,100,0.3,0.0,harm,hybrid,0.023,random,0.034,1.0,0,0.09990036487579346,0.0030501358360088913,93,4048,0.03709677419354839,811,22428
3,100,0.3,0.0,harm,hybrid,0.023,random,0.034,1.0,0,0.1123286634683609,0.0030501358360088913,93,4048,0.03709677419354839,811,22428
3,100,0.3,0.0,harm,hybrid,0.023,random,0.034,1.0,0,0.12475695461034775,0.0030501358360088913,93,4048,0.03709677419354839,811,22428
3,100,0.3,0.0,harm,hybrid,0.023,random,0.034,1.0,0,0.1371852457523346,0.0030501358360088913,93,4048,0.03709677419354839,811,22428
3,100,0.3,0.0,harm,hybrid,0.023,random,0.034,1.0,0,0.14961352944374084,0.0030501358360088913,93,4048,0.03709677419354839,811,22428
3,100,0.3,0.0,harm,hybrid,0.023,random,0.034,1.0,0,0.1620418280363083,0.0030501358360088913,93,4048,0.03709677419354839,811,22428
3,100,0.3,0.0,harm,hybrid,0.023,random,0.034,1.0,0,0.17447012662887573,0.0030501358360088913,93,4048,0.03709677419354839,811,22428
3,100,0.3,0.0,harm,hybrid,0.023,random,0.034,1.0,0,0.18689841032028198,0.0030501358360088913,93,4048,0.03709677419354839,811,22428
3,100,0.3,0.0,harm,hybrid,0.023,random,0.034,1.0,0,0.19932670891284943,0.0030377871079278838,93,4048,0.03655913978494624,811,22428
3,100,0.3,0.0,harm,hybrid,0.023,random,0.034,1.0,0,0.21175499260425568,0.0030377871079278838,93,4048,0.03655913978494624,811,22428
3,100,0.3,0.0,harm,hybrid,0.023,random,0.034,1.0,0,0.22418329119682312,0.0030377871079278838,93,4048,0.03655913978494624,811,22428
3,100,0.3,0.0,harm,hybrid,0.023,random,0.034,1.0,0,0.23661157488822937,0.0030377871079278838,93,4048,0.03655913978494624,811,22428
3,100,0.3,0.0,harm,hybrid,0.023,random,0.034,1.0,0,0.24903987348079681,0.0030377871079278838,93,4048,0.03655913978494624,811,22428
3,100,0.3,0.0,harm,hybrid,0.023,random,0.034,1.0,0,0.26146817207336426,0.0030377871079278838,93,4048,0.03655913978494624,811,22428
3,100,0.3,0.0,harm,hybrid,0.023,random,0.034,1.0,0,0.2738964557647705,0.003025438379846876,93,4048,0.03655913978494624,811,22428
3,100,0.3,0.0,harm,hybrid,0.023,random,0.034,1.0,0,0.28632473945617676,0.003000740923684861,93,4048,0.035483870967741936,811,22428
3,100,0.3,0.0,harm,hybrid,0.023,random,0.034,1.0,0,0.298753023147583,0.003000740923684861,93,4048,0.035483870967741936,811,22428
3,100,0.3,0.0,harm,hybrid,0.023,random,0.034,1.0,0,0.31118133664131165,0.003000740923684861,93,4048,0.035483870967741936,811,22428
3,100,0.3,0.0,harm,hybrid,0.023,random,0.034,1.0,0,0.3236096203327179,0.0029760434675228454,93,4048,0.034408602150537634,811,22428
3,100,0.3,0.0,harm,hybrid,0.023,random,0.034,1.0,0,0.33603790402412415,0.0029760434675228454,93,4048,0.034408602150537634,811,22428
3,100,0.3,0.0,harm,hybrid,0.023,random,0.034,1.0,0,0.3484662175178528,0.0029636947394418374,93,4048,0.03387096774193549,811,22428
3,100,0.3,0.0,harm,hybrid,0.023,random,0.034,1.0,0,0.36089450120925903,0.0029636947394418374,93,4048,0.03387096774193549,811,22428
3,100,0.3,0.0,harm,hybrid,0.023,random,0.034,1.0,0,0.3733227849006653,0.0029266485551988144,93,4048,0.03279569892473118,811,22428
3,100,0.3,0.0,harm,hybrid,0.023,random,0.034,1.0,0,0.3857510983943939,0.0029142998271178074,93,4048,0.03279569892473118,811,22428
3,100,0.3,0.0,harm,hybrid,0.023,random,0.034,1.0,0,0.39817938208580017,0.002889602370955792,93,4048,0.031720430107526884,811,22428
3,100,0.3,0.0,harm,hybrid,0.023,random,0.034,1.0,0,0.4106076657772064,0.002852556186712769,93,4048,0.030645161290322583,811,22428
3,100,0.3,0.0,harm,hybrid,0.023,random,0.034,1.0,0,0.42303594946861267,0.002827858730550753,93,4048,0.02956989247311828,811,22428
3,100,0.3,0.0,harm,hybrid,0.023,random,0.034,1.0,0,0.4354642629623413,0.002827858730550753,93,4048,0.02956989247311828,811,22428
3,100,0.3,0.0,harm,hybrid,0.023,random,0.034,1.0,0,0.44789254665374756,0.0028402074586317614,93,4048,0.02956989247311828,811,22428
3,100,0.3,0.0,harm,hybrid,0.023,random,0.034,1.0,0,0.4603208303451538,0.0028155100024697456,93,4048,0.02903225806451613,811,22428
3,100,0.3,0.0,harm,hybrid,0.023,random,0.034,1.0,0,0.47274914383888245,0.0027908125463077305,93,4048,0.02795698924731183,811,22428
3,100,0.3,0.0,harm,hybrid,0.023,random,0.034,1.0,0,0.4851774275302887,0.0027537663620647076,93,4048,0.026881720430107527,811,22428
3,100,0.3,0.0,harm,hybrid,0.023,random,0.034,1.0,0,0.49760571122169495,0.0027167201778216846,93,4048,0.02580645161290323,811,22428
3,100,0.3,0.0,harm,hybrid,0.023,random,0.034,1.0,0,0.5100339651107788,0.002704371449740677,93,4048,0.02580645161290323,811,22428
3,100,0.3,0.0,harm,hybrid,0.023,random,0.034,1.0,0,0.5224623084068298,0.002667325265497654,93,4048,0.025268817204301075,811,22428
3,100,0.3,0.0,harm,hybrid,0.023,random,0.034,1.0,0,0.5348905920982361,0.0026426278093356383,93,4048,0.025268817204301075,811,22428
3,100,0.3,0.0,harm,hybrid,0.023,random,0.034,1.0,0,0.5473188757896423,0.0025561867127685853,93,4048,0.022580645161290325,811,22428
3,100,0.3,0.0,harm,hybrid,0.023,random,0.034,1.0,0,0.5597472190856934,0.0025314892566065694,93,4048,0.022580645161290325,811,22428
3,100,0.3,0.0,harm,hybrid,0.023,random,0.034,1.0,0,0.5721755027770996,0.0024944430723635473,93,4048,0.022580645161290325,811,22428
3,100,0.3,0.0,harm,hybrid,0.023,random,0.034,1.0,0,0.5846037864685059,0.0024697456162015314,93,4048,0.022580645161290325,811,22428
3,100,0.3,0.0,harm,hybrid,0.023,random,0.034,1.0,0,0.5970320701599121,0.0024450481600395155,93,4048,0.02204301075268817,811,22428
3,100,0.3,0.0,harm,hybrid,0.023,random,0.034,1.0,0,0.6094603538513184,0.002420350703877501,93,4048,0.02204301075268817,811,22428
3,100,0.3,0.0,harm,hybrid,0.023,random,0.034,1.0,0,0.6218886375427246,0.002408001975796493,93,4048,0.02204301075268817,811,22428
3,100,0.3,0.0,harm,hybrid,0.023,random,0.034,1.0,0,0.6343169212341309,0.002358607063472463,93,4048,0.02204301075268817,811,22428
3,100,0.3,0.0,harm,hybrid,0.023,random,0.034,1.0,0,0.6467452049255371,0.002358607063472463,93,4048,0.02204301075268817,811,22428
3,100,0.3,0.0,harm,hybrid,0.023,random,0.034,1.0,0,0.6591734886169434,0.0023215608792294395,93,4048,0.02204301075268817,811,22428
3,100,0.3,0.0,harm,hybrid,0.023,random,0.034,1.0,0,0.6716017723083496,0.002309212151148432,93,4048,0.02204301075268817,811,22428
3,100,0.3,0.0,harm,hybrid,0.023,random,0.034,1.0,0,0.6840300559997559,0.0022845146949864166,93,4048,0.02204301075268817,811,22428
3,100,0.3,0.0,harm,hybrid,0.023,random,0.034,1.0,0,0.6964583396911621,0.002235119782662386,93,4048,0.02204301075268817,811,22428
3,100,0.3,0.0,harm,hybrid,0.023,random,0.034,1.0,0,0.7088866233825684,0.0021980735984193627,93,4048,0.02204301075268817,811,22428
3,100,0.3,0.0,harm,hybrid,0.023,random,0.034,1.0,0,0.7213150262832642,0.0021486786860953322,93,4048,0.02204301075268817,811,22428
3,100,0.3,0.0,harm,hybrid,0.023,random,0.034,1.0,0,0.7337433099746704,0.0020992837737713013,93,4048,0.02204301075268817,811,22428
3,100,0.3,0.0,harm,hybrid,0.023,random,0.034,1.0,0,0.7461715936660767,0.0020992837737713013,93,4048,0.02204301075268817,811,22428
3,100,0.3,0.0,harm,hybrid,0.023,random,0.034,1.0,0,0.7585998773574829,0.0020498888614472713,93,4048,0.02204301075268817,811,22428
3,100,0.3,0.0,harm,hybrid,0.023,random,0.034,1.0,0,0.7710281610488892,0.002012842677204248,93,4048,0.02204301075268817,811,22428
3,100,0.3,0.0,harm,hybrid,0.023,random,0.034,1.0,0,0.7834564447402954,0.001901704124475179,93,4048,0.02204301075268817,811,22428
3,100,0.3,0.0,harm,hybrid,0.023,random,0.034,1.0,0,0.7958847284317017,0.0018646579402321565,93,4048,0.02204301075268817,811,22428
3,100,0.3,0.0,harm,hybrid,0.023,random,0.034,1.0,0,0.8083130121231079,0.001839960484070141,93,4048,0.02204301075268817,811,22428
3,100,0.3,0.0,harm,hybrid,0.023,random,0.034,1.0,0,0.8207412958145142,0.0017782168436651026,93,4048,0.02204301075268817,811,22428
3,100,0.3,0.0,harm,hybrid,0.023,random,0.034,1.0,0,0.8331695795059204,0.0017411706594220797,93,4048,0.02204301075268817,811,22428
3,100,0.3,0.0,harm,hybrid,0.023,random,0.034,1.0,0,0.8455978631973267,0.0017164732032600642,93,4048,0.02204301075268817,811,22428
3,100,0.3,0.0,harm,hybrid,0.023,random,0.034,1.0,0,0.8580261468887329,0.0015806371943689803,93,4048,0.02204301075268817,811,22428
3,100,0.3,0.0,harm,hybrid,0.023,random,0.034,1.0,0,0.8704544305801392,0.0015435910101259573,93,4048,0.02204301075268817,811,22428
3,100,0.3,0.0,harm,hybrid,0.023,random,0.034,1.0,0,0.8828827142715454,0.0014571499135589035,93,4048,0.02204301075268817,811,22428
3,100,0.3,0.0,harm,hybrid,0.023,random,0.034,1.0,0,0.8953111171722412,0.001395406273153865,93,4048,0.02204301075268817,811,22428
3,100,0.3,0.0,harm,hybrid,0.023,random,0.034,1.0,0,0.9077394008636475,0.0013089651765868116,93,4048,0.02204301075268817,811,22428
3,100,0.3,0.0,harm,hybrid,0.023,random,0.034,1.0,0,0.9201676845550537,0.001222524080019758,93,4048,0.021505376344086023,811,22428
3,100,0.3,0.0,harm,hybrid,0.023,random,0.034,1.0,0,0.93259596824646,0.0011731291676957273,93,4048,0.021505376344086023,811,22428
3,100,0.3,0.0,harm,hybrid,0.023,random,0.034,1.0,0,0.9450242519378662,0.0010496418868856509,93,4048,0.020430107526881718,811,22428
3,100,0.3,0.0,harm,hybrid,0.023,random,0.034,1.0,0,0.9574525356292725,0.0009508520622375896,93,4048,0.01881720430107527,811,22428
3,100,0.3,0.0,harm,hybrid,0.023,random,0.034,1.0,0,0.9698808193206787,0.000864410965670536,93,4048,0.01827956989247312,811,22428
3,100,0.3,0.0,harm,hybrid,0.023,random,0.034,1.0,0,0.982309103012085,0.0007409236848604594,93,4048,0.016129032258064516,811,22428
3,100,0.3,0.0,harm,hybrid,0.023,random,0.034,1.0,0,0.9947373867034912,0.0006297851321313905,93,4048,0.012903225806451613,811,22428
3,100,0.3,0.0,harm,hybrid,0.023,random,0.034,1.0,0,1.0071656703948975,0.0005433440355643368,93,4048,0.00967741935483871,811,22428
3,100,0.3,0.0,harm,hybrid,0.023,random,0.034,1.0,0,1.0195939540863037,0.000506297851321314,93,4048,0.008064516129032258,811,22428
3,100,0.3,0.0,harm,hybrid,0.023,random,0.034,1.0,0,1.03202223777771,0.00043220548283526793,93,4048,0.005376344086021506,811,22428
3,100,0.3,0.0,harm,hybrid,0.023,random,0.034,1.0,0,1.0444505214691162,0.0003334156581872067,93,4048,0.0032258064516129037,811,22428
3,100,0.3,0.0,harm,hybrid,0.023,random,0.034,1.0,0,1.056878924369812,0.0002840207458631761,93,4048,0.0016129032258064518,811,22428
3,100,0.3,0.0,harm,hybrid,0.023,random,0.034,1.0,0,1.0693072080612183,0.0002593232897011608,93,4048,0.0005376344086021505,811,22428
3,100,0.3,0.0,harm,hybrid,0.023,random,0.034,1.0,0,1.0817354917526245,0.0002593232897011608,93,4048,0.0005376344086021505,811,22428
3,100,0.3,0.0,harm,hybrid,0.023,random,0.034,1.0,0,1.0941637754440308,0.0002593232897011608,93,4048,0.0005376344086021505,811,22428
3,100,0.3,0.0,harm,hybrid,0.023,random,0.034,1.0,0,1.106592059135437,0.0002593232897011608,93,4048,0.0005376344086021505,811,22428
3,100,0.3,0.0,harm,hybrid,0.023,random,0.034,1.0,0,1.1190203428268433,0.0002593232897011608,93,4048,0.0005376344086021505,811,22428
3,100,0.3,0.0,harm,hybrid,0.023,random,0.034,1.0,0,1.1314486265182495,0.0002593232897011608,93,4048,0.0005376344086021505,811,22428
3,100,0.3,0.0,harm,hybrid,0.023,random,0.034,1.0,0,1.1438769102096558,0.0002593232897011608,93,4048,0.0005376344086021505,811,22428
3,100,0.3,0.0,harm,hybrid,0.023,random,0.034,1.0,0,1.156305193901062,0.0002469745616201531,93,4048,0.0,811,22428
3,100,0.3,0.0,harm,hybrid,0.023,random,0.034,1.0,0,1.1687334775924683,0.0002469745616201531,93,4048,0.0,811,22428
3,100,0.3,0.0,harm,hybrid,0.023,random,0.034,1.0,0,1.1811617612838745,0.0002469745616201531,93,4048,0.0,811,22428
3,100,0.3,0.0,harm,hybrid,0.023,random,0.034,1.0,0,1.1935900449752808,0.0002469745616201531,93,4048,0.0,811,22428
3,100,0.3,0.0,harm,hybrid,0.023,random,0.034,1.0,0,1.2060184478759766,0.0002469745616201531,93,4048,0.0,811,22428
3,100,0.3,0.0,harm,hybrid,0.023,random,0.034,1.0,0,1.2184467315673828,0.0002469745616201531,93,4048,0.0,811,22428
3,100,0.3,0.0,harm,hybrid,0.023,random,0.034,1.0,0,1.230875015258789,0.0002469745616201531,93,4048,0.0,811,22428
3,100,0.3,0.0,harm,hybrid,0.023,random,0.034,1.0,0,1.2433032989501953,0.0002469745616201531,93,4048,0.0,811,22428
3,100,0.3,0.0,harm,hybrid,0.023,random,0.034,1.0,0,1.2557315826416016,0.0002469745616201531,93,4048,0.0,811,22428
3,100,0.3,0.0,harm,hybrid,0.023,random,0.034,1.0,0,1.2681598663330078,0.0002469745616201531,93,4048,0.0,811,22428
3,100,0.3,0.0,harm,hybrid,0.023,random,0.034,1.0,0,1.280588150024414,0.0002469745616201531,93,4048,0.0,811,22428
4,100,0.3,0.0,harm,hybrid,0.023,random,0.034,1.0,0,0.12783026695251465,0.003141231758595103,92,4042,0.03913043478260869,815,22448
4,100,0.3,0.0,harm,hybrid,0.023,random,0.034,1.0,0,0.14074985682964325,0.003141231758595103,92,4042,0.03913043478260869,815,22448
4,100,0.3,0.0,harm,hybrid,0.023,random,0.034,1.0,0,0.15366944670677185,0.003141231758595103,92,4042,0.03913043478260869,815,22448
4,100,0.3,0.0,harm,hybrid,0.023,random,0.034,1.0,0,0.16658903658390045,0.003141231758595103,92,4042,0.03913043478260869,815,22448
4,100,0.3,0.0,harm,hybrid,0.023,random,0.034,1.0,0,0.17950862646102905,0.003141231758595103,92,4042,0.03913043478260869,815,22448
4,100,0.3,0.0,harm,hybrid,0.023,random,0.034,1.0,0,0.19242820143699646,0.003141231758595103,92,4042,0.03913043478260869,815,22448
4,100,0.3,0.0,harm,hybrid,0.023,random,0.034,1.0,0,0.20534780621528625,0.003141231758595103,92,4042,0.03913043478260869,815,22448
4,100,0.3,0.0,harm,hybrid,0.023,random,0.034,1.0,0,0.21826738119125366,0.003141231758595103,92,4042,0.03913043478260869,815,22448
4,100,0.3,0.0,harm,hybrid,0.023,random,0.034,1.0,0,0.23118698596954346,0.003141231758595103,92,4042,0.03913043478260869,815,22448
4,100,0.3,0.0,harm,hybrid,0.023,random,0.034,1.0,0,0.24410656094551086,0.003141231758595103,92,4042,0.03913043478260869,815,22448
4,100,0.3,0.0,harm,hybrid,0.023,random,0.034,1.0,0,0.25702613592147827,0.003141231758595103,92,4042,0.03913043478260869,815,22448
4,100,0.3,0.0,harm,hybrid,0.023,random,0.034,1.0,0,0.26994574069976807,0.003141231758595103,92,4042,0.03913043478260869,815,22448
4,100,0.3,0.0,harm,hybrid,0.023,random,0.034,1.0,0,0.28286534547805786,0.003141231758595103,92,4042,0.03913043478260869,815,22448
4,100,0.3,0.0,harm,hybrid,0.023,random,0.034,1.0,0,0.29578492045402527,0.003141231758595103,92,4042,0.03913043478260869,815,22448
4,100,0.3,0.0,harm,hybrid,0.023,random,0.034,1.0,0,0.3087044954299927,0.003141231758595103,92,4042,0.03913043478260869,815,22448
4,100,0.3,0.0,harm,hybrid,0.023,random,0.034,1.0,0,0.32162410020828247,0.003141231758595103,92,4042,0.03913043478260869,815,22448
4,100,0.3,0.0,harm,hybrid,0.023,random,0.034,1.0,0,0.33454370498657227,0.003141231758595103,92,4042,0.03913043478260869,815,22448
4,100,0.3,0.0,harm,hybrid,0.023,random,0.034,1.0,0,0.3474632799625397,0.003141231758595103,92,4042,0.03913043478260869,815,22448
4,100,0.3,0.0,harm,hybrid,0.023,random,0.034,1.0,0,0.3603828549385071,0.0031288647044274056,92,4042,0.03858695652173913,815,22448
4,100,0.3,0.0,harm,hybrid,0.023,random,0.034,1.0,0,0.3733024597167969,0.0031288647044274056,92,4042,0.03858695652173913,815,22448
4,100,0.3,0.0,harm,hybrid,0.023,random,0.034,1.0,0,0.3862220346927643,0.0031288647044274056,92,4042,0.03858695652173913,815,22448
4,100,0.3,0.0,harm,hybrid,0.023,random,0.034,1.0,0,0.3991416394710541,0.0031164976502597087,92,4042,0.03804347826086957,815,22448
4,100,0.3,0.0,harm,hybrid,0.023,random,0.034,1.0,0,0.4120612144470215,0.003091763541924314,92,4042,0.0375,815,22448
4,100,0.3,0.0,harm,hybrid,0.023,random,0.034,1.0,0,0.4249808192253113,0.003091763541924314,92,4042,0.0375,815,22448
4,100,0.3,0.0,harm,hybrid,0.023,random,0.034,1.0,0,0.4379003942012787,0.003091763541924314,92,4042,0.0375,815,22448
4,100,0.3,0.0,harm,hybrid,0.023,random,0.034,1.0,0,0.4508199989795685,0.003079396487756616,92,4042,0.03695652173913043,815,22448
4,100,0.3,0.0,harm,hybrid,0.023,random,0.034,1.0,0,0.4637395739555359,0.003079396487756616,92,4042,0.03695652173913043,815,22448
4,100,0.3,0.0,harm,hybrid,0.023,random,0.034,1.0,0,0.4766591787338257,0.003079396487756616,92,4042,0.03695652173913043,815,22448
4,100,0.3,0.0,harm,hybrid,0.023,random,0.034,1.0,0,0.4895787537097931,0.003079396487756616,92,4042,0.03695652173913043,815,22448
4,100,0.3,0.0,harm,hybrid,0.023,random,0.034,1.0,0,0.5024983882904053,0.0030670294335889193,92,4042,0.03641304347826087,815,22448
4,100,0.3,0.0,harm,hybrid,0.023,random,0.034,1.0,0,0.5154179334640503,0.0030422953252535246,92,4042,0.035326086956521736,815,22448
4,100,0.3,0.0,harm,hybrid,0.023,random,0.034,1.0,0,0.5283375382423401,0.002968093000247341,92,4042,0.033695652173913036,815,22448
4,100,0.3,0.0,harm,hybrid,0.023,random,0.034,1.0,0,0.5412571430206299,0.0029186247835765525,92,4042,0.03206521739130434,815,22448
4,100,0.3,0.0,harm,hybrid,0.023,random,0.034,1.0,0,0.5541766881942749,0.002906257729408855,92,4042,0.031521739130434774,815,22448
4,100,0.3,0.0,harm,hybrid,0.023,random,0.034,1.0,0,0.5670962929725647,0.0028938906752411574,92,4042,0.031521739130434774,815,22448
4,100,0.3,0.0,harm,hybrid,0.023,random,0.034,1.0,0,0.5800158977508545,0.002869156566905764,92,4042,0.030978260869565212,815,22448
4,100,0.3,0.0,harm,hybrid,0.023,random,0.034,1.0,0,0.5929354429244995,0.002819688350234974,92,4042,0.029891304347826088,815,22448
4,100,0.3,0.0,harm,hybrid,0.023,random,0.034,1.0,0,0.6058550477027893,0.002819688350234974,92,4042,0.029891304347826088,815,22448
4,100,0.3,0.0,harm,hybrid,0.023,random,0.034,1.0,0,0.6187746524810791,0.0027825871877318826,92,4042,0.02934782608695652,815,22448
4,100,0.3,0.0,harm,hybrid,0.023,random,0.034,1.0,0,0.6316942572593689,0.002757853079396488,92,4042,0.02934782608695652,815,22448
4,100,0.3,0.0,harm,hybrid,0.023,random,0.034,1.0,0,0.6446138024330139,0.002720751916893396,92,4042,0.02934782608695652,815,22448
4,100,0.3,0.0,harm,hybrid,0.023,random,0.034,1.0,0,0.6575334072113037,0.0026836507543903042,92,4042,0.02934782608695652,815,22448
4,100,0.3,0.0,harm,hybrid,0.023,random,0.034,1.0,0,0.6704530119895935,0.002646549591887212,92,4042,0.02934782608695652,815,22448
4,100,0.3,0.0,harm,hybrid,0.023,random,0.034,1.0,0,0.6833726167678833,0.002621815483551819,92,4042,0.02934782608695652,815,22448
4,100,0.3,0.0,harm,hybrid,0.023,random,0.034,1.0,0,0.6962921619415283,0.0025970813752164237,92,4042,0.02934782608695652,815,22448
4,100,0.3,0.0,harm,hybrid,0.023,random,0.034,1.0,0,0.7092117667198181,0.0025847143210487263,92,4042,0.02934782608695652,815,22448
4,100,0.3,0.0,harm,hybrid,0.023,random,0.034,1.0,0,0.7221313714981079,0.0025352461043779374,92,4042,0.02934782608695652,815,22448
4,100,0.3,0.0,harm,hybrid,0.023,random,0.034,1.0,0,0.7350509762763977,0.0025105119960425423,92,4042,0.02934782608695652,815,22448
4,100,0.3,0.0,harm,hybrid,0.023,random,0.034,1.0,0,0.7479705214500427,0.0024981449418748454,92,4042,0.02934782608695652,815,22448
4,100,0.3,0.0,harm,hybrid,0.023,random,0.034,1.0,0,0.7608901262283325,0.0024857778877071485,92,4042,0.02934782608695652,815,22448
4,100,0.3,0.0,harm,hybrid,0.023,random,0.034,1.0,0,0.7738097310066223,0.0024734108335394507,92,4042,0.02934782608695652,815,22448
4,100,0.3,0.0,harm,hybrid,0.023,random,0.034,1.0,0,0.7867292761802673,0.0024610437793717538,92,4042,0.02934782608695652,815,22448
4,100,0.3,0.0,harm,hybrid,0.023,random,0.034,1.0,0,0.7996488809585571,0.002423942616868662,92,4042,0.02934782608695652,815,22448
4,100,0.3,0.0,harm,hybrid,0.023,random,0.034,1.0,0,0.8125684857368469,0.0023744744001978737,92,4042,0.02934782608695652,815,22448
4,100,0.3,0.0,harm,hybrid,0.023,random,0.034,1.0,0,0.8254880905151367,0.0023497402918624785,92,4042,0.02934782608695652,815,22448
4,100,0.3,0.0,harm,hybrid,0.023,random,0.034,1.0,0,0.8384076356887817,0.002337373237694781,92,4042,0.02934782608695652,815,22448
4,100,0.3,0.0,harm,hybrid,0.023,random,0.034,1.0,0,0.8513272404670715,0.00230027207519169,92,4042,0.02934782608695652,815,22448
4,100,0.3,0.0,harm,hybrid,0.023,random,0.034,1.0,0,0.8642468452453613,0.0022384368043532033,92,4042,0.02934782608695652,815,22448
4,100,0.3,0.0,harm,hybrid,0.023,random,0.034,1.0,0,0.8771664500236511,0.00216423447934702,92,4042,0.02934782608695652,815,22448
4,100,0.3,0.0,harm,hybrid,0.023,random,0.034,1.0,0,0.8900859951972961,0.0021147662626762307,92,4042,0.02934782608695652,815,22448
4,100,0.3,0.0,harm,hybrid,0.023,random,0.034,1.0,0,0.9030055999755859,0.0020281968835023497,92,4042,0.02934782608695652,815,22448
4,100,0.3,0.0,harm,hybrid,0.023,random,0.034,1.0,0,0.9159252047538757,0.0019539945584961665,92,4042,0.02934782608695652,815,22448
4,100,0.3,0.0,harm,hybrid,0.023,random,0.034,1.0,0,0.9288448095321655,0.0019168933959930747,92,4042,0.02934782608695652,815,22448
4,100,0.3,0.0,harm,hybrid,0.023,random,0.034,1.0,0,0.9417643547058105,0.0018179569626514964,92,4042,0.02934782608695652,815,22448
4,100,0.3,0.0,harm,hybrid,0.023,random,0.034,1.0,0,0.9546839594841003,0.0017684887459807075,92,4042,0.02934782608695652,815,22448
4,100,0.3,0.0,harm,hybrid,0.023,random,0.034,1.0,0,0.9676035642623901,0.0016942864209745238,92,4042,0.02934782608695652,815,22448
4,100,0.3,0.0,harm,hybrid,0.023,random,0.034,1.0,0,0.9805231094360352,0.0016200840959683406,92,4042,0.02934782608695652,815,22448
4,100,0.3,0.0,harm,hybrid,0.023,random,0.034,1.0,0,0.993442714214325,0.001545881770962157,92,4042,0.02934782608695652,815,22448
4,100,0.3,0.0,harm,hybrid,0.023,random,0.034,1.0,0,1.0063623189926147,0.0014222112292851844,92,4042,0.02934782608695652,815,22448
4,100,0.3,0.0,harm,hybrid,0.023,random,0.034,1.0,0,1.0192818641662598,0.0012985406876082118,92,4042,0.02880434782608695,815,22448
4,100,0.3,0.0,harm,hybrid,0.023,random,0.034,1.0,0,1.0322015285491943,0.0012490724709374227,92,4042,0.02880434782608695,815,22448
4,100,0.3,0.0,harm,hybrid,0.023,random,0.034,1.0,0,1.0451210737228394,0.0011872372000989364,92,4042,0.027717391304347826,815,22448
4,100,0.3,0.0,harm,hybrid,0.023,random,0.034,1.0,0,1.0580406188964844,0.0011501360375958448,92,4042,0.02663043478260869,815,22448
4,100,0.3,0.0,harm,hybrid,0.023,random,0.034,1.0,0,1.070960283279419,0.0010388325500865696,92,4042,0.023913043478260863,815,22448
4,100,0.3,0.0,harm,hybrid,0.023,random,0.034,1.0,0,1.083879828453064,0.0009398961167449915,92,4042,0.021195652173913046,815,22448
4,100,0.3,0.0,harm,hybrid,0.023,random,0.034,1.0,0,1.096799373626709,0.0007420232500618355,92,4042,0.014673913043478261,815,22448
4,100,0.3,0.0,harm,hybrid,0.023,random,0.034,1.0,0,1.1097190380096436,0.0006059856542171655,92,4042,0.010869565217391308,815,22448
4,100,0.3,0.0,harm,hybrid,0.023,random,0.034,1.0,0,1.1226387023925781,0.0005688844917140737,92,4042,0.009782608695652175,815,22448
4,100,0.3,0.0,harm,hybrid,0.023,random,0.034,1.0,0,1.1355582475662231,0.0005317833292109819,92,4042,0.00815217391304348,815,22448
4,100,0.3,0.0,harm,hybrid,0.023,random,0.034,1.0,0,1.1484777927398682,0.00046994805837249573,92,4042,0.005978260869565218,815,22448
4,100,0.3,0.0,harm,hybrid,0.023,random,0.034,1.0,0,1.1613973379135132,0.0004204798417017067,92,4042,0.004891304347826087,815,22448
4,100,0.3,0.0,harm,hybrid,0.023,random,0.034,1.0,0,1.1743170022964478,0.0003339104625278259,92,4042,0.002717391304347826,815,22448
4,100,0.3,0.0,harm,hybrid,0.023,random,0.034,1.0,0,1.1872365474700928,0.0002968093000247341,92,4042,0.001630434782608696,815,22448
4,100,0.3,0.0,harm,hybrid,0.023,random,0.034,1.0,0,1.2001560926437378,0.0002720751916893396,92,4042,0.0010869565217391304,815,22448
4,100,0.3,0.0,harm,hybrid,0.023,random,0.034,1.0,0,1.2130757570266724,0.00025970813752164234,92,4042,0.0005434782608695652,815,22448
4,100,0.3,0.0,harm,hybrid,0.023,random,0.034,1.0,0,1.2259953022003174,0.0002473410833539451,92,4042,0.0,815,22448
4,100,0.3,0.0,harm,hybrid,0.023,random,0.034,1.0,0,1.238914966583252,0.0002473410833539451,92,4042,0.0,815,22448
4,100,0.3,0.0,harm,hybrid,0.023,random,0.034,1.0,0,1.251834511756897,0.0002473410833539451,92,4042,0.0,815,22448
4,100,0.3,0.0,harm,hybrid,0.023,random,0.034,1.0,0,1.264754056930542,0.0002473410833539451,92,4042,0.0,815,22448
4,100,0.3,0.0,harm,hybrid,0.023,random,0.034,1.0,0,1.2776737213134766,0.0002473410833539451,92,4042,0.0,815,22448
4,100,0.3,0.0,harm,hybrid,0.023,random,0.034,1.0,0,1.2905932664871216,0.0002473410833539451,92,4042,0.0,815,22448
4,100,0.3,0.0,harm,hybrid,0.023,random,0.034,1.0,0,1.3035128116607666,0.0002473410833539451,92,4042,0.0,815,22448
4,100,0.3,0.0,harm,hybrid,0.023,random,0.034,1.0,0,1.3164324760437012,0.0002473410833539451,92,4042,0.0,815,22448
4,100,0.3,0.0,harm,hybrid,0.023,random,0.034,1.0,0,1.3293520212173462,0.0002473410833539451,92,4042,0.0,815,22448
4,100,0.3,0.0,harm,hybrid,0.023,random,0.034,1.0,0,1.3422716856002808,0.0002473410833539451,92,4042,0.0,815,22448
4,100,0.3,0.0,harm,hybrid,0.023,random,0.034,1.0,0,1.3551912307739258,0.0002473410833539451,92,4042,0.0,815,22448
4,100,0.3,0.0,harm,hybrid,0.023,random,0.034,1.0,0,1.3681107759475708,0.0002473410833539451,92,4042,0.0,815,22448
4,100,0.3,0.0,harm,hybrid,0.023,random,0.034,1.0,0,1.3810304403305054,0.0002473410833539451,92,4042,0.0,815,22448
4,100,0.3,0.0,harm,hybrid,0.023,random,0.034,1.0,0,1.3939499855041504,0.0002473410833539451,92,4042,0.0,815,22448
4,100,0.3,0.0,harm,hybrid,0.023,random,0.034,1.0,0,1.4068695306777954,0.0002473410833539451,92,4042,0.0,815,22448
5,100,0.3,0.0,harm,hybrid,0.023,random,0.034,1.0,0,0.08004054427146912,0.002928818586258033,93,4045,0.03387096774193548,832,23025
5,100,0.3,0.0,harm,hybrid,0.023,random,0.034,1.0,0,0.09199190139770508,0.002928818586258033,93,4045,0.03387096774193548,832,23025
5,100,0.3,0.0,harm,hybrid,0.023,random,0.034,1.0,0,0.10394325852394104,0.002928818586258033,93,4045,0.03387096774193548,832,23025
5,100,0.3,0.0,harm,hybrid,0.023,random,0.034,1.0,0,0.1158946231007576,0.002928818586258033,93,4045,0.03387096774193548,832,23025
5,100,0.3,0.0,harm,hybrid,0.023,random,0.034,1.0,0,0.12784597277641296,0.002928818586258033,93,4045,0.03387096774193548,832,23025
5,100,0.3,0.0,harm,hybrid,0.023,random,0.034,1.0,0,0.13979732990264893,0.002928818586258033,93,4045,0.03387096774193548,832,23025
5,100,0.3,0.0,harm,hybrid,0.023,random,0.034,1.0,0,0.15174870193004608,0.002928818586258033,93,4045,0.03387096774193548,832,23025
5,100,0.3,0.0,harm,hybrid,0.023,random,0.034,1.0,0,0.16370005905628204,0.002928818586258033,93,4045,0.03387096774193548,832,23025
5,100,0.3,0.0,harm,hybrid,0.023,random,0.034,1.0,0,0.175651416182518,0.002928818586258033,93,4045,0.03387096774193548,832,23025
5,100,0.3,0.0,harm,hybrid,0.023,random,0.034,1.0,0,0.18760277330875397,0.002928818586258033,93,4045,0.03387096774193548,832,23025
5,100,0.3,0.0,harm,hybrid,0.023,random,0.034,1.0,0,0.19955413043498993,0.002928818586258033,93,4045,0.03387096774193548,832,23025
5,100,0.3,0.0,harm,hybrid,0.023,random,0.034,1.0,0,0.2115054875612259,0.002928818586258033,93,4045,0.03387096774193548,832,23025
5,100,0.3,0.0,harm,hybrid,0.023,random,0.034,1.0,0,0.22345685958862305,0.002928818586258033,93,4045,0.03387096774193548,832,23025
5,100,0.3,0.0,harm,hybrid,0.023,random,0.034,1.0,0,0.235408216714859,0.002928818586258033,93,4045,0.03387096774193548,832,23025
5,100,0.3,0.0,harm,hybrid,0.023,random,0.034,1.0,0,0.24735957384109497,0.00291646070192783,93,4045,0.033333333333333326,832,23025
5,100,0.3,0.0,harm,hybrid,0.023,random,0.034,1.0,0,0.25931093096733093,0.00291646070192783,93,4045,0.033333333333333326,832,23025
5,100,0.3,0.0,harm,hybrid,0.023,random,0.034,1.0,0,0.2712622880935669,0.00291646070192783,93,4045,0.033333333333333326,832,23025
5,100,0.3,0.0,harm,hybrid,0.023,random,0.034,1.0,0,0.28321364521980286,0.00291646070192783,93,4045,0.033333333333333326,832,23025
5,100,0.3,0.0,harm,hybrid,0.023,random,0.034,1.0,0,0.2951650023460388,0.00291646070192783,93,4045,0.033333333333333326,832,23025
5,100,0.3,0.0,harm,hybrid,0.023,random,0.034,1.0,0,0.3071163594722748,0.00291646070192783,93,4045,0.033333333333333326,832,23025
5,100,0.3,0.0,harm,hybrid,0.023,random,0.034,1.0,0,0.31906771659851074,0.00291646070192783,93,4045,0.033333333333333326,832,23025
5,100,0.3,0.0,harm,hybrid,0.023,random,0.034,1.0,0,0.3310190737247467,0.002891744933267425,93,4045,0.03279569892473117,832,23025
5,100,0.3,0.0,harm,hybrid,0.023,random,0.034,1.0,0,0.34297043085098267,0.002867029164607019,93,4045,0.032258064516129024,832,23025
5,100,0.3,0.0,harm,hybrid,0.023,random,0.034,1.0,0,0.35492178797721863,0.002854671280276817,93,4045,0.031182795698924726,832,23025
5,100,0.3,0.0,harm,hybrid,0.023,random,0.034,1.0,0,0.366873174905777,0.002867029164607019,93,4045,0.031182795698924726,832,23025
5,100,0.3,0.0,harm,hybrid,0.023,random,0.034,1.0,0,0.37882453203201294,0.002829955511616411,93,4045,0.030107526881720418,832,23025
5,100,0.3,0.0,harm,hybrid,0.023,random,0.034,1.0,0,0.3907758891582489,0.002805239742956006,93,4045,0.02956989247311827,832,23025
5,100,0.3,0.0,harm,hybrid,0.023,random,0.034,1.0,0,0.40272724628448486,0.002768166089965398,93,4045,0.027956989247311825,832,23025
5,100,0.3,0.0,harm,hybrid,0.023,random,0.034,1.0,0,0.4146786034107208,0.0027434503213049927,93,4045,0.02741935483870967,832,23025
5,100,0.3,0.0,harm,hybrid,0.023,random,0.034,1.0,0,0.4266299605369568,0.0027310924369747898,93,4045,0.02741935483870967,832,23025
5,100,0.3,0.0,harm,hybrid,0.023,random,0.034,1.0,0,0.43858131766319275,0.0026940187839841817,93,4045,0.026881720430107517,832,23025
5,100,0.3,0.0,harm,hybrid,0.023,random,0.034,1.0,0,0.4505326747894287,0.0026569451309935736,93,4045,0.02526881720430107,832,23025
5,100,0.3,0.0,harm,hybrid,0.023,random,0.034,1.0,0,0.4624840319156647,0.0026075135936727634,93,4045,0.024193548387096763,832,23025
5,100,0.3,0.0,harm,hybrid,0.023,random,0.034,1.0,0,0.47443538904190063,0.0025951557093425604,93,4045,0.024193548387096763,832,23025
5,100,0.3,0.0,harm,hybrid,0.023,random,0.034,1.0,0,0.4863867461681366,0.0025704399406821553,93,4045,0.024193548387096763,832,23025
5,100,0.3,0.0,harm,hybrid,0.023,random,0.034,1.0,0,0.49833810329437256,0.0025704399406821553,93,4045,0.024193548387096763,832,23025
5,100,0.3,0.0,harm,hybrid,0.023,random,0.034,1.0,0,0.5102894306182861,0.0025333662876915472,93,4045,0.024193548387096763,832,23025
5,100,0.3,0.0,harm,hybrid,0.023,random,0.034,1.0,0,0.5222408175468445,0.002459218981710331,93,4045,0.021505376344086023,832,23025
5,100,0.3,0.0,harm,hybrid,0.023,random,0.034,1.0,0,0.5341922044754028,0.00240978744438952,93,4045,0.020967741935483872,832,23025
5,100,0.3,0.0,harm,hybrid,0.023,random,0.034,1.0,0,0.5461435317993164,0.002397429560059318,93,4045,0.020967741935483872,832,23025
5,100,0.3,0.0,harm,hybrid,0.023,random,0.034,1.0,0,0.55809485912323,0.002397429560059318,93,4045,0.020967741935483872,832,23025
5,100,0.3,0.0,harm,hybrid,0.023,random,0.034,1.0,0,0.5700463056564331,0.002385071675729115,93,4045,0.020967741935483872,832,23025
5,100,0.3,0.0,harm,hybrid,0.023,random,0.034,1.0,0,0.5819976329803467,0.002372713791398912,93,4045,0.020967741935483872,832,23025
5,100,0.3,0.0,harm,hybrid,0.023,random,0.034,1.0,0,0.5939489603042603,0.002372713791398912,93,4045,0.020967741935483872,832,23025
5,100,0.3,0.0,harm,hybrid,0.023,random,0.034,1.0,0,0.6059002876281738,0.002372713791398912,93,4045,0.020967741935483872,832,23025
5,100,0.3,0.0,harm,hybrid,0.023,random,0.034,1.0,0,0.617851734161377,0.002347998022738507,93,4045,0.020967741935483872,832,23025
5,100,0.3,0.0,harm,hybrid,0.023,random,0.034,1.0,0,0.6298030614852905,0.002347998022738507,93,4045,0.020967741935483872,832,23025
5,100,0.3,0.0,harm,hybrid,0.023,random,0.034,1.0,0,0.6417543888092041,0.0023356401384083047,93,4045,0.020967741935483872,832,23025
5,100,0.3,0.0,harm,hybrid,0.023,random,0.034,1.0,0,0.6537058353424072,0.0022862086010874937,93,4045,0.020967741935483872,832,23025
5,100,0.3,0.0,harm,hybrid,0.023,random,0.034,1.0,0,0.6656571626663208,0.0022738507167572907,93,4045,0.020967741935483872,832,23025
5,100,0.3,0.0,harm,hybrid,0.023,random,0.034,1.0,0,0.6776084899902344,0.0021997034107760754,93,4045,0.020967741935483872,832,23025
5,100,0.3,0.0,harm,hybrid,0.023,random,0.034,1.0,0,0.689559817314148,0.002162629757785467,93,4045,0.020967741935483872,832,23025
5,100,0.3,0.0,harm,hybrid,0.023,random,0.034,1.0,0,0.7015112638473511,0.0021131982204646562,93,4045,0.020967741935483872,832,23025
5,100,0.3,0.0,harm,hybrid,0.023,random,0.034,1.0,0,0.7134625911712646,0.002088482451804251,93,4045,0.020967741935483872,832,23025
5,100,0.3,0.0,harm,hybrid,0.023,random,0.034,1.0,0,0.7254139184951782,0.002026693030153238,93,4045,0.020967741935483872,832,23025
5,100,0.3,0.0,harm,hybrid,0.023,random,0.034,1.0,0,0.7373652458190918,0.00198961937716263,93,4045,0.020967741935483872,832,23025
5,100,0.3,0.0,harm,hybrid,0.023,random,0.034,1.0,0,0.7493166923522949,0.001977261492832427,93,4045,0.020967741935483872,832,23025
5,100,0.3,0.0,harm,hybrid,0.023,random,0.034,1.0,0,0.7612680196762085,0.0019649036085022244,93,4045,0.020967741935483872,832,23025
5,100,0.3,0.0,harm,hybrid,0.023,random,0.034,1.0,0,0.7732193470001221,0.0019154720711814137,93,4045,0.020967741935483872,832,23025
5,100,0.3,0.0,harm,hybrid,0.023,random,0.034,1.0,0,0.7851706743240356,0.0018907563025210084,93,4045,0.020967741935483872,832,23025
5,100,0.3,0.0,harm,hybrid,0.023,random,0.034,1.0,0,0.7971221208572388,0.0018660405338606029,93,4045,0.020967741935483872,832,23025
5,100,0.3,0.0,harm,hybrid,0.023,random,0.034,1.0,0,0.8090734481811523,0.0017795353435491844,93,4045,0.020967741935483872,832,23025
5,100,0.3,0.0,harm,hybrid,0.023,random,0.034,1.0,0,0.8210247755050659,0.001655956500247158,93,4045,0.020967741935483872,832,23025
5,100,0.3,0.0,harm,hybrid,0.023,random,0.034,1.0,0,0.8329761028289795,0.0015818091942659417,93,4045,0.020967741935483872,832,23025
5,100,0.3,0.0,harm,hybrid,0.023,random,0.034,1.0,0,0.8449275493621826,0.0015200197726149283,93,4045,0.020967741935483872,832,23025
5,100,0.3,0.0,harm,hybrid,0.023,random,0.034,1.0,0,0.8568788766860962,0.0013964409293129015,93,4045,0.020967741935483872,832,23025
5,100,0.3,0.0,harm,hybrid,0.023,random,0.034,1.0,0,0.8688302040100098,0.0013099357390014828,93,4045,0.020967741935483872,832,23025
5,100,0.3,0.0,harm,hybrid,0.023,random,0.034,1.0,0,0.8807816505432129,0.001235788433020267,93,4045,0.020967741935483872,832,23025
5,100,0.3,0.0,harm,hybrid,0.023,random,0.034,1.0,0,0.8927329778671265,0.0011369253583786456,93,4045,0.020967741935483872,832,23025
5,100,0.3,0.0,harm,hybrid,0.023,random,0.034,1.0,0,0.90468430519104,0.0010751359367276322,93,4045,0.019892473118279574,832,23025
5,100,0.3,0.0,harm,hybrid,0.023,random,0.034,1.0,0,0.9166356325149536,0.001013346515076619,93,4045,0.019892473118279574,832,23025
5,100,0.3,0.0,harm,hybrid,0.023,random,0.034,1.0,0,0.9285870790481567,0.0009515570934256056,93,4045,0.018817204301075273,832,23025
5,100,0.3,0.0,harm,hybrid,0.023,random,0.034,1.0,0,0.9405384063720703,0.0008774097874443894,93,4045,0.01720430107526882,832,23025
5,100,0.3,0.0,harm,hybrid,0.023,random,0.034,1.0,0,0.9524897336959839,0.0007661888284725654,93,4045,0.01505376344086022,832,23025
5,100,0.3,0.0,harm,hybrid,0.023,random,0.034,1.0,0,0.9644410610198975,0.0006673257538309441,93,4045,0.011290322580645162,832,23025
5,100,0.3,0.0,harm,hybrid,0.023,random,0.034,1.0,0,0.9763925075531006,0.0006055363321799307,93,4045,0.009677419354838712,832,23025
5,100,0.3,0.0,harm,hybrid,0.023,random,0.034,1.0,0,0.9883438348770142,0.0005437469105289175,93,4045,0.008064516129032261,832,23025
5,100,0.3,0.0,harm,hybrid,0.023,random,0.034,1.0,0,1.0002951622009277,0.000519031141868512,93,4045,0.00752688172043011,832,23025
5,100,0.3,0.0,harm,hybrid,0.023,random,0.034,1.0,0,1.0122464895248413,0.00039545229856648536,93,4045,0.002688172043010753,832,23025
5,100,0.3,0.0,harm,hybrid,0.023,random,0.034,1.0,0,1.0241979360580444,0.0003583786455758774,93,4045,0.0016129032258064518,832,23025
5,100,0.3,0.0,harm,hybrid,0.023,random,0.034,1.0,0,1.036149263381958,0.00034602076124567473,93,4045,0.0016129032258064518,832,23025
5,100,0.3,0.0,harm,hybrid,0.023,random,0.034,1.0,0,1.0481005907058716,0.00029658922392486405,93,4045,0.0005376344086021505,832,23025
5,100,0.3,0.0,harm,hybrid,0.023,random,0.034,1.0,0,1.0600520372390747,0.0002842313395946614,93,4045,0.0,832,23025
5,100,0.3,0.0,harm,hybrid,0.023,random,0.034,1.0,0,1.0720033645629883,0.0002842313395946614,93,4045,0.0,832,23025
5,100,0.3,0.0,harm,hybrid,0.023,random,0.034,1.0,0,1.0839546918869019,0.0002842313395946614,93,4045,0.0,832,23025
5,100,0.3,0.0,harm,hybrid,0.023,random,0.034,1.0,0,1.095906138420105,0.0002842313395946614,93,4045,0.0,832,23025
5,100,0.3,0.0,harm,hybrid,0.023,random,0.034,1.0,0,1.1078574657440186,0.0002842313395946614,93,4045,0.0,832,23025
5,100,0.3,0.0,harm,hybrid,0.023,random,0.034,1.0,0,1.1198087930679321,0.0002842313395946614,93,4045,0.0,832,23025
5,100,0.3,0.0,harm,hybrid,0.023,random,0.034,1.0,0,1.1317601203918457,0.0002718734552644587,93,4045,0.0,832,23025
5,100,0.3,0.0,harm,hybrid,0.023,random,0.034,1.0,0,1.1437115669250488,0.000259515570934256,93,4045,0.0,832,23025
5,100,0.3,0.0,harm,hybrid,0.023,random,0.034,1.0,0,1.1556628942489624,0.000259515570934256,93,4045,0.0,832,23025
5,100,0.3,0.0,harm,hybrid,0.023,random,0.034,1.0,0,1.167614221572876,0.00024715768660405336,93,4045,0.0,832,23025
5,100,0.3,0.0,harm,hybrid,0.023,random,0.034,1.0,0,1.1795655488967896,0.00024715768660405336,93,4045,0.0,832,23025
5,100,0.3,0.0,harm,hybrid,0.023,random,0.034,1.0,0,1.1915169954299927,0.00024715768660405336,93,4045,0.0,832,23025
5,100,0.3,0.0,harm,hybrid,0.023,random,0.034,1.0,0,1.2034683227539062,0.00024715768660405336,93,4045,0.0,832,23025
5,100,0.3,0.0,harm,hybrid,0.023,random,0.034,1.0,0,1.2154196500778198,0.00024715768660405336,93,4045,0.0,832,23025
5,100,0.3,0.0,harm,hybrid,0.023,random,0.034,1.0,0,1.227371096611023,0.00024715768660405336,93,4045,0.0,832,23025
5,100,0.3,0.0,harm,hybrid,0.023,random,0.034,1.0,0,1.2393224239349365,0.00024715768660405336,93,4045,0.0,832,23025
5,100,0.3,0.0,harm,hybrid,0.023,random,0.034,1.0,0,1.25127375125885,0.00024715768660405336,93,4045,0.0,832,23025
5,100,0.3,0.0,harm,hybrid,0.023,random,0.034,1.0,0,1.2632250785827637,0.00024715768660405336,93,4045,0.0,832,23025
6,100,0.3,0.0,harm,hybrid,0.023,random,0.034,1.0,0,0.04609692096710205,0.0031473710195013575,93,4050,0.039784946236559135,824,22824
6,100,0.3,0.0,harm,hybrid,0.023,random,0.034,1.0,0,0.05876820534467697,0.0031473710195013575,93,4050,0.039784946236559135,824,22824
6,100,0.3,0.0,harm,hybrid,0.023,random,0.034,1.0,0,0.07143948972225189,0.0031473710195013575,93,4050,0.039784946236559135,824,22824
6,100,0.3,0.0,harm,hybrid,0.023,random,0.034,1.0,0,0.08411078155040741,0.0031473710195013575,93,4050,0.039784946236559135,824,22824
6,100,0.3,0.0,harm,hybrid,0.023,random,0.034,1.0,0,0.09678206592798233,0.0031473710195013575,93,4050,0.039784946236559135,824,22824
6,100,0.3,0.0,harm,hybrid,0.023,random,0.034,1.0,0,0.10945335030555725,0.0031473710195013575,93,4050,0.039784946236559135,824,22824
6,100,0.3,0.0,harm,hybrid,0.023,random,0.034,1.0,0,0.12212464213371277,0.0031473710195013575,93,4050,0.039784946236559135,824,22824
6,100,0.3,0.0,harm,hybrid,0.023,random,0.034,1.0,0,0.1347959339618683,0.0031473710195013575,93,4050,0.039784946236559135,824,22824
6,100,0.3,0.0,harm,hybrid,0.023,random,0.034,1.0,0,0.1474672108888626,0.0031473710195013575,93,4050,0.039784946236559135,824,22824
6,100,0.3,0.0,harm,hybrid,0.023,random,0.034,1.0,0,0.16013848781585693,0.0031473710195013575,93,4050,0.039784946236559135,824,22824
6,100,0.3,0.0,harm,hybrid,0.023,random,0.034,1.0,0,0.17280977964401245,0.0031473710195013575,93,4050,0.039784946236559135,824,22824
6,100,0.3,0.0,harm,hybrid,0.023,random,0.034,1.0,0,0.18548107147216797,0.0031473710195013575,93,4050,0.039784946236559135,824,22824
6,100,0.3,0.0,harm,hybrid,0.023,random,0.034,1.0,0,0.1981523633003235,0.0031473710195013575,93,4050,0.039784946236559135,824,22824
6,100,0.3,0.0,harm,hybrid,0.023,random,0.034,1.0,0,0.2108236402273178,0.0031473710195013575,93,4050,0.039784946236559135,824,22824
6,100,0.3,0.0,harm,hybrid,0.023,random,0.034,1.0,0,0.22349493205547333,0.0031473710195013575,93,4050,0.039784946236559135,824,22824
6,100,0.3,0.0,harm,hybrid,0.023,random,0.034,1.0,0,0.23616620898246765,0.0031473710195013575,93,4050,0.039784946236559135,824,22824
6,100,0.3,0.0,harm,hybrid,0.023,random,0.034,1.0,0,0.24883750081062317,0.0031473710195013575,93,4050,0.039784946236559135,824,22824
6,100,0.3,0.0,harm,hybrid,0.023,random,0.034,1.0,0,0.2615087926387787,0.0031473710195013575,93,4050,0.039784946236559135,824,22824
6,100,0.3,0.0,harm,hybrid,0.023,random,0.034,1.0,0,0.2741800546646118,0.0031473710195013575,93,4050,0.039784946236559135,824,22824
6,100,0.3,0.0,harm,hybrid,0.023,random,0.034,1.0,0,0.28685134649276733,0.0031473710195013575,93,4050,0.039784946236559135,824,22824
6,100,0.3,0.0,harm,hybrid,0.023,random,0.034,1.0,0,0.29952263832092285,0.0031350283880523322,93,4050,0.03924731182795698,824,22824
6,100,0.3,0.0,harm,hybrid,0.023,random,0.034,1.0,0,0.31219393014907837,0.0031103431251542826,93,4050,0.03817204301075268,824,22824
6,100,0.3,0.0,harm,hybrid,0.023,random,0.034,1.0,0,0.3248652219772339,0.0031103431251542826,93,4050,0.03817204301075268,824,22824
6,100,0.3,0.0,harm,hybrid,0.023,random,0.034,1.0,0,0.3375365138053894,0.003098000493705258,93,4050,0.03763440860215053,824,22824
6,100,0.3,0.0,harm,hybrid,0.023,random,0.034,1.0,0,0.3502078056335449,0.003085657862256233,93,4050,0.037096774193548385,824,22824
6,100,0.3,0.0,harm,hybrid,0.023,random,0.034,1.0,0,0.36287906765937805,0.0030609725993581832,93,4050,0.037096774193548385,824,22824
6,100,0.3,0.0,harm,hybrid,0.023,random,0.034,1.0,0,0.37555035948753357,0.0030362873364601336,93,4050,0.037096774193548385,824,22824
6,100,0.3,0.0,harm,hybrid,0.023,random,0.034,1.0,0,0.3882216513156891,0.0030362873364601336,93,4050,0.03655913978494623,824,22824
6,100,0.3,0.0,harm,hybrid,0.023,random,0.034,1.0,0,0.4008929431438446,0.003011602073562083,93,4050,0.03494623655913978,824,22824
6,100,0.3,0.0,harm,hybrid,0.023,random,0.034,1.0,0,0.4135642349720001,0.002974574179215009,93,4050,0.03387096774193548,824,22824
6,100,0.3,0.0,harm,hybrid,0.023,random,0.034,1.0,0,0.42623549699783325,0.0029498889163169584,93,4050,0.032258064516129024,824,22824
6,100,0.3,0.0,harm,hybrid,0.023,random,0.034,1.0,0,0.43890678882598877,0.0029128610219698843,93,4050,0.03172043010752688,824,22824
6,100,0.3,0.0,harm,hybrid,0.023,random,0.034,1.0,0,0.4515780806541443,0.0028388052332757345,93,4050,0.029032258064516127,824,22824
6,100,0.3,0.0,harm,hybrid,0.023,random,0.034,1.0,0,0.4642493724822998,0.002814119970377685,93,4050,0.028494623655913976,824,22824
6,100,0.3,0.0,harm,hybrid,0.023,random,0.034,1.0,0,0.4769206643104553,0.0027277215502345105,93,4050,0.026344086021505373,824,22824
6,100,0.3,0.0,harm,hybrid,0.023,random,0.034,1.0,0,0.48959192633628845,0.002666008392989385,93,4050,0.024731182795698924,824,22824
6,100,0.3,0.0,harm,hybrid,0.023,random,0.034,1.0,0,0.5022631883621216,0.0026166378671932857,93,4050,0.024731182795698924,824,22824
6,100,0.3,0.0,harm,hybrid,0.023,random,0.034,1.0,0,0.5149345397949219,0.002591952604295236,93,4050,0.02419354838709677,824,22824
6,100,0.3,0.0,harm,hybrid,0.023,random,0.034,1.0,0,0.5276057720184326,0.0025672673413971855,93,4050,0.023655913978494616,824,22824
6,100,0.3,0.0,harm,hybrid,0.023,random,0.034,1.0,0,0.5402771234512329,0.002517896815601086,93,4050,0.02204301075268817,824,22824
6,100,0.3,0.0,harm,hybrid,0.023,random,0.034,1.0,0,0.5529483556747437,0.002517896815601086,93,4050,0.022580645161290318,824,22824
6,100,0.3,0.0,harm,hybrid,0.023,random,0.034,1.0,0,0.5656196475028992,0.0024932115527030365,93,4050,0.02204301075268817,824,22824
6,100,0.3,0.0,harm,hybrid,0.023,random,0.034,1.0,0,0.5782909393310547,0.002468526289804987,93,4050,0.02204301075268817,824,22824
6,100,0.3,0.0,harm,hybrid,0.023,random,0.034,1.0,0,0.5909622311592102,0.002431498395457912,93,4050,0.021505376344086023,824,22824
6,100,0.3,0.0,harm,hybrid,0.023,random,0.034,1.0,0,0.6036335229873657,0.0024068131325598614,93,4050,0.020967741935483872,824,22824
6,100,0.3,0.0,harm,hybrid,0.023,random,0.034,1.0,0,0.6163048148155212,0.0023821278696618126,93,4050,0.02043010752688172,824,22824
6,100,0.3,0.0,harm,hybrid,0.023,random,0.034,1.0,0,0.6289761066436768,0.002357442606763762,93,4050,0.02043010752688172,824,22824
6,100,0.3,0.0,harm,hybrid,0.023,random,0.034,1.0,0,0.6416473984718323,0.0023327573438657124,93,4050,0.02043010752688172,824,22824
6,100,0.3,0.0,harm,hybrid,0.023,random,0.034,1.0,0,0.6543186902999878,0.0022587015551715625,93,4050,0.02043010752688172,824,22824
6,100,0.3,0.0,harm,hybrid,0.023,random,0.034,1.0,0,0.6669899225234985,0.002234016292273513,93,4050,0.02043010752688172,824,22824
6,100,0.3,0.0,harm,hybrid,0.023,random,0.034,1.0,0,0.679661214351654,0.002209331029375463,93,4050,0.02043010752688172,824,22824
6,100,0.3,0.0,harm,hybrid,0.023,random,0.034,1.0,0,0.6923325061798096,0.002209331029375463,93,4050,0.02043010752688172,824,22824
6,100,0.3,0.0,harm,hybrid,0.023,random,0.034,1.0,0,0.7050037980079651,0.002196988397926438,93,4050,0.02043010752688172,824,22824
6,100,0.3,0.0,harm,hybrid,0.023,random,0.034,1.0,0,0.7176750898361206,0.002172303135028388,93,4050,0.02043010752688172,824,22824
6,100,0.3,0.0,harm,hybrid,0.023,random,0.034,1.0,0,0.7303463816642761,0.002159960503579363,93,4050,0.02043010752688172,824,22824
6,100,0.3,0.0,harm,hybrid,0.023,random,0.034,1.0,0,0.7430176734924316,0.0021229326092322884,93,4050,0.02043010752688172,824,22824
6,100,0.3,0.0,harm,hybrid,0.023,random,0.034,1.0,0,0.7556889653205872,0.0020859047148852135,93,4050,0.02043010752688172,824,22824
6,100,0.3,0.0,harm,hybrid,0.023,random,0.034,1.0,0,0.7683602571487427,0.002036534189089114,93,4050,0.02043010752688172,824,22824
6,100,0.3,0.0,harm,hybrid,0.023,random,0.034,1.0,0,0.7810315489768982,0.0019871636632930144,93,4050,0.02043010752688172,824,22824
6,100,0.3,0.0,harm,hybrid,0.023,random,0.034,1.0,0,0.7937027812004089,0.0019377931374969142,93,4050,0.02043010752688172,824,22824
6,100,0.3,0.0,harm,hybrid,0.023,random,0.034,1.0,0,0.8063740730285645,0.0019007652431498397,93,4050,0.02043010752688172,824,22824
6,100,0.3,0.0,harm,hybrid,0.023,random,0.034,1.0,0,0.81904536485672,0.001789681560108615,93,4050,0.02043010752688172,824,22824
6,100,0.3,0.0,harm,hybrid,0.023,random,0.034,1.0,0,0.8317166566848755,0.0017649962972105654,93,4050,0.02043010752688172,824,22824
6,100,0.3,0.0,harm,hybrid,0.023,random,0.034,1.0,0,0.844387948513031,0.0016415699827203162,93,4050,0.02043010752688172,824,22824
6,100,0.3,0.0,harm,hybrid,0.023,random,0.034,1.0,0,0.8570592403411865,0.0015675141940261665,93,4050,0.02043010752688172,824,22824
6,100,0.3,0.0,harm,hybrid,0.023,random,0.034,1.0,0,0.869730532169342,0.0014934584053320167,93,4050,0.02043010752688172,824,22824
6,100,0.3,0.0,harm,hybrid,0.023,random,0.034,1.0,0,0.8824018239974976,0.0013700320908417675,93,4050,0.02043010752688172,824,22824
6,100,0.3,0.0,harm,hybrid,0.023,random,0.034,1.0,0,0.8950731158256531,0.001283633670698593,93,4050,0.02043010752688172,824,22824
6,100,0.3,0.0,harm,hybrid,0.023,random,0.034,1.0,0,0.9077444076538086,0.0012095778820044435,93,4050,0.02043010752688172,824,22824
6,100,0.3,0.0,harm,hybrid,0.023,random,0.034,1.0,0,0.9204156994819641,0.0011478647247593187,93,4050,0.02043010752688172,824,22824
6,100,0.3,0.0,harm,hybrid,0.023,random,0.034,1.0,0,0.9330869317054749,0.0011231794618612688,93,4050,0.02043010752688172,824,22824
6,100,0.3,0.0,harm,hybrid,0.023,random,0.034,1.0,0,0.9457582235336304,0.0010491236731671192,93,4050,0.02043010752688172,824,22824
6,100,0.3,0.0,harm,hybrid,0.023,random,0.034,1.0,0,0.9584295153617859,0.0009627252530239448,93,4050,0.01935483870967742,824,22824
6,100,0.3,0.0,harm,hybrid,0.023,random,0.034,1.0,0,0.9711008071899414,0.0008269563070846704,93,4050,0.017204301075268817,824,22824
6,100,0.3,0.0,harm,hybrid,0.023,random,0.034,1.0,0,0.9837720990180969,0.0007775857812885709,93,4050,0.015591397849462365,824,22824
6,100,0.3,0.0,harm,hybrid,0.023,random,0.034,1.0,0,0.9964433908462524,0.0006294742039002715,93,4050,0.011290322580645162,824,22824
6,100,0.3,0.0,harm,hybrid,0.023,random,0.034,1.0,0,1.0091147422790527,0.000555418415206122,93,4050,0.008602150537634409,824,22824
6,100,0.3,0.0,harm,hybrid,0.023,random,0.034,1.0,0,1.0217859745025635,0.0005060478894100222,93,4050,0.006989247311827958,824,22824
6,100,0.3,0.0,harm,hybrid,0.023,random,0.034,1.0,0,1.0344572067260742,0.0004073068378178228,93,4050,0.003763440860215054,824,22824
6,100,0.3,0.0,harm,hybrid,0.023,random,0.034,1.0,0,1.0471285581588745,0.00037027894347074796,93,4050,0.0032258064516129032,824,22824
6,100,0.3,0.0,harm,hybrid,0.023,random,0.034,1.0,0,1.0597997903823853,0.0003455936805726981,93,4050,0.002688172043010753,824,22824
6,100,0.3,0.0,harm,hybrid,0.023,random,0.034,1.0,0,1.0724711418151855,0.0003085657862256233,93,4050,0.0016129032258064518,824,22824
6,100,0.3,0.0,harm,hybrid,0.023,random,0.034,1.0,0,1.0851423740386963,0.00028388052332757347,93,4050,0.0005376344086021505,824,22824
6,100,0.3,0.0,harm,hybrid,0.023,random,0.034,1.0,0,1.0978137254714966,0.00028388052332757347,93,4050,0.0005376344086021505,824,22824
6,100,0.3,0.0,harm,hybrid,0.023,random,0.034,1.0,0,1.1104849576950073,0.0002715378918785485,93,4050,0.0005376344086021505,824,22824
6,100,0.3,0.0,harm,hybrid,0.023,random,0.034,1.0,0,1.1231563091278076,0.0002591952604295236,93,4050,0.0,824,22824
6,100,0.3,0.0,harm,hybrid,0.023,random,0.034,1.0,0,1.1358275413513184,0.0002591952604295236,93,4050,0.0,824,22824
6,100,0.3,0.0,harm,hybrid,0.023,random,0.034,1.0,0,1.148498773574829,0.0002591952604295236,93,4050,0.0,824,22824
6,100,0.3,0.0,harm,hybrid,0.023,random,0.034,1.0,0,1.1611701250076294,0.0002591952604295236,93,4050,0.0,824,22824
6,100,0.3,0.0,harm,hybrid,0.023,random,0.034,1.0,0,1.1738413572311401,0.00024685262898049864,93,4050,0.0,824,22824
6,100,0.3,0.0,harm,hybrid,0.023,random,0.034,1.0,0,1.1865127086639404,0.00024685262898049864,93,4050,0.0,824,22824
6,100,0.3,0.0,harm,hybrid,0.023,random,0.034,1.0,0,1.1991839408874512,0.00024685262898049864,93,4050,0.0,824,22824
6,100,0.3,0.0,harm,hybrid,0.023,random,0.034,1.0,0,1.2118552923202515,0.00024685262898049864,93,4050,0.0,824,22824
6,100,0.3,0.0,harm,hybrid,0.023,random,0.034,1.0,0,1.2245265245437622,0.00024685262898049864,93,4050,0.0,824,22824
6,100,0.3,0.0,harm,hybrid,0.023,random,0.034,1.0,0,1.2371978759765625,0.00024685262898049864,93,4050,0.0,824,22824
6,100,0.3,0.0,harm,hybrid,0.023,random,0.034,1.0,0,1.2498691082000732,0.00024685262898049864,93,4050,0.0,824,22824
6,100,0.3,0.0,harm,hybrid,0.023,random,0.034,1.0,0,1.2625404596328735,0.00024685262898049864,93,4050,0.0,824,22824
6,100,0.3,0.0,harm,hybrid,0.023,random,0.034,1.0,0,1.2752116918563843,0.00024685262898049864,93,4050,0.0,824,22824
6,100,0.3,0.0,harm,hybrid,0.023,random,0.034,1.0,0,1.287882924079895,0.00024685262898049864,93,4050,0.0,824,22824
6,100,0.3,0.0,harm,hybrid,0.023,random,0.034,1.0,0,1.3005542755126953,0.00024685262898049864,93,4050,0.0,824,22824
7,100,0.3,0.0,harm,hybrid,0.023,random,0.034,1.0,0,0.047112464904785156,0.003296432964329643,93,4064,0.04193548387096774,816,22666
7,100,0.3,0.0,harm,hybrid,0.023,random,0.034,1.0,0,0.06021270900964737,0.003296432964329643,93,4064,0.04193548387096774,816,22666
7,100,0.3,0.0,harm,hybrid,0.023,random,0.034,1.0,0,0.07331295311450958,0.003296432964329643,93,4064,0.04193548387096774,816,22666
7,100,0.3,0.0,harm,hybrid,0.023,random,0.034,1.0,0,0.0864131897687912,0.003296432964329643,93,4064,0.04193548387096774,816,22666
7,100,0.3,0.0,harm,hybrid,0.023,random,0.034,1.0,0,0.09951344132423401,0.003296432964329643,93,4064,0.04193548387096774,816,22666
7,100,0.3,0.0,harm,hybrid,0.023,random,0.034,1.0,0,0.11261367797851562,0.003296432964329643,93,4064,0.04193548387096774,816,22666
7,100,0.3,0.0,harm,hybrid,0.023,random,0.034,1.0,0,0.12571391463279724,0.003296432964329643,93,4064,0.04193548387096774,816,22666
7,100,0.3,0.0,harm,hybrid,0.023,random,0.034,1.0,0,0.13881416618824005,0.003296432964329643,93,4064,0.04193548387096774,816,22666
7,100,0.3,0.0,harm,hybrid,0.023,random,0.034,1.0,0,0.15191441774368286,0.003296432964329643,93,4064,0.04193548387096774,816,22666
7,100,0.3,0.0,harm,hybrid,0.023,random,0.034,1.0,0,0.16501465439796448,0.003296432964329643,93,4064,0.04193548387096774,816,22666
7,100,0.3,0.0,harm,hybrid,0.023,random,0.034,1.0,0,0.1781148910522461,0.003296432964329643,93,4064,0.04193548387096774,816,22666
7,100,0.3,0.0,harm,hybrid,0.023,random,0.034,1.0,0,0.1912151426076889,0.003296432964329643,93,4064,0.04193548387096774,816,22666
7,100,0.3,0.0,harm,hybrid,0.023,random,0.034,1.0,0,0.20431537926197052,0.003296432964329643,93,4064,0.04193548387096774,816,22666
7,100,0.3,0.0,harm,hybrid,0.023,random,0.034,1.0,0,0.21741563081741333,0.003296432964329643,93,4064,0.04193548387096774,816,22666
7,100,0.3,0.0,harm,hybrid,0.023,random,0.034,1.0,0,0.23051586747169495,0.003296432964329643,93,4064,0.04193548387096774,816,22666
7,100,0.3,0.0,harm,hybrid,0.023,random,0.034,1.0,0,0.24361611902713776,0.003296432964329643,93,4064,0.04193548387096774,816,22666
7,100,0.3,0.0,harm,hybrid,0.023,random,0.034,1.0,0,0.25671637058258057,0.003296432964329643,93,4064,0.04193548387096774,816,22666
7,100,0.3,0.0,harm,hybrid,0.023,random,0.034,1.0,0,0.2698165774345398,0.003296432964329643,93,4064,0.04193548387096774,816,22666
7,100,0.3,0.0,harm,hybrid,0.023,random,0.034,1.0,0,0.2829168438911438,0.0032595325953259533,93,4064,0.04032258064516128,816,22666
7,100,0.3,0.0,harm,hybrid,0.023,random,0.034,1.0,0,0.2960170805454254,0.0032595325953259533,93,4064,0.04032258064516128,816,22666
7,100,0.3,0.0,harm,hybrid,0.023,random,0.034,1.0,0,0.30911731719970703,0.003234932349323493,93,4064,0.039784946236559135,816,22666
7,100,0.3,0.0,harm,hybrid,0.023,random,0.034,1.0,0,0.32221758365631104,0.003234932349323493,93,4064,0.039784946236559135,816,22666
7,100,0.3,0.0,harm,hybrid,0.023,random,0.034,1.0,0,0.33531782031059265,0.003234932349323493,93,4064,0.039784946236559135,816,22666
7,100,0.3,0.0,harm,hybrid,0.023,random,0.034,1.0,0,0.34841805696487427,0.003222632226322263,93,4064,0.03924731182795698,816,22666
7,100,0.3,0.0,harm,hybrid,0.023,random,0.034,1.0,0,0.3615182936191559,0.0031980319803198032,93,4064,0.03817204301075268,816,22666
7,100,0.3,0.0,harm,hybrid,0.023,random,0.034,1.0,0,0.3746185302734375,0.0031980319803198032,93,4064,0.03817204301075268,816,22666
7,100,0.3,0.0,harm,hybrid,0.023,random,0.034,1.0,0,0.3877187967300415,0.0031488314883148833,93,4064,0.037096774193548385,816,22666
7,100,0.3,0.0,harm,hybrid,0.023,random,0.034,1.0,0,0.4008190333843231,0.0031119311193111934,93,4064,0.03655913978494624,816,22666
7,100,0.3,0.0,harm,hybrid,0.023,random,0.034,1.0,0,0.41391927003860474,0.0030627306273062734,93,4064,0.03494623655913978,816,22666
7,100,0.3,0.0,harm,hybrid,0.023,random,0.034,1.0,0,0.42701950669288635,0.0030258302583025835,93,4064,0.03333333333333333,816,22666
7,100,0.3,0.0,harm,hybrid,0.023,random,0.034,1.0,0,0.44011977314949036,0.0029766297662976635,93,4064,0.03172043010752688,816,22666
7,100,0.3,0.0,harm,hybrid,0.023,random,0.034,1.0,0,0.453220009803772,0.002927429274292743,93,4064,0.03172043010752688,816,22666
7,100,0.3,0.0,harm,hybrid,0.023,random,0.034,1.0,0,0.4663202464580536,0.0028782287822878227,93,4064,0.030645161290322576,816,22666
7,100,0.3,0.0,harm,hybrid,0.023,random,0.034,1.0,0,0.4794204831123352,0.002816728167281673,93,4064,0.02956989247311828,816,22666
7,100,0.3,0.0,harm,hybrid,0.023,random,0.034,1.0,0,0.4925207197666168,0.0027306273062730627,93,4064,0.028494623655913976,816,22666
7,100,0.3,0.0,harm,hybrid,0.023,random,0.034,1.0,0,0.5056209564208984,0.0026691266912669126,93,4064,0.026881720430107527,816,22666
7,100,0.3,0.0,harm,hybrid,0.023,random,0.034,1.0,0,0.5187212228775024,0.002656826568265683,93,4064,0.026881720430107527,816,22666
7,100,0.3,0.0,harm,hybrid,0.023,random,0.034,1.0,0,0.5318214893341064,0.002607626076260763,93,4064,0.026881720430107527,816,22666
7,100,0.3,0.0,harm,hybrid,0.023,random,0.034,1.0,0,0.5449216961860657,0.0025584255842558425,93,4064,0.026344086021505373,816,22666
7,100,0.3,0.0,harm,hybrid,0.023,random,0.034,1.0,0,0.5580219626426697,0.0025461254612546133,93,4064,0.026344086021505373,816,22666
7,100,0.3,0.0,harm,hybrid,0.023,random,0.034,1.0,0,0.5711221694946289,0.0025338253382533827,93,4064,0.025806451612903226,816,22666
7,100,0.3,0.0,harm,hybrid,0.023,random,0.034,1.0,0,0.5842224359512329,0.0024846248462484623,93,4064,0.025806451612903226,816,22666
7,100,0.3,0.0,harm,hybrid,0.023,random,0.034,1.0,0,0.5973227024078369,0.0024600246002460025,93,4064,0.024731182795698928,816,22666
7,100,0.3,0.0,harm,hybrid,0.023,random,0.034,1.0,0,0.6104229092597961,0.0024477244772447724,93,4064,0.025268817204301075,816,22666
7,100,0.3,0.0,harm,hybrid,0.023,random,0.034,1.0,0,0.6235231757164001,0.0024354243542435423,93,4064,0.024731182795698928,816,22666
7,100,0.3,0.0,harm,hybrid,0.023,random,0.034,1.0,0,0.6366233825683594,0.0024354243542435423,93,4064,0.024731182795698928,816,22666
7,100,0.3,0.0,harm,hybrid,0.023,random,0.034,1.0,0,0.6497236490249634,0.002423124231242312,93,4064,0.024731182795698928,816,22666
7,100,0.3,0.0,harm,hybrid,0.023,random,0.034,1.0,0,0.6628239154815674,0.0023862238622386223,93,4064,0.024731182795698928,816,22666
7,100,0.3,0.0,harm,hybrid,0.023,random,0.034,1.0,0,0.6759241223335266,0.0023616236162361626,93,4064,0.024731182795698928,816,22666
7,100,0.3,0.0,harm,hybrid,0.023,random,0.034,1.0,0,0.6890243887901306,0.0023493234932349324,93,4064,0.024731182795698928,816,22666
7,100,0.3,0.0,harm,hybrid,0.023,random,0.034,1.0,0,0.7021245956420898,0.0023124231242312426,93,4064,0.024731182795698928,816,22666
7,100,0.3,0.0,harm,hybrid,0.023,random,0.034,1.0,0,0.7152248620986938,0.0022386223862238624,93,4064,0.024731182795698928,816,22666
7,100,0.3,0.0,harm,hybrid,0.023,random,0.034,1.0,0,0.7283251285552979,0.002214022140221402,93,4064,0.024731182795698928,816,22666
7,100,0.3,0.0,harm,hybrid,0.023,random,0.034,1.0,0,0.7414253354072571,0.0021894218942189424,93,4064,0.024731182795698928,816,22666
7,100,0.3,0.0,harm,hybrid,0.023,random,0.034,1.0,0,0.7545256018638611,0.0021648216482164826,93,4064,0.024731182795698928,816,22666
7,100,0.3,0.0,harm,hybrid,0.023,random,0.034,1.0,0,0.7676258683204651,0.0021279212792127923,93,4064,0.024731182795698928,816,22666
7,100,0.3,0.0,harm,hybrid,0.023,random,0.034,1.0,0,0.7807260751724243,0.002103321033210332,93,4064,0.024731182795698928,816,22666
7,100,0.3,0.0,harm,hybrid,0.023,random,0.034,1.0,0,0.7938263416290283,0.002066420664206642,93,4064,0.024731182795698928,816,22666
7,100,0.3,0.0,harm,hybrid,0.023,random,0.034,1.0,0,0.8069265484809875,0.001992619926199262,93,4064,0.024731182795698928,816,22666
7,100,0.3,0.0,harm,hybrid,0.023,random,0.034,1.0,0,0.8200268149375916,0.001881918819188192,93,4064,0.024731182795698928,816,22666
7,100,0.3,0.0,harm,hybrid,0.023,random,0.034,1.0,0,0.8331270813941956,0.001808118081180812,93,4064,0.024731182795698928,816,22666
7,100,0.3,0.0,harm,hybrid,0.023,random,0.034,1.0,0,0.8462272882461548,0.0017589175891758917,93,4064,0.024731182795698928,816,22666
7,100,0.3,0.0,harm,hybrid,0.023,random,0.034,1.0,0,0.8593275547027588,0.0016974169741697416,93,4064,0.024731182795698928,816,22666
7,100,0.3,0.0,harm,hybrid,0.023,random,0.034,1.0,0,0.872427761554718,0.0016728167281672816,93,4064,0.024731182795698928,816,22666
7,100,0.3,0.0,harm,hybrid,0.023,random,0.034,1.0,0,0.885528028011322,0.0015867158671586715,93,4064,0.024731182795698928,816,22666
7,100,0.3,0.0,harm,hybrid,0.023,random,0.034,1.0,0,0.898628294467926,0.0014883148831488315,93,4064,0.024731182795698928,816,22666
7,100,0.3,0.0,harm,hybrid,0.023,random,0.034,1.0,0,0.9117285013198853,0.0014268142681426814,93,4064,0.024193548387096774,816,22666
7,100,0.3,0.0,harm,hybrid,0.023,random,0.034,1.0,0,0.9248287677764893,0.0012915129151291514,93,4064,0.023655913978494626,816,22666
7,100,0.3,0.0,harm,hybrid,0.023,random,0.034,1.0,0,0.9379289746284485,0.0012423124231242312,93,4064,0.023655913978494626,816,22666
7,100,0.3,0.0,harm,hybrid,0.023,random,0.034,1.0,0,0.9510292410850525,0.001131611316113161,93,4064,0.022580645161290325,816,22666
7,100,0.3,0.0,harm,hybrid,0.023,random,0.034,1.0,0,0.9641295075416565,0.001082410824108241,93,4064,0.02204301075268817,816,22666
7,100,0.3,0.0,harm,hybrid,0.023,random,0.034,1.0,0,0.9772297143936157,0.0009594095940959411,93,4064,0.02043010752688172,816,22666
7,100,0.3,0.0,harm,hybrid,0.023,random,0.034,1.0,0,0.9903299808502197,0.0008487084870848708,93,4064,0.01774193548387097,816,22666
7,100,0.3,0.0,harm,hybrid,0.023,random,0.034,1.0,0,1.0034301280975342,0.0007134071340713407,93,4064,0.014516129032258065,816,22666
7,100,0.3,0.0,harm,hybrid,0.023,random,0.034,1.0,0,1.0165305137634277,0.0006642066420664207,93,4064,0.012903225806451615,816,22666
7,100,0.3,0.0,harm,hybrid,0.023,random,0.034,1.0,0,1.0296306610107422,0.0005166051660516605,93,4064,0.008602150537634409,816,22666
7,100,0.3,0.0,harm,hybrid,0.023,random,0.034,1.0,0,1.0427309274673462,0.00044280442804428045,93,4064,0.006989247311827958,816,22666
7,100,0.3,0.0,harm,hybrid,0.023,random,0.034,1.0,0,1.0558311939239502,0.0003936039360393604,93,4064,0.005376344086021506,816,22666
7,100,0.3,0.0,harm,hybrid,0.023,random,0.034,1.0,0,1.0689314603805542,0.00034440344403444036,93,4064,0.0037634408602150535,816,22666
7,100,0.3,0.0,harm,hybrid,0.023,random,0.034,1.0,0,1.0820317268371582,0.00029520295202952026,93,4064,0.002150537634408602,816,22666
7,100,0.3,0.0,harm,hybrid,0.023,random,0.034,1.0,0,1.0951318740844727,0.00028290282902829027,93,4064,0.0016129032258064518,816,22666
7,100,0.3,0.0,harm,hybrid,0.023,random,0.034,1.0,0,1.1082321405410767,0.00027060270602706027,93,4064,0.001075268817204301,816,22666
7,100,0.3,0.0,harm,hybrid,0.023,random,0.034,1.0,0,1.1213324069976807,0.00027060270602706027,93,4064,0.001075268817204301,816,22666
7,100,0.3,0.0,harm,hybrid,0.023,random,0.034,1.0,0,1.1344326734542847,0.00027060270602706027,93,4064,0.001075268817204301,816,22666
7,100,0.3,0.0,harm,hybrid,0.023,random,0.034,1.0,0,1.1475329399108887,0.0002460024600246002,93,4064,0.0,816,22666
7,100,0.3,0.0,harm,hybrid,0.023,random,0.034,1.0,0,1.1606330871582031,0.0002460024600246002,93,4064,0.0,816,22666
7,100,0.3,0.0,harm,hybrid,0.023,random,0.034,1.0,0,1.1737333536148071,0.0002460024600246002,93,4064,0.0,816,22666
7,100,0.3,0.0,harm,hybrid,0.023,random,0.034,1.0,0,1.1868336200714111,0.0002460024600246002,93,4064,0.0,816,22666
7,100,0.3,0.0,harm,hybrid,0.023,random,0.034,1.0,0,1.1999338865280151,0.0002460024600246002,93,4064,0.0,816,22666
7,100,0.3,0.0,harm,hybrid,0.023,random,0.034,1.0,0,1.2130341529846191,0.0002460024600246002,93,4064,0.0,816,22666
7,100,0.3,0.0,harm,hybrid,0.023,random,0.034,1.0,0,1.2261343002319336,0.0002460024600246002,93,4064,0.0,816,22666
7,100,0.3,0.0,harm,hybrid,0.023,random,0.034,1.0,0,1.2392345666885376,0.0002460024600246002,93,4064,0.0,816,22666
7,100,0.3,0.0,harm,hybrid,0.023,random,0.034,1.0,0,1.2523348331451416,0.0002460024600246002,93,4064,0.0,816,22666
7,100,0.3,0.0,harm,hybrid,0.023,random,0.034,1.0,0,1.2654350996017456,0.0002460024600246002,93,4064,0.0,816,22666
7,100,0.3,0.0,harm,hybrid,0.023,random,0.034,1.0,0,1.2785353660583496,0.0002460024600246002,93,4064,0.0,816,22666
7,100,0.3,0.0,harm,hybrid,0.023,random,0.034,1.0,0,1.291635513305664,0.0002460024600246002,93,4064,0.0,816,22666
7,100,0.3,0.0,harm,hybrid,0.023,random,0.034,1.0,0,1.304735779762268,0.0002460024600246002,93,4064,0.0,816,22666
7,100,0.3,0.0,harm,hybrid,0.023,random,0.034,1.0,0,1.317836046218872,0.0002460024600246002,93,4064,0.0,816,22666
7,100,0.3,0.0,harm,hybrid,0.023,random,0.034,1.0,0,1.330936312675476,0.0002460024600246002,93,4064,0.0,816,22666
7,100,0.3,0.0,harm,hybrid,0.023,random,0.034,1.0,0,1.34403657913208,0.0002460024600246002,93,4064,0.0,816,22666
8,100,0.3,0.0,harm,hybrid,0.023,random,0.034,1.0,0,0.07922777533531189,0.003004186161044078,93,4060,0.03494623655913978,829,22828
8,100,0.3,0.0,harm,hybrid,0.023,random,0.034,1.0,0,0.0916549414396286,0.003004186161044078,93,4060,0.03494623655913978,829,22828
8,100,0.3,0.0,harm,hybrid,0.023,random,0.034,1.0,0,0.10408211499452591,0.003004186161044078,93,4060,0.03494623655913978,829,22828
8,100,0.3,0.0,harm,hybrid,0.023,random,0.034,1.0,0,0.11650928109884262,0.003004186161044078,93,4060,0.03494623655913978,829,22828
8,100,0.3,0.0,harm,hybrid,0.023,random,0.034,1.0,0,0.12893645465373993,0.003004186161044078,93,4060,0.03494623655913978,829,22828
8,100,0.3,0.0,harm,hybrid,0.023,random,0.034,1.0,0,0.14136362075805664,0.003004186161044078,93,4060,0.03494623655913978,829,22828
8,100,0.3,0.0,harm,hybrid,0.023,random,0.034,1.0,0,0.15379078686237335,0.003004186161044078,93,4060,0.03494623655913978,829,22828
8,100,0.3,0.0,harm,hybrid,0.023,random,0.034,1.0,0,0.16621795296669006,0.003004186161044078,93,4060,0.03494623655913978,829,22828
8,100,0.3,0.0,harm,hybrid,0.023,random,0.034,1.0,0,0.17864513397216797,0.003004186161044078,93,4060,0.03494623655913978,829,22828
8,100,0.3,0.0,harm,hybrid,0.023,random,0.034,1.0,0,0.1910722851753235,0.003004186161044078,93,4060,0.03494623655913978,829,22828
8,100,0.3,0.0,harm,hybrid,0.023,random,0.034,1.0,0,0.2034994661808014,0.003004186161044078,93,4060,0.03494623655913978,829,22828
8,100,0.3,0.0,harm,hybrid,0.023,random,0.034,1.0,0,0.2159266322851181,0.002991873922679143,93,4060,0.034408602150537634,829,22828
8,100,0.3,0.0,harm,hybrid,0.023,random,0.034,1.0,0,0.22835379838943481,0.002991873922679143,93,4060,0.034408602150537634,829,22828
8,100,0.3,0.0,harm,hybrid,0.023,random,0.034,1.0,0,0.24078096449375153,0.002991873922679143,93,4060,0.034408602150537634,829,22828
8,100,0.3,0.0,harm,hybrid,0.023,random,0.034,1.0,0,0.2532081604003906,0.002991873922679143,93,4060,0.034408602150537634,829,22828
8,100,0.3,0.0,harm,hybrid,0.023,random,0.034,1.0,0,0.26563531160354614,0.002991873922679143,93,4060,0.034408602150537634,829,22828
8,100,0.3,0.0,harm,hybrid,0.023,random,0.034,1.0,0,0.27806246280670166,0.002979561684314209,93,4060,0.03387096774193548,829,22828
8,100,0.3,0.0,harm,hybrid,0.023,random,0.034,1.0,0,0.29048964381217957,0.002979561684314209,93,4060,0.03387096774193548,829,22828
8,100,0.3,0.0,harm,hybrid,0.023,random,0.034,1.0,0,0.30291682481765747,0.002979561684314209,93,4060,0.03387096774193548,829,22828
8,100,0.3,0.0,harm,hybrid,0.023,random,0.034,1.0,0,0.315343976020813,0.002979561684314209,93,4060,0.03387096774193548,829,22828
8,100,0.3,0.0,harm,hybrid,0.023,random,0.034,1.0,0,0.3277711570262909,0.002954937207584339,93,4060,0.032795698924731186,829,22828
8,100,0.3,0.0,harm,hybrid,0.023,random,0.034,1.0,0,0.3401983082294464,0.002954937207584339,93,4060,0.032795698924731186,829,22828
8,100,0.3,0.0,harm,hybrid,0.023,random,0.034,1.0,0,0.3526254892349243,0.002942624969219405,93,4060,0.032795698924731186,829,22828
8,100,0.3,0.0,harm,hybrid,0.023,random,0.034,1.0,0,0.3650526702404022,0.002893376015759665,93,4060,0.03225806451612903,829,22828
8,100,0.3,0.0,harm,hybrid,0.023,random,0.034,1.0,0,0.37747982144355774,0.0028810637773947307,93,4060,0.03172043010752688,829,22828
8,100,0.3,0.0,harm,hybrid,0.023,random,0.034,1.0,0,0.38990700244903564,0.0028195025855700566,93,4060,0.029569892473118274,829,22828
8,100,0.3,0.0,harm,hybrid,0.023,random,0.034,1.0,0,0.40233415365219116,0.0027948781088401875,93,4060,0.027956989247311825,829,22828
8,100,0.3,0.0,harm,hybrid,0.023,random,0.034,1.0,0,0.41476133465766907,0.0027702536321103175,93,4060,0.026881720430107524,829,22828
8,100,0.3,0.0,harm,hybrid,0.023,random,0.034,1.0,0,0.427188515663147,0.0027333169170155134,93,4060,0.02580645161290322,829,22828
8,100,0.3,0.0,harm,hybrid,0.023,random,0.034,1.0,0,0.4396156668663025,0.0026840679635557743,93,4060,0.02526881720430107,829,22828
8,100,0.3,0.0,harm,hybrid,0.023,random,0.034,1.0,0,0.4520428478717804,0.002634819010096035,93,4060,0.02365591397849462,829,22828
8,100,0.3,0.0,harm,hybrid,0.023,random,0.034,1.0,0,0.4644699990749359,0.002622506771731101,93,4060,0.02311827956989247,829,22828
8,100,0.3,0.0,harm,hybrid,0.023,random,0.034,1.0,0,0.4768971800804138,0.002610194533366166,93,4060,0.02311827956989247,829,22828
8,100,0.3,0.0,harm,hybrid,0.023,random,0.034,1.0,0,0.4893243610858917,0.002597882295001232,93,4060,0.022580645161290318,829,22828
8,100,0.3,0.0,harm,hybrid,0.023,random,0.034,1.0,0,0.5017515420913696,0.002573257818271361,93,4060,0.02204301075268817,829,22828
8,100,0.3,0.0,harm,hybrid,0.023,random,0.034,1.0,0,0.5141786932945251,0.002548633341541493,93,4060,0.020967741935483872,829,22828
8,100,0.3,0.0,harm,hybrid,0.023,random,0.034,1.0,0,0.5266058444976807,0.002511696626446688,93,4060,0.019354838709677424,829,22828
8,100,0.3,0.0,harm,hybrid,0.023,random,0.034,1.0,0,0.539033055305481,0.0024870721497168187,93,4060,0.01989247311827957,829,22828
8,100,0.3,0.0,harm,hybrid,0.023,random,0.034,1.0,0,0.5514602065086365,0.0024747599113518837,93,4060,0.019354838709677424,829,22828
8,100,0.3,0.0,harm,hybrid,0.023,random,0.034,1.0,0,0.563887357711792,0.0024501354346220137,93,4060,0.019354838709677424,829,22828
8,100,0.3,0.0,harm,hybrid,0.023,random,0.034,1.0,0,0.5763145685195923,0.0024008864811622755,93,4060,0.019354838709677424,829,22828
8,100,0.3,0.0,harm,hybrid,0.023,random,0.034,1.0,0,0.588741660118103,0.0023885742427973405,93,4060,0.019354838709677424,829,22828
8,100,0.3,0.0,harm,hybrid,0.023,random,0.034,1.0,0,0.6011688709259033,0.0023762620044324063,93,4060,0.01881720430107527,829,22828
8,100,0.3,0.0,harm,hybrid,0.023,random,0.034,1.0,0,0.6135960817337036,0.0023270130509726672,93,4060,0.01881720430107527,829,22828
8,100,0.3,0.0,harm,hybrid,0.023,random,0.034,1.0,0,0.6260231733322144,0.0023147008126077322,93,4060,0.01881720430107527,829,22828
8,100,0.3,0.0,harm,hybrid,0.023,random,0.034,1.0,0,0.6384503841400146,0.0023147008126077322,93,4060,0.01881720430107527,829,22828
8,100,0.3,0.0,harm,hybrid,0.023,random,0.034,1.0,0,0.6508775949478149,0.002265451859147993,93,4060,0.01881720430107527,829,22828
8,100,0.3,0.0,harm,hybrid,0.023,random,0.034,1.0,0,0.6633046865463257,0.002228515144053189,93,4060,0.01881720430107527,829,22828
8,100,0.3,0.0,harm,hybrid,0.023,random,0.034,1.0,0,0.675731897354126,0.002203890667323319,93,4060,0.01881720430107527,829,22828
8,100,0.3,0.0,harm,hybrid,0.023,random,0.034,1.0,0,0.6881591081619263,0.0021423294754986458,93,4060,0.01881720430107527,829,22828
8,100,0.3,0.0,harm,hybrid,0.023,random,0.034,1.0,0,0.700586199760437,0.0021423294754986458,93,4060,0.01881720430107527,829,22828
8,100,0.3,0.0,harm,hybrid,0.023,random,0.034,1.0,0,0.7130134105682373,0.0020807682836739717,93,4060,0.01881720430107527,829,22828
8,100,0.3,0.0,harm,hybrid,0.023,random,0.034,1.0,0,0.725440502166748,0.0020315193302142326,93,4060,0.01881720430107527,829,22828
8,100,0.3,0.0,harm,hybrid,0.023,random,0.034,1.0,0,0.7378677129745483,0.002019207091849298,93,4060,0.01881720430107527,829,22828
8,100,0.3,0.0,harm,hybrid,0.023,random,0.034,1.0,0,0.7502949237823486,0.0020068948534843634,93,4060,0.01881720430107527,829,22828
8,100,0.3,0.0,harm,hybrid,0.023,random,0.034,1.0,0,0.7627220153808594,0.0019453336616596898,93,4060,0.01881720430107527,829,22828
8,100,0.3,0.0,harm,hybrid,0.023,random,0.034,1.0,0,0.7751492261886597,0.0018960847081999509,93,4060,0.01881720430107527,829,22828
8,100,0.3,0.0,harm,hybrid,0.023,random,0.034,1.0,0,0.78757643699646,0.001883772469835016,93,4060,0.01881720430107527,829,22828
8,100,0.3,0.0,harm,hybrid,0.023,random,0.034,1.0,0,0.8000035285949707,0.001846835754740212,93,4060,0.01881720430107527,829,22828
8,100,0.3,0.0,harm,hybrid,0.023,random,0.034,1.0,0,0.812430739402771,0.0017483378478207335,93,4060,0.01881720430107527,829,22828
8,100,0.3,0.0,harm,hybrid,0.023,random,0.034,1.0,0,0.8248579502105713,0.0016375277025363212,93,4060,0.01881720430107527,829,22828
8,100,0.3,0.0,harm,hybrid,0.023,random,0.034,1.0,0,0.837285041809082,0.0015390297956168432,93,4060,0.01881720430107527,829,22828
8,100,0.3,0.0,harm,hybrid,0.023,random,0.034,1.0,0,0.8497122526168823,0.0015020930805220388,93,4060,0.01881720430107527,829,22828
8,100,0.3,0.0,harm,hybrid,0.023,random,0.034,1.0,0,0.8621394634246826,0.0014774686037921695,93,4060,0.01881720430107527,829,22828
8,100,0.3,0.0,harm,hybrid,0.023,random,0.034,1.0,0,0.8745665550231934,0.0014159074119674958,93,4060,0.01881720430107527,829,22828
8,100,0.3,0.0,harm,hybrid,0.023,random,0.034,1.0,0,0.8869937658309937,0.0013420339817778871,93,4060,0.01881720430107527,829,22828
8,100,0.3,0.0,harm,hybrid,0.023,random,0.034,1.0,0,0.899420976638794,0.001305097266683083,93,4060,0.01881720430107527,829,22828
8,100,0.3,0.0,harm,hybrid,0.023,random,0.034,1.0,0,0.9118480682373047,0.0011942871213986702,93,4060,0.01827956989247312,829,22828
8,100,0.3,0.0,harm,hybrid,0.023,random,0.034,1.0,0,0.924275279045105,0.001108101452844127,93,4060,0.01827956989247312,829,22828
8,100,0.3,0.0,harm,hybrid,0.023,random,0.034,1.0,0,0.9367023706436157,0.0010096035459246492,93,4060,0.017741935483870968,829,22828
8,100,0.3,0.0,harm,hybrid,0.023,random,0.034,1.0,0,0.949129581451416,0.0009234178773701059,93,4060,0.015591397849462367,829,22828
8,100,0.3,0.0,harm,hybrid,0.023,random,0.034,1.0,0,0.9615567922592163,0.0008249199704506279,93,4060,0.014516129032258065,829,22828
8,100,0.3,0.0,harm,hybrid,0.023,random,0.034,1.0,0,0.973983883857727,0.0007017975868012805,93,4060,0.011290322580645162,829,22828
8,100,0.3,0.0,harm,hybrid,0.023,random,0.034,1.0,0,0.9864110946655273,0.0005786752031519331,93,4060,0.010215053763440863,829,22828
8,100,0.3,0.0,harm,hybrid,0.023,random,0.034,1.0,0,0.9988383054733276,0.000529426249692194,93,4060,0.008602150537634409,829,22828
8,100,0.3,0.0,harm,hybrid,0.023,random,0.034,1.0,0,1.0112653970718384,0.0004555528195025856,93,4060,0.0059139784946236566,829,22828
8,100,0.3,0.0,harm,hybrid,0.023,random,0.034,1.0,0,1.0236926078796387,0.0004063038660428466,93,4060,0.004838709677419355,829,22828
8,100,0.3,0.0,harm,hybrid,0.023,random,0.034,1.0,0,1.036119818687439,0.0003939916276779119,93,4060,0.004838709677419355,829,22828
8,100,0.3,0.0,harm,hybrid,0.023,random,0.034,1.0,0,1.0485469102859497,0.00033243043585323814,93,4060,0.0032258064516129032,829,22828
8,100,0.3,0.0,harm,hybrid,0.023,random,0.034,1.0,0,1.06097412109375,0.00030780595912336864,93,4060,0.002150537634408602,829,22828
8,100,0.3,0.0,harm,hybrid,0.023,random,0.034,1.0,0,1.0734013319015503,0.00028318148239349914,93,4060,0.0016129032258064518,829,22828
8,100,0.3,0.0,harm,hybrid,0.023,random,0.034,1.0,0,1.0858285427093506,0.00025855700566362964,93,4060,0.0005376344086021505,829,22828
8,100,0.3,0.0,harm,hybrid,0.023,random,0.034,1.0,0,1.0982556343078613,0.0002462447672986949,93,4060,0.0,829,22828
8,100,0.3,0.0,harm,hybrid,0.023,random,0.034,1.0,0,1.1106828451156616,0.0002462447672986949,93,4060,0.0,829,22828
8,100,0.3,0.0,harm,hybrid,0.023,random,0.034,1.0,0,1.1231099367141724,0.0002462447672986949,93,4060,0.0,829,22828
8,100,0.3,0.0,harm,hybrid,0.023,random,0.034,1.0,0,1.1355371475219727,0.0002462447672986949,93,4060,0.0,829,22828
8,100,0.3,0.0,harm,hybrid,0.023,random,0.034,1.0,0,1.147964358329773,0.0002462447672986949,93,4060,0.0,829,22828
8,100,0.3,0.0,harm,hybrid,0.023,random,0.034,1.0,0,1.1603914499282837,0.0002462447672986949,93,4060,0.0,829,22828
8,100,0.3,0.0,harm,hybrid,0.023,random,0.034,1.0,0,1.172818660736084,0.0002462447672986949,93,4060,0.0,829,22828
8,100,0.3,0.0,harm,hybrid,0.023,random,0.034,1.0,0,1.1852458715438843,0.0002462447672986949,93,4060,0.0,829,22828
8,100,0.3,0.0,harm,hybrid,0.023,random,0.034,1.0,0,1.197672963142395,0.0002462447672986949,93,4060,0.0,829,22828
8,100,0.3,0.0,harm,hybrid,0.023,random,0.034,1.0,0,1.2101001739501953,0.0002462447672986949,93,4060,0.0,829,22828
8,100,0.3,0.0,harm,hybrid,0.023,random,0.034,1.0,0,1.2225273847579956,0.0002462447672986949,93,4060,0.0,829,22828
8,100,0.3,0.0,harm,hybrid,0.023,random,0.034,1.0,0,1.2349544763565063,0.0002462447672986949,93,4060,0.0,829,22828
8,100,0.3,0.0,harm,hybrid,0.023,random,0.034,1.0,0,1.2473816871643066,0.0002462447672986949,93,4060,0.0,829,22828
8,100,0.3,0.0,harm,hybrid,0.023,random,0.034,1.0,0,1.259808897972107,0.0002462447672986949,93,4060,0.0,829,22828
8,100,0.3,0.0,harm,hybrid,0.023,random,0.034,1.0,0,1.2722359895706177,0.0002462447672986949,93,4060,0.0,829,22828
8,100,0.3,0.0,harm,hybrid,0.023,random,0.034,1.0,0,1.284663200378418,0.0002462447672986949,93,4060,0.0,829,22828
8,100,0.3,0.0,harm,hybrid,0.023,random,0.034,1.0,0,1.2970904111862183,0.0002462447672986949,93,4060,0.0,829,22828
8,100,0.3,0.0,harm,hybrid,0.023,random,0.034,1.0,0,1.309517502784729,0.0002462447672986949,93,4060,0.0,829,22828
9,100,0.3,0.0,harm,hybrid,0.023,random,0.034,1.0,0,0.0,0.0031342182890855452,93,4067,0.034408602150537634,840,23298
9,100,0.3,0.0,harm,hybrid,0.023,random,0.034,1.0,0,0.013008207082748413,0.0031342182890855452,93,4067,0.034408602150537634,840,23298
9,100,0.3,0.0,harm,hybrid,0.023,random,0.034,1.0,0,0.026016414165496826,0.0031342182890855452,93,4067,0.034408602150537634,840,23298
9,100,0.3,0.0,harm,hybrid,0.023,random,0.034,1.0,0,0.03902462124824524,0.0031342182890855452,93,4067,0.034408602150537634,840,23298
9,100,0.3,0.0,harm,hybrid,0.023,random,0.034,1.0,0,0.05203282833099365,0.0031342182890855452,93,4067,0.034408602150537634,840,23298
9,100,0.3,0.0,harm,hybrid,0.023,random,0.034,1.0,0,0.06504103541374207,0.0031342182890855452,93,4067,0.034408602150537634,840,23298
9,100,0.3,0.0,harm,hybrid,0.023,random,0.034,1.0,0,0.07804924249649048,0.0031342182890855452,93,4067,0.034408602150537634,840,23298
9,100,0.3,0.0,harm,hybrid,0.023,random,0.034,1.0,0,0.09105744957923889,0.0031342182890855452,93,4067,0.034408602150537634,840,23298
9,100,0.3,0.0,harm,hybrid,0.023,random,0.034,1.0,0,0.1040656566619873,0.0031342182890855452,93,4067,0.034408602150537634,840,23298
9,100,0.3,0.0,harm,hybrid,0.023,random,0.034,1.0,0,0.11707386374473572,0.0031342182890855452,93,4067,0.034408602150537634,840,23298
9,100,0.3,0.0,harm,hybrid,0.023,random,0.034,1.0,0,0.13008207082748413,0.0031342182890855452,93,4067,0.034408602150537634,840,23298
9,100,0.3,0.0,harm,hybrid,0.023,random,0.034,1.0,0,0.14309027791023254,0.0031342182890855452,93,4067,0.034408602150537634,840,23298
9,100,0.3,0.0,harm,hybrid,0.023,random,0.034,1.0,0,0.15609848499298096,0.0031342182890855452,93,4067,0.034408602150537634,840,23298
9,100,0.3,0.0,harm,hybrid,0.023,random,0.034,1.0,0,0.16910669207572937,0.0031342182890855452,93,4067,0.034408602150537634,840,23298
9,100,0.3,0.0,harm,hybrid,0.023,random,0.034,1.0,0,0.18211489915847778,0.0031342182890855452,93,4067,0.034408602150537634,840,23298
9,100,0.3,0.0,harm,hybrid,0.023,random,0.034,1.0,0,0.1951231062412262,0.0031342182890855452,93,4067,0.034408602150537634,840,23298
9,100,0.3,0.0,harm,hybrid,0.023,random,0.034,1.0,0,0.2081313133239746,0.0031342182890855452,93,4067,0.034408602150537634,840,23298
9,100,0.3,0.0,harm,hybrid,0.023,random,0.034,1.0,0,0.22113952040672302,0.0031342182890855452,93,4067,0.034408602150537634,840,23298
9,100,0.3,0.0,harm,hybrid,0.023,random,0.034,1.0,0,0.23414772748947144,0.0031342182890855452,93,4067,0.034408602150537634,840,23298
9,100,0.3,0.0,harm,hybrid,0.023,random,0.034,1.0,0,0.24715593457221985,0.0031219272369714846,93,4067,0.03387096774193548,840,23298
9,100,0.3,0.0,harm,hybrid,0.023,random,0.034,1.0,0,0.26016414165496826,0.0031219272369714846,93,4067,0.03387096774193548,840,23298
9,100,0.3,0.0,harm,hybrid,0.023,random,0.034,1.0,0,0.2731723487377167,0.0031219272369714846,93,4067,0.03387096774193548,840,23298
9,100,0.3,0.0,harm,hybrid,0.023,random,0.034,1.0,0,0.2861805558204651,0.0031219272369714846,93,4067,0.03387096774193548,840,23298
9,100,0.3,0.0,harm,hybrid,0.023,random,0.034,1.0,0,0.2991887629032135,0.0031219272369714846,93,4067,0.03387096774193548,840,23298
9,100,0.3,0.0,harm,hybrid,0.023,random,0.034,1.0,0,0.3121969699859619,0.0031096361848574243,93,4067,0.03387096774193548,840,23298
9,100,0.3,0.0,harm,hybrid,0.023,random,0.034,1.0,0,0.3252051770687103,0.0031096361848574243,93,4067,0.03387096774193548,840,23298
9,100,0.3,0.0,harm,hybrid,0.023,random,0.034,1.0,0,0.33821338415145874,0.0031096361848574243,93,4067,0.03387096774193548,840,23298
9,100,0.3,0.0,harm,hybrid,0.023,random,0.034,1.0,0,0.35122159123420715,0.0031096361848574243,93,4067,0.03387096774193548,840,23298
9,100,0.3,0.0,harm,hybrid,0.023,random,0.034,1.0,0,0.36422979831695557,0.0030973451327433632,93,4067,0.03333333333333333,840,23298
9,100,0.3,0.0,harm,hybrid,0.023,random,0.034,1.0,0,0.377238005399704,0.003085054080629302,93,4067,0.03279569892473118,840,23298
9,100,0.3,0.0,harm,hybrid,0.023,random,0.034,1.0,0,0.3902462124824524,0.0030358898721730585,93,4067,0.031182795698924726,840,23298
9,100,0.3,0.0,harm,hybrid,0.023,random,0.034,1.0,0,0.4032544195652008,0.003011307767944936,93,4067,0.031182795698924726,840,23298
9,100,0.3,0.0,harm,hybrid,0.023,random,0.034,1.0,0,0.4162626266479492,0.0029990167158308752,93,4067,0.030645161290322576,840,23298
9,100,0.3,0.0,harm,hybrid,0.023,random,0.034,1.0,0,0.42927083373069763,0.0029867256637168146,93,4067,0.030645161290322576,840,23298
9,100,0.3,0.0,harm,hybrid,0.023,random,0.034,1.0,0,0.44227904081344604,0.0029621435594886923,93,4067,0.030645161290322576,840,23298
9,100,0.3,0.0,harm,hybrid,0.023,random,0.034,1.0,0,0.45528724789619446,0.0028638151425762043,93,4067,0.027956989247311825,840,23298
9,100,0.3,0.0,harm,hybrid,0.023,random,0.034,1.0,0,0.46829545497894287,0.0028146509341199603,93,4067,0.02634408602150537,840,23298
9,100,0.3,0.0,harm,hybrid,0.023,random,0.034,1.0,0,0.4813036620616913,0.002740904621435595,93,4067,0.024193548387096774,840,23298
9,100,0.3,0.0,harm,hybrid,0.023,random,0.034,1.0,0,0.4943118691444397,0.0026917404129793506,93,4067,0.02365591397849462,840,23298
9,100,0.3,0.0,harm,hybrid,0.023,random,0.034,1.0,0,0.5073200464248657,0.0026425762045231074,93,4067,0.023118279569892472,840,23298
9,100,0.3,0.0,harm,hybrid,0.023,random,0.034,1.0,0,0.5203282833099365,0.0026057030481809245,93,4067,0.022580645161290318,840,23298
9,100,0.3,0.0,harm,hybrid,0.023,random,0.034,1.0,0,0.5333365201950073,0.0025934119960668634,93,4067,0.022580645161290318,840,23298
9,100,0.3,0.0,harm,hybrid,0.023,random,0.034,1.0,0,0.5463446974754333,0.0025934119960668634,93,4067,0.022580645161290318,840,23298
9,100,0.3,0.0,harm,hybrid,0.023,random,0.034,1.0,0,0.5593528747558594,0.0025319567354965588,93,4067,0.022580645161290318,840,23298
9,100,0.3,0.0,harm,hybrid,0.023,random,0.034,1.0,0,0.5723611116409302,0.0025196656833824977,93,4067,0.02204301075268817,840,23298
9,100,0.3,0.0,harm,hybrid,0.023,random,0.034,1.0,0,0.585369348526001,0.0024950835791543754,93,4067,0.02204301075268817,840,23298
9,100,0.3,0.0,harm,hybrid,0.023,random,0.034,1.0,0,0.598377525806427,0.0024827925270403148,93,4067,0.02204301075268817,840,23298
9,100,0.3,0.0,harm,hybrid,0.023,random,0.034,1.0,0,0.611385703086853,0.0024827925270403148,93,4067,0.02204301075268817,840,23298
9,100,0.3,0.0,harm,hybrid,0.023,random,0.034,1.0,0,0.6243939399719238,0.0024705014749262537,93,4067,0.02204301075268817,840,23298
9,100,0.3,0.0,harm,hybrid,0.023,random,0.034,1.0,0,0.6374021768569946,0.002445919370698132,93,4067,0.02204301075268817,840,23298
9,100,0.3,0.0,harm,hybrid,0.023,random,0.034,1.0,0,0.6504103541374207,0.0024336283185840708,93,4067,0.02204301075268817,840,23298
9,100,0.3,0.0,harm,hybrid,0.023,random,0.034,1.0,0,0.6634185314178467,0.002384464110127827,93,4067,0.02204301075268817,840,23298
9,100,0.3,0.0,harm,hybrid,0.023,random,0.034,1.0,0,0.6764267683029175,0.0022984267453294003,93,4067,0.02204301075268817,840,23298
9,100,0.3,0.0,harm,hybrid,0.023,random,0.034,1.0,0,0.6894350051879883,0.002273844641101278,93,4067,0.02204301075268817,840,23298
9,100,0.3,0.0,harm,hybrid,0.023,random,0.034,1.0,0,0.7024431824684143,0.002261553588987217,93,4067,0.02204301075268817,840,23298
9,100,0.3,0.0,harm,hybrid,0.023,random,0.034,1.0,0,0.7154513597488403,0.0022369714847590956,93,4067,0.02204301075268817,840,23298
9,100,0.3,0.0,harm,hybrid,0.023,random,0.034,1.0,0,0.7284595966339111,0.0022000983284169127,93,4067,0.02204301075268817,840,23298
9,100,0.3,0.0,harm,hybrid,0.023,random,0.034,1.0,0,0.7414678335189819,0.0021386430678466076,93,4067,0.02204301075268817,840,23298
9,100,0.3,0.0,harm,hybrid,0.023,random,0.034,1.0,0,0.754476010799408,0.0021386430678466076,93,4067,0.02204301075268817,840,23298
9,100,0.3,0.0,harm,hybrid,0.023,random,0.034,1.0,0,0.767484188079834,0.002064896755162242,93,4067,0.02204301075268817,840,23298
9,100,0.3,0.0,harm,hybrid,0.023,random,0.034,1.0,0,0.7804924249649048,0.00204031465093412,93,4067,0.02204301075268817,840,23298
9,100,0.3,0.0,harm,hybrid,0.023,random,0.034,1.0,0,0.7935006618499756,0.002003441494591937,93,4067,0.02204301075268817,840,23298
9,100,0.3,0.0,harm,hybrid,0.023,random,0.034,1.0,0,0.8065088391304016,0.0019296951819075714,93,4067,0.02204301075268817,840,23298
9,100,0.3,0.0,harm,hybrid,0.023,random,0.034,1.0,0,0.8195170164108276,0.0018805309734513276,93,4067,0.02204301075268817,840,23298
9,100,0.3,0.0,harm,hybrid,0.023,random,0.034,1.0,0,0.8325252532958984,0.0018190757128810227,93,4067,0.02204301075268817,840,23298
9,100,0.3,0.0,harm,hybrid,0.023,random,0.034,1.0,0,0.8455334901809692,0.001733038348082596,93,4067,0.02204301075268817,840,23298
9,100,0.3,0.0,harm,hybrid,0.023,random,0.034,1.0,0,0.8585416674613953,0.00165929203539823,93,4067,0.02204301075268817,840,23298
9,100,0.3,0.0,harm,hybrid,0.023,random,0.034,1.0,0,0.8715498447418213,0.0015978367748279254,93,4067,0.02204301075268817,840,23298
9,100,0.3,0.0,harm,hybrid,0.023,random,0.034,1.0,0,0.8845580816268921,0.0014995083579154378,93,4067,0.02204301075268817,840,23298
9,100,0.3,0.0,harm,hybrid,0.023,random,0.034,1.0,0,0.8975663185119629,0.001413470993117011,93,4067,0.02204301075268817,840,23298
9,100,0.3,0.0,harm,hybrid,0.023,random,0.034,1.0,0,0.9105744957923889,0.0013028515240904625,93,4067,0.02204301075268817,840,23298
9,100,0.3,0.0,harm,hybrid,0.023,random,0.034,1.0,0,0.9235826730728149,0.0012536873156342183,93,4067,0.02204301075268817,840,23298
9,100,0.3,0.0,harm,hybrid,0.023,random,0.034,1.0,0,0.9365909099578857,0.0011799410029498525,93,4067,0.021505376344086023,840,23298
9,100,0.3,0.0,harm,hybrid,0.023,random,0.034,1.0,0,0.9495991468429565,0.0011307767944936087,93,4067,0.021505376344086023,840,23298
9,100,0.3,0.0,harm,hybrid,0.023,random,0.034,1.0,0,0.9626073241233826,0.000995575221238938,93,4067,0.01935483870967742,840,23298
9,100,0.3,0.0,harm,hybrid,0.023,random,0.034,1.0,0,0.9756155014038086,0.0008849557522123894,93,4067,0.01827956989247312,840,23298
9,100,0.3,0.0,harm,hybrid,0.023,random,0.034,1.0,0,0.9886237382888794,0.0007743362831858409,93,4067,0.014516129032258065,840,23298
9,100,0.3,0.0,harm,hybrid,0.023,random,0.034,1.0,0,1.0016319751739502,0.000663716814159292,93,4067,0.011827956989247313,840,23298
9,100,0.3,0.0,harm,hybrid,0.023,random,0.034,1.0,0,1.0146400928497314,0.0004916420845624386,93,4067,0.006989247311827958,840,23298
9,100,0.3,0.0,harm,hybrid,0.023,random,0.034,1.0,0,1.0276483297348022,0.0004301868239921338,93,4067,0.004838709677419355,840,23298
9,100,0.3,0.0,harm,hybrid,0.023,random,0.034,1.0,0,1.040656566619873,0.0003810226155358899,93,4067,0.0032258064516129032,840,23298
9,100,0.3,0.0,harm,hybrid,0.023,random,0.034,1.0,0,1.0536648035049438,0.0003687315634218289,93,4067,0.002688172043010753,840,23298
9,100,0.3,0.0,harm,hybrid,0.023,random,0.034,1.0,0,1.0666730403900146,0.00031956735496558507,93,4067,0.0016129032258064518,840,23298
9,100,0.3,0.0,harm,hybrid,0.023,random,0.034,1.0,0,1.079681158065796,0.0002949852507374631,93,4067,0.0005376344086021505,840,23298
9,100,0.3,0.0,harm,hybrid,0.023,random,0.034,1.0,0,1.0926893949508667,0.00027040314650934123,93,4067,0.0,840,23298
9,100,0.3,0.0,harm,hybrid,0.023,random,0.034,1.0,0,1.1056976318359375,0.00025811209439528023,93,4067,0.0,840,23298
9,100,0.3,0.0,harm,hybrid,0.023,random,0.034,1.0,0,1.1187057495117188,0.00025811209439528023,93,4067,0.0,840,23298
9,100,0.3,0.0,harm,hybrid,0.023,random,0.034,1.0,0,1.1317139863967896,0.00025811209439528023,93,4067,0.0,840,23298
9,100,0.3,0.0,harm,hybrid,0.023,random,0.034,1.0,0,1.1447222232818604,0.00025811209439528023,93,4067,0.0,840,23298
9,100,0.3,0.0,harm,hybrid,0.023,random,0.034,1.0,0,1.1577304601669312,0.00025811209439528023,93,4067,0.0,840,23298
9,100,0.3,0.0,harm,hybrid,0.023,random,0.034,1.0,0,1.170738697052002,0.00025811209439528023,93,4067,0.0,840,23298
9,100,0.3,0.0,harm,hybrid,0.023,random,0.034,1.0,0,1.1837468147277832,0.00025811209439528023,93,4067,0.0,840,23298
9,100,0.3,0.0,harm,hybrid,0.023,random,0.034,1.0,0,1.196755051612854,0.00025811209439528023,93,4067,0.0,840,23298
9,100,0.3,0.0,harm,hybrid,0.023,random,0.034,1.0,0,1.2097632884979248,0.0002458210422812193,93,4067,0.0,840,23298
9,100,0.3,0.0,harm,hybrid,0.023,random,0.034,1.0,0,1.222771406173706,0.0002458210422812193,93,4067,0.0,840,23298
9,100,0.3,0.0,harm,hybrid,0.023,random,0.034,1.0,0,1.2357796430587769,0.0002458210422812193,93,4067,0.0,840,23298
9,100,0.3,0.0,harm,hybrid,0.023,random,0.034,1.0,0,1.2487878799438477,0.0002458210422812193,93,4067,0.0,840,23298
9,100,0.3,0.0,harm,hybrid,0.023,random,0.034,1.0,0,1.2617961168289185,0.0002458210422812193,93,4067,0.0,840,23298
9,100,0.3,0.0,harm,hybrid,0.023,random,0.034,1.0,0,1.2748043537139893,0.0002458210422812193,93,4067,0.0,840,23298
9,100,0.3,0.0,harm,hybrid,0.023,random,0.034,1.0,0,1.2878124713897705,0.0002458210422812193,93,4067,0.0,840,23298
