run_id,epoch,base_harm,beta,score_type,conformal_method,Collective,Report Strategy,Report Fraction,likes_softmax_temperature,topk_n,gamma,calib_risk_adjusted,num_adv_users,calib_set_size,avg_harm_adv_raw,total_flagged_items,total_items_seen_by_adv_users
0,100,0.3,0.0,harm,hybrid,0.01,low_risk_q1,0.01,1.0,0,0.11756947636604309,0.003901234567901235,40,4049,0.15375,123,9740
0,100,0.3,0.0,harm,hybrid,0.01,low_risk_q1,0.01,1.0,0,0.12999893724918365,0.003901234567901235,40,4049,0.15375,123,9740
0,100,0.3,0.0,harm,hybrid,0.01,low_risk_q1,0.01,1.0,0,0.14242839813232422,0.003901234567901235,40,4049,0.15375,123,9740
0,100,0.3,0.0,harm,hybrid,0.01,low_risk_q1,0.01,1.0,0,0.1548578441143036,0.003901234567901235,40,4049,0.15375,123,9740
0,100,0.3,0.0,harm,hybrid,0.01,low_risk_q1,0.01,1.0,0,0.16728731989860535,0.003901234567901235,40,4049,0.15375,123,9740
0,100,0.3,0.0,harm,hybrid,0.01,low_risk_q1,0.01,1.0,0,0.17971676588058472,0.003901234567901235,40,4049,0.15375,123,9740
0,100,0.3,0.0,harm,hybrid,0.01,low_risk_q1,0.01,1.0,0,0.19214622676372528,0.003901234567901235,40,4049,0.15375,123,9740
0,100,0.3,0.0,harm,hybrid,0.01,low_risk_q1,0.01,1.0,0,0.20457568764686584,0.003901234567901235,40,4049,0.15375,123,9740
0,100,0.3,0.0,harm,hybrid,0.01,low_risk_q1,0.01,1.0,0,0.2170051485300064,0.003901234567901235,40,4049,0.15375,123,9740
0,100,0.3,0.0,harm,hybrid,0.01,low_risk_q1,0.01,1.0,0,0.22943460941314697,0.003901234567901235,40,4049,0.15375,123,9740
0,100,0.3,0.0,harm,hybrid,0.01,low_risk_q1,0.01,1.0,0,0.24186407029628754,0.003901234567901235,40,4049,0.15375,123,9740
0,100,0.3,0.0,harm,hybrid,0.01,low_risk_q1,0.01,1.0,0,0.2542935311794281,0.0038888888888888896,40,4049,0.15375,123,9740
0,100,0.3,0.0,harm,hybrid,0.01,low_risk_q1,0.01,1.0,0,0.26672297716140747,0.0038888888888888896,40,4049,0.15375,123,9740
0,100,0.3,0.0,harm,hybrid,0.01,low_risk_q1,0.01,1.0,0,0.27915245294570923,0.0038888888888888896,40,4049,0.15375,123,9740
0,100,0.3,0.0,harm,hybrid,0.01,low_risk_q1,0.01,1.0,0,0.2915818989276886,0.0038888888888888896,40,4049,0.15375,123,9740
0,100,0.3,0.0,harm,hybrid,0.01,low_risk_q1,0.01,1.0,0,0.30401134490966797,0.0038765432098765438,40,4049,0.15375,123,9740
0,100,0.3,0.0,harm,hybrid,0.01,low_risk_q1,0.01,1.0,0,0.3164408206939697,0.0038765432098765438,40,4049,0.15375,123,9740
0,100,0.3,0.0,harm,hybrid,0.01,low_risk_q1,0.01,1.0,0,0.3288702964782715,0.0038765432098765438,40,4049,0.15375,123,9740
0,100,0.3,0.0,harm,hybrid,0.01,low_risk_q1,0.01,1.0,0,0.34129974246025085,0.0038765432098765438,40,4049,0.15375,123,9740
0,100,0.3,0.0,harm,hybrid,0.01,low_risk_q1,0.01,1.0,0,0.3537291884422302,0.0038765432098765438,40,4049,0.15375,123,9740
0,100,0.3,0.0,harm,hybrid,0.01,low_risk_q1,0.01,1.0,0,0.366158664226532,0.0038641975308641974,40,4049,0.15375,123,9740
0,100,0.3,0.0,harm,hybrid,0.01,low_risk_q1,0.01,1.0,0,0.37858811020851135,0.0038641975308641974,40,4049,0.15375,123,9740
0,100,0.3,0.0,harm,hybrid,0.01,low_risk_q1,0.01,1.0,0,0.3910175859928131,0.0038641975308641974,40,4049,0.15375,123,9740
0,100,0.3,0.0,harm,hybrid,0.01,low_risk_q1,0.01,1.0,0,0.4034470319747925,0.0038641975308641974,40,4049,0.15375,123,9740
0,100,0.3,0.0,harm,hybrid,0.01,low_risk_q1,0.01,1.0,0,0.41587647795677185,0.0038641975308641974,40,4049,0.15375,123,9740
0,100,0.3,0.0,harm,hybrid,0.01,low_risk_q1,0.01,1.0,0,0.4283059537410736,0.003851851851851852,40,4049,0.15375,123,9740
0,100,0.3,0.0,harm,hybrid,0.01,low_risk_q1,0.01,1.0,0,0.440735399723053,0.003851851851851852,40,4049,0.15375,123,9740
0,100,0.3,0.0,harm,hybrid,0.01,low_risk_q1,0.01,1.0,0,0.45316487550735474,0.0038271604938271606,40,4049,0.15375,123,9740
0,100,0.3,0.0,harm,hybrid,0.01,low_risk_q1,0.01,1.0,0,0.4655943214893341,0.0038271604938271606,40,4049,0.15375,123,9740
0,100,0.3,0.0,harm,hybrid,0.01,low_risk_q1,0.01,1.0,0,0.47802379727363586,0.0038271604938271606,40,4049,0.15375,123,9740
0,100,0.3,0.0,harm,hybrid,0.01,low_risk_q1,0.01,1.0,0,0.49045324325561523,0.003790123456790124,40,4049,0.15375,123,9740
0,100,0.3,0.0,harm,hybrid,0.01,low_risk_q1,0.01,1.0,0,0.502882719039917,0.003777777777777778,40,4049,0.1525,123,9740
0,100,0.3,0.0,harm,hybrid,0.01,low_risk_q1,0.01,1.0,0,0.5153121948242188,0.0037407407407407407,40,4049,0.15375,123,9740
0,100,0.3,0.0,harm,hybrid,0.01,low_risk_q1,0.01,1.0,0,0.5277416110038757,0.0037160493827160497,40,4049,0.15,123,9740
0,100,0.3,0.0,harm,hybrid,0.01,low_risk_q1,0.01,1.0,0,0.5401710867881775,0.0036913580246913584,40,4049,0.15,123,9740
0,100,0.3,0.0,harm,hybrid,0.01,low_risk_q1,0.01,1.0,0,0.5526005029678345,0.0036790123456790125,40,4049,0.15125,123,9740
0,100,0.3,0.0,harm,hybrid,0.01,low_risk_q1,0.01,1.0,0,0.5650299787521362,0.0036419753086419752,40,4049,0.1525,123,9740
0,100,0.3,0.0,harm,hybrid,0.01,low_risk_q1,0.01,1.0,0,0.577459454536438,0.003604938271604938,40,4049,0.15,123,9740
0,100,0.3,0.0,harm,hybrid,0.01,low_risk_q1,0.01,1.0,0,0.5898889303207397,0.0035925925925925925,40,4049,0.14875,123,9740
0,100,0.3,0.0,harm,hybrid,0.01,low_risk_q1,0.01,1.0,0,0.6023184061050415,0.00354320987654321,40,4049,0.14875,123,9740
0,100,0.3,0.0,harm,hybrid,0.01,low_risk_q1,0.01,1.0,0,0.6147478818893433,0.0035308641975308644,40,4049,0.14875,123,9740
0,100,0.3,0.0,harm,hybrid,0.01,low_risk_q1,0.01,1.0,0,0.6271772384643555,0.003518518518518519,40,4049,0.14875,123,9740
0,100,0.3,0.0,harm,hybrid,0.01,low_risk_q1,0.01,1.0,0,0.6396067142486572,0.003469135802469136,40,4049,0.14750000000000002,123,9740
0,100,0.3,0.0,harm,hybrid,0.01,low_risk_q1,0.01,1.0,0,0.652036190032959,0.0034567901234567903,40,4049,0.14750000000000002,123,9740
0,100,0.3,0.0,harm,hybrid,0.01,low_risk_q1,0.01,1.0,0,0.6644656658172607,0.0034074074074074076,40,4049,0.14750000000000002,123,9740
0,100,0.3,0.0,harm,hybrid,0.01,low_risk_q1,0.01,1.0,0,0.6768951416015625,0.0034074074074074076,40,4049,0.14750000000000002,123,9740
0,100,0.3,0.0,harm,hybrid,0.01,low_risk_q1,0.01,1.0,0,0.6893246173858643,0.003370370370370371,40,4049,0.14750000000000002,123,9740
0,100,0.3,0.0,harm,hybrid,0.01,low_risk_q1,0.01,1.0,0,0.701754093170166,0.0033209876543209877,40,4049,0.14750000000000002,123,9740
0,100,0.3,0.0,harm,hybrid,0.01,low_risk_q1,0.01,1.0,0,0.7141834497451782,0.0033086419753086426,40,4049,0.14750000000000002,123,9740
0,100,0.3,0.0,harm,hybrid,0.01,low_risk_q1,0.01,1.0,0,0.72661292552948,0.0032962962962962967,40,4049,0.14750000000000002,123,9740
0,100,0.3,0.0,harm,hybrid,0.01,low_risk_q1,0.01,1.0,0,0.7390424013137817,0.003283950617283951,40,4049,0.14750000000000002,123,9740
0,100,0.3,0.0,harm,hybrid,0.01,low_risk_q1,0.01,1.0,0,0.7514718770980835,0.003271604938271605,40,4049,0.14750000000000002,123,9740
0,100,0.3,0.0,harm,hybrid,0.01,low_risk_q1,0.01,1.0,0,0.7639013528823853,0.0032469135802469136,40,4049,0.14750000000000002,123,9740
0,100,0.3,0.0,harm,hybrid,0.01,low_risk_q1,0.01,1.0,0,0.776330828666687,0.0032222222222222227,40,4049,0.14750000000000002,123,9740
0,100,0.3,0.0,harm,hybrid,0.01,low_risk_q1,0.01,1.0,0,0.7887603044509888,0.0031851851851851854,40,4049,0.14750000000000002,123,9740
0,100,0.3,0.0,harm,hybrid,0.01,low_risk_q1,0.01,1.0,0,0.8011897802352905,0.0031728395061728395,40,4049,0.14750000000000002,123,9740
0,100,0.3,0.0,harm,hybrid,0.01,low_risk_q1,0.01,1.0,0,0.8136191368103027,0.0031358024691358023,40,4049,0.14750000000000002,123,9740
0,100,0.3,0.0,harm,hybrid,0.01,low_risk_q1,0.01,1.0,0,0.8260486125946045,0.0030370370370370373,40,4049,0.14750000000000002,123,9740
0,100,0.3,0.0,harm,hybrid,0.01,low_risk_q1,0.01,1.0,0,0.8384780883789062,0.002950617283950618,40,4049,0.14750000000000002,123,9740
0,100,0.3,0.0,harm,hybrid,0.01,low_risk_q1,0.01,1.0,0,0.850907564163208,0.0029012345679012346,40,4049,0.14750000000000002,123,9740
0,100,0.3,0.0,harm,hybrid,0.01,low_risk_q1,0.01,1.0,0,0.8633370399475098,0.002814814814814815,40,4049,0.14750000000000002,123,9740
0,100,0.3,0.0,harm,hybrid,0.01,low_risk_q1,0.01,1.0,0,0.8757665157318115,0.0027654320987654324,40,4049,0.14750000000000002,123,9740
0,100,0.3,0.0,harm,hybrid,0.01,low_risk_q1,0.01,1.0,0,0.8881959915161133,0.0027037037037037043,40,4049,0.14750000000000002,123,9740
0,100,0.3,0.0,harm,hybrid,0.01,low_risk_q1,0.01,1.0,0,0.9006253480911255,0.0026172839506172843,40,4049,0.14750000000000002,123,9740
0,100,0.3,0.0,harm,hybrid,0.01,low_risk_q1,0.01,1.0,0,0.9130548238754272,0.002481481481481482,40,4049,0.14750000000000002,123,9740
0,100,0.3,0.0,harm,hybrid,0.01,low_risk_q1,0.01,1.0,0,0.925484299659729,0.0023703703703703708,40,4049,0.14750000000000002,123,9740
0,100,0.3,0.0,harm,hybrid,0.01,low_risk_q1,0.01,1.0,0,0.9379137754440308,0.002320987654320987,40,4049,0.14750000000000002,123,9740
0,100,0.3,0.0,harm,hybrid,0.01,low_risk_q1,0.01,1.0,0,0.9503432512283325,0.002283950617283951,40,4049,0.14750000000000002,123,9740
0,100,0.3,0.0,harm,hybrid,0.01,low_risk_q1,0.01,1.0,0,0.9627727270126343,0.002197530864197531,40,4049,0.14750000000000002,123,9740
0,100,0.3,0.0,harm,hybrid,0.01,low_risk_q1,0.01,1.0,0,0.975202202796936,0.002160493827160494,40,4049,0.14750000000000002,123,9740
0,100,0.3,0.0,harm,hybrid,0.01,low_risk_q1,0.01,1.0,0,0.9876315593719482,0.0020987654320987655,40,4049,0.14750000000000002,123,9740
0,100,0.3,0.0,harm,hybrid,0.01,low_risk_q1,0.01,1.0,0,1.00006103515625,0.0019876543209876546,40,4049,0.14750000000000002,123,9740
0,100,0.3,0.0,harm,hybrid,0.01,low_risk_q1,0.01,1.0,0,1.0124905109405518,0.0019012345679012344,40,4049,0.14625,123,9740
0,100,0.3,0.0,harm,hybrid,0.01,low_risk_q1,0.01,1.0,0,1.0249199867248535,0.001851851851851852,40,4049,0.14375,123,9740
0,100,0.3,0.0,harm,hybrid,0.01,low_risk_q1,0.01,1.0,0,1.0373494625091553,0.0017530864197530863,40,4049,0.1375,123,9740
0,100,0.3,0.0,harm,hybrid,0.01,low_risk_q1,0.01,1.0,0,1.049778938293457,0.0016049382716049382,40,4049,0.1275,123,9740
0,100,0.3,0.0,harm,hybrid,0.01,low_risk_q1,0.01,1.0,0,1.0622084140777588,0.001382716049382716,40,4049,0.10750000000000001,123,9740
0,100,0.3,0.0,harm,hybrid,0.01,low_risk_q1,0.01,1.0,0,1.074637770652771,0.0011358024691358027,40,4049,0.08375,123,9740
0,100,0.3,0.0,harm,hybrid,0.01,low_risk_q1,0.01,1.0,0,1.0870672464370728,0.0009753086419753087,40,4049,0.0675,123,9740
0,100,0.3,0.0,harm,hybrid,0.01,low_risk_q1,0.01,1.0,0,1.0994967222213745,0.0008271604938271605,40,4049,0.05500000000000001,123,9740
0,100,0.3,0.0,harm,hybrid,0.01,low_risk_q1,0.01,1.0,0,1.1119261980056763,0.0006543209876543211,40,4049,0.03875,123,9740
0,100,0.3,0.0,harm,hybrid,0.01,low_risk_q1,0.01,1.0,0,1.124355673789978,0.0005679012345679013,40,4049,0.03125,123,9740
0,100,0.3,0.0,harm,hybrid,0.01,low_risk_q1,0.01,1.0,0,1.1367850303649902,0.0004938271604938272,40,4049,0.02375,123,9740
0,100,0.3,0.0,harm,hybrid,0.01,low_risk_q1,0.01,1.0,0,1.149214506149292,0.0004691358024691359,40,4049,0.021249999999999998,123,9740
0,100,0.3,0.0,harm,hybrid,0.01,low_risk_q1,0.01,1.0,0,1.1616439819335938,0.00039506172839506176,40,4049,0.013750000000000002,123,9740
0,100,0.3,0.0,harm,hybrid,0.01,low_risk_q1,0.01,1.0,0,1.1740734577178955,0.0002839506172839506,40,4049,0.0025,123,9740
0,100,0.3,0.0,harm,hybrid,0.01,low_risk_q1,0.01,1.0,0,1.1865029335021973,0.00027160493827160494,40,4049,0.00125,123,9740
0,100,0.3,0.0,harm,hybrid,0.01,low_risk_q1,0.01,1.0,0,1.198932409286499,0.00027160493827160494,40,4049,0.00125,123,9740
0,100,0.3,0.0,harm,hybrid,0.01,low_risk_q1,0.01,1.0,0,1.2113618850708008,0.0002469135802469136,40,4049,0.0,123,9740
0,100,0.3,0.0,harm,hybrid,0.01,low_risk_q1,0.01,1.0,0,1.223791241645813,0.0002469135802469136,40,4049,0.0,123,9740
0,100,0.3,0.0,harm,hybrid,0.01,low_risk_q1,0.01,1.0,0,1.2362207174301147,0.0002469135802469136,40,4049,0.0,123,9740
0,100,0.3,0.0,harm,hybrid,0.01,low_risk_q1,0.01,1.0,0,1.2486501932144165,0.0002469135802469136,40,4049,0.0,123,9740
0,100,0.3,0.0,harm,hybrid,0.01,low_risk_q1,0.01,1.0,0,1.2610796689987183,0.0002469135802469136,40,4049,0.0,123,9740
0,100,0.3,0.0,harm,hybrid,0.01,low_risk_q1,0.01,1.0,0,1.27350914478302,0.0002469135802469136,40,4049,0.0,123,9740
0,100,0.3,0.0,harm,hybrid,0.01,low_risk_q1,0.01,1.0,0,1.2859386205673218,0.0002469135802469136,40,4049,0.0,123,9740
0,100,0.3,0.0,harm,hybrid,0.01,low_risk_q1,0.01,1.0,0,1.2983680963516235,0.0002469135802469136,40,4049,0.0,123,9740
0,100,0.3,0.0,harm,hybrid,0.01,low_risk_q1,0.01,1.0,0,1.3107974529266357,0.0002469135802469136,40,4049,0.0,123,9740
0,100,0.3,0.0,harm,hybrid,0.01,low_risk_q1,0.01,1.0,0,1.3232269287109375,0.0002469135802469136,40,4049,0.0,123,9740
0,100,0.3,0.0,harm,hybrid,0.01,low_risk_q1,0.01,1.0,0,1.3356564044952393,0.0002469135802469136,40,4049,0.0,123,9740
0,100,0.3,0.0,harm,hybrid,0.01,low_risk_q1,0.01,1.0,0,1.348085880279541,0.0002469135802469136,40,4049,0.0,123,9740
1,100,0.3,0.0,harm,hybrid,0.01,low_risk_q1,0.01,1.0,0,0.04140770435333252,0.003960639606396064,40,4064,0.155,124,9774
1,100,0.3,0.0,harm,hybrid,0.01,low_risk_q1,0.01,1.0,0,0.05379550904035568,0.003960639606396064,40,4064,0.155,124,9774
1,100,0.3,0.0,harm,hybrid,0.01,low_risk_q1,0.01,1.0,0,0.06618331372737885,0.003960639606396064,40,4064,0.155,124,9774
1,100,0.3,0.0,harm,hybrid,0.01,low_risk_q1,0.01,1.0,0,0.07857111841440201,0.003960639606396064,40,4064,0.155,124,9774
1,100,0.3,0.0,harm,hybrid,0.01,low_risk_q1,0.01,1.0,0,0.09095892310142517,0.003960639606396064,40,4064,0.155,124,9774
1,100,0.3,0.0,harm,hybrid,0.01,low_risk_q1,0.01,1.0,0,0.10334672778844833,0.003960639606396064,40,4064,0.155,124,9774
1,100,0.3,0.0,harm,hybrid,0.01,low_risk_q1,0.01,1.0,0,0.1157345324754715,0.003960639606396064,40,4064,0.155,124,9774
1,100,0.3,0.0,harm,hybrid,0.01,low_risk_q1,0.01,1.0,0,0.12812232971191406,0.003960639606396064,40,4064,0.155,124,9774
1,100,0.3,0.0,harm,hybrid,0.01,low_risk_q1,0.01,1.0,0,0.14051014184951782,0.003960639606396064,40,4064,0.155,124,9774
1,100,0.3,0.0,harm,hybrid,0.01,low_risk_q1,0.01,1.0,0,0.15289795398712158,0.003960639606396064,40,4064,0.155,124,9774
1,100,0.3,0.0,harm,hybrid,0.01,low_risk_q1,0.01,1.0,0,0.16528575122356415,0.003960639606396064,40,4064,0.155,124,9774
1,100,0.3,0.0,harm,hybrid,0.01,low_risk_q1,0.01,1.0,0,0.1776735484600067,0.003960639606396064,40,4064,0.155,124,9774
1,100,0.3,0.0,harm,hybrid,0.01,low_risk_q1,0.01,1.0,0,0.19006136059761047,0.003960639606396064,40,4064,0.155,124,9774
1,100,0.3,0.0,harm,hybrid,0.01,low_risk_q1,0.01,1.0,0,0.20244917273521423,0.003960639606396064,40,4064,0.155,124,9774
1,100,0.3,0.0,harm,hybrid,0.01,low_risk_q1,0.01,1.0,0,0.2148369699716568,0.003960639606396064,40,4064,0.155,124,9774
1,100,0.3,0.0,harm,hybrid,0.01,low_risk_q1,0.01,1.0,0,0.22722476720809937,0.003960639606396064,40,4064,0.155,124,9774
1,100,0.3,0.0,harm,hybrid,0.01,low_risk_q1,0.01,1.0,0,0.23961257934570312,0.003960639606396064,40,4064,0.155,124,9774
1,100,0.3,0.0,harm,hybrid,0.01,low_risk_q1,0.01,1.0,0,0.2520003914833069,0.003960639606396064,40,4064,0.155,124,9774
1,100,0.3,0.0,harm,hybrid,0.01,low_risk_q1,0.01,1.0,0,0.26438820362091064,0.003960639606396064,40,4064,0.155,124,9774
1,100,0.3,0.0,harm,hybrid,0.01,low_risk_q1,0.01,1.0,0,0.276775985956192,0.003960639606396064,40,4064,0.155,124,9774
1,100,0.3,0.0,harm,hybrid,0.01,low_risk_q1,0.01,1.0,0,0.2891637980937958,0.003960639606396064,40,4064,0.155,124,9774
1,100,0.3,0.0,harm,hybrid,0.01,low_risk_q1,0.01,1.0,0,0.30155161023139954,0.003960639606396064,40,4064,0.155,124,9774
1,100,0.3,0.0,harm,hybrid,0.01,low_risk_q1,0.01,1.0,0,0.3139393925666809,0.003960639606396064,40,4064,0.155,124,9774
1,100,0.3,0.0,harm,hybrid,0.01,low_risk_q1,0.01,1.0,0,0.32632720470428467,0.003960639606396064,40,4064,0.155,124,9774
1,100,0.3,0.0,harm,hybrid,0.01,low_risk_q1,0.01,1.0,0,0.3387150168418884,0.003960639606396064,40,4064,0.155,124,9774
1,100,0.3,0.0,harm,hybrid,0.01,low_risk_q1,0.01,1.0,0,0.3511028289794922,0.003960639606396064,40,4064,0.155,124,9774
1,100,0.3,0.0,harm,hybrid,0.01,low_risk_q1,0.01,1.0,0,0.36349064111709595,0.0039360393603936035,40,4064,0.155,124,9774
1,100,0.3,0.0,harm,hybrid,0.01,low_risk_q1,0.01,1.0,0,0.3758784234523773,0.003923739237392374,40,4064,0.155,124,9774
1,100,0.3,0.0,harm,hybrid,0.01,low_risk_q1,0.01,1.0,0,0.3882662355899811,0.003911439114391144,40,4064,0.155,124,9774
1,100,0.3,0.0,harm,hybrid,0.01,low_risk_q1,0.01,1.0,0,0.40065404772758484,0.003911439114391144,40,4064,0.155,124,9774
1,100,0.3,0.0,harm,hybrid,0.01,low_risk_q1,0.01,1.0,0,0.4130418300628662,0.003911439114391144,40,4064,0.155,124,9774
1,100,0.3,0.0,harm,hybrid,0.01,low_risk_q1,0.01,1.0,0,0.42542964220046997,0.0038991389913899145,40,4064,0.155,124,9774
1,100,0.3,0.0,harm,hybrid,0.01,low_risk_q1,0.01,1.0,0,0.43781745433807373,0.0038376383763837644,40,4064,0.155,124,9774
1,100,0.3,0.0,harm,hybrid,0.01,low_risk_q1,0.01,1.0,0,0.4502052664756775,0.003825338253382534,40,4064,0.155,124,9774
1,100,0.3,0.0,harm,hybrid,0.01,low_risk_q1,0.01,1.0,0,0.46259307861328125,0.0038007380073800737,40,4064,0.155,124,9774
1,100,0.3,0.0,harm,hybrid,0.01,low_risk_q1,0.01,1.0,0,0.4749808609485626,0.003726937269372694,40,4064,0.15375,124,9774
1,100,0.3,0.0,harm,hybrid,0.01,low_risk_q1,0.01,1.0,0,0.4873686730861664,0.003702337023370234,40,4064,0.15250000000000002,124,9774
1,100,0.3,0.0,harm,hybrid,0.01,low_risk_q1,0.01,1.0,0,0.49975648522377014,0.0036777367773677735,40,4064,0.15250000000000002,124,9774
1,100,0.3,0.0,harm,hybrid,0.01,low_risk_q1,0.01,1.0,0,0.5121442675590515,0.003665436654366544,40,4064,0.15125000000000002,124,9774
1,100,0.3,0.0,harm,hybrid,0.01,low_risk_q1,0.01,1.0,0,0.5245320796966553,0.003640836408364084,40,4064,0.15125000000000002,124,9774
1,100,0.3,0.0,harm,hybrid,0.01,low_risk_q1,0.01,1.0,0,0.536919891834259,0.003628536285362854,40,4064,0.15125000000000002,124,9774
1,100,0.3,0.0,harm,hybrid,0.01,low_risk_q1,0.01,1.0,0,0.5493077039718628,0.003567035670356704,40,4064,0.15,124,9774
1,100,0.3,0.0,harm,hybrid,0.01,low_risk_q1,0.01,1.0,0,0.5616955161094666,0.0035424354243542436,40,4064,0.14750000000000002,124,9774
1,100,0.3,0.0,harm,hybrid,0.01,low_risk_q1,0.01,1.0,0,0.5740833282470703,0.0035055350553505533,40,4064,0.14750000000000002,124,9774
1,100,0.3,0.0,harm,hybrid,0.01,low_risk_q1,0.01,1.0,0,0.5864710807800293,0.0034440344403444036,40,4064,0.14750000000000002,124,9774
1,100,0.3,0.0,harm,hybrid,0.01,low_risk_q1,0.01,1.0,0,0.5988588929176331,0.0034317343173431735,40,4064,0.14750000000000002,124,9774
1,100,0.3,0.0,harm,hybrid,0.01,low_risk_q1,0.01,1.0,0,0.6112467050552368,0.003394833948339484,40,4064,0.14750000000000002,124,9774
1,100,0.3,0.0,harm,hybrid,0.01,low_risk_q1,0.01,1.0,0,0.6236345171928406,0.0033825338253382535,40,4064,0.14750000000000002,124,9774
1,100,0.3,0.0,harm,hybrid,0.01,low_risk_q1,0.01,1.0,0,0.6360223293304443,0.0033579335793357933,40,4064,0.14750000000000002,124,9774
1,100,0.3,0.0,harm,hybrid,0.01,low_risk_q1,0.01,1.0,0,0.6484101414680481,0.0033333333333333335,40,4064,0.14750000000000002,124,9774
1,100,0.3,0.0,harm,hybrid,0.01,low_risk_q1,0.01,1.0,0,0.6607979536056519,0.0033087330873308733,40,4064,0.14750000000000002,124,9774
1,100,0.3,0.0,harm,hybrid,0.01,low_risk_q1,0.01,1.0,0,0.6731857657432556,0.003284132841328414,40,4064,0.14750000000000002,124,9774
1,100,0.3,0.0,harm,hybrid,0.01,low_risk_q1,0.01,1.0,0,0.6855735778808594,0.0032718327183271835,40,4064,0.14750000000000002,124,9774
1,100,0.3,0.0,harm,hybrid,0.01,low_risk_q1,0.01,1.0,0,0.6979613304138184,0.003234932349323493,40,4064,0.14750000000000002,124,9774
1,100,0.3,0.0,harm,hybrid,0.01,low_risk_q1,0.01,1.0,0,0.7103491425514221,0.0031857318573185736,40,4064,0.14750000000000002,124,9774
1,100,0.3,0.0,harm,hybrid,0.01,low_risk_q1,0.01,1.0,0,0.7227369546890259,0.003161131611316114,40,4064,0.14750000000000002,124,9774
1,100,0.3,0.0,harm,hybrid,0.01,low_risk_q1,0.01,1.0,0,0.7351247668266296,0.003161131611316114,40,4064,0.14750000000000002,124,9774
1,100,0.3,0.0,harm,hybrid,0.01,low_risk_q1,0.01,1.0,0,0.7475125789642334,0.0030873308733087327,40,4064,0.14750000000000002,124,9774
1,100,0.3,0.0,harm,hybrid,0.01,low_risk_q1,0.01,1.0,0,0.7599003911018372,0.003013530135301353,40,4064,0.14750000000000002,124,9774
1,100,0.3,0.0,harm,hybrid,0.01,low_risk_q1,0.01,1.0,0,0.7722882032394409,0.0029397293972939728,40,4064,0.14750000000000002,124,9774
1,100,0.3,0.0,harm,hybrid,0.01,low_risk_q1,0.01,1.0,0,0.7846759557723999,0.002902829028290283,40,4064,0.14750000000000002,124,9774
1,100,0.3,0.0,harm,hybrid,0.01,low_risk_q1,0.01,1.0,0,0.7970637679100037,0.0028536285362853633,40,4064,0.14750000000000002,124,9774
1,100,0.3,0.0,harm,hybrid,0.01,low_risk_q1,0.01,1.0,0,0.8094515800476074,0.0027921279212792132,40,4064,0.14750000000000002,124,9774
1,100,0.3,0.0,harm,hybrid,0.01,low_risk_q1,0.01,1.0,0,0.8218393921852112,0.002644526445264453,40,4064,0.14750000000000002,124,9774
1,100,0.3,0.0,harm,hybrid,0.01,low_risk_q1,0.01,1.0,0,0.8342272043228149,0.0025338253382533827,40,4064,0.14750000000000002,124,9774
1,100,0.3,0.0,harm,hybrid,0.01,low_risk_q1,0.01,1.0,0,0.8466150164604187,0.0023739237392373922,40,4064,0.14750000000000002,124,9774
1,100,0.3,0.0,harm,hybrid,0.01,low_risk_q1,0.01,1.0,0,0.8590028285980225,0.0022878228782287824,40,4064,0.14750000000000002,124,9774
1,100,0.3,0.0,harm,hybrid,0.01,low_risk_q1,0.01,1.0,0,0.8713906407356262,0.002250922509225092,40,4064,0.14750000000000002,124,9774
1,100,0.3,0.0,harm,hybrid,0.01,low_risk_q1,0.01,1.0,0,0.88377845287323,0.002201722017220172,40,4064,0.14750000000000002,124,9774
1,100,0.3,0.0,harm,hybrid,0.01,low_risk_q1,0.01,1.0,0,0.896166205406189,0.002127921279212792,40,4064,0.14750000000000002,124,9774
1,100,0.3,0.0,harm,hybrid,0.01,low_risk_q1,0.01,1.0,0,0.9085540175437927,0.002066420664206642,40,4064,0.14750000000000002,124,9774
1,100,0.3,0.0,harm,hybrid,0.01,low_risk_q1,0.01,1.0,0,0.9209418296813965,0.0019557195571955717,40,4064,0.14750000000000002,124,9774
1,100,0.3,0.0,harm,hybrid,0.01,low_risk_q1,0.01,1.0,0,0.9333296418190002,0.001881918819188192,40,4064,0.14375,124,9774
1,100,0.3,0.0,harm,hybrid,0.01,low_risk_q1,0.01,1.0,0,0.945717453956604,0.001808118081180812,40,4064,0.14250000000000002,124,9774
1,100,0.3,0.0,harm,hybrid,0.01,low_risk_q1,0.01,1.0,0,0.9581052660942078,0.0017220172201722016,40,4064,0.1375,124,9774
1,100,0.3,0.0,harm,hybrid,0.01,low_risk_q1,0.01,1.0,0,0.9704930782318115,0.0016359163591635917,40,4064,0.12875,124,9774
1,100,0.3,0.0,harm,hybrid,0.01,low_risk_q1,0.01,1.0,0,0.9828808307647705,0.0015252152521525214,40,4064,0.12125,124,9774
1,100,0.3,0.0,harm,hybrid,0.01,low_risk_q1,0.01,1.0,0,0.9952686429023743,0.0014145141451414513,40,4064,0.11125,124,9774
1,100,0.3,0.0,harm,hybrid,0.01,low_risk_q1,0.01,1.0,0,1.007656455039978,0.001230012300123001,40,4064,0.095,124,9774
1,100,0.3,0.0,harm,hybrid,0.01,low_risk_q1,0.01,1.0,0,1.0200443267822266,0.001082410824108241,40,4064,0.07999999999999999,124,9774
1,100,0.3,0.0,harm,hybrid,0.01,low_risk_q1,0.01,1.0,0,1.0324320793151855,0.0007380073800738007,40,4064,0.0475,124,9774
1,100,0.3,0.0,harm,hybrid,0.01,low_risk_q1,0.01,1.0,0,1.0448198318481445,0.0005781057810578105,40,4064,0.03125,124,9774
1,100,0.3,0.0,harm,hybrid,0.01,low_risk_q1,0.01,1.0,0,1.057207703590393,0.0005043050430504304,40,4064,0.02375,124,9774
1,100,0.3,0.0,harm,hybrid,0.01,low_risk_q1,0.01,1.0,0,1.069595456123352,0.00040590405904059035,40,4064,0.013750000000000002,124,9774
1,100,0.3,0.0,harm,hybrid,0.01,low_risk_q1,0.01,1.0,0,1.0819833278656006,0.00038130381303813036,40,4064,0.01125,124,9774
1,100,0.3,0.0,harm,hybrid,0.01,low_risk_q1,0.01,1.0,0,1.0943710803985596,0.00034440344403444036,40,4064,0.008749999999999999,124,9774
1,100,0.3,0.0,harm,hybrid,0.01,low_risk_q1,0.01,1.0,0,1.106758952140808,0.00029520295202952026,40,4064,0.005,124,9774
1,100,0.3,0.0,harm,hybrid,0.01,low_risk_q1,0.01,1.0,0,1.119146704673767,0.00028290282902829027,40,4064,0.0037500000000000007,124,9774
1,100,0.3,0.0,harm,hybrid,0.01,low_risk_q1,0.01,1.0,0,1.131534457206726,0.0002583025830258302,40,4064,0.00125,124,9774
1,100,0.3,0.0,harm,hybrid,0.01,low_risk_q1,0.01,1.0,0,1.1439223289489746,0.0002583025830258302,40,4064,0.00125,124,9774
1,100,0.3,0.0,harm,hybrid,0.01,low_risk_q1,0.01,1.0,0,1.1563100814819336,0.0002583025830258302,40,4064,0.00125,124,9774
1,100,0.3,0.0,harm,hybrid,0.01,low_risk_q1,0.01,1.0,0,1.1686979532241821,0.0002583025830258302,40,4064,0.00125,124,9774
1,100,0.3,0.0,harm,hybrid,0.01,low_risk_q1,0.01,1.0,0,1.1810857057571411,0.0002583025830258302,40,4064,0.00125,124,9774
1,100,0.3,0.0,harm,hybrid,0.01,low_risk_q1,0.01,1.0,0,1.1934735774993896,0.0002460024600246002,40,4064,0.0,124,9774
1,100,0.3,0.0,harm,hybrid,0.01,low_risk_q1,0.01,1.0,0,1.2058613300323486,0.0002460024600246002,40,4064,0.0,124,9774
1,100,0.3,0.0,harm,hybrid,0.01,low_risk_q1,0.01,1.0,0,1.2182492017745972,0.0002460024600246002,40,4064,0.0,124,9774
1,100,0.3,0.0,harm,hybrid,0.01,low_risk_q1,0.01,1.0,0,1.2306369543075562,0.0002460024600246002,40,4064,0.0,124,9774
1,100,0.3,0.0,harm,hybrid,0.01,low_risk_q1,0.01,1.0,0,1.2430247068405151,0.0002460024600246002,40,4064,0.0,124,9774
1,100,0.3,0.0,harm,hybrid,0.01,low_risk_q1,0.01,1.0,0,1.2554125785827637,0.0002460024600246002,40,4064,0.0,124,9774
1,100,0.3,0.0,harm,hybrid,0.01,low_risk_q1,0.01,1.0,0,1.2678003311157227,0.0002460024600246002,40,4064,0.0,124,9774
2,100,0.3,0.0,harm,hybrid,0.01,low_risk_q1,0.01,1.0,0,0.03058314323425293,0.003922774225282833,40,4065,0.15375,123,9516
2,100,0.3,0.0,harm,hybrid,0.01,low_risk_q1,0.01,1.0,0,0.04363076761364937,0.003922774225282833,40,4065,0.15375,123,9516
2,100,0.3,0.0,harm,hybrid,0.01,low_risk_q1,0.01,1.0,0,0.05667839199304581,0.003922774225282833,40,4065,0.15375,123,9516
2,100,0.3,0.0,harm,hybrid,0.01,low_risk_q1,0.01,1.0,0,0.06972602009773254,0.003922774225282833,40,4065,0.15375,123,9516
2,100,0.3,0.0,harm,hybrid,0.01,low_risk_q1,0.01,1.0,0,0.08277364075183868,0.003922774225282833,40,4065,0.15375,123,9516
2,100,0.3,0.0,harm,hybrid,0.01,low_risk_q1,0.01,1.0,0,0.09582126885652542,0.003922774225282833,40,4065,0.15375,123,9516
2,100,0.3,0.0,harm,hybrid,0.01,low_risk_q1,0.01,1.0,0,0.10886889696121216,0.003922774225282833,40,4065,0.15375,123,9516
2,100,0.3,0.0,harm,hybrid,0.01,low_risk_q1,0.01,1.0,0,0.1219165176153183,0.003922774225282833,40,4065,0.15375,123,9516
2,100,0.3,0.0,harm,hybrid,0.01,low_risk_q1,0.01,1.0,0,0.13496413826942444,0.003922774225282833,40,4065,0.15375,123,9516
2,100,0.3,0.0,harm,hybrid,0.01,low_risk_q1,0.01,1.0,0,0.14801177382469177,0.003922774225282833,40,4065,0.15375,123,9516
2,100,0.3,0.0,harm,hybrid,0.01,low_risk_q1,0.01,1.0,0,0.1610593944787979,0.003922774225282833,40,4065,0.15375,123,9516
2,100,0.3,0.0,harm,hybrid,0.01,low_risk_q1,0.01,1.0,0,0.17410701513290405,0.003922774225282833,40,4065,0.15375,123,9516
2,100,0.3,0.0,harm,hybrid,0.01,low_risk_q1,0.01,1.0,0,0.1871546506881714,0.003922774225282833,40,4065,0.15375,123,9516
2,100,0.3,0.0,harm,hybrid,0.01,low_risk_q1,0.01,1.0,0,0.20020227134227753,0.003922774225282833,40,4065,0.15375,123,9516
2,100,0.3,0.0,harm,hybrid,0.01,low_risk_q1,0.01,1.0,0,0.21324989199638367,0.003922774225282833,40,4065,0.15375,123,9516
2,100,0.3,0.0,harm,hybrid,0.01,low_risk_q1,0.01,1.0,0,0.226297527551651,0.003922774225282833,40,4065,0.15375,123,9516
2,100,0.3,0.0,harm,hybrid,0.01,low_risk_q1,0.01,1.0,0,0.23934514820575714,0.003922774225282833,40,4065,0.15375,123,9516
2,100,0.3,0.0,harm,hybrid,0.01,low_risk_q1,0.01,1.0,0,0.2523927688598633,0.003922774225282833,40,4065,0.15375,123,9516
2,100,0.3,0.0,harm,hybrid,0.01,low_risk_q1,0.01,1.0,0,0.2654404044151306,0.003910477127397934,40,4065,0.15375,123,9516
2,100,0.3,0.0,harm,hybrid,0.01,low_risk_q1,0.01,1.0,0,0.27848803997039795,0.003910477127397934,40,4065,0.15375,123,9516
2,100,0.3,0.0,harm,hybrid,0.01,low_risk_q1,0.01,1.0,0,0.2915356457233429,0.003910477127397934,40,4065,0.15375,123,9516
2,100,0.3,0.0,harm,hybrid,0.01,low_risk_q1,0.01,1.0,0,0.30458328127861023,0.003898180029513035,40,4065,0.15375,123,9516
2,100,0.3,0.0,harm,hybrid,0.01,low_risk_q1,0.01,1.0,0,0.3176308870315552,0.003898180029513035,40,4065,0.15375,123,9516
2,100,0.3,0.0,harm,hybrid,0.01,low_risk_q1,0.01,1.0,0,0.3306785225868225,0.003898180029513035,40,4065,0.15375,123,9516
2,100,0.3,0.0,harm,hybrid,0.01,low_risk_q1,0.01,1.0,0,0.34372615814208984,0.003898180029513035,40,4065,0.15375,123,9516
2,100,0.3,0.0,harm,hybrid,0.01,low_risk_q1,0.01,1.0,0,0.3567737638950348,0.003898180029513035,40,4065,0.15375,123,9516
2,100,0.3,0.0,harm,hybrid,0.01,low_risk_q1,0.01,1.0,0,0.3698213994503021,0.003898180029513035,40,4065,0.15375,123,9516
2,100,0.3,0.0,harm,hybrid,0.01,low_risk_q1,0.01,1.0,0,0.38286903500556946,0.003885882931628136,40,4065,0.15375,123,9516
2,100,0.3,0.0,harm,hybrid,0.01,low_risk_q1,0.01,1.0,0,0.3959166407585144,0.0038612887358583374,40,4065,0.15375,123,9516
2,100,0.3,0.0,harm,hybrid,0.01,low_risk_q1,0.01,1.0,0,0.40896427631378174,0.0038612887358583374,40,4065,0.15375,123,9516
2,100,0.3,0.0,harm,hybrid,0.01,low_risk_q1,0.01,1.0,0,0.4220119118690491,0.0038243974422036402,40,4065,0.15375,123,9516
2,100,0.3,0.0,harm,hybrid,0.01,low_risk_q1,0.01,1.0,0,0.435059517621994,0.003787506148548942,40,4065,0.15375,123,9516
2,100,0.3,0.0,harm,hybrid,0.01,low_risk_q1,0.01,1.0,0,0.44810715317726135,0.003787506148548942,40,4065,0.15375,123,9516
2,100,0.3,0.0,harm,hybrid,0.01,low_risk_q1,0.01,1.0,0,0.4611547887325287,0.0037629119527791445,40,4065,0.15375,123,9516
2,100,0.3,0.0,harm,hybrid,0.01,low_risk_q1,0.01,1.0,0,0.47420239448547363,0.0037506148548942446,40,4065,0.15375,123,9516
2,100,0.3,0.0,harm,hybrid,0.01,low_risk_q1,0.01,1.0,0,0.48725003004074097,0.003738317757009346,40,4065,0.15375,123,9516
2,100,0.3,0.0,harm,hybrid,0.01,low_risk_q1,0.01,1.0,0,0.5002976655960083,0.003726020659124447,40,4065,0.15375,123,9516
2,100,0.3,0.0,harm,hybrid,0.01,low_risk_q1,0.01,1.0,0,0.5133452415466309,0.0037014264633546488,40,4065,0.15375,123,9516
2,100,0.3,0.0,harm,hybrid,0.01,low_risk_q1,0.01,1.0,0,0.526392936706543,0.0036891293654697493,40,4065,0.1525,123,9516
2,100,0.3,0.0,harm,hybrid,0.01,low_risk_q1,0.01,1.0,0,0.5394405126571655,0.003664535169699951,40,4065,0.1525,123,9516
2,100,0.3,0.0,harm,hybrid,0.01,low_risk_q1,0.01,1.0,0,0.5524881482124329,0.003603049680275455,40,4065,0.15125000000000002,123,9516
2,100,0.3,0.0,harm,hybrid,0.01,low_risk_q1,0.01,1.0,0,0.5655357837677002,0.003578455484505657,40,4065,0.15125000000000002,123,9516
2,100,0.3,0.0,harm,hybrid,0.01,low_risk_q1,0.01,1.0,0,0.5785834193229675,0.0035415641908509593,40,4065,0.15125000000000002,123,9516
2,100,0.3,0.0,harm,hybrid,0.01,low_risk_q1,0.01,1.0,0,0.5916310548782349,0.003516969995081161,40,4065,0.15125000000000002,123,9516
2,100,0.3,0.0,harm,hybrid,0.01,low_risk_q1,0.01,1.0,0,0.6046786308288574,0.0034554845056566654,40,4065,0.15125000000000002,123,9516
2,100,0.3,0.0,harm,hybrid,0.01,low_risk_q1,0.01,1.0,0,0.6177262663841248,0.0033939990162321692,40,4065,0.15125000000000002,123,9516
2,100,0.3,0.0,harm,hybrid,0.01,low_risk_q1,0.01,1.0,0,0.6307739019393921,0.0033939990162321692,40,4065,0.15125000000000002,123,9516
2,100,0.3,0.0,harm,hybrid,0.01,low_risk_q1,0.01,1.0,0,0.6438215374946594,0.003357107722577472,40,4065,0.15125000000000002,123,9516
2,100,0.3,0.0,harm,hybrid,0.01,low_risk_q1,0.01,1.0,0,0.6568691730499268,0.0033448106246925726,40,4065,0.15125000000000002,123,9516
2,100,0.3,0.0,harm,hybrid,0.01,low_risk_q1,0.01,1.0,0,0.6699168086051941,0.0033202164289227744,40,4065,0.15125000000000002,123,9516
2,100,0.3,0.0,harm,hybrid,0.01,low_risk_q1,0.01,1.0,0,0.6829643845558167,0.0032833251352680764,40,4065,0.15125000000000002,123,9516
2,100,0.3,0.0,harm,hybrid,0.01,low_risk_q1,0.01,1.0,0,0.696012020111084,0.0032464338416133796,40,4065,0.15125000000000002,123,9516
2,100,0.3,0.0,harm,hybrid,0.01,low_risk_q1,0.01,1.0,0,0.7090596556663513,0.0032341367437284806,40,4065,0.15125000000000002,123,9516
2,100,0.3,0.0,harm,hybrid,0.01,low_risk_q1,0.01,1.0,0,0.7221072912216187,0.0032095425479586816,40,4065,0.15125000000000002,123,9516
2,100,0.3,0.0,harm,hybrid,0.01,low_risk_q1,0.01,1.0,0,0.735154926776886,0.0031726512543039844,40,4065,0.15125000000000002,123,9516
2,100,0.3,0.0,harm,hybrid,0.01,low_risk_q1,0.01,1.0,0,0.7482025623321533,0.003148057058534186,40,4065,0.15125000000000002,123,9516
2,100,0.3,0.0,harm,hybrid,0.01,low_risk_q1,0.01,1.0,0,0.7612501382827759,0.0031111657648794887,40,4065,0.15125000000000002,123,9516
2,100,0.3,0.0,harm,hybrid,0.01,low_risk_q1,0.01,1.0,0,0.7742977738380432,0.0030373831775700934,40,4065,0.15125000000000002,123,9516
2,100,0.3,0.0,harm,hybrid,0.01,low_risk_q1,0.01,1.0,0,0.7873454093933105,0.0029881947860304968,40,4065,0.15125000000000002,123,9516
2,100,0.3,0.0,harm,hybrid,0.01,low_risk_q1,0.01,1.0,0,0.8003930449485779,0.0029636005902606987,40,4065,0.15125000000000002,123,9516
2,100,0.3,0.0,harm,hybrid,0.01,low_risk_q1,0.01,1.0,0,0.8134406805038452,0.002877520905066404,40,4065,0.15125000000000002,123,9516
2,100,0.3,0.0,harm,hybrid,0.01,low_risk_q1,0.01,1.0,0,0.8264883160591125,0.0027914412198721105,40,4065,0.15125000000000002,123,9516
2,100,0.3,0.0,harm,hybrid,0.01,low_risk_q1,0.01,1.0,0,0.8395358920097351,0.002754549926217413,40,4065,0.15125000000000002,123,9516
2,100,0.3,0.0,harm,hybrid,0.01,low_risk_q1,0.01,1.0,0,0.8525835275650024,0.0026807673389080177,40,4065,0.15125000000000002,123,9516
2,100,0.3,0.0,harm,hybrid,0.01,low_risk_q1,0.01,1.0,0,0.8656311631202698,0.002545499262174127,40,4065,0.15125000000000002,123,9516
2,100,0.3,0.0,harm,hybrid,0.01,low_risk_q1,0.01,1.0,0,0.8786787986755371,0.002459419576979833,40,4065,0.15125000000000002,123,9516
2,100,0.3,0.0,harm,hybrid,0.01,low_risk_q1,0.01,1.0,0,0.8917264342308044,0.002324151500245942,40,4065,0.15125000000000002,123,9516
2,100,0.3,0.0,harm,hybrid,0.01,low_risk_q1,0.01,1.0,0,0.904774010181427,0.002250368912936547,40,4065,0.15125000000000002,123,9516
2,100,0.3,0.0,harm,hybrid,0.01,low_risk_q1,0.01,1.0,0,0.9178216457366943,0.002176586325627152,40,4065,0.15125000000000002,123,9516
2,100,0.3,0.0,harm,hybrid,0.01,low_risk_q1,0.01,1.0,0,0.9308692812919617,0.0021028037383177566,40,4065,0.15125000000000002,123,9516
2,100,0.3,0.0,harm,hybrid,0.01,low_risk_q1,0.01,1.0,0,0.943916916847229,0.0020167240531234628,40,4065,0.15125000000000002,123,9516
2,100,0.3,0.0,harm,hybrid,0.01,low_risk_q1,0.01,1.0,0,0.9569645524024963,0.001942941465814068,40,4065,0.15125000000000002,123,9516
2,100,0.3,0.0,harm,hybrid,0.01,low_risk_q1,0.01,1.0,0,0.9700121879577637,0.0019183472700442694,40,4065,0.15125000000000002,123,9516
2,100,0.3,0.0,harm,hybrid,0.01,low_risk_q1,0.01,1.0,0,0.9830597639083862,0.0018814559763895718,40,4065,0.15125000000000002,123,9516
2,100,0.3,0.0,harm,hybrid,0.01,low_risk_q1,0.01,1.0,0,0.9961073994636536,0.0017953762911952775,40,4065,0.14500000000000002,123,9516
2,100,0.3,0.0,harm,hybrid,0.01,low_risk_q1,0.01,1.0,0,1.009155035018921,0.0016847024102311851,40,4065,0.13874999999999998,123,9516
2,100,0.3,0.0,harm,hybrid,0.01,low_risk_q1,0.01,1.0,0,1.022202730178833,0.0014756517461878998,40,4065,0.12,123,9516
2,100,0.3,0.0,harm,hybrid,0.01,low_risk_q1,0.01,1.0,0,1.0352503061294556,0.0013649778652238074,40,4065,0.10874999999999999,123,9516
2,100,0.3,0.0,harm,hybrid,0.01,low_risk_q1,0.01,1.0,0,1.0482978820800781,0.0011559272011805214,40,4065,0.08875,123,9516
2,100,0.3,0.0,harm,hybrid,0.01,low_risk_q1,0.01,1.0,0,1.0613455772399902,0.0008607968519429415,40,4065,0.058750000000000004,123,9516
2,100,0.3,0.0,harm,hybrid,0.01,low_risk_q1,0.01,1.0,0,1.0743931531906128,0.0006886374815543532,40,4065,0.041249999999999995,123,9516
2,100,0.3,0.0,harm,hybrid,0.01,low_risk_q1,0.01,1.0,0,1.087440848350525,0.0005779636005902607,40,4065,0.030000000000000006,123,9516
2,100,0.3,0.0,harm,hybrid,0.01,low_risk_q1,0.01,1.0,0,1.1004884243011475,0.0004181013280865715,40,4065,0.017499999999999998,123,9516
2,100,0.3,0.0,harm,hybrid,0.01,low_risk_q1,0.01,1.0,0,1.11353600025177,0.00039350713231677323,40,4065,0.015000000000000003,123,9516
2,100,0.3,0.0,harm,hybrid,0.01,low_risk_q1,0.01,1.0,0,1.1265836954116821,0.0003566158386620758,40,4065,0.011250000000000001,123,9516
2,100,0.3,0.0,harm,hybrid,0.01,low_risk_q1,0.01,1.0,0,1.1396312713623047,0.0003197245450073783,40,4065,0.0075000000000000015,123,9516
2,100,0.3,0.0,harm,hybrid,0.01,low_risk_q1,0.01,1.0,0,1.1526789665222168,0.00028283325135268077,40,4065,0.0037500000000000007,123,9516
2,100,0.3,0.0,harm,hybrid,0.01,low_risk_q1,0.01,1.0,0,1.1657265424728394,0.00025823905558288243,40,4065,0.00125,123,9516
2,100,0.3,0.0,harm,hybrid,0.01,low_risk_q1,0.01,1.0,0,1.178774118423462,0.00025823905558288243,40,4065,0.00125,123,9516
2,100,0.3,0.0,harm,hybrid,0.01,low_risk_q1,0.01,1.0,0,1.191821813583374,0.00024594195769798326,40,4065,0.0,123,9516
2,100,0.3,0.0,harm,hybrid,0.01,low_risk_q1,0.01,1.0,0,1.2048693895339966,0.00024594195769798326,40,4065,0.0,123,9516
2,100,0.3,0.0,harm,hybrid,0.01,low_risk_q1,0.01,1.0,0,1.2179170846939087,0.00024594195769798326,40,4065,0.0,123,9516
2,100,0.3,0.0,harm,hybrid,0.01,low_risk_q1,0.01,1.0,0,1.2309646606445312,0.00024594195769798326,40,4065,0.0,123,9516
2,100,0.3,0.0,harm,hybrid,0.01,low_risk_q1,0.01,1.0,0,1.2440123558044434,0.00024594195769798326,40,4065,0.0,123,9516
2,100,0.3,0.0,harm,hybrid,0.01,low_risk_q1,0.01,1.0,0,1.257059931755066,0.00024594195769798326,40,4065,0.0,123,9516
2,100,0.3,0.0,harm,hybrid,0.01,low_risk_q1,0.01,1.0,0,1.2701075077056885,0.00024594195769798326,40,4065,0.0,123,9516
2,100,0.3,0.0,harm,hybrid,0.01,low_risk_q1,0.01,1.0,0,1.2831552028656006,0.00024594195769798326,40,4065,0.0,123,9516
2,100,0.3,0.0,harm,hybrid,0.01,low_risk_q1,0.01,1.0,0,1.2962027788162231,0.00024594195769798326,40,4065,0.0,123,9516
2,100,0.3,0.0,harm,hybrid,0.01,low_risk_q1,0.01,1.0,0,1.3092504739761353,0.00024594195769798326,40,4065,0.0,123,9516
2,100,0.3,0.0,harm,hybrid,0.01,low_risk_q1,0.01,1.0,0,1.3222980499267578,0.00024594195769798326,40,4065,0.0,123,9516
3,100,0.3,0.0,harm,hybrid,0.01,low_risk_q1,0.01,1.0,0,0.05018720030784607,0.0037663620647073355,40,4048,0.15625,125,10105
3,100,0.3,0.0,harm,hybrid,0.01,low_risk_q1,0.01,1.0,0,0.06261549144983292,0.0037663620647073355,40,4048,0.15625,125,10105
3,100,0.3,0.0,harm,hybrid,0.01,low_risk_q1,0.01,1.0,0,0.07504378259181976,0.0037663620647073355,40,4048,0.15625,125,10105
3,100,0.3,0.0,harm,hybrid,0.01,low_risk_q1,0.01,1.0,0,0.08747208118438721,0.0037663620647073355,40,4048,0.15625,125,10105
3,100,0.3,0.0,harm,hybrid,0.01,low_risk_q1,0.01,1.0,0,0.09990036487579346,0.0037663620647073355,40,4048,0.15625,125,10105
3,100,0.3,0.0,harm,hybrid,0.01,low_risk_q1,0.01,1.0,0,0.1123286634683609,0.0037663620647073355,40,4048,0.15625,125,10105
3,100,0.3,0.0,harm,hybrid,0.01,low_risk_q1,0.01,1.0,0,0.12475695461034775,0.0037663620647073355,40,4048,0.15625,125,10105
3,100,0.3,0.0,harm,hybrid,0.01,low_risk_q1,0.01,1.0,0,0.1371852457523346,0.0037663620647073355,40,4048,0.15625,125,10105
3,100,0.3,0.0,harm,hybrid,0.01,low_risk_q1,0.01,1.0,0,0.14961352944374084,0.0037663620647073355,40,4048,0.15625,125,10105
3,100,0.3,0.0,harm,hybrid,0.01,low_risk_q1,0.01,1.0,0,0.1620418280363083,0.0037663620647073355,40,4048,0.15625,125,10105
3,100,0.3,0.0,harm,hybrid,0.01,low_risk_q1,0.01,1.0,0,0.17447012662887573,0.0037663620647073355,40,4048,0.15625,125,10105
3,100,0.3,0.0,harm,hybrid,0.01,low_risk_q1,0.01,1.0,0,0.18689841032028198,0.0037663620647073355,40,4048,0.15625,125,10105
3,100,0.3,0.0,harm,hybrid,0.01,low_risk_q1,0.01,1.0,0,0.19932670891284943,0.0037663620647073355,40,4048,0.15625,125,10105
3,100,0.3,0.0,harm,hybrid,0.01,low_risk_q1,0.01,1.0,0,0.21175499260425568,0.0037663620647073355,40,4048,0.15625,125,10105
3,100,0.3,0.0,harm,hybrid,0.01,low_risk_q1,0.01,1.0,0,0.22418329119682312,0.0037663620647073355,40,4048,0.15625,125,10105
3,100,0.3,0.0,harm,hybrid,0.01,low_risk_q1,0.01,1.0,0,0.23661157488822937,0.0037663620647073355,40,4048,0.15625,125,10105
3,100,0.3,0.0,harm,hybrid,0.01,low_risk_q1,0.01,1.0,0,0.24903987348079681,0.0037663620647073355,40,4048,0.15625,125,10105
3,100,0.3,0.0,harm,hybrid,0.01,low_risk_q1,0.01,1.0,0,0.26146817207336426,0.0037663620647073355,40,4048,0.15625,125,10105
3,100,0.3,0.0,harm,hybrid,0.01,low_risk_q1,0.01,1.0,0,0.2738964557647705,0.0037540133366263276,40,4048,0.15625,125,10105
3,100,0.3,0.0,harm,hybrid,0.01,low_risk_q1,0.01,1.0,0,0.28632473945617676,0.0037540133366263276,40,4048,0.15625,125,10105
3,100,0.3,0.0,harm,hybrid,0.01,low_risk_q1,0.01,1.0,0,0.298753023147583,0.0037540133366263276,40,4048,0.15625,125,10105
3,100,0.3,0.0,harm,hybrid,0.01,low_risk_q1,0.01,1.0,0,0.31118133664131165,0.0037540133366263276,40,4048,0.15625,125,10105
3,100,0.3,0.0,harm,hybrid,0.01,low_risk_q1,0.01,1.0,0,0.3236096203327179,0.0037540133366263276,40,4048,0.15625,125,10105
3,100,0.3,0.0,harm,hybrid,0.01,low_risk_q1,0.01,1.0,0,0.33603790402412415,0.0037540133366263276,40,4048,0.15625,125,10105
3,100,0.3,0.0,harm,hybrid,0.01,low_risk_q1,0.01,1.0,0,0.3484662175178528,0.0037540133366263276,40,4048,0.15625,125,10105
3,100,0.3,0.0,harm,hybrid,0.01,low_risk_q1,0.01,1.0,0,0.36089450120925903,0.0037540133366263276,40,4048,0.15625,125,10105
3,100,0.3,0.0,harm,hybrid,0.01,low_risk_q1,0.01,1.0,0,0.3733227849006653,0.00374166460854532,40,4048,0.15625,125,10105
3,100,0.3,0.0,harm,hybrid,0.01,low_risk_q1,0.01,1.0,0,0.3857510983943939,0.0037293158804643125,40,4048,0.15625,125,10105
3,100,0.3,0.0,harm,hybrid,0.01,low_risk_q1,0.01,1.0,0,0.39817938208580017,0.003704618424302297,40,4048,0.15625,125,10105
3,100,0.3,0.0,harm,hybrid,0.01,low_risk_q1,0.01,1.0,0,0.4106076657772064,0.003704618424302297,40,4048,0.15625,125,10105
3,100,0.3,0.0,harm,hybrid,0.01,low_risk_q1,0.01,1.0,0,0.42303594946861267,0.003704618424302297,40,4048,0.15625,125,10105
3,100,0.3,0.0,harm,hybrid,0.01,low_risk_q1,0.01,1.0,0,0.4354642629623413,0.003704618424302297,40,4048,0.15625,125,10105
3,100,0.3,0.0,harm,hybrid,0.01,low_risk_q1,0.01,1.0,0,0.44789254665374756,0.0036922696962212896,40,4048,0.15625,125,10105
3,100,0.3,0.0,harm,hybrid,0.01,low_risk_q1,0.01,1.0,0,0.4603208303451538,0.003679920968140282,40,4048,0.15625,125,10105
3,100,0.3,0.0,harm,hybrid,0.01,low_risk_q1,0.01,1.0,0,0.47274914383888245,0.003679920968140282,40,4048,0.15625,125,10105
3,100,0.3,0.0,harm,hybrid,0.01,low_risk_q1,0.01,1.0,0,0.4851774275302887,0.003679920968140282,40,4048,0.15625,125,10105
3,100,0.3,0.0,harm,hybrid,0.01,low_risk_q1,0.01,1.0,0,0.49760571122169495,0.0036552235119782666,40,4048,0.15625,125,10105
3,100,0.3,0.0,harm,hybrid,0.01,low_risk_q1,0.01,1.0,0,0.5100339651107788,0.0036552235119782666,40,4048,0.155,125,10105
3,100,0.3,0.0,harm,hybrid,0.01,low_risk_q1,0.01,1.0,0,0.5224623084068298,0.003618177327735243,40,4048,0.155,125,10105
3,100,0.3,0.0,harm,hybrid,0.01,low_risk_q1,0.01,1.0,0,0.5348905920982361,0.0035811311434922203,40,4048,0.15375,125,10105
3,100,0.3,0.0,harm,hybrid,0.01,low_risk_q1,0.01,1.0,0,0.5473188757896423,0.0035564336873302052,40,4048,0.15375,125,10105
3,100,0.3,0.0,harm,hybrid,0.01,low_risk_q1,0.01,1.0,0,0.5597472190856934,0.00353173623116819,40,4048,0.15375,125,10105
3,100,0.3,0.0,harm,hybrid,0.01,low_risk_q1,0.01,1.0,0,0.5721755027770996,0.003494690046925167,40,4048,0.15375,125,10105
3,100,0.3,0.0,harm,hybrid,0.01,low_risk_q1,0.01,1.0,0,0.5846037864685059,0.0034699925907631514,40,4048,0.15375,125,10105
3,100,0.3,0.0,harm,hybrid,0.01,low_risk_q1,0.01,1.0,0,0.5970320701599121,0.003457643862682144,40,4048,0.15375,125,10105
3,100,0.3,0.0,harm,hybrid,0.01,low_risk_q1,0.01,1.0,0,0.6094603538513184,0.0034329464065201284,40,4048,0.15375,125,10105
3,100,0.3,0.0,harm,hybrid,0.01,low_risk_q1,0.01,1.0,0,0.6218886375427246,0.0034082489503581134,40,4048,0.1525,125,10105
3,100,0.3,0.0,harm,hybrid,0.01,low_risk_q1,0.01,1.0,0,0.6343169212341309,0.0033588540380340825,40,4048,0.1525,125,10105
3,100,0.3,0.0,harm,hybrid,0.01,low_risk_q1,0.01,1.0,0,0.6467452049255371,0.0033588540380340825,40,4048,0.1525,125,10105
3,100,0.3,0.0,harm,hybrid,0.01,low_risk_q1,0.01,1.0,0,0.6591734886169434,0.0033218078537910595,40,4048,0.1525,125,10105
3,100,0.3,0.0,harm,hybrid,0.01,low_risk_q1,0.01,1.0,0,0.6716017723083496,0.003309459125710052,40,4048,0.1525,125,10105
3,100,0.3,0.0,harm,hybrid,0.01,low_risk_q1,0.01,1.0,0,0.6840300559997559,0.003284761669548037,40,4048,0.1525,125,10105
3,100,0.3,0.0,harm,hybrid,0.01,low_risk_q1,0.01,1.0,0,0.6964583396911621,0.003235366757224006,40,4048,0.1525,125,10105
3,100,0.3,0.0,harm,hybrid,0.01,low_risk_q1,0.01,1.0,0,0.7088866233825684,0.003198320572980983,40,4048,0.1525,125,10105
3,100,0.3,0.0,harm,hybrid,0.01,low_risk_q1,0.01,1.0,0,0.7213150262832642,0.0031489256606569527,40,4048,0.1525,125,10105
3,100,0.3,0.0,harm,hybrid,0.01,low_risk_q1,0.01,1.0,0,0.7337433099746704,0.0030995307483329213,40,4048,0.1525,125,10105
3,100,0.3,0.0,harm,hybrid,0.01,low_risk_q1,0.01,1.0,0,0.7461715936660767,0.0030995307483329213,40,4048,0.1525,125,10105
3,100,0.3,0.0,harm,hybrid,0.01,low_risk_q1,0.01,1.0,0,0.7585998773574829,0.003050135836008891,40,4048,0.1525,125,10105
3,100,0.3,0.0,harm,hybrid,0.01,low_risk_q1,0.01,1.0,0,0.7710281610488892,0.003013089651765868,40,4048,0.1525,125,10105
3,100,0.3,0.0,harm,hybrid,0.01,low_risk_q1,0.01,1.0,0,0.7834564447402954,0.002901951099036799,40,4048,0.1525,125,10105
3,100,0.3,0.0,harm,hybrid,0.01,low_risk_q1,0.01,1.0,0,0.7958847284317017,0.0028649049147937765,40,4048,0.1525,125,10105
3,100,0.3,0.0,harm,hybrid,0.01,low_risk_q1,0.01,1.0,0,0.8083130121231079,0.0028402074586317614,40,4048,0.1525,125,10105
3,100,0.3,0.0,harm,hybrid,0.01,low_risk_q1,0.01,1.0,0,0.8207412958145142,0.002778463818226723,40,4048,0.1525,125,10105
3,100,0.3,0.0,harm,hybrid,0.01,low_risk_q1,0.01,1.0,0,0.8331695795059204,0.0027414176339837,40,4048,0.1525,125,10105
3,100,0.3,0.0,harm,hybrid,0.01,low_risk_q1,0.01,1.0,0,0.8455978631973267,0.0027167201778216846,40,4048,0.1525,125,10105
3,100,0.3,0.0,harm,hybrid,0.01,low_risk_q1,0.01,1.0,0,0.8580261468887329,0.0025808841689306003,40,4048,0.1525,125,10105
3,100,0.3,0.0,harm,hybrid,0.01,low_risk_q1,0.01,1.0,0,0.8704544305801392,0.0025438379846875773,40,4048,0.1525,125,10105
3,100,0.3,0.0,harm,hybrid,0.01,low_risk_q1,0.01,1.0,0,0.8828827142715454,0.0024573968881205235,40,4048,0.1525,125,10105
3,100,0.3,0.0,harm,hybrid,0.01,low_risk_q1,0.01,1.0,0,0.8953111171722412,0.002395653247715485,40,4048,0.1525,125,10105
3,100,0.3,0.0,harm,hybrid,0.01,low_risk_q1,0.01,1.0,0,0.9077394008636475,0.002309212151148432,40,4048,0.1525,125,10105
3,100,0.3,0.0,harm,hybrid,0.01,low_risk_q1,0.01,1.0,0,0.9201676845550537,0.0022351197826623857,40,4048,0.1525,125,10105
3,100,0.3,0.0,harm,hybrid,0.01,low_risk_q1,0.01,1.0,0,0.93259596824646,0.002185724870338355,40,4048,0.1525,125,10105
3,100,0.3,0.0,harm,hybrid,0.01,low_risk_q1,0.01,1.0,0,0.9450242519378662,0.0020745863176092863,40,4048,0.1525,125,10105
3,100,0.3,0.0,harm,hybrid,0.01,low_risk_q1,0.01,1.0,0,0.9574525356292725,0.002012842677204248,40,4048,0.1525,125,10105
3,100,0.3,0.0,harm,hybrid,0.01,low_risk_q1,0.01,1.0,0,0.9698808193206787,0.0019264015806371945,40,4048,0.15125000000000002,125,10105
3,100,0.3,0.0,harm,hybrid,0.01,low_risk_q1,0.01,1.0,0,0.982309103012085,0.001839960484070141,40,4048,0.15,125,10105
3,100,0.3,0.0,harm,hybrid,0.01,low_risk_q1,0.01,1.0,0,0.9947373867034912,0.0017288219313410717,40,4048,0.1425,125,10105
3,100,0.3,0.0,harm,hybrid,0.01,low_risk_q1,0.01,1.0,0,1.0071656703948975,0.0016300321066930103,40,4048,0.13374999999999998,125,10105
3,100,0.3,0.0,harm,hybrid,0.01,low_risk_q1,0.01,1.0,0,1.0195939540863037,0.0014941960978019264,40,4048,0.12,125,10105
3,100,0.3,0.0,harm,hybrid,0.01,low_risk_q1,0.01,1.0,0,1.03202223777771,0.0013089651765868116,40,4048,0.10124999999999999,125,10105
3,100,0.3,0.0,harm,hybrid,0.01,low_risk_q1,0.01,1.0,0,1.0444505214691162,0.0010866880711286738,40,4048,0.08375,125,10105
3,100,0.3,0.0,harm,hybrid,0.01,low_risk_q1,0.01,1.0,0,1.056878924369812,0.000864410965670536,40,4048,0.0625,125,10105
3,100,0.3,0.0,harm,hybrid,0.01,low_risk_q1,0.01,1.0,0,1.0693072080612183,0.000679180044455421,40,4048,0.04375,125,10105
3,100,0.3,0.0,harm,hybrid,0.01,low_risk_q1,0.01,1.0,0,1.0817354917526245,0.000506297851321314,40,4048,0.026250000000000002,125,10105
3,100,0.3,0.0,harm,hybrid,0.01,low_risk_q1,0.01,1.0,0,1.0941637754440308,0.00040750802667325264,40,4048,0.01625,125,10105
3,100,0.3,0.0,harm,hybrid,0.01,low_risk_q1,0.01,1.0,0,1.106592059135437,0.0003704618424302297,40,4048,0.0125,125,10105
3,100,0.3,0.0,harm,hybrid,0.01,low_risk_q1,0.01,1.0,0,1.1190203428268433,0.00029636947394418375,40,4048,0.005,125,10105
3,100,0.3,0.0,harm,hybrid,0.01,low_risk_q1,0.01,1.0,0,1.1314486265182495,0.00029636947394418375,40,4048,0.005,125,10105
3,100,0.3,0.0,harm,hybrid,0.01,low_risk_q1,0.01,1.0,0,1.1438769102096558,0.0002593232897011608,40,4048,0.00125,125,10105
3,100,0.3,0.0,harm,hybrid,0.01,low_risk_q1,0.01,1.0,0,1.156305193901062,0.0002469745616201531,40,4048,0.0,125,10105
3,100,0.3,0.0,harm,hybrid,0.01,low_risk_q1,0.01,1.0,0,1.1687334775924683,0.0002469745616201531,40,4048,0.0,125,10105
3,100,0.3,0.0,harm,hybrid,0.01,low_risk_q1,0.01,1.0,0,1.1811617612838745,0.0002469745616201531,40,4048,0.0,125,10105
3,100,0.3,0.0,harm,hybrid,0.01,low_risk_q1,0.01,1.0,0,1.1935900449752808,0.0002469745616201531,40,4048,0.0,125,10105
3,100,0.3,0.0,harm,hybrid,0.01,low_risk_q1,0.01,1.0,0,1.2060184478759766,0.0002469745616201531,40,4048,0.0,125,10105
3,100,0.3,0.0,harm,hybrid,0.01,low_risk_q1,0.01,1.0,0,1.2184467315673828,0.0002469745616201531,40,4048,0.0,125,10105
3,100,0.3,0.0,harm,hybrid,0.01,low_risk_q1,0.01,1.0,0,1.230875015258789,0.0002469745616201531,40,4048,0.0,125,10105
3,100,0.3,0.0,harm,hybrid,0.01,low_risk_q1,0.01,1.0,0,1.2433032989501953,0.0002469745616201531,40,4048,0.0,125,10105
3,100,0.3,0.0,harm,hybrid,0.01,low_risk_q1,0.01,1.0,0,1.2557315826416016,0.0002469745616201531,40,4048,0.0,125,10105
3,100,0.3,0.0,harm,hybrid,0.01,low_risk_q1,0.01,1.0,0,1.2681598663330078,0.0002469745616201531,40,4048,0.0,125,10105
3,100,0.3,0.0,harm,hybrid,0.01,low_risk_q1,0.01,1.0,0,1.280588150024414,0.0002469745616201531,40,4048,0.0,125,10105
4,100,0.3,0.0,harm,hybrid,0.01,low_risk_q1,0.01,1.0,0,0.12783026695251465,0.0038090526836507543,40,4042,0.15499999999999997,124,9602
4,100,0.3,0.0,harm,hybrid,0.01,low_risk_q1,0.01,1.0,0,0.14074985682964325,0.0038090526836507543,40,4042,0.15499999999999997,124,9602
4,100,0.3,0.0,harm,hybrid,0.01,low_risk_q1,0.01,1.0,0,0.15366944670677185,0.0038090526836507543,40,4042,0.15499999999999997,124,9602
4,100,0.3,0.0,harm,hybrid,0.01,low_risk_q1,0.01,1.0,0,0.16658903658390045,0.0038090526836507543,40,4042,0.15499999999999997,124,9602
4,100,0.3,0.0,harm,hybrid,0.01,low_risk_q1,0.01,1.0,0,0.17950862646102905,0.0038090526836507543,40,4042,0.15499999999999997,124,9602
4,100,0.3,0.0,harm,hybrid,0.01,low_risk_q1,0.01,1.0,0,0.19242820143699646,0.0038090526836507543,40,4042,0.15499999999999997,124,9602
4,100,0.3,0.0,harm,hybrid,0.01,low_risk_q1,0.01,1.0,0,0.20534780621528625,0.0038090526836507543,40,4042,0.15499999999999997,124,9602
4,100,0.3,0.0,harm,hybrid,0.01,low_risk_q1,0.01,1.0,0,0.21826738119125366,0.0038090526836507543,40,4042,0.15499999999999997,124,9602
4,100,0.3,0.0,harm,hybrid,0.01,low_risk_q1,0.01,1.0,0,0.23118698596954346,0.0038090526836507543,40,4042,0.15499999999999997,124,9602
4,100,0.3,0.0,harm,hybrid,0.01,low_risk_q1,0.01,1.0,0,0.24410656094551086,0.0038090526836507543,40,4042,0.15499999999999997,124,9602
4,100,0.3,0.0,harm,hybrid,0.01,low_risk_q1,0.01,1.0,0,0.25702613592147827,0.0038090526836507543,40,4042,0.15499999999999997,124,9602
4,100,0.3,0.0,harm,hybrid,0.01,low_risk_q1,0.01,1.0,0,0.26994574069976807,0.0038090526836507543,40,4042,0.15499999999999997,124,9602
4,100,0.3,0.0,harm,hybrid,0.01,low_risk_q1,0.01,1.0,0,0.28286534547805786,0.0038090526836507543,40,4042,0.15499999999999997,124,9602
4,100,0.3,0.0,harm,hybrid,0.01,low_risk_q1,0.01,1.0,0,0.29578492045402527,0.0038090526836507543,40,4042,0.15499999999999997,124,9602
4,100,0.3,0.0,harm,hybrid,0.01,low_risk_q1,0.01,1.0,0,0.3087044954299927,0.0038090526836507543,40,4042,0.15499999999999997,124,9602
4,100,0.3,0.0,harm,hybrid,0.01,low_risk_q1,0.01,1.0,0,0.32162410020828247,0.0038090526836507543,40,4042,0.15499999999999997,124,9602
4,100,0.3,0.0,harm,hybrid,0.01,low_risk_q1,0.01,1.0,0,0.33454370498657227,0.0038090526836507543,40,4042,0.15499999999999997,124,9602
4,100,0.3,0.0,harm,hybrid,0.01,low_risk_q1,0.01,1.0,0,0.3474632799625397,0.0038090526836507543,40,4042,0.15499999999999997,124,9602
4,100,0.3,0.0,harm,hybrid,0.01,low_risk_q1,0.01,1.0,0,0.3603828549385071,0.0038090526836507543,40,4042,0.15499999999999997,124,9602
4,100,0.3,0.0,harm,hybrid,0.01,low_risk_q1,0.01,1.0,0,0.3733024597167969,0.0038090526836507543,40,4042,0.15499999999999997,124,9602
4,100,0.3,0.0,harm,hybrid,0.01,low_risk_q1,0.01,1.0,0,0.3862220346927643,0.0038090526836507543,40,4042,0.15499999999999997,124,9602
4,100,0.3,0.0,harm,hybrid,0.01,low_risk_q1,0.01,1.0,0,0.3991416394710541,0.0038090526836507543,40,4042,0.15499999999999997,124,9602
4,100,0.3,0.0,harm,hybrid,0.01,low_risk_q1,0.01,1.0,0,0.4120612144470215,0.003796685629483057,40,4042,0.15499999999999997,124,9602
4,100,0.3,0.0,harm,hybrid,0.01,low_risk_q1,0.01,1.0,0,0.4249808192253113,0.003796685629483057,40,4042,0.15499999999999997,124,9602
4,100,0.3,0.0,harm,hybrid,0.01,low_risk_q1,0.01,1.0,0,0.4379003942012787,0.003796685629483057,40,4042,0.15499999999999997,124,9602
4,100,0.3,0.0,harm,hybrid,0.01,low_risk_q1,0.01,1.0,0,0.4508199989795685,0.003796685629483057,40,4042,0.15499999999999997,124,9602
4,100,0.3,0.0,harm,hybrid,0.01,low_risk_q1,0.01,1.0,0,0.4637395739555359,0.003796685629483057,40,4042,0.15499999999999997,124,9602
4,100,0.3,0.0,harm,hybrid,0.01,low_risk_q1,0.01,1.0,0,0.4766591787338257,0.003796685629483057,40,4042,0.15499999999999997,124,9602
4,100,0.3,0.0,harm,hybrid,0.01,low_risk_q1,0.01,1.0,0,0.4895787537097931,0.003796685629483057,40,4042,0.15499999999999997,124,9602
4,100,0.3,0.0,harm,hybrid,0.01,low_risk_q1,0.01,1.0,0,0.5024983882904053,0.003796685629483057,40,4042,0.15499999999999997,124,9602
4,100,0.3,0.0,harm,hybrid,0.01,low_risk_q1,0.01,1.0,0,0.5154179334640503,0.0037843185753153596,40,4042,0.15499999999999997,124,9602
4,100,0.3,0.0,harm,hybrid,0.01,low_risk_q1,0.01,1.0,0,0.5283375382423401,0.0037719515211476627,40,4042,0.15499999999999997,124,9602
4,100,0.3,0.0,harm,hybrid,0.01,low_risk_q1,0.01,1.0,0,0.5412571430206299,0.0037472174128122685,40,4042,0.15499999999999997,124,9602
4,100,0.3,0.0,harm,hybrid,0.01,low_risk_q1,0.01,1.0,0,0.5541766881942749,0.0037472174128122685,40,4042,0.15499999999999997,124,9602
4,100,0.3,0.0,harm,hybrid,0.01,low_risk_q1,0.01,1.0,0,0.5670962929725647,0.003734850358644571,40,4042,0.15499999999999997,124,9602
4,100,0.3,0.0,harm,hybrid,0.01,low_risk_q1,0.01,1.0,0,0.5800158977508545,0.003722483304476874,40,4042,0.15499999999999997,124,9602
4,100,0.3,0.0,harm,hybrid,0.01,low_risk_q1,0.01,1.0,0,0.5929354429244995,0.0036977491961414795,40,4042,0.15499999999999997,124,9602
4,100,0.3,0.0,harm,hybrid,0.01,low_risk_q1,0.01,1.0,0,0.6058550477027893,0.0036977491961414795,40,4042,0.15499999999999997,124,9602
4,100,0.3,0.0,harm,hybrid,0.01,low_risk_q1,0.01,1.0,0,0.6187746524810791,0.0036730150878060853,40,4042,0.15499999999999997,124,9602
4,100,0.3,0.0,harm,hybrid,0.01,low_risk_q1,0.01,1.0,0,0.6316942572593689,0.00364828097947069,40,4042,0.15499999999999997,124,9602
4,100,0.3,0.0,harm,hybrid,0.01,low_risk_q1,0.01,1.0,0,0.6446138024330139,0.003611179816967598,40,4042,0.15499999999999997,124,9602
4,100,0.3,0.0,harm,hybrid,0.01,low_risk_q1,0.01,1.0,0,0.6575334072113037,0.0035740786544645065,40,4042,0.15499999999999997,124,9602
4,100,0.3,0.0,harm,hybrid,0.01,low_risk_q1,0.01,1.0,0,0.6704530119895935,0.003536977491961415,40,4042,0.15499999999999997,124,9602
4,100,0.3,0.0,harm,hybrid,0.01,low_risk_q1,0.01,1.0,0,0.6833726167678833,0.0035122433836260207,40,4042,0.15499999999999997,124,9602
4,100,0.3,0.0,harm,hybrid,0.01,low_risk_q1,0.01,1.0,0,0.6962921619415283,0.003487509275290626,40,4042,0.15499999999999997,124,9602
4,100,0.3,0.0,harm,hybrid,0.01,low_risk_q1,0.01,1.0,0,0.7092117667198181,0.003475142221122929,40,4042,0.15499999999999997,124,9602
4,100,0.3,0.0,harm,hybrid,0.01,low_risk_q1,0.01,1.0,0,0.7221313714981079,0.00342567400445214,40,4042,0.15499999999999997,124,9602
4,100,0.3,0.0,harm,hybrid,0.01,low_risk_q1,0.01,1.0,0,0.7350509762763977,0.003400939896116745,40,4042,0.15499999999999997,124,9602
4,100,0.3,0.0,harm,hybrid,0.01,low_risk_q1,0.01,1.0,0,0.7479705214500427,0.003388572841949048,40,4042,0.15499999999999997,124,9602
4,100,0.3,0.0,harm,hybrid,0.01,low_risk_q1,0.01,1.0,0,0.7608901262283325,0.0033762057877813507,40,4042,0.15499999999999997,124,9602
4,100,0.3,0.0,harm,hybrid,0.01,low_risk_q1,0.01,1.0,0,0.7738097310066223,0.003363838733613654,40,4042,0.15499999999999997,124,9602
4,100,0.3,0.0,harm,hybrid,0.01,low_risk_q1,0.01,1.0,0,0.7867292761802673,0.0033514716794459565,40,4042,0.15499999999999997,124,9602
4,100,0.3,0.0,harm,hybrid,0.01,low_risk_q1,0.01,1.0,0,0.7996488809585571,0.003314370516942865,40,4042,0.15499999999999997,124,9602
4,100,0.3,0.0,harm,hybrid,0.01,low_risk_q1,0.01,1.0,0,0.8125684857368469,0.0032649023002720755,40,4042,0.15499999999999997,124,9602
4,100,0.3,0.0,harm,hybrid,0.01,low_risk_q1,0.01,1.0,0,0.8254880905151367,0.0032401681919366813,40,4042,0.15499999999999997,124,9602
4,100,0.3,0.0,harm,hybrid,0.01,low_risk_q1,0.01,1.0,0,0.8384076356887817,0.003227801137768984,40,4042,0.15499999999999997,124,9602
4,100,0.3,0.0,harm,hybrid,0.01,low_risk_q1,0.01,1.0,0,0.8513272404670715,0.0031906999752658923,40,4042,0.15499999999999997,124,9602
4,100,0.3,0.0,harm,hybrid,0.01,low_risk_q1,0.01,1.0,0,0.8642468452453613,0.0031288647044274056,40,4042,0.15499999999999997,124,9602
4,100,0.3,0.0,harm,hybrid,0.01,low_risk_q1,0.01,1.0,0,0.8771664500236511,0.0030546623794212224,40,4042,0.15499999999999997,124,9602
4,100,0.3,0.0,harm,hybrid,0.01,low_risk_q1,0.01,1.0,0,0.8900859951972961,0.003005194162750433,40,4042,0.15499999999999997,124,9602
4,100,0.3,0.0,harm,hybrid,0.01,low_risk_q1,0.01,1.0,0,0.9030055999755859,0.0029186247835765525,40,4042,0.15499999999999997,124,9602
4,100,0.3,0.0,harm,hybrid,0.01,low_risk_q1,0.01,1.0,0,0.9159252047538757,0.002844422458570369,40,4042,0.15499999999999997,124,9602
4,100,0.3,0.0,harm,hybrid,0.01,low_risk_q1,0.01,1.0,0,0.9288448095321655,0.002807321296067277,40,4042,0.15499999999999997,124,9602
4,100,0.3,0.0,harm,hybrid,0.01,low_risk_q1,0.01,1.0,0,0.9417643547058105,0.002708384862725699,40,4042,0.15499999999999997,124,9602
4,100,0.3,0.0,harm,hybrid,0.01,low_risk_q1,0.01,1.0,0,0.9546839594841003,0.00265891664605491,40,4042,0.15499999999999997,124,9602
4,100,0.3,0.0,harm,hybrid,0.01,low_risk_q1,0.01,1.0,0,0.9676035642623901,0.0025847143210487263,40,4042,0.15499999999999997,124,9602
4,100,0.3,0.0,harm,hybrid,0.01,low_risk_q1,0.01,1.0,0,0.9805231094360352,0.0025105119960425427,40,4042,0.15499999999999997,124,9602
4,100,0.3,0.0,harm,hybrid,0.01,low_risk_q1,0.01,1.0,0,0.993442714214325,0.002436309671036359,40,4042,0.15499999999999997,124,9602
4,100,0.3,0.0,harm,hybrid,0.01,low_risk_q1,0.01,1.0,0,1.0063623189926147,0.002312639129359387,40,4042,0.15499999999999997,124,9602
4,100,0.3,0.0,harm,hybrid,0.01,low_risk_q1,0.01,1.0,0,1.0192818641662598,0.0022013356418501117,40,4042,0.15499999999999997,124,9602
4,100,0.3,0.0,harm,hybrid,0.01,low_risk_q1,0.01,1.0,0,1.0322015285491943,0.002139500371011625,40,4042,0.15375,124,9602
4,100,0.3,0.0,harm,hybrid,0.01,low_risk_q1,0.01,1.0,0,1.0451210737228394,0.002090032154340836,40,4042,0.1525,124,9602
4,100,0.3,0.0,harm,hybrid,0.01,low_risk_q1,0.01,1.0,0,1.0580406188964844,0.0020529309918377444,40,4042,0.15,124,9602
4,100,0.3,0.0,harm,hybrid,0.01,low_risk_q1,0.01,1.0,0,1.070960283279419,0.001991095720999258,40,4042,0.14875,124,9602
4,100,0.3,0.0,harm,hybrid,0.01,low_risk_q1,0.01,1.0,0,1.083879828453064,0.001941627504328469,40,4042,0.14750000000000002,124,9602
4,100,0.3,0.0,harm,hybrid,0.01,low_risk_q1,0.01,1.0,0,1.096799373626709,0.0018674251793222858,40,4042,0.145,124,9602
4,100,0.3,0.0,harm,hybrid,0.01,low_risk_q1,0.01,1.0,0,1.1097190380096436,0.0016942864209745238,40,4042,0.13374999999999998,124,9602
4,100,0.3,0.0,harm,hybrid,0.01,low_risk_q1,0.01,1.0,0,1.1226387023925781,0.0015582488251298546,40,4042,0.12125000000000001,124,9602
4,100,0.3,0.0,harm,hybrid,0.01,low_risk_q1,0.01,1.0,0,1.1355582475662231,0.0014222112292851844,40,4042,0.1075,124,9602
4,100,0.3,0.0,harm,hybrid,0.01,low_risk_q1,0.01,1.0,0,1.1484777927398682,0.00126143952510512,40,4042,0.0925,124,9602
4,100,0.3,0.0,harm,hybrid,0.01,low_risk_q1,0.01,1.0,0,1.1613973379135132,0.0009893643334157804,40,4042,0.0675,124,9602
4,100,0.3,0.0,harm,hybrid,0.01,low_risk_q1,0.01,1.0,0,1.1743170022964478,0.0008285926292357162,40,4042,0.05500000000000001,124,9602
4,100,0.3,0.0,harm,hybrid,0.01,low_risk_q1,0.01,1.0,0,1.1872365474700928,0.0006059856542171655,40,4042,0.03375,124,9602
4,100,0.3,0.0,harm,hybrid,0.01,low_risk_q1,0.01,1.0,0,1.2001560926437378,0.000531783329210982,40,4042,0.028749999999999998,124,9602
4,100,0.3,0.0,harm,hybrid,0.01,low_risk_q1,0.01,1.0,0,1.2130757570266724,0.00040811278753400944,40,4042,0.016249999999999997,124,9602
4,100,0.3,0.0,harm,hybrid,0.01,low_risk_q1,0.01,1.0,0,1.2259953022003174,0.0003586445708632204,40,4042,0.01125,124,9602
4,100,0.3,0.0,harm,hybrid,0.01,low_risk_q1,0.01,1.0,0,1.238914966583252,0.0003215434083601287,40,4042,0.0075000000000000015,124,9602
4,100,0.3,0.0,harm,hybrid,0.01,low_risk_q1,0.01,1.0,0,1.251834511756897,0.0003091763541924314,40,4042,0.00625,124,9602
4,100,0.3,0.0,harm,hybrid,0.01,low_risk_q1,0.01,1.0,0,1.264754056930542,0.00028444224585703686,40,4042,0.0037500000000000007,124,9602
4,100,0.3,0.0,harm,hybrid,0.01,low_risk_q1,0.01,1.0,0,1.2776737213134766,0.0002720751916893396,40,4042,0.0025,124,9602
4,100,0.3,0.0,harm,hybrid,0.01,low_risk_q1,0.01,1.0,0,1.2905932664871216,0.0002473410833539451,40,4042,0.0,124,9602
4,100,0.3,0.0,harm,hybrid,0.01,low_risk_q1,0.01,1.0,0,1.3035128116607666,0.0002473410833539451,40,4042,0.0,124,9602
4,100,0.3,0.0,harm,hybrid,0.01,low_risk_q1,0.01,1.0,0,1.3164324760437012,0.0002473410833539451,40,4042,0.0,124,9602
4,100,0.3,0.0,harm,hybrid,0.01,low_risk_q1,0.01,1.0,0,1.3293520212173462,0.0002473410833539451,40,4042,0.0,124,9602
4,100,0.3,0.0,harm,hybrid,0.01,low_risk_q1,0.01,1.0,0,1.3422716856002808,0.0002473410833539451,40,4042,0.0,124,9602
4,100,0.3,0.0,harm,hybrid,0.01,low_risk_q1,0.01,1.0,0,1.3551912307739258,0.0002473410833539451,40,4042,0.0,124,9602
4,100,0.3,0.0,harm,hybrid,0.01,low_risk_q1,0.01,1.0,0,1.3681107759475708,0.0002473410833539451,40,4042,0.0,124,9602
4,100,0.3,0.0,harm,hybrid,0.01,low_risk_q1,0.01,1.0,0,1.3810304403305054,0.0002473410833539451,40,4042,0.0,124,9602
4,100,0.3,0.0,harm,hybrid,0.01,low_risk_q1,0.01,1.0,0,1.3939499855041504,0.0002473410833539451,40,4042,0.0,124,9602
4,100,0.3,0.0,harm,hybrid,0.01,low_risk_q1,0.01,1.0,0,1.4068695306777954,0.0002473410833539451,40,4042,0.0,124,9602
5,100,0.3,0.0,harm,hybrid,0.01,low_risk_q1,0.01,1.0,0,0.08004054427146912,0.003670291646070193,40,4045,0.15,120,9861
5,100,0.3,0.0,harm,hybrid,0.01,low_risk_q1,0.01,1.0,0,0.09199190139770508,0.003670291646070193,40,4045,0.15,120,9861
5,100,0.3,0.0,harm,hybrid,0.01,low_risk_q1,0.01,1.0,0,0.10394325852394104,0.003670291646070193,40,4045,0.15,120,9861
5,100,0.3,0.0,harm,hybrid,0.01,low_risk_q1,0.01,1.0,0,0.1158946231007576,0.003670291646070193,40,4045,0.15,120,9861
5,100,0.3,0.0,harm,hybrid,0.01,low_risk_q1,0.01,1.0,0,0.12784597277641296,0.003670291646070193,40,4045,0.15,120,9861
5,100,0.3,0.0,harm,hybrid,0.01,low_risk_q1,0.01,1.0,0,0.13979732990264893,0.003670291646070193,40,4045,0.15,120,9861
5,100,0.3,0.0,harm,hybrid,0.01,low_risk_q1,0.01,1.0,0,0.15174870193004608,0.003670291646070193,40,4045,0.15,120,9861
5,100,0.3,0.0,harm,hybrid,0.01,low_risk_q1,0.01,1.0,0,0.16370005905628204,0.003670291646070193,40,4045,0.15,120,9861
5,100,0.3,0.0,harm,hybrid,0.01,low_risk_q1,0.01,1.0,0,0.175651416182518,0.003670291646070193,40,4045,0.15,120,9861
5,100,0.3,0.0,harm,hybrid,0.01,low_risk_q1,0.01,1.0,0,0.18760277330875397,0.003670291646070193,40,4045,0.15,120,9861
5,100,0.3,0.0,harm,hybrid,0.01,low_risk_q1,0.01,1.0,0,0.19955413043498993,0.003670291646070193,40,4045,0.15,120,9861
5,100,0.3,0.0,harm,hybrid,0.01,low_risk_q1,0.01,1.0,0,0.2115054875612259,0.003670291646070193,40,4045,0.15,120,9861
5,100,0.3,0.0,harm,hybrid,0.01,low_risk_q1,0.01,1.0,0,0.22345685958862305,0.003670291646070193,40,4045,0.15,120,9861
5,100,0.3,0.0,harm,hybrid,0.01,low_risk_q1,0.01,1.0,0,0.235408216714859,0.003670291646070193,40,4045,0.15,120,9861
5,100,0.3,0.0,harm,hybrid,0.01,low_risk_q1,0.01,1.0,0,0.24735957384109497,0.003670291646070193,40,4045,0.15,120,9861
5,100,0.3,0.0,harm,hybrid,0.01,low_risk_q1,0.01,1.0,0,0.25931093096733093,0.003670291646070193,40,4045,0.15,120,9861
5,100,0.3,0.0,harm,hybrid,0.01,low_risk_q1,0.01,1.0,0,0.2712622880935669,0.003670291646070193,40,4045,0.15,120,9861
5,100,0.3,0.0,harm,hybrid,0.01,low_risk_q1,0.01,1.0,0,0.28321364521980286,0.003670291646070193,40,4045,0.15,120,9861
5,100,0.3,0.0,harm,hybrid,0.01,low_risk_q1,0.01,1.0,0,0.2951650023460388,0.003670291646070193,40,4045,0.15,120,9861
5,100,0.3,0.0,harm,hybrid,0.01,low_risk_q1,0.01,1.0,0,0.3071163594722748,0.003670291646070193,40,4045,0.15,120,9861
5,100,0.3,0.0,harm,hybrid,0.01,low_risk_q1,0.01,1.0,0,0.31906771659851074,0.003670291646070193,40,4045,0.15,120,9861
5,100,0.3,0.0,harm,hybrid,0.01,low_risk_q1,0.01,1.0,0,0.3310190737247467,0.00365793376173999,40,4045,0.15,120,9861
5,100,0.3,0.0,harm,hybrid,0.01,low_risk_q1,0.01,1.0,0,0.34297043085098267,0.00365793376173999,40,4045,0.15,120,9861
5,100,0.3,0.0,harm,hybrid,0.01,low_risk_q1,0.01,1.0,0,0.35492178797721863,0.00365793376173999,40,4045,0.15,120,9861
5,100,0.3,0.0,harm,hybrid,0.01,low_risk_q1,0.01,1.0,0,0.366873174905777,0.00365793376173999,40,4045,0.15,120,9861
5,100,0.3,0.0,harm,hybrid,0.01,low_risk_q1,0.01,1.0,0,0.37882453203201294,0.00365793376173999,40,4045,0.15,120,9861
5,100,0.3,0.0,harm,hybrid,0.01,low_risk_q1,0.01,1.0,0,0.3907758891582489,0.003645575877409788,40,4045,0.15,120,9861
5,100,0.3,0.0,harm,hybrid,0.01,low_risk_q1,0.01,1.0,0,0.40272724628448486,0.003645575877409788,40,4045,0.15,120,9861
5,100,0.3,0.0,harm,hybrid,0.01,low_risk_q1,0.01,1.0,0,0.4146786034107208,0.003633217993079585,40,4045,0.15,120,9861
5,100,0.3,0.0,harm,hybrid,0.01,low_risk_q1,0.01,1.0,0,0.4266299605369568,0.003620860108749382,40,4045,0.15,120,9861
5,100,0.3,0.0,harm,hybrid,0.01,low_risk_q1,0.01,1.0,0,0.43858131766319275,0.00360850222441918,40,4045,0.15,120,9861
5,100,0.3,0.0,harm,hybrid,0.01,low_risk_q1,0.01,1.0,0,0.4505326747894287,0.003596144340088977,40,4045,0.15,120,9861
5,100,0.3,0.0,harm,hybrid,0.01,low_risk_q1,0.01,1.0,0,0.4624840319156647,0.0035714285714285718,40,4045,0.15,120,9861
5,100,0.3,0.0,harm,hybrid,0.01,low_risk_q1,0.01,1.0,0,0.47443538904190063,0.0035590706870983688,40,4045,0.15,120,9861
5,100,0.3,0.0,harm,hybrid,0.01,low_risk_q1,0.01,1.0,0,0.4863867461681366,0.0035343549184379637,40,4045,0.15,120,9861
5,100,0.3,0.0,harm,hybrid,0.01,low_risk_q1,0.01,1.0,0,0.49833810329437256,0.0035343549184379637,40,4045,0.15,120,9861
5,100,0.3,0.0,harm,hybrid,0.01,low_risk_q1,0.01,1.0,0,0.5102894306182861,0.0035096391497775577,40,4045,0.15,120,9861
5,100,0.3,0.0,harm,hybrid,0.01,low_risk_q1,0.01,1.0,0,0.5222408175468445,0.0034602076124567475,40,4045,0.14750000000000002,120,9861
5,100,0.3,0.0,harm,hybrid,0.01,low_risk_q1,0.01,1.0,0,0.5341922044754028,0.0034231339594661394,40,4045,0.14750000000000002,120,9861
5,100,0.3,0.0,harm,hybrid,0.01,low_risk_q1,0.01,1.0,0,0.5461435317993164,0.0034107760751359373,40,4045,0.14750000000000002,120,9861
5,100,0.3,0.0,harm,hybrid,0.01,low_risk_q1,0.01,1.0,0,0.55809485912323,0.0034107760751359373,40,4045,0.14750000000000002,120,9861
5,100,0.3,0.0,harm,hybrid,0.01,low_risk_q1,0.01,1.0,0,0.5700463056564331,0.0033737024221453284,40,4045,0.145,120,9861
5,100,0.3,0.0,harm,hybrid,0.01,low_risk_q1,0.01,1.0,0,0.5819976329803467,0.0033613445378151254,40,4045,0.145,120,9861
5,100,0.3,0.0,harm,hybrid,0.01,low_risk_q1,0.01,1.0,0,0.5939489603042603,0.0033613445378151254,40,4045,0.145,120,9861
5,100,0.3,0.0,harm,hybrid,0.01,low_risk_q1,0.01,1.0,0,0.6059002876281738,0.0033613445378151254,40,4045,0.145,120,9861
5,100,0.3,0.0,harm,hybrid,0.01,low_risk_q1,0.01,1.0,0,0.617851734161377,0.0033366287691547203,40,4045,0.145,120,9861
5,100,0.3,0.0,harm,hybrid,0.01,low_risk_q1,0.01,1.0,0,0.6298030614852905,0.003324270884824518,40,4045,0.14375,120,9861
5,100,0.3,0.0,harm,hybrid,0.01,low_risk_q1,0.01,1.0,0,0.6417543888092041,0.003311913000494315,40,4045,0.14375,120,9861
5,100,0.3,0.0,harm,hybrid,0.01,low_risk_q1,0.01,1.0,0,0.6537058353424072,0.003262481463173505,40,4045,0.14375,120,9861
5,100,0.3,0.0,harm,hybrid,0.01,low_risk_q1,0.01,1.0,0,0.6656571626663208,0.003250123578843302,40,4045,0.14375,120,9861
5,100,0.3,0.0,harm,hybrid,0.01,low_risk_q1,0.01,1.0,0,0.6776084899902344,0.0031759762728620867,40,4045,0.14375,120,9861
5,100,0.3,0.0,harm,hybrid,0.01,low_risk_q1,0.01,1.0,0,0.689559817314148,0.0031389026198714778,40,4045,0.14375,120,9861
5,100,0.3,0.0,harm,hybrid,0.01,low_risk_q1,0.01,1.0,0,0.7015112638473511,0.0030894710825506676,40,4045,0.14375,120,9861
5,100,0.3,0.0,harm,hybrid,0.01,low_risk_q1,0.01,1.0,0,0.7134625911712646,0.0030647553138902625,40,4045,0.14375,120,9861
5,100,0.3,0.0,harm,hybrid,0.01,low_risk_q1,0.01,1.0,0,0.7254139184951782,0.0030029658922392484,40,4045,0.14375,120,9861
5,100,0.3,0.0,harm,hybrid,0.01,low_risk_q1,0.01,1.0,0,0.7373652458190918,0.0029658922392486404,40,4045,0.14375,120,9861
5,100,0.3,0.0,harm,hybrid,0.01,low_risk_q1,0.01,1.0,0,0.7493166923522949,0.0029535343549184374,40,4045,0.14375,120,9861
5,100,0.3,0.0,harm,hybrid,0.01,low_risk_q1,0.01,1.0,0,0.7612680196762085,0.0029411764705882353,40,4045,0.14375,120,9861
5,100,0.3,0.0,harm,hybrid,0.01,low_risk_q1,0.01,1.0,0,0.7732193470001221,0.002891744933267424,40,4045,0.14375,120,9861
5,100,0.3,0.0,harm,hybrid,0.01,low_risk_q1,0.01,1.0,0,0.7851706743240356,0.002867029164607019,40,4045,0.14375,120,9861
5,100,0.3,0.0,harm,hybrid,0.01,low_risk_q1,0.01,1.0,0,0.7971221208572388,0.002842313395946614,40,4045,0.14375,120,9861
5,100,0.3,0.0,harm,hybrid,0.01,low_risk_q1,0.01,1.0,0,0.8090734481811523,0.0027558082056351957,40,4045,0.14375,120,9861
5,100,0.3,0.0,harm,hybrid,0.01,low_risk_q1,0.01,1.0,0,0.8210247755050659,0.0026322293623331685,40,4045,0.14375,120,9861
5,100,0.3,0.0,harm,hybrid,0.01,low_risk_q1,0.01,1.0,0,0.8329761028289795,0.0025580820563519523,40,4045,0.14375,120,9861
5,100,0.3,0.0,harm,hybrid,0.01,low_risk_q1,0.01,1.0,0,0.8449275493621826,0.002496292634700939,40,4045,0.14375,120,9861
5,100,0.3,0.0,harm,hybrid,0.01,low_risk_q1,0.01,1.0,0,0.8568788766860962,0.002372713791398913,40,4045,0.14375,120,9861
5,100,0.3,0.0,harm,hybrid,0.01,low_risk_q1,0.01,1.0,0,0.8688302040100098,0.0022862086010874937,40,4045,0.14375,120,9861
5,100,0.3,0.0,harm,hybrid,0.01,low_risk_q1,0.01,1.0,0,0.8807816505432129,0.0022120612951062775,40,4045,0.14375,120,9861
5,100,0.3,0.0,harm,hybrid,0.01,low_risk_q1,0.01,1.0,0,0.8927329778671265,0.0021131982204646562,40,4045,0.14375,120,9861
5,100,0.3,0.0,harm,hybrid,0.01,low_risk_q1,0.01,1.0,0,0.90468430519104,0.002076124567474048,40,4045,0.14375,120,9861
5,100,0.3,0.0,harm,hybrid,0.01,low_risk_q1,0.01,1.0,0,0.9166356325149536,0.002014335145823035,40,4045,0.14375,120,9861
5,100,0.3,0.0,harm,hybrid,0.01,low_risk_q1,0.01,1.0,0,0.9285870790481567,0.001977261492832427,40,4045,0.14375,120,9861
5,100,0.3,0.0,harm,hybrid,0.01,low_risk_q1,0.01,1.0,0,0.9405384063720703,0.0019278299555116165,40,4045,0.1425,120,9861
5,100,0.3,0.0,harm,hybrid,0.01,low_risk_q1,0.01,1.0,0,0.9524897336959839,0.001841324765200198,40,4045,0.13999999999999999,120,9861
5,100,0.3,0.0,harm,hybrid,0.01,low_risk_q1,0.01,1.0,0,0.9644410610198975,0.0018042511122095897,40,4045,0.1375,120,9861
5,100,0.3,0.0,harm,hybrid,0.01,low_risk_q1,0.01,1.0,0,0.9763925075531006,0.0017053880375679682,40,4045,0.12999999999999998,120,9861
5,100,0.3,0.0,harm,hybrid,0.01,low_risk_q1,0.01,1.0,0,0.9883438348770142,0.0016312407315867523,40,4045,0.125,120,9861
5,100,0.3,0.0,harm,hybrid,0.01,low_risk_q1,0.01,1.0,0,1.0002951622009277,0.0015200197726149283,40,4045,0.11624999999999999,120,9861
5,100,0.3,0.0,harm,hybrid,0.01,low_risk_q1,0.01,1.0,0,1.0122464895248413,0.0013346515076618883,40,4045,0.09874999999999999,120,9861
5,100,0.3,0.0,harm,hybrid,0.01,low_risk_q1,0.01,1.0,0,1.0241979360580444,0.0011616411270390509,40,4045,0.0825,120,9861
5,100,0.3,0.0,harm,hybrid,0.01,low_risk_q1,0.01,1.0,0,1.036149263381958,0.0009021255561047947,40,4045,0.058750000000000004,120,9861
5,100,0.3,0.0,harm,hybrid,0.01,low_risk_q1,0.01,1.0,0,1.0481005907058716,0.0006549678695007415,40,4045,0.037500000000000006,120,9861
5,100,0.3,0.0,harm,hybrid,0.01,low_risk_q1,0.01,1.0,0,1.0600520372390747,0.0005313890261987148,40,4045,0.025,120,9861
5,100,0.3,0.0,harm,hybrid,0.01,low_risk_q1,0.01,1.0,0,1.0720033645629883,0.0004448838358872961,40,4045,0.01625,120,9861
5,100,0.3,0.0,harm,hybrid,0.01,low_risk_q1,0.01,1.0,0,1.0839546918869019,0.0004325259515570934,40,4045,0.015000000000000003,120,9861
5,100,0.3,0.0,harm,hybrid,0.01,low_risk_q1,0.01,1.0,0,1.095906138420105,0.0003830944142362827,40,4045,0.01,120,9861
5,100,0.3,0.0,harm,hybrid,0.01,low_risk_q1,0.01,1.0,0,1.1078574657440186,0.0003583786455758774,40,4045,0.0075000000000000015,120,9861
5,100,0.3,0.0,harm,hybrid,0.01,low_risk_q1,0.01,1.0,0,1.1198087930679321,0.0003213049925852694,40,4045,0.0037500000000000007,120,9861
5,100,0.3,0.0,harm,hybrid,0.01,low_risk_q1,0.01,1.0,0,1.1317601203918457,0.0002842313395946614,40,4045,0.00125,120,9861
5,100,0.3,0.0,harm,hybrid,0.01,low_risk_q1,0.01,1.0,0,1.1437115669250488,0.000259515570934256,40,4045,0.0,120,9861
5,100,0.3,0.0,harm,hybrid,0.01,low_risk_q1,0.01,1.0,0,1.1556628942489624,0.000259515570934256,40,4045,0.0,120,9861
5,100,0.3,0.0,harm,hybrid,0.01,low_risk_q1,0.01,1.0,0,1.167614221572876,0.00024715768660405336,40,4045,0.0,120,9861
5,100,0.3,0.0,harm,hybrid,0.01,low_risk_q1,0.01,1.0,0,1.1795655488967896,0.00024715768660405336,40,4045,0.0,120,9861
5,100,0.3,0.0,harm,hybrid,0.01,low_risk_q1,0.01,1.0,0,1.1915169954299927,0.00024715768660405336,40,4045,0.0,120,9861
5,100,0.3,0.0,harm,hybrid,0.01,low_risk_q1,0.01,1.0,0,1.2034683227539062,0.00024715768660405336,40,4045,0.0,120,9861
5,100,0.3,0.0,harm,hybrid,0.01,low_risk_q1,0.01,1.0,0,1.2154196500778198,0.00024715768660405336,40,4045,0.0,120,9861
5,100,0.3,0.0,harm,hybrid,0.01,low_risk_q1,0.01,1.0,0,1.227371096611023,0.00024715768660405336,40,4045,0.0,120,9861
5,100,0.3,0.0,harm,hybrid,0.01,low_risk_q1,0.01,1.0,0,1.2393224239349365,0.00024715768660405336,40,4045,0.0,120,9861
5,100,0.3,0.0,harm,hybrid,0.01,low_risk_q1,0.01,1.0,0,1.25127375125885,0.00024715768660405336,40,4045,0.0,120,9861
5,100,0.3,0.0,harm,hybrid,0.01,low_risk_q1,0.01,1.0,0,1.2632250785827637,0.00024715768660405336,40,4045,0.0,120,9861
6,100,0.3,0.0,harm,hybrid,0.01,low_risk_q1,0.01,1.0,0,0.04609692096710205,0.0037768452234016297,40,4050,0.15,120,9592
6,100,0.3,0.0,harm,hybrid,0.01,low_risk_q1,0.01,1.0,0,0.05876820534467697,0.0037768452234016297,40,4050,0.15,120,9592
6,100,0.3,0.0,harm,hybrid,0.01,low_risk_q1,0.01,1.0,0,0.07143948972225189,0.0037768452234016297,40,4050,0.15,120,9592
6,100,0.3,0.0,harm,hybrid,0.01,low_risk_q1,0.01,1.0,0,0.08411078155040741,0.0037768452234016297,40,4050,0.15,120,9592
6,100,0.3,0.0,harm,hybrid,0.01,low_risk_q1,0.01,1.0,0,0.09678206592798233,0.0037768452234016297,40,4050,0.15,120,9592
6,100,0.3,0.0,harm,hybrid,0.01,low_risk_q1,0.01,1.0,0,0.10945335030555725,0.0037768452234016297,40,4050,0.15,120,9592
6,100,0.3,0.0,harm,hybrid,0.01,low_risk_q1,0.01,1.0,0,0.12212464213371277,0.0037768452234016297,40,4050,0.15,120,9592
6,100,0.3,0.0,harm,hybrid,0.01,low_risk_q1,0.01,1.0,0,0.1347959339618683,0.0037768452234016297,40,4050,0.15,120,9592
6,100,0.3,0.0,harm,hybrid,0.01,low_risk_q1,0.01,1.0,0,0.1474672108888626,0.0037768452234016297,40,4050,0.15,120,9592
6,100,0.3,0.0,harm,hybrid,0.01,low_risk_q1,0.01,1.0,0,0.16013848781585693,0.0037768452234016297,40,4050,0.15,120,9592
6,100,0.3,0.0,harm,hybrid,0.01,low_risk_q1,0.01,1.0,0,0.17280977964401245,0.0037768452234016297,40,4050,0.15,120,9592
6,100,0.3,0.0,harm,hybrid,0.01,low_risk_q1,0.01,1.0,0,0.18548107147216797,0.0037768452234016297,40,4050,0.15,120,9592
6,100,0.3,0.0,harm,hybrid,0.01,low_risk_q1,0.01,1.0,0,0.1981523633003235,0.0037768452234016297,40,4050,0.15,120,9592
6,100,0.3,0.0,harm,hybrid,0.01,low_risk_q1,0.01,1.0,0,0.2108236402273178,0.0037768452234016297,40,4050,0.15,120,9592
6,100,0.3,0.0,harm,hybrid,0.01,low_risk_q1,0.01,1.0,0,0.22349493205547333,0.0037768452234016297,40,4050,0.15,120,9592
6,100,0.3,0.0,harm,hybrid,0.01,low_risk_q1,0.01,1.0,0,0.23616620898246765,0.0037768452234016297,40,4050,0.15,120,9592
6,100,0.3,0.0,harm,hybrid,0.01,low_risk_q1,0.01,1.0,0,0.24883750081062317,0.0037768452234016297,40,4050,0.15,120,9592
6,100,0.3,0.0,harm,hybrid,0.01,low_risk_q1,0.01,1.0,0,0.2615087926387787,0.0037768452234016297,40,4050,0.15,120,9592
6,100,0.3,0.0,harm,hybrid,0.01,low_risk_q1,0.01,1.0,0,0.2741800546646118,0.0037768452234016297,40,4050,0.15,120,9592
6,100,0.3,0.0,harm,hybrid,0.01,low_risk_q1,0.01,1.0,0,0.28685134649276733,0.0037768452234016297,40,4050,0.15,120,9592
6,100,0.3,0.0,harm,hybrid,0.01,low_risk_q1,0.01,1.0,0,0.29952263832092285,0.0037768452234016297,40,4050,0.15,120,9592
6,100,0.3,0.0,harm,hybrid,0.01,low_risk_q1,0.01,1.0,0,0.31219393014907837,0.0037768452234016297,40,4050,0.15,120,9592
6,100,0.3,0.0,harm,hybrid,0.01,low_risk_q1,0.01,1.0,0,0.3248652219772339,0.0037768452234016297,40,4050,0.15,120,9592
6,100,0.3,0.0,harm,hybrid,0.01,low_risk_q1,0.01,1.0,0,0.3375365138053894,0.0037768452234016297,40,4050,0.15,120,9592
6,100,0.3,0.0,harm,hybrid,0.01,low_risk_q1,0.01,1.0,0,0.3502078056335449,0.0037768452234016297,40,4050,0.15,120,9592
6,100,0.3,0.0,harm,hybrid,0.01,low_risk_q1,0.01,1.0,0,0.36287906765937805,0.003752159960503579,40,4050,0.15,120,9592
6,100,0.3,0.0,harm,hybrid,0.01,low_risk_q1,0.01,1.0,0,0.37555035948753357,0.0037398173290545548,40,4050,0.15,120,9592
6,100,0.3,0.0,harm,hybrid,0.01,low_risk_q1,0.01,1.0,0,0.3882216513156891,0.0037398173290545548,40,4050,0.15,120,9592
6,100,0.3,0.0,harm,hybrid,0.01,low_risk_q1,0.01,1.0,0,0.4008929431438446,0.0037398173290545548,40,4050,0.15,120,9592
6,100,0.3,0.0,harm,hybrid,0.01,low_risk_q1,0.01,1.0,0,0.4135642349720001,0.0037398173290545548,40,4050,0.15,120,9592
6,100,0.3,0.0,harm,hybrid,0.01,low_risk_q1,0.01,1.0,0,0.42623549699783325,0.0037398173290545548,40,4050,0.15,120,9592
6,100,0.3,0.0,harm,hybrid,0.01,low_risk_q1,0.01,1.0,0,0.43890678882598877,0.003715132066156504,40,4050,0.15,120,9592
6,100,0.3,0.0,harm,hybrid,0.01,low_risk_q1,0.01,1.0,0,0.4515780806541443,0.00370278943470748,40,4050,0.15,120,9592
6,100,0.3,0.0,harm,hybrid,0.01,low_risk_q1,0.01,1.0,0,0.4642493724822998,0.00370278943470748,40,4050,0.15,120,9592
6,100,0.3,0.0,harm,hybrid,0.01,low_risk_q1,0.01,1.0,0,0.4769206643104553,0.00362873364601333,40,4050,0.15,120,9592
6,100,0.3,0.0,harm,hybrid,0.01,low_risk_q1,0.01,1.0,0,0.48959192633628845,0.0036040483831152803,40,4050,0.15,120,9592
6,100,0.3,0.0,harm,hybrid,0.01,low_risk_q1,0.01,1.0,0,0.5022631883621216,0.003591705751666255,40,4050,0.15,120,9592
6,100,0.3,0.0,harm,hybrid,0.01,low_risk_q1,0.01,1.0,0,0.5149345397949219,0.0035670204887682053,40,4050,0.15,120,9592
6,100,0.3,0.0,harm,hybrid,0.01,low_risk_q1,0.01,1.0,0,0.5276057720184326,0.0035670204887682053,40,4050,0.15,120,9592
6,100,0.3,0.0,harm,hybrid,0.01,low_risk_q1,0.01,1.0,0,0.5402771234512329,0.0035423352258701557,40,4050,0.15,120,9592
6,100,0.3,0.0,harm,hybrid,0.01,low_risk_q1,0.01,1.0,0,0.5529483556747437,0.0035423352258701557,40,4050,0.15,120,9592
6,100,0.3,0.0,harm,hybrid,0.01,low_risk_q1,0.01,1.0,0,0.5656196475028992,0.003517649962972106,40,4050,0.15,120,9592
6,100,0.3,0.0,harm,hybrid,0.01,low_risk_q1,0.01,1.0,0,0.5782909393310547,0.0034929647000740555,40,4050,0.15,120,9592
6,100,0.3,0.0,harm,hybrid,0.01,low_risk_q1,0.01,1.0,0,0.5909622311592102,0.003468279437176006,40,4050,0.14875,120,9592
6,100,0.3,0.0,harm,hybrid,0.01,low_risk_q1,0.01,1.0,0,0.6036335229873657,0.0034189089113799065,40,4050,0.14625,120,9592
6,100,0.3,0.0,harm,hybrid,0.01,low_risk_q1,0.01,1.0,0,0.6163048148155212,0.003406566279930881,40,4050,0.14625,120,9592
6,100,0.3,0.0,harm,hybrid,0.01,low_risk_q1,0.01,1.0,0,0.6289761066436768,0.0033818810170328315,40,4050,0.14625,120,9592
6,100,0.3,0.0,harm,hybrid,0.01,low_risk_q1,0.01,1.0,0,0.6416473984718323,0.003357195754134781,40,4050,0.14625,120,9592
6,100,0.3,0.0,harm,hybrid,0.01,low_risk_q1,0.01,1.0,0,0.6543186902999878,0.003283139965440632,40,4050,0.14625,120,9592
6,100,0.3,0.0,harm,hybrid,0.01,low_risk_q1,0.01,1.0,0,0.6669899225234985,0.0032584547025425823,40,4050,0.14625,120,9592
6,100,0.3,0.0,harm,hybrid,0.01,low_risk_q1,0.01,1.0,0,0.679661214351654,0.0032337694396445326,40,4050,0.14625,120,9592
6,100,0.3,0.0,harm,hybrid,0.01,low_risk_q1,0.01,1.0,0,0.6923325061798096,0.0032337694396445326,40,4050,0.14625,120,9592
6,100,0.3,0.0,harm,hybrid,0.01,low_risk_q1,0.01,1.0,0,0.7050037980079651,0.0032214268081955074,40,4050,0.14625,120,9592
6,100,0.3,0.0,harm,hybrid,0.01,low_risk_q1,0.01,1.0,0,0.7176750898361206,0.003196741545297457,40,4050,0.14625,120,9592
6,100,0.3,0.0,harm,hybrid,0.01,low_risk_q1,0.01,1.0,0,0.7303463816642761,0.0031843989138484324,40,4050,0.14625,120,9592
6,100,0.3,0.0,harm,hybrid,0.01,low_risk_q1,0.01,1.0,0,0.7430176734924316,0.0031473710195013575,40,4050,0.14625,120,9592
6,100,0.3,0.0,harm,hybrid,0.01,low_risk_q1,0.01,1.0,0,0.7556889653205872,0.0031103431251542826,40,4050,0.14625,120,9592
6,100,0.3,0.0,harm,hybrid,0.01,low_risk_q1,0.01,1.0,0,0.7683602571487427,0.0030609725993581832,40,4050,0.14625,120,9592
6,100,0.3,0.0,harm,hybrid,0.01,low_risk_q1,0.01,1.0,0,0.7810315489768982,0.003011602073562083,40,4050,0.14625,120,9592
6,100,0.3,0.0,harm,hybrid,0.01,low_risk_q1,0.01,1.0,0,0.7937027812004089,0.0029622315477659837,40,4050,0.14625,120,9592
6,100,0.3,0.0,harm,hybrid,0.01,low_risk_q1,0.01,1.0,0,0.8063740730285645,0.0029252036534189096,40,4050,0.14625,120,9592
6,100,0.3,0.0,harm,hybrid,0.01,low_risk_q1,0.01,1.0,0,0.81904536485672,0.002814119970377685,40,4050,0.14625,120,9592
6,100,0.3,0.0,harm,hybrid,0.01,low_risk_q1,0.01,1.0,0,0.8317166566848755,0.002789434707479635,40,4050,0.14625,120,9592
6,100,0.3,0.0,harm,hybrid,0.01,low_risk_q1,0.01,1.0,0,0.844387948513031,0.002666008392989385,40,4050,0.14625,120,9592
6,100,0.3,0.0,harm,hybrid,0.01,low_risk_q1,0.01,1.0,0,0.8570592403411865,0.002591952604295236,40,4050,0.14625,120,9592
6,100,0.3,0.0,harm,hybrid,0.01,low_risk_q1,0.01,1.0,0,0.869730532169342,0.002517896815601086,40,4050,0.14625,120,9592
6,100,0.3,0.0,harm,hybrid,0.01,low_risk_q1,0.01,1.0,0,0.8824018239974976,0.002394470501110837,40,4050,0.14625,120,9592
6,100,0.3,0.0,harm,hybrid,0.01,low_risk_q1,0.01,1.0,0,0.8950731158256531,0.002308072080967662,40,4050,0.14625,120,9592
6,100,0.3,0.0,harm,hybrid,0.01,low_risk_q1,0.01,1.0,0,0.9077444076538086,0.002234016292273513,40,4050,0.14625,120,9592
6,100,0.3,0.0,harm,hybrid,0.01,low_risk_q1,0.01,1.0,0,0.9204156994819641,0.002159960503579363,40,4050,0.14625,120,9592
6,100,0.3,0.0,harm,hybrid,0.01,low_risk_q1,0.01,1.0,0,0.9330869317054749,0.0021352752406813133,40,4050,0.14625,120,9592
6,100,0.3,0.0,harm,hybrid,0.01,low_risk_q1,0.01,1.0,0,0.9457582235336304,0.0020612194519871643,40,4050,0.14625,120,9592
6,100,0.3,0.0,harm,hybrid,0.01,low_risk_q1,0.01,1.0,0,0.9584295153617859,0.001999506294742039,40,4050,0.14625,120,9592
6,100,0.3,0.0,harm,hybrid,0.01,low_risk_q1,0.01,1.0,0,0.9711008071899414,0.001913107874598864,40,4050,0.14625,120,9592
6,100,0.3,0.0,harm,hybrid,0.01,low_risk_q1,0.01,1.0,0,0.9837720990180969,0.0019007652431498395,40,4050,0.14625,120,9592
6,100,0.3,0.0,harm,hybrid,0.01,low_risk_q1,0.01,1.0,0,0.9964433908462524,0.0018020241915576397,40,4050,0.1425,120,9592
6,100,0.3,0.0,harm,hybrid,0.01,low_risk_q1,0.01,1.0,0,1.0091147422790527,0.0017279684028634905,40,4050,0.13625,120,9592
6,100,0.3,0.0,harm,hybrid,0.01,low_risk_q1,0.01,1.0,0,1.0217859745025635,0.0016785978770673907,40,4050,0.1325,120,9592
6,100,0.3,0.0,harm,hybrid,0.01,low_risk_q1,0.01,1.0,0,1.0344572067260742,0.0015304862996790916,40,4050,0.12250000000000001,120,9592
6,100,0.3,0.0,harm,hybrid,0.01,low_risk_q1,0.01,1.0,0,1.0471285581588745,0.0013206615650456677,40,4050,0.10375000000000001,120,9592
6,100,0.3,0.0,harm,hybrid,0.01,low_risk_q1,0.01,1.0,0,1.0597997903823853,0.0011108368304122442,40,4050,0.08375,120,9592
6,100,0.3,0.0,harm,hybrid,0.01,low_risk_q1,0.01,1.0,0,1.0724711418151855,0.0009380399901258948,40,4050,0.0675,120,9592
6,100,0.3,0.0,harm,hybrid,0.01,low_risk_q1,0.01,1.0,0,1.0851423740386963,0.0007899284127375957,40,4050,0.05249999999999999,120,9592
6,100,0.3,0.0,harm,hybrid,0.01,low_risk_q1,0.01,1.0,0,1.0978137254714966,0.0006418168353492965,40,4050,0.0375,120,9592
6,100,0.3,0.0,harm,hybrid,0.01,low_risk_q1,0.01,1.0,0,1.1104849576950073,0.0005554184152061219,40,4050,0.030000000000000006,120,9592
6,100,0.3,0.0,harm,hybrid,0.01,low_risk_q1,0.01,1.0,0,1.1231563091278076,0.00048136262651197234,40,4050,0.022500000000000003,120,9592
6,100,0.3,0.0,harm,hybrid,0.01,low_risk_q1,0.01,1.0,0,1.1358275413513184,0.0004196494692668477,40,4050,0.01625,120,9592
6,100,0.3,0.0,harm,hybrid,0.01,low_risk_q1,0.01,1.0,0,1.148498773574829,0.00032090841767464824,40,4050,0.00625,120,9592
6,100,0.3,0.0,harm,hybrid,0.01,low_risk_q1,0.01,1.0,0,1.1611701250076294,0.0002715378918785485,40,4050,0.00125,120,9592
6,100,0.3,0.0,harm,hybrid,0.01,low_risk_q1,0.01,1.0,0,1.1738413572311401,0.0002591952604295236,40,4050,0.00125,120,9592
6,100,0.3,0.0,harm,hybrid,0.01,low_risk_q1,0.01,1.0,0,1.1865127086639404,0.0002591952604295236,40,4050,0.00125,120,9592
6,100,0.3,0.0,harm,hybrid,0.01,low_risk_q1,0.01,1.0,0,1.1991839408874512,0.00024685262898049864,40,4050,0.0,120,9592
6,100,0.3,0.0,harm,hybrid,0.01,low_risk_q1,0.01,1.0,0,1.2118552923202515,0.00024685262898049864,40,4050,0.0,120,9592
6,100,0.3,0.0,harm,hybrid,0.01,low_risk_q1,0.01,1.0,0,1.2245265245437622,0.00024685262898049864,40,4050,0.0,120,9592
6,100,0.3,0.0,harm,hybrid,0.01,low_risk_q1,0.01,1.0,0,1.2371978759765625,0.00024685262898049864,40,4050,0.0,120,9592
6,100,0.3,0.0,harm,hybrid,0.01,low_risk_q1,0.01,1.0,0,1.2498691082000732,0.00024685262898049864,40,4050,0.0,120,9592
6,100,0.3,0.0,harm,hybrid,0.01,low_risk_q1,0.01,1.0,0,1.2625404596328735,0.00024685262898049864,40,4050,0.0,120,9592
6,100,0.3,0.0,harm,hybrid,0.01,low_risk_q1,0.01,1.0,0,1.2752116918563843,0.00024685262898049864,40,4050,0.0,120,9592
6,100,0.3,0.0,harm,hybrid,0.01,low_risk_q1,0.01,1.0,0,1.287882924079895,0.00024685262898049864,40,4050,0.0,120,9592
6,100,0.3,0.0,harm,hybrid,0.01,low_risk_q1,0.01,1.0,0,1.3005542755126953,0.00024685262898049864,40,4050,0.0,120,9592
7,100,0.3,0.0,harm,hybrid,0.01,low_risk_q1,0.01,1.0,0,0.047112464904785156,0.0038745387453874543,40,4064,0.15125,121,9693
7,100,0.3,0.0,harm,hybrid,0.01,low_risk_q1,0.01,1.0,0,0.06021270900964737,0.0038745387453874543,40,4064,0.15125,121,9693
7,100,0.3,0.0,harm,hybrid,0.01,low_risk_q1,0.01,1.0,0,0.07331295311450958,0.0038745387453874543,40,4064,0.15125,121,9693
7,100,0.3,0.0,harm,hybrid,0.01,low_risk_q1,0.01,1.0,0,0.0864131897687912,0.0038745387453874543,40,4064,0.15125,121,9693
7,100,0.3,0.0,harm,hybrid,0.01,low_risk_q1,0.01,1.0,0,0.09951344132423401,0.0038745387453874543,40,4064,0.15125,121,9693
7,100,0.3,0.0,harm,hybrid,0.01,low_risk_q1,0.01,1.0,0,0.11261367797851562,0.0038745387453874543,40,4064,0.15125,121,9693
7,100,0.3,0.0,harm,hybrid,0.01,low_risk_q1,0.01,1.0,0,0.12571391463279724,0.0038745387453874543,40,4064,0.15125,121,9693
7,100,0.3,0.0,harm,hybrid,0.01,low_risk_q1,0.01,1.0,0,0.13881416618824005,0.0038745387453874543,40,4064,0.15125,121,9693
7,100,0.3,0.0,harm,hybrid,0.01,low_risk_q1,0.01,1.0,0,0.15191441774368286,0.0038745387453874543,40,4064,0.15125,121,9693
7,100,0.3,0.0,harm,hybrid,0.01,low_risk_q1,0.01,1.0,0,0.16501465439796448,0.0038745387453874543,40,4064,0.15125,121,9693
7,100,0.3,0.0,harm,hybrid,0.01,low_risk_q1,0.01,1.0,0,0.1781148910522461,0.0038745387453874543,40,4064,0.15125,121,9693
7,100,0.3,0.0,harm,hybrid,0.01,low_risk_q1,0.01,1.0,0,0.1912151426076889,0.0038745387453874543,40,4064,0.15125,121,9693
7,100,0.3,0.0,harm,hybrid,0.01,low_risk_q1,0.01,1.0,0,0.20431537926197052,0.0038745387453874543,40,4064,0.15125,121,9693
7,100,0.3,0.0,harm,hybrid,0.01,low_risk_q1,0.01,1.0,0,0.21741563081741333,0.0038745387453874543,40,4064,0.15125,121,9693
7,100,0.3,0.0,harm,hybrid,0.01,low_risk_q1,0.01,1.0,0,0.23051586747169495,0.0038745387453874543,40,4064,0.15125,121,9693
7,100,0.3,0.0,harm,hybrid,0.01,low_risk_q1,0.01,1.0,0,0.24361611902713776,0.0038745387453874543,40,4064,0.15125,121,9693
7,100,0.3,0.0,harm,hybrid,0.01,low_risk_q1,0.01,1.0,0,0.25671637058258057,0.0038745387453874543,40,4064,0.15125,121,9693
7,100,0.3,0.0,harm,hybrid,0.01,low_risk_q1,0.01,1.0,0,0.2698165774345398,0.0038745387453874543,40,4064,0.15125,121,9693
7,100,0.3,0.0,harm,hybrid,0.01,low_risk_q1,0.01,1.0,0,0.2829168438911438,0.0038745387453874543,40,4064,0.15125,121,9693
7,100,0.3,0.0,harm,hybrid,0.01,low_risk_q1,0.01,1.0,0,0.2960170805454254,0.0038745387453874543,40,4064,0.15125,121,9693
7,100,0.3,0.0,harm,hybrid,0.01,low_risk_q1,0.01,1.0,0,0.30911731719970703,0.003862238622386224,40,4064,0.15125,121,9693
7,100,0.3,0.0,harm,hybrid,0.01,low_risk_q1,0.01,1.0,0,0.32221758365631104,0.003862238622386224,40,4064,0.15125,121,9693
7,100,0.3,0.0,harm,hybrid,0.01,low_risk_q1,0.01,1.0,0,0.33531782031059265,0.003862238622386224,40,4064,0.15125,121,9693
7,100,0.3,0.0,harm,hybrid,0.01,low_risk_q1,0.01,1.0,0,0.34841805696487427,0.003862238622386224,40,4064,0.15125,121,9693
7,100,0.3,0.0,harm,hybrid,0.01,low_risk_q1,0.01,1.0,0,0.3615182936191559,0.003862238622386224,40,4064,0.15125,121,9693
7,100,0.3,0.0,harm,hybrid,0.01,low_risk_q1,0.01,1.0,0,0.3746185302734375,0.003862238622386224,40,4064,0.15125,121,9693
7,100,0.3,0.0,harm,hybrid,0.01,low_risk_q1,0.01,1.0,0,0.3877187967300415,0.0038376383763837644,40,4064,0.15125,121,9693
7,100,0.3,0.0,harm,hybrid,0.01,low_risk_q1,0.01,1.0,0,0.4008190333843231,0.003825338253382534,40,4064,0.15125,121,9693
7,100,0.3,0.0,harm,hybrid,0.01,low_risk_q1,0.01,1.0,0,0.41391927003860474,0.0038007380073800737,40,4064,0.15125,121,9693
7,100,0.3,0.0,harm,hybrid,0.01,low_risk_q1,0.01,1.0,0,0.42701950669288635,0.0038007380073800737,40,4064,0.15125,121,9693
7,100,0.3,0.0,harm,hybrid,0.01,low_risk_q1,0.01,1.0,0,0.44011977314949036,0.0037884378843788444,40,4064,0.15125,121,9693
7,100,0.3,0.0,harm,hybrid,0.01,low_risk_q1,0.01,1.0,0,0.453220009803772,0.0037515375153751537,40,4064,0.15125,121,9693
7,100,0.3,0.0,harm,hybrid,0.01,low_risk_q1,0.01,1.0,0,0.4663202464580536,0.003726937269372694,40,4064,0.15125,121,9693
7,100,0.3,0.0,harm,hybrid,0.01,low_risk_q1,0.01,1.0,0,0.4794204831123352,0.0036531365313653137,40,4064,0.15125,121,9693
7,100,0.3,0.0,harm,hybrid,0.01,low_risk_q1,0.01,1.0,0,0.4925207197666168,0.0036039360393603937,40,4064,0.15125,121,9693
7,100,0.3,0.0,harm,hybrid,0.01,low_risk_q1,0.01,1.0,0,0.5056209564208984,0.0035916359163591636,40,4064,0.15125,121,9693
7,100,0.3,0.0,harm,hybrid,0.01,low_risk_q1,0.01,1.0,0,0.5187212228775024,0.0035793357933579335,40,4064,0.15125,121,9693
7,100,0.3,0.0,harm,hybrid,0.01,low_risk_q1,0.01,1.0,0,0.5318214893341064,0.0035055350553505533,40,4064,0.15125,121,9693
7,100,0.3,0.0,harm,hybrid,0.01,low_risk_q1,0.01,1.0,0,0.5449216961860657,0.0034563345633456337,40,4064,0.14750000000000002,121,9693
7,100,0.3,0.0,harm,hybrid,0.01,low_risk_q1,0.01,1.0,0,0.5580219626426697,0.0034440344403444036,40,4064,0.14750000000000002,121,9693
7,100,0.3,0.0,harm,hybrid,0.01,low_risk_q1,0.01,1.0,0,0.5711221694946289,0.0034440344403444036,40,4064,0.14750000000000002,121,9693
7,100,0.3,0.0,harm,hybrid,0.01,low_risk_q1,0.01,1.0,0,0.5842224359512329,0.003394833948339484,40,4064,0.14750000000000002,121,9693
7,100,0.3,0.0,harm,hybrid,0.01,low_risk_q1,0.01,1.0,0,0.5973227024078369,0.0033825338253382535,40,4064,0.14750000000000002,121,9693
7,100,0.3,0.0,harm,hybrid,0.01,low_risk_q1,0.01,1.0,0,0.6104229092597961,0.0033702337023370234,40,4064,0.14750000000000002,121,9693
7,100,0.3,0.0,harm,hybrid,0.01,low_risk_q1,0.01,1.0,0,0.6235231757164001,0.0033702337023370234,40,4064,0.14750000000000002,121,9693
7,100,0.3,0.0,harm,hybrid,0.01,low_risk_q1,0.01,1.0,0,0.6366233825683594,0.0033702337023370234,40,4064,0.14750000000000002,121,9693
7,100,0.3,0.0,harm,hybrid,0.01,low_risk_q1,0.01,1.0,0,0.6497236490249634,0.0033456334563345637,40,4064,0.14625,121,9693
7,100,0.3,0.0,harm,hybrid,0.01,low_risk_q1,0.01,1.0,0,0.6628239154815674,0.0033087330873308733,40,4064,0.14625,121,9693
7,100,0.3,0.0,harm,hybrid,0.01,low_risk_q1,0.01,1.0,0,0.6759241223335266,0.0032841328413284136,40,4064,0.14625,121,9693
7,100,0.3,0.0,harm,hybrid,0.01,low_risk_q1,0.01,1.0,0,0.6890243887901306,0.0032718327183271835,40,4064,0.14625,121,9693
7,100,0.3,0.0,harm,hybrid,0.01,low_risk_q1,0.01,1.0,0,0.7021245956420898,0.0032349323493234936,40,4064,0.14625,121,9693
7,100,0.3,0.0,harm,hybrid,0.01,low_risk_q1,0.01,1.0,0,0.7152248620986938,0.003161131611316113,40,4064,0.14625,121,9693
7,100,0.3,0.0,harm,hybrid,0.01,low_risk_q1,0.01,1.0,0,0.7283251285552979,0.003136531365313653,40,4064,0.14625,121,9693
7,100,0.3,0.0,harm,hybrid,0.01,low_risk_q1,0.01,1.0,0,0.7414253354072571,0.0031119311193111934,40,4064,0.14625,121,9693
7,100,0.3,0.0,harm,hybrid,0.01,low_risk_q1,0.01,1.0,0,0.7545256018638611,0.003087330873308733,40,4064,0.14625,121,9693
7,100,0.3,0.0,harm,hybrid,0.01,low_risk_q1,0.01,1.0,0,0.7676258683204651,0.0030504305043050433,40,4064,0.14625,121,9693
7,100,0.3,0.0,harm,hybrid,0.01,low_risk_q1,0.01,1.0,0,0.7807260751724243,0.0030258302583025835,40,4064,0.14625,121,9693
7,100,0.3,0.0,harm,hybrid,0.01,low_risk_q1,0.01,1.0,0,0.7938263416290283,0.0029889298892988928,40,4064,0.14625,121,9693
7,100,0.3,0.0,harm,hybrid,0.01,low_risk_q1,0.01,1.0,0,0.8069265484809875,0.0029151291512915134,40,4064,0.14625,121,9693
7,100,0.3,0.0,harm,hybrid,0.01,low_risk_q1,0.01,1.0,0,0.8200268149375916,0.002804428044280443,40,4064,0.14625,121,9693
7,100,0.3,0.0,harm,hybrid,0.01,low_risk_q1,0.01,1.0,0,0.8331270813941956,0.0027306273062730627,40,4064,0.14625,121,9693
7,100,0.3,0.0,harm,hybrid,0.01,low_risk_q1,0.01,1.0,0,0.8462272882461548,0.002681426814268143,40,4064,0.14625,121,9693
7,100,0.3,0.0,harm,hybrid,0.01,low_risk_q1,0.01,1.0,0,0.8593275547027588,0.002619926199261993,40,4064,0.14625,121,9693
7,100,0.3,0.0,harm,hybrid,0.01,low_risk_q1,0.01,1.0,0,0.872427761554718,0.002595325953259533,40,4064,0.14625,121,9693
7,100,0.3,0.0,harm,hybrid,0.01,low_risk_q1,0.01,1.0,0,0.885528028011322,0.0025092250922509225,40,4064,0.14625,121,9693
7,100,0.3,0.0,harm,hybrid,0.01,low_risk_q1,0.01,1.0,0,0.898628294467926,0.0024108241082410825,40,4064,0.14625,121,9693
7,100,0.3,0.0,harm,hybrid,0.01,low_risk_q1,0.01,1.0,0,0.9117285013198853,0.002361623616236163,40,4064,0.14625,121,9693
7,100,0.3,0.0,harm,hybrid,0.01,low_risk_q1,0.01,1.0,0,0.9248287677764893,0.0022386223862238624,40,4064,0.14625,121,9693
7,100,0.3,0.0,harm,hybrid,0.01,low_risk_q1,0.01,1.0,0,0.9379289746284485,0.0021894218942189424,40,4064,0.14625,121,9693
7,100,0.3,0.0,harm,hybrid,0.01,low_risk_q1,0.01,1.0,0,0.9510292410850525,0.002103321033210332,40,4064,0.14625,121,9693
7,100,0.3,0.0,harm,hybrid,0.01,low_risk_q1,0.01,1.0,0,0.9641295075416565,0.002054120541205412,40,4064,0.14625,121,9693
7,100,0.3,0.0,harm,hybrid,0.01,low_risk_q1,0.01,1.0,0,0.9772297143936157,0.0019311193111931119,40,4064,0.145,121,9693
7,100,0.3,0.0,harm,hybrid,0.01,low_risk_q1,0.01,1.0,0,0.9903299808502197,0.001881918819188192,40,4064,0.145,121,9693
7,100,0.3,0.0,harm,hybrid,0.01,low_risk_q1,0.01,1.0,0,1.0034301280975342,0.0017589175891758917,40,4064,0.13874999999999998,121,9693
7,100,0.3,0.0,harm,hybrid,0.01,low_risk_q1,0.01,1.0,0,1.0165305137634277,0.0016359163591635917,40,4064,0.12875,121,9693
7,100,0.3,0.0,harm,hybrid,0.01,low_risk_q1,0.01,1.0,0,1.0296306610107422,0.0014145141451414513,40,4064,0.11125,121,9693
7,100,0.3,0.0,harm,hybrid,0.01,low_risk_q1,0.01,1.0,0,1.0427309274673462,0.0011931119311193112,40,4064,0.0925,121,9693
7,100,0.3,0.0,harm,hybrid,0.01,low_risk_q1,0.01,1.0,0,1.0558311939239502,0.0009102091020910209,40,4064,0.06499999999999999,121,9693
7,100,0.3,0.0,harm,hybrid,0.01,low_risk_q1,0.01,1.0,0,1.0689314603805542,0.0007380073800738007,40,4064,0.04875,121,9693
7,100,0.3,0.0,harm,hybrid,0.01,low_risk_q1,0.01,1.0,0,1.0820317268371582,0.0005658056580565805,40,4064,0.03250000000000001,121,9693
7,100,0.3,0.0,harm,hybrid,0.01,low_risk_q1,0.01,1.0,0,1.0951318740844727,0.00046740467404674045,40,4064,0.0225,121,9693
7,100,0.3,0.0,harm,hybrid,0.01,low_risk_q1,0.01,1.0,0,1.1082321405410767,0.00035670356703567036,40,4064,0.01125,121,9693
7,100,0.3,0.0,harm,hybrid,0.01,low_risk_q1,0.01,1.0,0,1.1213324069976807,0.00034440344403444036,40,4064,0.01,121,9693
7,100,0.3,0.0,harm,hybrid,0.01,low_risk_q1,0.01,1.0,0,1.1344326734542847,0.00030750307503075026,40,4064,0.00625,121,9693
7,100,0.3,0.0,harm,hybrid,0.01,low_risk_q1,0.01,1.0,0,1.1475329399108887,0.00030750307503075026,40,4064,0.00625,121,9693
7,100,0.3,0.0,harm,hybrid,0.01,low_risk_q1,0.01,1.0,0,1.1606330871582031,0.00027060270602706027,40,4064,0.0025,121,9693
7,100,0.3,0.0,harm,hybrid,0.01,low_risk_q1,0.01,1.0,0,1.1737333536148071,0.0002460024600246002,40,4064,0.0,121,9693
7,100,0.3,0.0,harm,hybrid,0.01,low_risk_q1,0.01,1.0,0,1.1868336200714111,0.0002460024600246002,40,4064,0.0,121,9693
7,100,0.3,0.0,harm,hybrid,0.01,low_risk_q1,0.01,1.0,0,1.1999338865280151,0.0002460024600246002,40,4064,0.0,121,9693
7,100,0.3,0.0,harm,hybrid,0.01,low_risk_q1,0.01,1.0,0,1.2130341529846191,0.0002460024600246002,40,4064,0.0,121,9693
7,100,0.3,0.0,harm,hybrid,0.01,low_risk_q1,0.01,1.0,0,1.2261343002319336,0.0002460024600246002,40,4064,0.0,121,9693
7,100,0.3,0.0,harm,hybrid,0.01,low_risk_q1,0.01,1.0,0,1.2392345666885376,0.0002460024600246002,40,4064,0.0,121,9693
7,100,0.3,0.0,harm,hybrid,0.01,low_risk_q1,0.01,1.0,0,1.2523348331451416,0.0002460024600246002,40,4064,0.0,121,9693
7,100,0.3,0.0,harm,hybrid,0.01,low_risk_q1,0.01,1.0,0,1.2654350996017456,0.0002460024600246002,40,4064,0.0,121,9693
7,100,0.3,0.0,harm,hybrid,0.01,low_risk_q1,0.01,1.0,0,1.2785353660583496,0.0002460024600246002,40,4064,0.0,121,9693
7,100,0.3,0.0,harm,hybrid,0.01,low_risk_q1,0.01,1.0,0,1.291635513305664,0.0002460024600246002,40,4064,0.0,121,9693
7,100,0.3,0.0,harm,hybrid,0.01,low_risk_q1,0.01,1.0,0,1.304735779762268,0.0002460024600246002,40,4064,0.0,121,9693
7,100,0.3,0.0,harm,hybrid,0.01,low_risk_q1,0.01,1.0,0,1.317836046218872,0.0002460024600246002,40,4064,0.0,121,9693
7,100,0.3,0.0,harm,hybrid,0.01,low_risk_q1,0.01,1.0,0,1.330936312675476,0.0002460024600246002,40,4064,0.0,121,9693
7,100,0.3,0.0,harm,hybrid,0.01,low_risk_q1,0.01,1.0,0,1.34403657913208,0.0002460024600246002,40,4064,0.0,121,9693
8,100,0.3,0.0,harm,hybrid,0.01,low_risk_q1,0.01,1.0,0,0.07922777533531189,0.003718295986210293,40,4060,0.15375,123,9580
8,100,0.3,0.0,harm,hybrid,0.01,low_risk_q1,0.01,1.0,0,0.0916549414396286,0.003718295986210293,40,4060,0.15375,123,9580
8,100,0.3,0.0,harm,hybrid,0.01,low_risk_q1,0.01,1.0,0,0.10408211499452591,0.003718295986210293,40,4060,0.15375,123,9580
8,100,0.3,0.0,harm,hybrid,0.01,low_risk_q1,0.01,1.0,0,0.11650928109884262,0.003718295986210293,40,4060,0.15375,123,9580
8,100,0.3,0.0,harm,hybrid,0.01,low_risk_q1,0.01,1.0,0,0.12893645465373993,0.003718295986210293,40,4060,0.15375,123,9580
8,100,0.3,0.0,harm,hybrid,0.01,low_risk_q1,0.01,1.0,0,0.14136362075805664,0.003718295986210293,40,4060,0.15375,123,9580
8,100,0.3,0.0,harm,hybrid,0.01,low_risk_q1,0.01,1.0,0,0.15379078686237335,0.003718295986210293,40,4060,0.15375,123,9580
8,100,0.3,0.0,harm,hybrid,0.01,low_risk_q1,0.01,1.0,0,0.16621795296669006,0.003718295986210293,40,4060,0.15375,123,9580
8,100,0.3,0.0,harm,hybrid,0.01,low_risk_q1,0.01,1.0,0,0.17864513397216797,0.003718295986210293,40,4060,0.15375,123,9580
8,100,0.3,0.0,harm,hybrid,0.01,low_risk_q1,0.01,1.0,0,0.1910722851753235,0.003718295986210293,40,4060,0.15375,123,9580
8,100,0.3,0.0,harm,hybrid,0.01,low_risk_q1,0.01,1.0,0,0.2034994661808014,0.003718295986210293,40,4060,0.15375,123,9580
8,100,0.3,0.0,harm,hybrid,0.01,low_risk_q1,0.01,1.0,0,0.2159266322851181,0.003718295986210293,40,4060,0.15375,123,9580
8,100,0.3,0.0,harm,hybrid,0.01,low_risk_q1,0.01,1.0,0,0.22835379838943481,0.003718295986210293,40,4060,0.15375,123,9580
8,100,0.3,0.0,harm,hybrid,0.01,low_risk_q1,0.01,1.0,0,0.24078096449375153,0.003718295986210293,40,4060,0.15375,123,9580
8,100,0.3,0.0,harm,hybrid,0.01,low_risk_q1,0.01,1.0,0,0.2532081604003906,0.003718295986210293,40,4060,0.15375,123,9580
8,100,0.3,0.0,harm,hybrid,0.01,low_risk_q1,0.01,1.0,0,0.26563531160354614,0.003718295986210293,40,4060,0.15375,123,9580
8,100,0.3,0.0,harm,hybrid,0.01,low_risk_q1,0.01,1.0,0,0.27806246280670166,0.003718295986210293,40,4060,0.15375,123,9580
8,100,0.3,0.0,harm,hybrid,0.01,low_risk_q1,0.01,1.0,0,0.29048964381217957,0.003718295986210293,40,4060,0.15375,123,9580
8,100,0.3,0.0,harm,hybrid,0.01,low_risk_q1,0.01,1.0,0,0.30291682481765747,0.003718295986210293,40,4060,0.15375,123,9580
8,100,0.3,0.0,harm,hybrid,0.01,low_risk_q1,0.01,1.0,0,0.315343976020813,0.003718295986210293,40,4060,0.15375,123,9580
8,100,0.3,0.0,harm,hybrid,0.01,low_risk_q1,0.01,1.0,0,0.3277711570262909,0.003718295986210293,40,4060,0.15375,123,9580
8,100,0.3,0.0,harm,hybrid,0.01,low_risk_q1,0.01,1.0,0,0.3401983082294464,0.003718295986210293,40,4060,0.15375,123,9580
8,100,0.3,0.0,harm,hybrid,0.01,low_risk_q1,0.01,1.0,0,0.3526254892349243,0.003705983747845358,40,4060,0.15375,123,9580
8,100,0.3,0.0,harm,hybrid,0.01,low_risk_q1,0.01,1.0,0,0.3650526702404022,0.003669047032750554,40,4060,0.15375,123,9580
8,100,0.3,0.0,harm,hybrid,0.01,low_risk_q1,0.01,1.0,0,0.37747982144355774,0.003669047032750554,40,4060,0.15375,123,9580
8,100,0.3,0.0,harm,hybrid,0.01,low_risk_q1,0.01,1.0,0,0.38990700244903564,0.003669047032750554,40,4060,0.15375,123,9580
8,100,0.3,0.0,harm,hybrid,0.01,low_risk_q1,0.01,1.0,0,0.40233415365219116,0.003669047032750554,40,4060,0.15375,123,9580
8,100,0.3,0.0,harm,hybrid,0.01,low_risk_q1,0.01,1.0,0,0.41476133465766907,0.003669047032750554,40,4060,0.15375,123,9580
8,100,0.3,0.0,harm,hybrid,0.01,low_risk_q1,0.01,1.0,0,0.427188515663147,0.00365673479438562,40,4060,0.15375,123,9580
8,100,0.3,0.0,harm,hybrid,0.01,low_risk_q1,0.01,1.0,0,0.4396156668663025,0.003619798079290815,40,4060,0.15375,123,9580
8,100,0.3,0.0,harm,hybrid,0.01,low_risk_q1,0.01,1.0,0,0.4520428478717804,0.00360748584092588,40,4060,0.15375,123,9580
8,100,0.3,0.0,harm,hybrid,0.01,low_risk_q1,0.01,1.0,0,0.4644699990749359,0.00360748584092588,40,4060,0.15375,123,9580
8,100,0.3,0.0,harm,hybrid,0.01,low_risk_q1,0.01,1.0,0,0.4768971800804138,0.0035705491258310757,40,4060,0.15125,123,9580
8,100,0.3,0.0,harm,hybrid,0.01,low_risk_q1,0.01,1.0,0,0.4893243610858917,0.0035705491258310757,40,4060,0.15125,123,9580
8,100,0.3,0.0,harm,hybrid,0.01,low_risk_q1,0.01,1.0,0,0.5017515420913696,0.0035459246491012066,40,4060,0.15,123,9580
8,100,0.3,0.0,harm,hybrid,0.01,low_risk_q1,0.01,1.0,0,0.5141786932945251,0.0035336124107362716,40,4060,0.15,123,9580
8,100,0.3,0.0,harm,hybrid,0.01,low_risk_q1,0.01,1.0,0,0.5266058444976807,0.0035089879340064025,40,4060,0.14875,123,9580
8,100,0.3,0.0,harm,hybrid,0.01,low_risk_q1,0.01,1.0,0,0.539033055305481,0.0034843634572765333,40,4060,0.14875,123,9580
8,100,0.3,0.0,harm,hybrid,0.01,low_risk_q1,0.01,1.0,0,0.5514602065086365,0.0034966756956414675,40,4060,0.14875,123,9580
8,100,0.3,0.0,harm,hybrid,0.01,low_risk_q1,0.01,1.0,0,0.563887357711792,0.0034720512189115984,40,4060,0.14875,123,9580
8,100,0.3,0.0,harm,hybrid,0.01,low_risk_q1,0.01,1.0,0,0.5763145685195923,0.0034228022654518592,40,4060,0.14875,123,9580
8,100,0.3,0.0,harm,hybrid,0.01,low_risk_q1,0.01,1.0,0,0.588741660118103,0.003410490027086925,40,4060,0.14875,123,9580
8,100,0.3,0.0,harm,hybrid,0.01,low_risk_q1,0.01,1.0,0,0.6011688709259033,0.003410490027086925,40,4060,0.14750000000000002,123,9580
8,100,0.3,0.0,harm,hybrid,0.01,low_risk_q1,0.01,1.0,0,0.6135960817337036,0.003361241073627185,40,4060,0.14875,123,9580
8,100,0.3,0.0,harm,hybrid,0.01,low_risk_q1,0.01,1.0,0,0.6260231733322144,0.003336616596897315,40,4060,0.14625,123,9580
8,100,0.3,0.0,harm,hybrid,0.01,low_risk_q1,0.01,1.0,0,0.6384503841400146,0.003324304358532381,40,4060,0.14625,123,9580
8,100,0.3,0.0,harm,hybrid,0.01,low_risk_q1,0.01,1.0,0,0.6508775949478149,0.003262743166707707,40,4060,0.145,123,9580
8,100,0.3,0.0,harm,hybrid,0.01,low_risk_q1,0.01,1.0,0,0.6633046865463257,0.003225806451612903,40,4060,0.145,123,9580
8,100,0.3,0.0,harm,hybrid,0.01,low_risk_q1,0.01,1.0,0,0.675731897354126,0.0032011819748830337,40,4060,0.145,123,9580
8,100,0.3,0.0,harm,hybrid,0.01,low_risk_q1,0.01,1.0,0,0.6881591081619263,0.0031396207830583596,40,4060,0.145,123,9580
8,100,0.3,0.0,harm,hybrid,0.01,low_risk_q1,0.01,1.0,0,0.700586199760437,0.0031273085446934246,40,4060,0.145,123,9580
8,100,0.3,0.0,harm,hybrid,0.01,low_risk_q1,0.01,1.0,0,0.7130134105682373,0.003065747352868752,40,4060,0.145,123,9580
8,100,0.3,0.0,harm,hybrid,0.01,low_risk_q1,0.01,1.0,0,0.725440502166748,0.003028810637773947,40,4060,0.145,123,9580
8,100,0.3,0.0,harm,hybrid,0.01,low_risk_q1,0.01,1.0,0,0.7378677129745483,0.003016498399409012,40,4060,0.145,123,9580
8,100,0.3,0.0,harm,hybrid,0.01,low_risk_q1,0.01,1.0,0,0.7502949237823486,0.003004186161044077,40,4060,0.145,123,9580
8,100,0.3,0.0,harm,hybrid,0.01,low_risk_q1,0.01,1.0,0,0.7627220153808594,0.002942624969219404,40,4060,0.145,123,9580
8,100,0.3,0.0,harm,hybrid,0.01,low_risk_q1,0.01,1.0,0,0.7751492261886597,0.002893376015759665,40,4060,0.145,123,9580
8,100,0.3,0.0,harm,hybrid,0.01,low_risk_q1,0.01,1.0,0,0.78757643699646,0.00288106377739473,40,4060,0.145,123,9580
8,100,0.3,0.0,harm,hybrid,0.01,low_risk_q1,0.01,1.0,0,0.8000035285949707,0.0028441270622999266,40,4060,0.145,123,9580
8,100,0.3,0.0,harm,hybrid,0.01,low_risk_q1,0.01,1.0,0,0.812430739402771,0.0027456291553804484,40,4060,0.145,123,9580
8,100,0.3,0.0,harm,hybrid,0.01,low_risk_q1,0.01,1.0,0,0.8248579502105713,0.002634819010096036,40,4060,0.145,123,9580
8,100,0.3,0.0,harm,hybrid,0.01,low_risk_q1,0.01,1.0,0,0.837285041809082,0.002536321103176558,40,4060,0.145,123,9580
8,100,0.3,0.0,harm,hybrid,0.01,low_risk_q1,0.01,1.0,0,0.8497122526168823,0.0024993843880817537,40,4060,0.145,123,9580
8,100,0.3,0.0,harm,hybrid,0.01,low_risk_q1,0.01,1.0,0,0.8621394634246826,0.0024747599113518837,40,4060,0.145,123,9580
8,100,0.3,0.0,harm,hybrid,0.01,low_risk_q1,0.01,1.0,0,0.8745665550231934,0.0024131987195272096,40,4060,0.145,123,9580
8,100,0.3,0.0,harm,hybrid,0.01,low_risk_q1,0.01,1.0,0,0.8869937658309937,0.0023393252893376014,40,4060,0.145,123,9580
8,100,0.3,0.0,harm,hybrid,0.01,low_risk_q1,0.01,1.0,0,0.899420976638794,0.0023023885742427972,40,4060,0.145,123,9580
8,100,0.3,0.0,harm,hybrid,0.01,low_risk_q1,0.01,1.0,0,0.9118480682373047,0.002203890667323319,40,4060,0.145,123,9580
8,100,0.3,0.0,harm,hybrid,0.01,low_risk_q1,0.01,1.0,0,0.924275279045105,0.002117704998768776,40,4060,0.145,123,9580
8,100,0.3,0.0,harm,hybrid,0.01,low_risk_q1,0.01,1.0,0,0.9367023706436157,0.0020315193302142326,40,4060,0.145,123,9580
8,100,0.3,0.0,harm,hybrid,0.01,low_risk_q1,0.01,1.0,0,0.949129581451416,0.001994582615119429,40,4060,0.145,123,9580
8,100,0.3,0.0,harm,hybrid,0.01,low_risk_q1,0.01,1.0,0,0.9615567922592163,0.0019207091849298198,40,4060,0.145,123,9580
8,100,0.3,0.0,harm,hybrid,0.01,low_risk_q1,0.01,1.0,0,0.973983883857727,0.0018468357547402117,40,4060,0.14250000000000002,123,9580
8,100,0.3,0.0,harm,hybrid,0.01,low_risk_q1,0.01,1.0,0,0.9864110946655273,0.0017237133710908644,40,4060,0.13999999999999999,123,9580
8,100,0.3,0.0,harm,hybrid,0.01,low_risk_q1,0.01,1.0,0,0.9988383054733276,0.0016129032258064518,40,4060,0.13,123,9580
8,100,0.3,0.0,harm,hybrid,0.01,low_risk_q1,0.01,1.0,0,1.0112653970718384,0.0015144053188869734,40,4060,0.12125,123,9580
8,100,0.3,0.0,harm,hybrid,0.01,low_risk_q1,0.01,1.0,0,1.0236926078796387,0.001354346220142822,40,4060,0.1075,123,9580
8,100,0.3,0.0,harm,hybrid,0.01,low_risk_q1,0.01,1.0,0,1.036119818687439,0.0011819748830337355,40,4060,0.09125,123,9580
8,100,0.3,0.0,harm,hybrid,0.01,low_risk_q1,0.01,1.0,0,1.0485469102859497,0.0010219157842895838,40,4060,0.07749999999999999,123,9580
8,100,0.3,0.0,harm,hybrid,0.01,low_risk_q1,0.01,1.0,0,1.06097412109375,0.0008741689239103669,40,4060,0.0625,123,9580
8,100,0.3,0.0,harm,hybrid,0.01,low_risk_q1,0.01,1.0,0,1.0734013319015503,0.0007510465402610194,40,4060,0.05125,123,9580
8,100,0.3,0.0,harm,hybrid,0.01,low_risk_q1,0.01,1.0,0,1.0858285427093506,0.0006156119182467373,40,4060,0.0375,123,9580
8,100,0.3,0.0,harm,hybrid,0.01,low_risk_q1,0.01,1.0,0,1.0982556343078613,0.0005171140113272593,40,4060,0.027500000000000004,123,9580
8,100,0.3,0.0,harm,hybrid,0.01,low_risk_q1,0.01,1.0,0,1.1106828451156616,0.0004309283427727161,40,4060,0.01875,123,9580
8,100,0.3,0.0,harm,hybrid,0.01,low_risk_q1,0.01,1.0,0,1.1231099367141724,0.00036936715094804237,40,4060,0.0125,123,9580
8,100,0.3,0.0,harm,hybrid,0.01,low_risk_q1,0.01,1.0,0,1.1355371475219727,0.00033243043585323814,40,4060,0.00875,123,9580
8,100,0.3,0.0,harm,hybrid,0.01,low_risk_q1,0.01,1.0,0,1.147964358329773,0.00030780595912336864,40,4060,0.00625,123,9580
8,100,0.3,0.0,harm,hybrid,0.01,low_risk_q1,0.01,1.0,0,1.1603914499282837,0.00028318148239349914,40,4060,0.0037500000000000007,123,9580
8,100,0.3,0.0,harm,hybrid,0.01,low_risk_q1,0.01,1.0,0,1.172818660736084,0.00028318148239349914,40,4060,0.0037500000000000007,123,9580
8,100,0.3,0.0,harm,hybrid,0.01,low_risk_q1,0.01,1.0,0,1.1852458715438843,0.00025855700566362964,40,4060,0.00125,123,9580
8,100,0.3,0.0,harm,hybrid,0.01,low_risk_q1,0.01,1.0,0,1.197672963142395,0.00025855700566362964,40,4060,0.00125,123,9580
8,100,0.3,0.0,harm,hybrid,0.01,low_risk_q1,0.01,1.0,0,1.2101001739501953,0.0002462447672986949,40,4060,0.0,123,9580
8,100,0.3,0.0,harm,hybrid,0.01,low_risk_q1,0.01,1.0,0,1.2225273847579956,0.0002462447672986949,40,4060,0.0,123,9580
8,100,0.3,0.0,harm,hybrid,0.01,low_risk_q1,0.01,1.0,0,1.2349544763565063,0.0002462447672986949,40,4060,0.0,123,9580
8,100,0.3,0.0,harm,hybrid,0.01,low_risk_q1,0.01,1.0,0,1.2473816871643066,0.0002462447672986949,40,4060,0.0,123,9580
8,100,0.3,0.0,harm,hybrid,0.01,low_risk_q1,0.01,1.0,0,1.259808897972107,0.0002462447672986949,40,4060,0.0,123,9580
8,100,0.3,0.0,harm,hybrid,0.01,low_risk_q1,0.01,1.0,0,1.2722359895706177,0.0002462447672986949,40,4060,0.0,123,9580
8,100,0.3,0.0,harm,hybrid,0.01,low_risk_q1,0.01,1.0,0,1.284663200378418,0.0002462447672986949,40,4060,0.0,123,9580
8,100,0.3,0.0,harm,hybrid,0.01,low_risk_q1,0.01,1.0,0,1.2970904111862183,0.0002462447672986949,40,4060,0.0,123,9580
8,100,0.3,0.0,harm,hybrid,0.01,low_risk_q1,0.01,1.0,0,1.309517502784729,0.0002462447672986949,40,4060,0.0,123,9580
9,100,0.3,0.0,harm,hybrid,0.01,low_risk_q1,0.01,1.0,0,0.0,0.003908554572271387,40,4067,0.15499999999999997,124,10307
9,100,0.3,0.0,harm,hybrid,0.01,low_risk_q1,0.01,1.0,0,0.013008207082748413,0.003908554572271387,40,4067,0.15499999999999997,124,10307
9,100,0.3,0.0,harm,hybrid,0.01,low_risk_q1,0.01,1.0,0,0.026016414165496826,0.003908554572271387,40,4067,0.15499999999999997,124,10307
9,100,0.3,0.0,harm,hybrid,0.01,low_risk_q1,0.01,1.0,0,0.03902462124824524,0.003908554572271387,40,4067,0.15499999999999997,124,10307
9,100,0.3,0.0,harm,hybrid,0.01,low_risk_q1,0.01,1.0,0,0.05203282833099365,0.003908554572271387,40,4067,0.15499999999999997,124,10307
9,100,0.3,0.0,harm,hybrid,0.01,low_risk_q1,0.01,1.0,0,0.06504103541374207,0.003908554572271387,40,4067,0.15499999999999997,124,10307
9,100,0.3,0.0,harm,hybrid,0.01,low_risk_q1,0.01,1.0,0,0.07804924249649048,0.003908554572271387,40,4067,0.15499999999999997,124,10307
9,100,0.3,0.0,harm,hybrid,0.01,low_risk_q1,0.01,1.0,0,0.09105744957923889,0.003908554572271387,40,4067,0.15499999999999997,124,10307
9,100,0.3,0.0,harm,hybrid,0.01,low_risk_q1,0.01,1.0,0,0.1040656566619873,0.003908554572271387,40,4067,0.15499999999999997,124,10307
9,100,0.3,0.0,harm,hybrid,0.01,low_risk_q1,0.01,1.0,0,0.11707386374473572,0.003908554572271387,40,4067,0.15499999999999997,124,10307
9,100,0.3,0.0,harm,hybrid,0.01,low_risk_q1,0.01,1.0,0,0.13008207082748413,0.003908554572271387,40,4067,0.15499999999999997,124,10307
9,100,0.3,0.0,harm,hybrid,0.01,low_risk_q1,0.01,1.0,0,0.14309027791023254,0.003908554572271387,40,4067,0.15499999999999997,124,10307
9,100,0.3,0.0,harm,hybrid,0.01,low_risk_q1,0.01,1.0,0,0.15609848499298096,0.003908554572271387,40,4067,0.15499999999999997,124,10307
9,100,0.3,0.0,harm,hybrid,0.01,low_risk_q1,0.01,1.0,0,0.16910669207572937,0.003908554572271387,40,4067,0.15499999999999997,124,10307
9,100,0.3,0.0,harm,hybrid,0.01,low_risk_q1,0.01,1.0,0,0.18211489915847778,0.003908554572271387,40,4067,0.15499999999999997,124,10307
9,100,0.3,0.0,harm,hybrid,0.01,low_risk_q1,0.01,1.0,0,0.1951231062412262,0.003908554572271387,40,4067,0.15499999999999997,124,10307
9,100,0.3,0.0,harm,hybrid,0.01,low_risk_q1,0.01,1.0,0,0.2081313133239746,0.003908554572271387,40,4067,0.15499999999999997,124,10307
9,100,0.3,0.0,harm,hybrid,0.01,low_risk_q1,0.01,1.0,0,0.22113952040672302,0.003908554572271387,40,4067,0.15499999999999997,124,10307
9,100,0.3,0.0,harm,hybrid,0.01,low_risk_q1,0.01,1.0,0,0.23414772748947144,0.003908554572271387,40,4067,0.15499999999999997,124,10307
9,100,0.3,0.0,harm,hybrid,0.01,low_risk_q1,0.01,1.0,0,0.24715593457221985,0.003908554572271387,40,4067,0.15499999999999997,124,10307
9,100,0.3,0.0,harm,hybrid,0.01,low_risk_q1,0.01,1.0,0,0.26016414165496826,0.003908554572271387,40,4067,0.15499999999999997,124,10307
9,100,0.3,0.0,harm,hybrid,0.01,low_risk_q1,0.01,1.0,0,0.2731723487377167,0.003908554572271387,40,4067,0.15499999999999997,124,10307
9,100,0.3,0.0,harm,hybrid,0.01,low_risk_q1,0.01,1.0,0,0.2861805558204651,0.003908554572271387,40,4067,0.15499999999999997,124,10307
9,100,0.3,0.0,harm,hybrid,0.01,low_risk_q1,0.01,1.0,0,0.2991887629032135,0.003908554572271387,40,4067,0.15499999999999997,124,10307
9,100,0.3,0.0,harm,hybrid,0.01,low_risk_q1,0.01,1.0,0,0.3121969699859619,0.0038962635201573257,40,4067,0.15499999999999997,124,10307
9,100,0.3,0.0,harm,hybrid,0.01,low_risk_q1,0.01,1.0,0,0.3252051770687103,0.0038962635201573257,40,4067,0.15499999999999997,124,10307
9,100,0.3,0.0,harm,hybrid,0.01,low_risk_q1,0.01,1.0,0,0.33821338415145874,0.0038962635201573257,40,4067,0.15499999999999997,124,10307
9,100,0.3,0.0,harm,hybrid,0.01,low_risk_q1,0.01,1.0,0,0.35122159123420715,0.0038962635201573257,40,4067,0.15499999999999997,124,10307
9,100,0.3,0.0,harm,hybrid,0.01,low_risk_q1,0.01,1.0,0,0.36422979831695557,0.0038962635201573257,40,4067,0.15499999999999997,124,10307
9,100,0.3,0.0,harm,hybrid,0.01,low_risk_q1,0.01,1.0,0,0.377238005399704,0.0038962635201573257,40,4067,0.15499999999999997,124,10307
9,100,0.3,0.0,harm,hybrid,0.01,low_risk_q1,0.01,1.0,0,0.3902462124824524,0.0038839724680432646,40,4067,0.15499999999999997,124,10307
9,100,0.3,0.0,harm,hybrid,0.01,low_risk_q1,0.01,1.0,0,0.4032544195652008,0.003859390363815143,40,4067,0.15499999999999997,124,10307
9,100,0.3,0.0,harm,hybrid,0.01,low_risk_q1,0.01,1.0,0,0.4162626266479492,0.003859390363815143,40,4067,0.15499999999999997,124,10307
9,100,0.3,0.0,harm,hybrid,0.01,low_risk_q1,0.01,1.0,0,0.42927083373069763,0.003847099311701082,40,4067,0.15499999999999997,124,10307
9,100,0.3,0.0,harm,hybrid,0.01,low_risk_q1,0.01,1.0,0,0.44227904081344604,0.0038225172074729604,40,4067,0.15499999999999997,124,10307
9,100,0.3,0.0,harm,hybrid,0.01,low_risk_q1,0.01,1.0,0,0.45528724789619446,0.0037733529990167164,40,4067,0.15499999999999997,124,10307
9,100,0.3,0.0,harm,hybrid,0.01,low_risk_q1,0.01,1.0,0,0.46829545497894287,0.0037610619469026552,40,4067,0.15499999999999997,124,10307
9,100,0.3,0.0,harm,hybrid,0.01,low_risk_q1,0.01,1.0,0,0.4813036620616913,0.0037487708947885937,40,4067,0.15499999999999997,124,10307
9,100,0.3,0.0,harm,hybrid,0.01,low_risk_q1,0.01,1.0,0,0.4943118691444397,0.0036996066863323497,40,4067,0.15499999999999997,124,10307
9,100,0.3,0.0,harm,hybrid,0.01,low_risk_q1,0.01,1.0,0,0.5073200464248657,0.0036627335299901673,40,4067,0.15499999999999997,124,10307
9,100,0.3,0.0,harm,hybrid,0.01,low_risk_q1,0.01,1.0,0,0.5203282833099365,0.003638151425762045,40,4067,0.15499999999999997,124,10307
9,100,0.3,0.0,harm,hybrid,0.01,low_risk_q1,0.01,1.0,0,0.5333365201950073,0.0036258603736479844,40,4067,0.15499999999999997,124,10307
9,100,0.3,0.0,harm,hybrid,0.01,low_risk_q1,0.01,1.0,0,0.5463446974754333,0.0036258603736479844,40,4067,0.15499999999999997,124,10307
9,100,0.3,0.0,harm,hybrid,0.01,low_risk_q1,0.01,1.0,0,0.5593528747558594,0.0035644051130776793,40,4067,0.15499999999999997,124,10307
9,100,0.3,0.0,harm,hybrid,0.01,low_risk_q1,0.01,1.0,0,0.5723611116409302,0.0035644051130776793,40,4067,0.15499999999999997,124,10307
9,100,0.3,0.0,harm,hybrid,0.01,low_risk_q1,0.01,1.0,0,0.585369348526001,0.003539823008849558,40,4067,0.15499999999999997,124,10307
9,100,0.3,0.0,harm,hybrid,0.01,low_risk_q1,0.01,1.0,0,0.598377525806427,0.003527531956735497,40,4067,0.15375,124,10307
9,100,0.3,0.0,harm,hybrid,0.01,low_risk_q1,0.01,1.0,0,0.611385703086853,0.0035029498525073746,40,4067,0.15375,124,10307
9,100,0.3,0.0,harm,hybrid,0.01,low_risk_q1,0.01,1.0,0,0.6243939399719238,0.0035152409046214357,40,4067,0.15499999999999997,124,10307
9,100,0.3,0.0,harm,hybrid,0.01,low_risk_q1,0.01,1.0,0,0.6374021768569946,0.003466076696165192,40,4067,0.1525,124,10307
9,100,0.3,0.0,harm,hybrid,0.01,low_risk_q1,0.01,1.0,0,0.6504103541374207,0.003453785644051131,40,4067,0.1525,124,10307
9,100,0.3,0.0,harm,hybrid,0.01,low_risk_q1,0.01,1.0,0,0.6634185314178467,0.0034046214355948875,40,4067,0.1525,124,10307
9,100,0.3,0.0,harm,hybrid,0.01,low_risk_q1,0.01,1.0,0,0.6764267683029175,0.00331858407079646,40,4067,0.1525,124,10307
9,100,0.3,0.0,harm,hybrid,0.01,low_risk_q1,0.01,1.0,0,0.6894350051879883,0.0032940019665683388,40,4067,0.1525,124,10307
9,100,0.3,0.0,harm,hybrid,0.01,low_risk_q1,0.01,1.0,0,0.7024431824684143,0.0032817109144542772,40,4067,0.1525,124,10307
9,100,0.3,0.0,harm,hybrid,0.01,low_risk_q1,0.01,1.0,0,0.7154513597488403,0.0032571288102261555,40,4067,0.1525,124,10307
9,100,0.3,0.0,harm,hybrid,0.01,low_risk_q1,0.01,1.0,0,0.7284595966339111,0.0032202556538839726,40,4067,0.1525,124,10307
9,100,0.3,0.0,harm,hybrid,0.01,low_risk_q1,0.01,1.0,0,0.7414678335189819,0.003158800393313668,40,4067,0.1525,124,10307
9,100,0.3,0.0,harm,hybrid,0.01,low_risk_q1,0.01,1.0,0,0.754476010799408,0.003158800393313668,40,4067,0.1525,124,10307
9,100,0.3,0.0,harm,hybrid,0.01,low_risk_q1,0.01,1.0,0,0.767484188079834,0.003085054080629302,40,4067,0.1525,124,10307
9,100,0.3,0.0,harm,hybrid,0.01,low_risk_q1,0.01,1.0,0,0.7804924249649048,0.0030604719764011795,40,4067,0.1525,124,10307
9,100,0.3,0.0,harm,hybrid,0.01,low_risk_q1,0.01,1.0,0,0.7935006618499756,0.003023598820058997,40,4067,0.1525,124,10307
9,100,0.3,0.0,harm,hybrid,0.01,low_risk_q1,0.01,1.0,0,0.8065088391304016,0.0029498525073746312,40,4067,0.1525,124,10307
9,100,0.3,0.0,harm,hybrid,0.01,low_risk_q1,0.01,1.0,0,0.8195170164108276,0.0029006882989183872,40,4067,0.1525,124,10307
9,100,0.3,0.0,harm,hybrid,0.01,low_risk_q1,0.01,1.0,0,0.8325252532958984,0.0028392330383480826,40,4067,0.1525,124,10307
9,100,0.3,0.0,harm,hybrid,0.01,low_risk_q1,0.01,1.0,0,0.8455334901809692,0.002753195673549656,40,4067,0.1525,124,10307
9,100,0.3,0.0,harm,hybrid,0.01,low_risk_q1,0.01,1.0,0,0.8585416674613953,0.0026794493608652903,40,4067,0.1525,124,10307
9,100,0.3,0.0,harm,hybrid,0.01,low_risk_q1,0.01,1.0,0,0.8715498447418213,0.0026179941002949848,40,4067,0.1525,124,10307
9,100,0.3,0.0,harm,hybrid,0.01,low_risk_q1,0.01,1.0,0,0.8845580816268921,0.0025196656833824977,40,4067,0.1525,124,10307
9,100,0.3,0.0,harm,hybrid,0.01,low_risk_q1,0.01,1.0,0,0.8975663185119629,0.0024336283185840708,40,4067,0.1525,124,10307
9,100,0.3,0.0,harm,hybrid,0.01,low_risk_q1,0.01,1.0,0,0.9105744957923889,0.0023230088495575217,40,4067,0.1525,124,10307
9,100,0.3,0.0,harm,hybrid,0.01,low_risk_q1,0.01,1.0,0,0.9235826730728149,0.002273844641101278,40,4067,0.1525,124,10307
9,100,0.3,0.0,harm,hybrid,0.01,low_risk_q1,0.01,1.0,0,0.9365909099578857,0.0022123893805309734,40,4067,0.1525,124,10307
9,100,0.3,0.0,harm,hybrid,0.01,low_risk_q1,0.01,1.0,0,0.9495991468429565,0.0021632251720747294,40,4067,0.1525,124,10307
9,100,0.3,0.0,harm,hybrid,0.01,low_risk_q1,0.01,1.0,0,0.9626073241233826,0.002064896755162242,40,4067,0.15125,124,10307
9,100,0.3,0.0,harm,hybrid,0.01,low_risk_q1,0.01,1.0,0,0.9756155014038086,0.0019419862340216323,40,4067,0.14750000000000002,124,10307
9,100,0.3,0.0,harm,hybrid,0.01,low_risk_q1,0.01,1.0,0,0.9886237382888794,0.0018805309734513276,40,4067,0.14375,124,10307
9,100,0.3,0.0,harm,hybrid,0.01,low_risk_q1,0.01,1.0,0,1.0016319751739502,0.0017576204523107178,40,4067,0.13624999999999998,124,10307
9,100,0.3,0.0,harm,hybrid,0.01,low_risk_q1,0.01,1.0,0,1.0146400928497314,0.0015609636184857425,40,4067,0.12250000000000001,124,10307
9,100,0.3,0.0,harm,hybrid,0.01,low_risk_q1,0.01,1.0,0,1.0276483297348022,0.0013397246804326452,40,4067,0.1025,124,10307
9,100,0.3,0.0,harm,hybrid,0.01,low_risk_q1,0.01,1.0,0,1.040656566619873,0.0010693215339233038,40,4067,0.07625,124,10307
9,100,0.3,0.0,harm,hybrid,0.01,low_risk_q1,0.01,1.0,0,1.0536648035049438,0.0009341199606686331,40,4067,0.0625,124,10307
9,100,0.3,0.0,harm,hybrid,0.01,low_risk_q1,0.01,1.0,0,1.0666730403900146,0.0007866273352999018,40,4067,0.05,124,10307
9,100,0.3,0.0,harm,hybrid,0.01,low_risk_q1,0.01,1.0,0,1.079681158065796,0.0005408062930186825,40,4067,0.026250000000000002,124,10307
9,100,0.3,0.0,harm,hybrid,0.01,low_risk_q1,0.01,1.0,0,1.0926893949508667,0.00043018682399213374,40,4067,0.01625,124,10307
9,100,0.3,0.0,harm,hybrid,0.01,low_risk_q1,0.01,1.0,0,1.1056976318359375,0.0003687315634218289,40,4067,0.01125,124,10307
9,100,0.3,0.0,harm,hybrid,0.01,low_risk_q1,0.01,1.0,0,1.1187057495117188,0.00031956735496558507,40,4067,0.00625,124,10307
9,100,0.3,0.0,harm,hybrid,0.01,low_risk_q1,0.01,1.0,0,1.1317139863967896,0.0002949852507374631,40,4067,0.0037500000000000007,124,10307
9,100,0.3,0.0,harm,hybrid,0.01,low_risk_q1,0.01,1.0,0,1.1447222232818604,0.0002826941986234022,40,4067,0.0025,124,10307
9,100,0.3,0.0,harm,hybrid,0.01,low_risk_q1,0.01,1.0,0,1.1577304601669312,0.00027040314650934123,40,4067,0.00125,124,10307
9,100,0.3,0.0,harm,hybrid,0.01,low_risk_q1,0.01,1.0,0,1.170738697052002,0.00025811209439528023,40,4067,0.0,124,10307
9,100,0.3,0.0,harm,hybrid,0.01,low_risk_q1,0.01,1.0,0,1.1837468147277832,0.00025811209439528023,40,4067,0.0,124,10307
9,100,0.3,0.0,harm,hybrid,0.01,low_risk_q1,0.01,1.0,0,1.196755051612854,0.00025811209439528023,40,4067,0.0,124,10307
9,100,0.3,0.0,harm,hybrid,0.01,low_risk_q1,0.01,1.0,0,1.2097632884979248,0.0002458210422812193,40,4067,0.0,124,10307
9,100,0.3,0.0,harm,hybrid,0.01,low_risk_q1,0.01,1.0,0,1.222771406173706,0.0002458210422812193,40,4067,0.0,124,10307
9,100,0.3,0.0,harm,hybrid,0.01,low_risk_q1,0.01,1.0,0,1.2357796430587769,0.0002458210422812193,40,4067,0.0,124,10307
9,100,0.3,0.0,harm,hybrid,0.01,low_risk_q1,0.01,1.0,0,1.2487878799438477,0.0002458210422812193,40,4067,0.0,124,10307
9,100,0.3,0.0,harm,hybrid,0.01,low_risk_q1,0.01,1.0,0,1.2617961168289185,0.0002458210422812193,40,4067,0.0,124,10307
9,100,0.3,0.0,harm,hybrid,0.01,low_risk_q1,0.01,1.0,0,1.2748043537139893,0.0002458210422812193,40,4067,0.0,124,10307
9,100,0.3,0.0,harm,hybrid,0.01,low_risk_q1,0.01,1.0,0,1.2878124713897705,0.0002458210422812193,40,4067,0.0,124,10307
