run_id,epoch,base_harm,beta,score_type,conformal_method,Collective,Report Strategy,Report Fraction,likes_softmax_temperature,topk_n,gamma,calib_risk_adjusted,num_adv_users,calib_set_size,avg_harm_adv_raw,total_flagged_items,total_items_seen_by_adv_users
0,100,0.3,0.0,harm,hybrid,0.001,top_ranker_q1,0.1,1.0,0,0.11756947636604309,0.0024938271604938275,4,4049,0.1,99,968
0,100,0.3,0.0,harm,hybrid,0.001,top_ranker_q1,0.1,1.0,0,0.12999893724918365,0.0024938271604938275,4,4049,0.1,99,968
0,100,0.3,0.0,harm,hybrid,0.001,top_ranker_q1,0.1,1.0,0,0.14242839813232422,0.0024938271604938275,4,4049,0.1,99,968
0,100,0.3,0.0,harm,hybrid,0.001,top_ranker_q1,0.1,1.0,0,0.1548578441143036,0.0024938271604938275,4,4049,0.1,99,968
0,100,0.3,0.0,harm,hybrid,0.001,top_ranker_q1,0.1,1.0,0,0.16728731989860535,0.0024938271604938275,4,4049,0.1,99,968
0,100,0.3,0.0,harm,hybrid,0.001,top_ranker_q1,0.1,1.0,0,0.17971676588058472,0.0024938271604938275,4,4049,0.1,99,968
0,100,0.3,0.0,harm,hybrid,0.001,top_ranker_q1,0.1,1.0,0,0.19214622676372528,0.0024938271604938275,4,4049,0.1,99,968
0,100,0.3,0.0,harm,hybrid,0.001,top_ranker_q1,0.1,1.0,0,0.20457568764686584,0.0024938271604938275,4,4049,0.1,99,968
0,100,0.3,0.0,harm,hybrid,0.001,top_ranker_q1,0.1,1.0,0,0.2170051485300064,0.0024938271604938275,4,4049,0.1,99,968
0,100,0.3,0.0,harm,hybrid,0.001,top_ranker_q1,0.1,1.0,0,0.22943460941314697,0.0024938271604938275,4,4049,0.1,99,968
0,100,0.3,0.0,harm,hybrid,0.001,top_ranker_q1,0.1,1.0,0,0.24186407029628754,0.0024938271604938275,4,4049,0.1,99,968
0,100,0.3,0.0,harm,hybrid,0.001,top_ranker_q1,0.1,1.0,0,0.2542935311794281,0.002481481481481482,4,4049,0.1,99,968
0,100,0.3,0.0,harm,hybrid,0.001,top_ranker_q1,0.1,1.0,0,0.26672297716140747,0.002481481481481482,4,4049,0.1,99,968
0,100,0.3,0.0,harm,hybrid,0.001,top_ranker_q1,0.1,1.0,0,0.27915245294570923,0.002481481481481482,4,4049,0.1,99,968
0,100,0.3,0.0,harm,hybrid,0.001,top_ranker_q1,0.1,1.0,0,0.2915818989276886,0.002481481481481482,4,4049,0.1,99,968
0,100,0.3,0.0,harm,hybrid,0.001,top_ranker_q1,0.1,1.0,0,0.30401134490966797,0.0024691358024691358,4,4049,0.1,99,968
0,100,0.3,0.0,harm,hybrid,0.001,top_ranker_q1,0.1,1.0,0,0.3164408206939697,0.0024691358024691358,4,4049,0.1,99,968
0,100,0.3,0.0,harm,hybrid,0.001,top_ranker_q1,0.1,1.0,0,0.3288702964782715,0.0024691358024691358,4,4049,0.1,99,968
0,100,0.3,0.0,harm,hybrid,0.001,top_ranker_q1,0.1,1.0,0,0.34129974246025085,0.0024691358024691358,4,4049,0.1,99,968
0,100,0.3,0.0,harm,hybrid,0.001,top_ranker_q1,0.1,1.0,0,0.3537291884422302,0.0024691358024691358,4,4049,0.1,99,968
0,100,0.3,0.0,harm,hybrid,0.001,top_ranker_q1,0.1,1.0,0,0.366158664226532,0.00245679012345679,4,4049,0.1,99,968
0,100,0.3,0.0,harm,hybrid,0.001,top_ranker_q1,0.1,1.0,0,0.37858811020851135,0.00245679012345679,4,4049,0.1,99,968
0,100,0.3,0.0,harm,hybrid,0.001,top_ranker_q1,0.1,1.0,0,0.3910175859928131,0.00245679012345679,4,4049,0.1,99,968
0,100,0.3,0.0,harm,hybrid,0.001,top_ranker_q1,0.1,1.0,0,0.4034470319747925,0.00245679012345679,4,4049,0.1,99,968
0,100,0.3,0.0,harm,hybrid,0.001,top_ranker_q1,0.1,1.0,0,0.41587647795677185,0.00245679012345679,4,4049,0.1,99,968
0,100,0.3,0.0,harm,hybrid,0.001,top_ranker_q1,0.1,1.0,0,0.4283059537410736,0.002432098765432099,4,4049,0.0875,99,968
0,100,0.3,0.0,harm,hybrid,0.001,top_ranker_q1,0.1,1.0,0,0.440735399723053,0.002432098765432099,4,4049,0.0875,99,968
0,100,0.3,0.0,harm,hybrid,0.001,top_ranker_q1,0.1,1.0,0,0.45316487550735474,0.0023950617283950613,4,4049,0.075,99,968
0,100,0.3,0.0,harm,hybrid,0.001,top_ranker_q1,0.1,1.0,0,0.4655943214893341,0.0023950617283950613,4,4049,0.075,99,968
0,100,0.3,0.0,harm,hybrid,0.001,top_ranker_q1,0.1,1.0,0,0.47802379727363586,0.0023950617283950613,4,4049,0.075,99,968
0,100,0.3,0.0,harm,hybrid,0.001,top_ranker_q1,0.1,1.0,0,0.49045324325561523,0.0023456790123456794,4,4049,0.075,99,968
0,100,0.3,0.0,harm,hybrid,0.001,top_ranker_q1,0.1,1.0,0,0.502882719039917,0.002333333333333334,4,4049,0.075,99,968
0,100,0.3,0.0,harm,hybrid,0.001,top_ranker_q1,0.1,1.0,0,0.5153121948242188,0.002283950617283951,4,4049,0.0625,99,968
0,100,0.3,0.0,harm,hybrid,0.001,top_ranker_q1,0.1,1.0,0,0.5277416110038757,0.002271604938271605,4,4049,0.0625,99,968
0,100,0.3,0.0,harm,hybrid,0.001,top_ranker_q1,0.1,1.0,0,0.5401710867881775,0.0022469135802469136,4,4049,0.05,99,968
0,100,0.3,0.0,harm,hybrid,0.001,top_ranker_q1,0.1,1.0,0,0.5526005029678345,0.002234567901234568,4,4049,0.037500000000000006,99,968
0,100,0.3,0.0,harm,hybrid,0.001,top_ranker_q1,0.1,1.0,0,0.5650299787521362,0.002197530864197531,4,4049,0.037500000000000006,99,968
0,100,0.3,0.0,harm,hybrid,0.001,top_ranker_q1,0.1,1.0,0,0.577459454536438,0.002160493827160494,4,4049,0.037500000000000006,99,968
0,100,0.3,0.0,harm,hybrid,0.001,top_ranker_q1,0.1,1.0,0,0.5898889303207397,0.002148148148148148,4,4049,0.037500000000000006,99,968
0,100,0.3,0.0,harm,hybrid,0.001,top_ranker_q1,0.1,1.0,0,0.6023184061050415,0.0021111111111111113,4,4049,0.037500000000000006,99,968
0,100,0.3,0.0,harm,hybrid,0.001,top_ranker_q1,0.1,1.0,0,0.6147478818893433,0.0020987654320987655,4,4049,0.037500000000000006,99,968
0,100,0.3,0.0,harm,hybrid,0.001,top_ranker_q1,0.1,1.0,0,0.6271772384643555,0.0020864197530864196,4,4049,0.037500000000000006,99,968
0,100,0.3,0.0,harm,hybrid,0.001,top_ranker_q1,0.1,1.0,0,0.6396067142486572,0.0020493827160493827,4,4049,0.037500000000000006,99,968
0,100,0.3,0.0,harm,hybrid,0.001,top_ranker_q1,0.1,1.0,0,0.652036190032959,0.002037037037037037,4,4049,0.037500000000000006,99,968
0,100,0.3,0.0,harm,hybrid,0.001,top_ranker_q1,0.1,1.0,0,0.6644656658172607,0.0019876543209876546,4,4049,0.037500000000000006,99,968
0,100,0.3,0.0,harm,hybrid,0.001,top_ranker_q1,0.1,1.0,0,0.6768951416015625,0.001987654320987654,4,4049,0.037500000000000006,99,968
0,100,0.3,0.0,harm,hybrid,0.001,top_ranker_q1,0.1,1.0,0,0.6893246173858643,0.0019506172839506171,4,4049,0.037500000000000006,99,968
0,100,0.3,0.0,harm,hybrid,0.001,top_ranker_q1,0.1,1.0,0,0.701754093170166,0.0019012345679012346,4,4049,0.037500000000000006,99,968
0,100,0.3,0.0,harm,hybrid,0.001,top_ranker_q1,0.1,1.0,0,0.7141834497451782,0.001888888888888889,4,4049,0.037500000000000006,99,968
0,100,0.3,0.0,harm,hybrid,0.001,top_ranker_q1,0.1,1.0,0,0.72661292552948,0.0018765432098765433,4,4049,0.037500000000000006,99,968
0,100,0.3,0.0,harm,hybrid,0.001,top_ranker_q1,0.1,1.0,0,0.7390424013137817,0.0018641975308641974,4,4049,0.037500000000000006,99,968
0,100,0.3,0.0,harm,hybrid,0.001,top_ranker_q1,0.1,1.0,0,0.7514718770980835,0.001851851851851852,4,4049,0.037500000000000006,99,968
0,100,0.3,0.0,harm,hybrid,0.001,top_ranker_q1,0.1,1.0,0,0.7639013528823853,0.0018271604938271604,4,4049,0.037500000000000006,99,968
0,100,0.3,0.0,harm,hybrid,0.001,top_ranker_q1,0.1,1.0,0,0.776330828666687,0.001802469135802469,4,4049,0.037500000000000006,99,968
0,100,0.3,0.0,harm,hybrid,0.001,top_ranker_q1,0.1,1.0,0,0.7887603044509888,0.0017654320987654322,4,4049,0.037500000000000006,99,968
0,100,0.3,0.0,harm,hybrid,0.001,top_ranker_q1,0.1,1.0,0,0.8011897802352905,0.0017530864197530863,4,4049,0.037500000000000006,99,968
0,100,0.3,0.0,harm,hybrid,0.001,top_ranker_q1,0.1,1.0,0,0.8136191368103027,0.0017160493827160495,4,4049,0.037500000000000006,99,968
0,100,0.3,0.0,harm,hybrid,0.001,top_ranker_q1,0.1,1.0,0,0.8260486125946045,0.0016172839506172839,4,4049,0.037500000000000006,99,968
0,100,0.3,0.0,harm,hybrid,0.001,top_ranker_q1,0.1,1.0,0,0.8384780883789062,0.0015308641975308643,4,4049,0.037500000000000006,99,968
0,100,0.3,0.0,harm,hybrid,0.001,top_ranker_q1,0.1,1.0,0,0.850907564163208,0.0014814814814814816,4,4049,0.037500000000000006,99,968
0,100,0.3,0.0,harm,hybrid,0.001,top_ranker_q1,0.1,1.0,0,0.8633370399475098,0.0013950617283950617,4,4049,0.037500000000000006,99,968
0,100,0.3,0.0,harm,hybrid,0.001,top_ranker_q1,0.1,1.0,0,0.8757665157318115,0.0013456790123456787,4,4049,0.037500000000000006,99,968
0,100,0.3,0.0,harm,hybrid,0.001,top_ranker_q1,0.1,1.0,0,0.8881959915161133,0.0012839506172839506,4,4049,0.037500000000000006,99,968
0,100,0.3,0.0,harm,hybrid,0.001,top_ranker_q1,0.1,1.0,0,0.9006253480911255,0.0011975308641975308,4,4049,0.037500000000000006,99,968
0,100,0.3,0.0,harm,hybrid,0.001,top_ranker_q1,0.1,1.0,0,0.9130548238754272,0.0010617283950617286,4,4049,0.037500000000000006,99,968
0,100,0.3,0.0,harm,hybrid,0.001,top_ranker_q1,0.1,1.0,0,0.925484299659729,0.0009506172839506173,4,4049,0.037500000000000006,99,968
0,100,0.3,0.0,harm,hybrid,0.001,top_ranker_q1,0.1,1.0,0,0.9379137754440308,0.0009012345679012348,4,4049,0.037500000000000006,99,968
0,100,0.3,0.0,harm,hybrid,0.001,top_ranker_q1,0.1,1.0,0,0.9503432512283325,0.0008641975308641976,4,4049,0.037500000000000006,99,968
0,100,0.3,0.0,harm,hybrid,0.001,top_ranker_q1,0.1,1.0,0,0.9627727270126343,0.0007777777777777778,4,4049,0.037500000000000006,99,968
0,100,0.3,0.0,harm,hybrid,0.001,top_ranker_q1,0.1,1.0,0,0.975202202796936,0.0007283950617283951,4,4049,0.025,99,968
0,100,0.3,0.0,harm,hybrid,0.001,top_ranker_q1,0.1,1.0,0,0.9876315593719482,0.0006666666666666668,4,4049,0.025,99,968
0,100,0.3,0.0,harm,hybrid,0.001,top_ranker_q1,0.1,1.0,0,1.00006103515625,0.00054320987654321,4,4049,0.0125,99,968
0,100,0.3,0.0,harm,hybrid,0.001,top_ranker_q1,0.1,1.0,0,1.0124905109405518,0.00045679012345679014,4,4049,0.0,99,968
0,100,0.3,0.0,harm,hybrid,0.001,top_ranker_q1,0.1,1.0,0,1.0249199867248535,0.0004320987654320988,4,4049,0.0,99,968
0,100,0.3,0.0,harm,hybrid,0.001,top_ranker_q1,0.1,1.0,0,1.0373494625091553,0.00039506172839506176,4,4049,0.0,99,968
0,100,0.3,0.0,harm,hybrid,0.001,top_ranker_q1,0.1,1.0,0,1.049778938293457,0.00034567901234567905,4,4049,0.0,99,968
0,100,0.3,0.0,harm,hybrid,0.001,top_ranker_q1,0.1,1.0,0,1.0622084140777588,0.00032098765432098765,4,4049,0.0,99,968
0,100,0.3,0.0,harm,hybrid,0.001,top_ranker_q1,0.1,1.0,0,1.074637770652771,0.00030864197530864197,4,4049,0.0,99,968
0,100,0.3,0.0,harm,hybrid,0.001,top_ranker_q1,0.1,1.0,0,1.0870672464370728,0.00030864197530864197,4,4049,0.0,99,968
0,100,0.3,0.0,harm,hybrid,0.001,top_ranker_q1,0.1,1.0,0,1.0994967222213745,0.0002839506172839506,4,4049,0.0,99,968
0,100,0.3,0.0,harm,hybrid,0.001,top_ranker_q1,0.1,1.0,0,1.1119261980056763,0.00027160493827160494,4,4049,0.0,99,968
0,100,0.3,0.0,harm,hybrid,0.001,top_ranker_q1,0.1,1.0,0,1.124355673789978,0.00025925925925925926,4,4049,0.0,99,968
0,100,0.3,0.0,harm,hybrid,0.001,top_ranker_q1,0.1,1.0,0,1.1367850303649902,0.00025925925925925926,4,4049,0.0,99,968
0,100,0.3,0.0,harm,hybrid,0.001,top_ranker_q1,0.1,1.0,0,1.149214506149292,0.00025925925925925926,4,4049,0.0,99,968
0,100,0.3,0.0,harm,hybrid,0.001,top_ranker_q1,0.1,1.0,0,1.1616439819335938,0.00025925925925925926,4,4049,0.0,99,968
0,100,0.3,0.0,harm,hybrid,0.001,top_ranker_q1,0.1,1.0,0,1.1740734577178955,0.00025925925925925926,4,4049,0.0,99,968
0,100,0.3,0.0,harm,hybrid,0.001,top_ranker_q1,0.1,1.0,0,1.1865029335021973,0.00025925925925925926,4,4049,0.0,99,968
0,100,0.3,0.0,harm,hybrid,0.001,top_ranker_q1,0.1,1.0,0,1.198932409286499,0.00025925925925925926,4,4049,0.0,99,968
0,100,0.3,0.0,harm,hybrid,0.001,top_ranker_q1,0.1,1.0,0,1.2113618850708008,0.0002469135802469136,4,4049,0.0,99,968
0,100,0.3,0.0,harm,hybrid,0.001,top_ranker_q1,0.1,1.0,0,1.223791241645813,0.0002469135802469136,4,4049,0.0,99,968
0,100,0.3,0.0,harm,hybrid,0.001,top_ranker_q1,0.1,1.0,0,1.2362207174301147,0.0002469135802469136,4,4049,0.0,99,968
0,100,0.3,0.0,harm,hybrid,0.001,top_ranker_q1,0.1,1.0,0,1.2486501932144165,0.0002469135802469136,4,4049,0.0,99,968
0,100,0.3,0.0,harm,hybrid,0.001,top_ranker_q1,0.1,1.0,0,1.2610796689987183,0.0002469135802469136,4,4049,0.0,99,968
0,100,0.3,0.0,harm,hybrid,0.001,top_ranker_q1,0.1,1.0,0,1.27350914478302,0.0002469135802469136,4,4049,0.0,99,968
0,100,0.3,0.0,harm,hybrid,0.001,top_ranker_q1,0.1,1.0,0,1.2859386205673218,0.0002469135802469136,4,4049,0.0,99,968
0,100,0.3,0.0,harm,hybrid,0.001,top_ranker_q1,0.1,1.0,0,1.2983680963516235,0.0002469135802469136,4,4049,0.0,99,968
0,100,0.3,0.0,harm,hybrid,0.001,top_ranker_q1,0.1,1.0,0,1.3107974529266357,0.0002469135802469136,4,4049,0.0,99,968
0,100,0.3,0.0,harm,hybrid,0.001,top_ranker_q1,0.1,1.0,0,1.3232269287109375,0.0002469135802469136,4,4049,0.0,99,968
0,100,0.3,0.0,harm,hybrid,0.001,top_ranker_q1,0.1,1.0,0,1.3356564044952393,0.0002469135802469136,4,4049,0.0,99,968
0,100,0.3,0.0,harm,hybrid,0.001,top_ranker_q1,0.1,1.0,0,1.348085880279541,0.0002469135802469136,4,4049,0.0,99,968
1,100,0.3,0.0,harm,hybrid,0.001,top_ranker_q1,0.1,1.0,0,0.04140770435333252,0.002546125461254613,4,4064,0.0875,103,1000
1,100,0.3,0.0,harm,hybrid,0.001,top_ranker_q1,0.1,1.0,0,0.05379550904035568,0.002546125461254613,4,4064,0.0875,103,1000
1,100,0.3,0.0,harm,hybrid,0.001,top_ranker_q1,0.1,1.0,0,0.06618331372737885,0.002546125461254613,4,4064,0.0875,103,1000
1,100,0.3,0.0,harm,hybrid,0.001,top_ranker_q1,0.1,1.0,0,0.07857111841440201,0.002546125461254613,4,4064,0.0875,103,1000
1,100,0.3,0.0,harm,hybrid,0.001,top_ranker_q1,0.1,1.0,0,0.09095892310142517,0.002546125461254613,4,4064,0.0875,103,1000
1,100,0.3,0.0,harm,hybrid,0.001,top_ranker_q1,0.1,1.0,0,0.10334672778844833,0.002546125461254613,4,4064,0.0875,103,1000
1,100,0.3,0.0,harm,hybrid,0.001,top_ranker_q1,0.1,1.0,0,0.1157345324754715,0.002546125461254613,4,4064,0.0875,103,1000
1,100,0.3,0.0,harm,hybrid,0.001,top_ranker_q1,0.1,1.0,0,0.12812232971191406,0.002546125461254613,4,4064,0.0875,103,1000
1,100,0.3,0.0,harm,hybrid,0.001,top_ranker_q1,0.1,1.0,0,0.14051014184951782,0.002546125461254613,4,4064,0.0875,103,1000
1,100,0.3,0.0,harm,hybrid,0.001,top_ranker_q1,0.1,1.0,0,0.15289795398712158,0.002546125461254613,4,4064,0.0875,103,1000
1,100,0.3,0.0,harm,hybrid,0.001,top_ranker_q1,0.1,1.0,0,0.16528575122356415,0.002546125461254613,4,4064,0.0875,103,1000
1,100,0.3,0.0,harm,hybrid,0.001,top_ranker_q1,0.1,1.0,0,0.1776735484600067,0.002546125461254613,4,4064,0.0875,103,1000
1,100,0.3,0.0,harm,hybrid,0.001,top_ranker_q1,0.1,1.0,0,0.19006136059761047,0.002546125461254613,4,4064,0.0875,103,1000
1,100,0.3,0.0,harm,hybrid,0.001,top_ranker_q1,0.1,1.0,0,0.20244917273521423,0.002546125461254613,4,4064,0.0875,103,1000
1,100,0.3,0.0,harm,hybrid,0.001,top_ranker_q1,0.1,1.0,0,0.2148369699716568,0.002546125461254613,4,4064,0.0875,103,1000
1,100,0.3,0.0,harm,hybrid,0.001,top_ranker_q1,0.1,1.0,0,0.22722476720809937,0.002546125461254613,4,4064,0.0875,103,1000
1,100,0.3,0.0,harm,hybrid,0.001,top_ranker_q1,0.1,1.0,0,0.23961257934570312,0.002546125461254613,4,4064,0.0875,103,1000
1,100,0.3,0.0,harm,hybrid,0.001,top_ranker_q1,0.1,1.0,0,0.2520003914833069,0.002546125461254613,4,4064,0.0875,103,1000
1,100,0.3,0.0,harm,hybrid,0.001,top_ranker_q1,0.1,1.0,0,0.26438820362091064,0.002546125461254613,4,4064,0.0875,103,1000
1,100,0.3,0.0,harm,hybrid,0.001,top_ranker_q1,0.1,1.0,0,0.276775985956192,0.002546125461254613,4,4064,0.0875,103,1000
1,100,0.3,0.0,harm,hybrid,0.001,top_ranker_q1,0.1,1.0,0,0.2891637980937958,0.002546125461254613,4,4064,0.0875,103,1000
1,100,0.3,0.0,harm,hybrid,0.001,top_ranker_q1,0.1,1.0,0,0.30155161023139954,0.0025338253382533827,4,4064,0.0875,103,1000
1,100,0.3,0.0,harm,hybrid,0.001,top_ranker_q1,0.1,1.0,0,0.3139393925666809,0.0025338253382533827,4,4064,0.0875,103,1000
1,100,0.3,0.0,harm,hybrid,0.001,top_ranker_q1,0.1,1.0,0,0.32632720470428467,0.0025338253382533827,4,4064,0.0875,103,1000
1,100,0.3,0.0,harm,hybrid,0.001,top_ranker_q1,0.1,1.0,0,0.3387150168418884,0.0025338253382533827,4,4064,0.0875,103,1000
1,100,0.3,0.0,harm,hybrid,0.001,top_ranker_q1,0.1,1.0,0,0.3511028289794922,0.0025338253382533827,4,4064,0.0875,103,1000
1,100,0.3,0.0,harm,hybrid,0.001,top_ranker_q1,0.1,1.0,0,0.36349064111709595,0.0025092250922509225,4,4064,0.0875,103,1000
1,100,0.3,0.0,harm,hybrid,0.001,top_ranker_q1,0.1,1.0,0,0.3758784234523773,0.0024969249692496924,4,4064,0.0875,103,1000
1,100,0.3,0.0,harm,hybrid,0.001,top_ranker_q1,0.1,1.0,0,0.3882662355899811,0.0024846248462484627,4,4064,0.0875,103,1000
1,100,0.3,0.0,harm,hybrid,0.001,top_ranker_q1,0.1,1.0,0,0.40065404772758484,0.002472324723247233,4,4064,0.075,103,1000
1,100,0.3,0.0,harm,hybrid,0.001,top_ranker_q1,0.1,1.0,0,0.4130418300628662,0.002472324723247233,4,4064,0.075,103,1000
1,100,0.3,0.0,harm,hybrid,0.001,top_ranker_q1,0.1,1.0,0,0.42542964220046997,0.0024600246002460025,4,4064,0.075,103,1000
1,100,0.3,0.0,harm,hybrid,0.001,top_ranker_q1,0.1,1.0,0,0.43781745433807373,0.0023985239852398524,4,4064,0.075,103,1000
1,100,0.3,0.0,harm,hybrid,0.001,top_ranker_q1,0.1,1.0,0,0.4502052664756775,0.0023862238622386223,4,4064,0.075,103,1000
1,100,0.3,0.0,harm,hybrid,0.001,top_ranker_q1,0.1,1.0,0,0.46259307861328125,0.0023616236162361626,4,4064,0.075,103,1000
1,100,0.3,0.0,harm,hybrid,0.001,top_ranker_q1,0.1,1.0,0,0.4749808609485626,0.002287822878228783,4,4064,0.075,103,1000
1,100,0.3,0.0,harm,hybrid,0.001,top_ranker_q1,0.1,1.0,0,0.4873686730861664,0.0022755227552275522,4,4064,0.075,103,1000
1,100,0.3,0.0,harm,hybrid,0.001,top_ranker_q1,0.1,1.0,0,0.49975648522377014,0.0022632226322263226,4,4064,0.075,103,1000
1,100,0.3,0.0,harm,hybrid,0.001,top_ranker_q1,0.1,1.0,0,0.5121442675590515,0.0022632226322263226,4,4064,0.075,103,1000
1,100,0.3,0.0,harm,hybrid,0.001,top_ranker_q1,0.1,1.0,0,0.5245320796966553,0.0022386223862238624,4,4064,0.075,103,1000
1,100,0.3,0.0,harm,hybrid,0.001,top_ranker_q1,0.1,1.0,0,0.536919891834259,0.0022263222632226327,4,4064,0.075,103,1000
1,100,0.3,0.0,harm,hybrid,0.001,top_ranker_q1,0.1,1.0,0,0.5493077039718628,0.0021648216482164826,4,4064,0.075,103,1000
1,100,0.3,0.0,harm,hybrid,0.001,top_ranker_q1,0.1,1.0,0,0.5616955161094666,0.0021648216482164826,4,4064,0.075,103,1000
1,100,0.3,0.0,harm,hybrid,0.001,top_ranker_q1,0.1,1.0,0,0.5740833282470703,0.0021402214022140224,4,4064,0.075,103,1000
1,100,0.3,0.0,harm,hybrid,0.001,top_ranker_q1,0.1,1.0,0,0.5864710807800293,0.0020787207872078723,4,4064,0.075,103,1000
1,100,0.3,0.0,harm,hybrid,0.001,top_ranker_q1,0.1,1.0,0,0.5988588929176331,0.002066420664206642,4,4064,0.075,103,1000
1,100,0.3,0.0,harm,hybrid,0.001,top_ranker_q1,0.1,1.0,0,0.6112467050552368,0.0020295202952029523,4,4064,0.075,103,1000
1,100,0.3,0.0,harm,hybrid,0.001,top_ranker_q1,0.1,1.0,0,0.6236345171928406,0.002017220172201722,4,4064,0.075,103,1000
1,100,0.3,0.0,harm,hybrid,0.001,top_ranker_q1,0.1,1.0,0,0.6360223293304443,0.001992619926199262,4,4064,0.075,103,1000
1,100,0.3,0.0,harm,hybrid,0.001,top_ranker_q1,0.1,1.0,0,0.6484101414680481,0.0019680196801968018,4,4064,0.075,103,1000
1,100,0.3,0.0,harm,hybrid,0.001,top_ranker_q1,0.1,1.0,0,0.6607979536056519,0.001943419434194342,4,4064,0.075,103,1000
1,100,0.3,0.0,harm,hybrid,0.001,top_ranker_q1,0.1,1.0,0,0.6731857657432556,0.001918819188191882,4,4064,0.075,103,1000
1,100,0.3,0.0,harm,hybrid,0.001,top_ranker_q1,0.1,1.0,0,0.6855735778808594,0.001906519065190652,4,4064,0.075,103,1000
1,100,0.3,0.0,harm,hybrid,0.001,top_ranker_q1,0.1,1.0,0,0.6979613304138184,0.001869618696186962,4,4064,0.075,103,1000
1,100,0.3,0.0,harm,hybrid,0.001,top_ranker_q1,0.1,1.0,0,0.7103491425514221,0.0018204182041820422,4,4064,0.075,103,1000
1,100,0.3,0.0,harm,hybrid,0.001,top_ranker_q1,0.1,1.0,0,0.7227369546890259,0.001795817958179582,4,4064,0.075,103,1000
1,100,0.3,0.0,harm,hybrid,0.001,top_ranker_q1,0.1,1.0,0,0.7351247668266296,0.001795817958179582,4,4064,0.075,103,1000
1,100,0.3,0.0,harm,hybrid,0.001,top_ranker_q1,0.1,1.0,0,0.7475125789642334,0.0017220172201722016,4,4064,0.075,103,1000
1,100,0.3,0.0,harm,hybrid,0.001,top_ranker_q1,0.1,1.0,0,0.7599003911018372,0.0016482164821648218,4,4064,0.075,103,1000
1,100,0.3,0.0,harm,hybrid,0.001,top_ranker_q1,0.1,1.0,0,0.7722882032394409,0.0015744157441574414,4,4064,0.075,103,1000
1,100,0.3,0.0,harm,hybrid,0.001,top_ranker_q1,0.1,1.0,0,0.7846759557723999,0.0015375153751537515,4,4064,0.075,103,1000
1,100,0.3,0.0,harm,hybrid,0.001,top_ranker_q1,0.1,1.0,0,0.7970637679100037,0.0014883148831488315,4,4064,0.075,103,1000
1,100,0.3,0.0,harm,hybrid,0.001,top_ranker_q1,0.1,1.0,0,0.8094515800476074,0.0014268142681426817,4,4064,0.075,103,1000
1,100,0.3,0.0,harm,hybrid,0.001,top_ranker_q1,0.1,1.0,0,0.8218393921852112,0.0012792127921279213,4,4064,0.075,103,1000
1,100,0.3,0.0,harm,hybrid,0.001,top_ranker_q1,0.1,1.0,0,0.8342272043228149,0.0011685116851168512,4,4064,0.075,103,1000
1,100,0.3,0.0,harm,hybrid,0.001,top_ranker_q1,0.1,1.0,0,0.8466150164604187,0.0010086100861008609,4,4064,0.075,103,1000
1,100,0.3,0.0,harm,hybrid,0.001,top_ranker_q1,0.1,1.0,0,0.8590028285980225,0.0009225092250922508,4,4064,0.075,103,1000
1,100,0.3,0.0,harm,hybrid,0.001,top_ranker_q1,0.1,1.0,0,0.8713906407356262,0.0008856088560885609,4,4064,0.075,103,1000
1,100,0.3,0.0,harm,hybrid,0.001,top_ranker_q1,0.1,1.0,0,0.88377845287323,0.0008364083640836409,4,4064,0.075,103,1000
1,100,0.3,0.0,harm,hybrid,0.001,top_ranker_q1,0.1,1.0,0,0.896166205406189,0.0007503075030750308,4,4064,0.0625,103,1000
1,100,0.3,0.0,harm,hybrid,0.001,top_ranker_q1,0.1,1.0,0,0.9085540175437927,0.0006765067650676506,4,4064,0.05,103,1000
1,100,0.3,0.0,harm,hybrid,0.001,top_ranker_q1,0.1,1.0,0,0.9209418296813965,0.0005535055350553505,4,4064,0.05,103,1000
1,100,0.3,0.0,harm,hybrid,0.001,top_ranker_q1,0.1,1.0,0,0.9333296418190002,0.0005166051660516605,4,4064,0.05,103,1000
1,100,0.3,0.0,harm,hybrid,0.001,top_ranker_q1,0.1,1.0,0,0.945717453956604,0.00045510455104551045,4,4064,0.05,103,1000
1,100,0.3,0.0,harm,hybrid,0.001,top_ranker_q1,0.1,1.0,0,0.9581052660942078,0.00040590405904059035,4,4064,0.0375,103,1000
1,100,0.3,0.0,harm,hybrid,0.001,top_ranker_q1,0.1,1.0,0,0.9704930782318115,0.00040590405904059035,4,4064,0.0375,103,1000
1,100,0.3,0.0,harm,hybrid,0.001,top_ranker_q1,0.1,1.0,0,0.9828808307647705,0.00034440344403444036,4,4064,0.0125,103,1000
1,100,0.3,0.0,harm,hybrid,0.001,top_ranker_q1,0.1,1.0,0,0.9952686429023743,0.0003321033210332103,4,4064,0.0125,103,1000
1,100,0.3,0.0,harm,hybrid,0.001,top_ranker_q1,0.1,1.0,0,1.007656455039978,0.00030750307503075026,4,4064,0.0125,103,1000
1,100,0.3,0.0,harm,hybrid,0.001,top_ranker_q1,0.1,1.0,0,1.0200443267822266,0.00029520295202952026,4,4064,0.0,103,1000
1,100,0.3,0.0,harm,hybrid,0.001,top_ranker_q1,0.1,1.0,0,1.0324320793151855,0.00027060270602706027,4,4064,0.0,103,1000
1,100,0.3,0.0,harm,hybrid,0.001,top_ranker_q1,0.1,1.0,0,1.0448198318481445,0.00027060270602706027,4,4064,0.0,103,1000
1,100,0.3,0.0,harm,hybrid,0.001,top_ranker_q1,0.1,1.0,0,1.057207703590393,0.00027060270602706027,4,4064,0.0,103,1000
1,100,0.3,0.0,harm,hybrid,0.001,top_ranker_q1,0.1,1.0,0,1.069595456123352,0.00027060270602706027,4,4064,0.0,103,1000
1,100,0.3,0.0,harm,hybrid,0.001,top_ranker_q1,0.1,1.0,0,1.0819833278656006,0.00027060270602706027,4,4064,0.0,103,1000
1,100,0.3,0.0,harm,hybrid,0.001,top_ranker_q1,0.1,1.0,0,1.0943710803985596,0.0002583025830258302,4,4064,0.0,103,1000
1,100,0.3,0.0,harm,hybrid,0.001,top_ranker_q1,0.1,1.0,0,1.106758952140808,0.0002460024600246002,4,4064,0.0,103,1000
1,100,0.3,0.0,harm,hybrid,0.001,top_ranker_q1,0.1,1.0,0,1.119146704673767,0.0002460024600246002,4,4064,0.0,103,1000
1,100,0.3,0.0,harm,hybrid,0.001,top_ranker_q1,0.1,1.0,0,1.131534457206726,0.0002460024600246002,4,4064,0.0,103,1000
1,100,0.3,0.0,harm,hybrid,0.001,top_ranker_q1,0.1,1.0,0,1.1439223289489746,0.0002460024600246002,4,4064,0.0,103,1000
1,100,0.3,0.0,harm,hybrid,0.001,top_ranker_q1,0.1,1.0,0,1.1563100814819336,0.0002460024600246002,4,4064,0.0,103,1000
1,100,0.3,0.0,harm,hybrid,0.001,top_ranker_q1,0.1,1.0,0,1.1686979532241821,0.0002460024600246002,4,4064,0.0,103,1000
1,100,0.3,0.0,harm,hybrid,0.001,top_ranker_q1,0.1,1.0,0,1.1810857057571411,0.0002460024600246002,4,4064,0.0,103,1000
1,100,0.3,0.0,harm,hybrid,0.001,top_ranker_q1,0.1,1.0,0,1.1934735774993896,0.0002460024600246002,4,4064,0.0,103,1000
1,100,0.3,0.0,harm,hybrid,0.001,top_ranker_q1,0.1,1.0,0,1.2058613300323486,0.0002460024600246002,4,4064,0.0,103,1000
1,100,0.3,0.0,harm,hybrid,0.001,top_ranker_q1,0.1,1.0,0,1.2182492017745972,0.0002460024600246002,4,4064,0.0,103,1000
1,100,0.3,0.0,harm,hybrid,0.001,top_ranker_q1,0.1,1.0,0,1.2306369543075562,0.0002460024600246002,4,4064,0.0,103,1000
1,100,0.3,0.0,harm,hybrid,0.001,top_ranker_q1,0.1,1.0,0,1.2430247068405151,0.0002460024600246002,4,4064,0.0,103,1000
1,100,0.3,0.0,harm,hybrid,0.001,top_ranker_q1,0.1,1.0,0,1.2554125785827637,0.0002460024600246002,4,4064,0.0,103,1000
1,100,0.3,0.0,harm,hybrid,0.001,top_ranker_q1,0.1,1.0,0,1.2678003311157227,0.0002460024600246002,4,4064,0.0,103,1000
2,100,0.3,0.0,harm,hybrid,0.001,top_ranker_q1,0.1,1.0,0,0.03058314323425293,0.0025700934579439253,4,4065,0.1,103,1013
2,100,0.3,0.0,harm,hybrid,0.001,top_ranker_q1,0.1,1.0,0,0.04363076761364937,0.0025700934579439253,4,4065,0.1,103,1013
2,100,0.3,0.0,harm,hybrid,0.001,top_ranker_q1,0.1,1.0,0,0.05667839199304581,0.0025700934579439253,4,4065,0.1,103,1013
2,100,0.3,0.0,harm,hybrid,0.001,top_ranker_q1,0.1,1.0,0,0.06972602009773254,0.0025700934579439253,4,4065,0.1,103,1013
2,100,0.3,0.0,harm,hybrid,0.001,top_ranker_q1,0.1,1.0,0,0.08277364075183868,0.0025700934579439253,4,4065,0.1,103,1013
2,100,0.3,0.0,harm,hybrid,0.001,top_ranker_q1,0.1,1.0,0,0.09582126885652542,0.0025700934579439253,4,4065,0.1,103,1013
2,100,0.3,0.0,harm,hybrid,0.001,top_ranker_q1,0.1,1.0,0,0.10886889696121216,0.0025700934579439253,4,4065,0.1,103,1013
2,100,0.3,0.0,harm,hybrid,0.001,top_ranker_q1,0.1,1.0,0,0.1219165176153183,0.0025700934579439253,4,4065,0.1,103,1013
2,100,0.3,0.0,harm,hybrid,0.001,top_ranker_q1,0.1,1.0,0,0.13496413826942444,0.0025700934579439253,4,4065,0.1,103,1013
2,100,0.3,0.0,harm,hybrid,0.001,top_ranker_q1,0.1,1.0,0,0.14801177382469177,0.0025700934579439253,4,4065,0.1,103,1013
2,100,0.3,0.0,harm,hybrid,0.001,top_ranker_q1,0.1,1.0,0,0.1610593944787979,0.0025700934579439253,4,4065,0.1,103,1013
2,100,0.3,0.0,harm,hybrid,0.001,top_ranker_q1,0.1,1.0,0,0.17410701513290405,0.0025700934579439253,4,4065,0.1,103,1013
2,100,0.3,0.0,harm,hybrid,0.001,top_ranker_q1,0.1,1.0,0,0.1871546506881714,0.0025700934579439253,4,4065,0.1,103,1013
2,100,0.3,0.0,harm,hybrid,0.001,top_ranker_q1,0.1,1.0,0,0.20020227134227753,0.0025700934579439253,4,4065,0.1,103,1013
2,100,0.3,0.0,harm,hybrid,0.001,top_ranker_q1,0.1,1.0,0,0.21324989199638367,0.0025700934579439253,4,4065,0.1,103,1013
2,100,0.3,0.0,harm,hybrid,0.001,top_ranker_q1,0.1,1.0,0,0.226297527551651,0.0025700934579439253,4,4065,0.1,103,1013
2,100,0.3,0.0,harm,hybrid,0.001,top_ranker_q1,0.1,1.0,0,0.23934514820575714,0.0025700934579439253,4,4065,0.1,103,1013
2,100,0.3,0.0,harm,hybrid,0.001,top_ranker_q1,0.1,1.0,0,0.2523927688598633,0.0025700934579439253,4,4065,0.1,103,1013
2,100,0.3,0.0,harm,hybrid,0.001,top_ranker_q1,0.1,1.0,0,0.2654404044151306,0.002557796360059026,4,4065,0.1,103,1013
2,100,0.3,0.0,harm,hybrid,0.001,top_ranker_q1,0.1,1.0,0,0.27848803997039795,0.002557796360059026,4,4065,0.1,103,1013
2,100,0.3,0.0,harm,hybrid,0.001,top_ranker_q1,0.1,1.0,0,0.2915356457233429,0.002557796360059026,4,4065,0.1,103,1013
2,100,0.3,0.0,harm,hybrid,0.001,top_ranker_q1,0.1,1.0,0,0.30458328127861023,0.0025454992621741267,4,4065,0.1,103,1013
2,100,0.3,0.0,harm,hybrid,0.001,top_ranker_q1,0.1,1.0,0,0.3176308870315552,0.0025454992621741267,4,4065,0.1,103,1013
2,100,0.3,0.0,harm,hybrid,0.001,top_ranker_q1,0.1,1.0,0,0.3306785225868225,0.0025454992621741267,4,4065,0.1,103,1013
2,100,0.3,0.0,harm,hybrid,0.001,top_ranker_q1,0.1,1.0,0,0.34372615814208984,0.0025454992621741267,4,4065,0.1,103,1013
2,100,0.3,0.0,harm,hybrid,0.001,top_ranker_q1,0.1,1.0,0,0.3567737638950348,0.0025332021642892276,4,4065,0.0875,103,1013
2,100,0.3,0.0,harm,hybrid,0.001,top_ranker_q1,0.1,1.0,0,0.3698213994503021,0.0025332021642892276,4,4065,0.0875,103,1013
2,100,0.3,0.0,harm,hybrid,0.001,top_ranker_q1,0.1,1.0,0,0.38286903500556946,0.002520905066404329,4,4065,0.0875,103,1013
2,100,0.3,0.0,harm,hybrid,0.001,top_ranker_q1,0.1,1.0,0,0.3959166407585144,0.0024963108706345305,4,4065,0.0875,103,1013
2,100,0.3,0.0,harm,hybrid,0.001,top_ranker_q1,0.1,1.0,0,0.40896427631378174,0.0024963108706345305,4,4065,0.0875,103,1013
2,100,0.3,0.0,harm,hybrid,0.001,top_ranker_q1,0.1,1.0,0,0.4220119118690491,0.002459419576979833,4,4065,0.0875,103,1013
2,100,0.3,0.0,harm,hybrid,0.001,top_ranker_q1,0.1,1.0,0,0.435059517621994,0.0024225282833251357,4,4065,0.0875,103,1013
2,100,0.3,0.0,harm,hybrid,0.001,top_ranker_q1,0.1,1.0,0,0.44810715317726135,0.0024225282833251357,4,4065,0.0875,103,1013
2,100,0.3,0.0,harm,hybrid,0.001,top_ranker_q1,0.1,1.0,0,0.4611547887325287,0.0023979340875553367,4,4065,0.0875,103,1013
2,100,0.3,0.0,harm,hybrid,0.001,top_ranker_q1,0.1,1.0,0,0.47420239448547363,0.002385636989670438,4,4065,0.0875,103,1013
2,100,0.3,0.0,harm,hybrid,0.001,top_ranker_q1,0.1,1.0,0,0.48725003004074097,0.00236104279390064,4,4065,0.07500000000000001,103,1013
2,100,0.3,0.0,harm,hybrid,0.001,top_ranker_q1,0.1,1.0,0,0.5002976655960083,0.0023487456960157404,4,4065,0.07500000000000001,103,1013
2,100,0.3,0.0,harm,hybrid,0.001,top_ranker_q1,0.1,1.0,0,0.5133452415466309,0.0023241515002459423,4,4065,0.07500000000000001,103,1013
2,100,0.3,0.0,harm,hybrid,0.001,top_ranker_q1,0.1,1.0,0,0.526392936706543,0.002311854402361043,4,4065,0.07500000000000001,103,1013
2,100,0.3,0.0,harm,hybrid,0.001,top_ranker_q1,0.1,1.0,0,0.5394405126571655,0.0022995573044761438,4,4065,0.07500000000000001,103,1013
2,100,0.3,0.0,harm,hybrid,0.001,top_ranker_q1,0.1,1.0,0,0.5524881482124329,0.002250368912936547,4,4065,0.07500000000000001,103,1013
2,100,0.3,0.0,harm,hybrid,0.001,top_ranker_q1,0.1,1.0,0,0.5655357837677002,0.002225774717166749,4,4065,0.07500000000000001,103,1013
2,100,0.3,0.0,harm,hybrid,0.001,top_ranker_q1,0.1,1.0,0,0.5785834193229675,0.0021888834235120514,4,4065,0.07500000000000001,103,1013
2,100,0.3,0.0,harm,hybrid,0.001,top_ranker_q1,0.1,1.0,0,0.5916310548782349,0.002164289227742253,4,4065,0.07500000000000001,103,1013
2,100,0.3,0.0,harm,hybrid,0.001,top_ranker_q1,0.1,1.0,0,0.6046786308288574,0.002102803738317757,4,4065,0.07500000000000001,103,1013
2,100,0.3,0.0,harm,hybrid,0.001,top_ranker_q1,0.1,1.0,0,0.6177262663841248,0.0020413182488932613,4,4065,0.07500000000000001,103,1013
2,100,0.3,0.0,harm,hybrid,0.001,top_ranker_q1,0.1,1.0,0,0.6307739019393921,0.0020413182488932613,4,4065,0.07500000000000001,103,1013
2,100,0.3,0.0,harm,hybrid,0.001,top_ranker_q1,0.1,1.0,0,0.6438215374946594,0.0020044269552385637,4,4065,0.07500000000000001,103,1013
2,100,0.3,0.0,harm,hybrid,0.001,top_ranker_q1,0.1,1.0,0,0.6568691730499268,0.0019921298573536642,4,4065,0.07500000000000001,103,1013
2,100,0.3,0.0,harm,hybrid,0.001,top_ranker_q1,0.1,1.0,0,0.6699168086051941,0.001967535661583866,4,4065,0.07500000000000001,103,1013
2,100,0.3,0.0,harm,hybrid,0.001,top_ranker_q1,0.1,1.0,0,0.6829643845558167,0.0019306443679291685,4,4065,0.07500000000000001,103,1013
2,100,0.3,0.0,harm,hybrid,0.001,top_ranker_q1,0.1,1.0,0,0.696012020111084,0.0018937530742744713,4,4065,0.07500000000000001,103,1013
2,100,0.3,0.0,harm,hybrid,0.001,top_ranker_q1,0.1,1.0,0,0.7090596556663513,0.0018814559763895718,4,4065,0.07500000000000001,103,1013
2,100,0.3,0.0,harm,hybrid,0.001,top_ranker_q1,0.1,1.0,0,0.7221072912216187,0.0018568617806197737,4,4065,0.07500000000000001,103,1013
2,100,0.3,0.0,harm,hybrid,0.001,top_ranker_q1,0.1,1.0,0,0.735154926776886,0.001819970486965076,4,4065,0.07500000000000001,103,1013
2,100,0.3,0.0,harm,hybrid,0.001,top_ranker_q1,0.1,1.0,0,0.7482025623321533,0.0017953762911952775,4,4065,0.07500000000000001,103,1013
2,100,0.3,0.0,harm,hybrid,0.001,top_ranker_q1,0.1,1.0,0,0.7612501382827759,0.0017584849975405803,4,4065,0.07500000000000001,103,1013
2,100,0.3,0.0,harm,hybrid,0.001,top_ranker_q1,0.1,1.0,0,0.7742977738380432,0.0016847024102311851,4,4065,0.07500000000000001,103,1013
2,100,0.3,0.0,harm,hybrid,0.001,top_ranker_q1,0.1,1.0,0,0.7873454093933105,0.0016355140186915889,4,4065,0.07500000000000001,103,1013
2,100,0.3,0.0,harm,hybrid,0.001,top_ranker_q1,0.1,1.0,0,0.8003930449485779,0.0016109198229217903,4,4065,0.07500000000000001,103,1013
2,100,0.3,0.0,harm,hybrid,0.001,top_ranker_q1,0.1,1.0,0,0.8134406805038452,0.001524840137727496,4,4065,0.07500000000000001,103,1013
2,100,0.3,0.0,harm,hybrid,0.001,top_ranker_q1,0.1,1.0,0,0.8264883160591125,0.0014387604525332022,4,4065,0.07500000000000001,103,1013
2,100,0.3,0.0,harm,hybrid,0.001,top_ranker_q1,0.1,1.0,0,0.8395358920097351,0.0014018691588785046,4,4065,0.07500000000000001,103,1013
2,100,0.3,0.0,harm,hybrid,0.001,top_ranker_q1,0.1,1.0,0,0.8525835275650024,0.0013280865715691098,4,4065,0.07500000000000001,103,1013
2,100,0.3,0.0,harm,hybrid,0.001,top_ranker_q1,0.1,1.0,0,0.8656311631202698,0.001192818494835219,4,4065,0.07500000000000001,103,1013
2,100,0.3,0.0,harm,hybrid,0.001,top_ranker_q1,0.1,1.0,0,0.8786787986755371,0.001106738809640925,4,4065,0.07500000000000001,103,1013
2,100,0.3,0.0,harm,hybrid,0.001,top_ranker_q1,0.1,1.0,0,0.8917264342308044,0.0009714707329070339,4,4065,0.07500000000000001,103,1013
2,100,0.3,0.0,harm,hybrid,0.001,top_ranker_q1,0.1,1.0,0,0.904774010181427,0.000897688145597639,4,4065,0.07500000000000001,103,1013
2,100,0.3,0.0,harm,hybrid,0.001,top_ranker_q1,0.1,1.0,0,0.9178216457366943,0.000823905558288244,4,4065,0.07500000000000001,103,1013
2,100,0.3,0.0,harm,hybrid,0.001,top_ranker_q1,0.1,1.0,0,0.9308692812919617,0.0007501229709788489,4,4065,0.07500000000000001,103,1013
2,100,0.3,0.0,harm,hybrid,0.001,top_ranker_q1,0.1,1.0,0,0.943916916847229,0.0006640432857845549,4,4065,0.07500000000000001,103,1013
2,100,0.3,0.0,harm,hybrid,0.001,top_ranker_q1,0.1,1.0,0,0.9569645524024963,0.0005902606984751599,4,4065,0.07500000000000001,103,1013
2,100,0.3,0.0,harm,hybrid,0.001,top_ranker_q1,0.1,1.0,0,0.9700121879577637,0.0005533694048204624,4,4065,0.0625,103,1013
2,100,0.3,0.0,harm,hybrid,0.001,top_ranker_q1,0.1,1.0,0,0.9830597639083862,0.00047958681751106736,4,4065,0.037500000000000006,103,1013
2,100,0.3,0.0,harm,hybrid,0.001,top_ranker_q1,0.1,1.0,0,0.9961073994636536,0.00044269552385636985,4,4065,0.025,103,1013
2,100,0.3,0.0,harm,hybrid,0.001,top_ranker_q1,0.1,1.0,0,1.009155035018921,0.0003566158386620758,4,4065,0.0125,103,1013
2,100,0.3,0.0,harm,hybrid,0.001,top_ranker_q1,0.1,1.0,0,1.022202730178833,0.0003197245450073783,4,4065,0.0125,103,1013
2,100,0.3,0.0,harm,hybrid,0.001,top_ranker_q1,0.1,1.0,0,1.0352503061294556,0.0003197245450073783,4,4065,0.0125,103,1013
2,100,0.3,0.0,harm,hybrid,0.001,top_ranker_q1,0.1,1.0,0,1.0482978820800781,0.00029513034923757994,4,4065,0.0,103,1013
2,100,0.3,0.0,harm,hybrid,0.001,top_ranker_q1,0.1,1.0,0,1.0613455772399902,0.00028283325135268077,4,4065,0.0,103,1013
2,100,0.3,0.0,harm,hybrid,0.001,top_ranker_q1,0.1,1.0,0,1.0743931531906128,0.00028283325135268077,4,4065,0.0,103,1013
2,100,0.3,0.0,harm,hybrid,0.001,top_ranker_q1,0.1,1.0,0,1.087440848350525,0.00028283325135268077,4,4065,0.0,103,1013
2,100,0.3,0.0,harm,hybrid,0.001,top_ranker_q1,0.1,1.0,0,1.1004884243011475,0.00024594195769798326,4,4065,0.0,103,1013
2,100,0.3,0.0,harm,hybrid,0.001,top_ranker_q1,0.1,1.0,0,1.11353600025177,0.00024594195769798326,4,4065,0.0,103,1013
2,100,0.3,0.0,harm,hybrid,0.001,top_ranker_q1,0.1,1.0,0,1.1265836954116821,0.00024594195769798326,4,4065,0.0,103,1013
2,100,0.3,0.0,harm,hybrid,0.001,top_ranker_q1,0.1,1.0,0,1.1396312713623047,0.00024594195769798326,4,4065,0.0,103,1013
2,100,0.3,0.0,harm,hybrid,0.001,top_ranker_q1,0.1,1.0,0,1.1526789665222168,0.00024594195769798326,4,4065,0.0,103,1013
2,100,0.3,0.0,harm,hybrid,0.001,top_ranker_q1,0.1,1.0,0,1.1657265424728394,0.00024594195769798326,4,4065,0.0,103,1013
2,100,0.3,0.0,harm,hybrid,0.001,top_ranker_q1,0.1,1.0,0,1.178774118423462,0.00024594195769798326,4,4065,0.0,103,1013
2,100,0.3,0.0,harm,hybrid,0.001,top_ranker_q1,0.1,1.0,0,1.191821813583374,0.00024594195769798326,4,4065,0.0,103,1013
2,100,0.3,0.0,harm,hybrid,0.001,top_ranker_q1,0.1,1.0,0,1.2048693895339966,0.00024594195769798326,4,4065,0.0,103,1013
2,100,0.3,0.0,harm,hybrid,0.001,top_ranker_q1,0.1,1.0,0,1.2179170846939087,0.00024594195769798326,4,4065,0.0,103,1013
2,100,0.3,0.0,harm,hybrid,0.001,top_ranker_q1,0.1,1.0,0,1.2309646606445312,0.00024594195769798326,4,4065,0.0,103,1013
2,100,0.3,0.0,harm,hybrid,0.001,top_ranker_q1,0.1,1.0,0,1.2440123558044434,0.00024594195769798326,4,4065,0.0,103,1013
2,100,0.3,0.0,harm,hybrid,0.001,top_ranker_q1,0.1,1.0,0,1.257059931755066,0.00024594195769798326,4,4065,0.0,103,1013
2,100,0.3,0.0,harm,hybrid,0.001,top_ranker_q1,0.1,1.0,0,1.2701075077056885,0.00024594195769798326,4,4065,0.0,103,1013
2,100,0.3,0.0,harm,hybrid,0.001,top_ranker_q1,0.1,1.0,0,1.2831552028656006,0.00024594195769798326,4,4065,0.0,103,1013
2,100,0.3,0.0,harm,hybrid,0.001,top_ranker_q1,0.1,1.0,0,1.2962027788162231,0.00024594195769798326,4,4065,0.0,103,1013
2,100,0.3,0.0,harm,hybrid,0.001,top_ranker_q1,0.1,1.0,0,1.3092504739761353,0.00024594195769798326,4,4065,0.0,103,1013
2,100,0.3,0.0,harm,hybrid,0.001,top_ranker_q1,0.1,1.0,0,1.3222980499267578,0.00024594195769798326,4,4065,0.0,103,1013
3,100,0.3,0.0,harm,hybrid,0.001,top_ranker_q1,0.1,1.0,0,0.05018720030784607,0.002346258335391455,4,4048,0.11249999999999999,102,1012
3,100,0.3,0.0,harm,hybrid,0.001,top_ranker_q1,0.1,1.0,0,0.06261549144983292,0.002346258335391455,4,4048,0.11249999999999999,102,1012
3,100,0.3,0.0,harm,hybrid,0.001,top_ranker_q1,0.1,1.0,0,0.07504378259181976,0.002346258335391455,4,4048,0.11249999999999999,102,1012
3,100,0.3,0.0,harm,hybrid,0.001,top_ranker_q1,0.1,1.0,0,0.08747208118438721,0.002346258335391455,4,4048,0.11249999999999999,102,1012
3,100,0.3,0.0,harm,hybrid,0.001,top_ranker_q1,0.1,1.0,0,0.09990036487579346,0.002346258335391455,4,4048,0.11249999999999999,102,1012
3,100,0.3,0.0,harm,hybrid,0.001,top_ranker_q1,0.1,1.0,0,0.1123286634683609,0.002346258335391455,4,4048,0.11249999999999999,102,1012
3,100,0.3,0.0,harm,hybrid,0.001,top_ranker_q1,0.1,1.0,0,0.12475695461034775,0.002346258335391455,4,4048,0.11249999999999999,102,1012
3,100,0.3,0.0,harm,hybrid,0.001,top_ranker_q1,0.1,1.0,0,0.1371852457523346,0.002346258335391455,4,4048,0.11249999999999999,102,1012
3,100,0.3,0.0,harm,hybrid,0.001,top_ranker_q1,0.1,1.0,0,0.14961352944374084,0.002346258335391455,4,4048,0.11249999999999999,102,1012
3,100,0.3,0.0,harm,hybrid,0.001,top_ranker_q1,0.1,1.0,0,0.1620418280363083,0.002346258335391455,4,4048,0.11249999999999999,102,1012
3,100,0.3,0.0,harm,hybrid,0.001,top_ranker_q1,0.1,1.0,0,0.17447012662887573,0.002346258335391455,4,4048,0.11249999999999999,102,1012
3,100,0.3,0.0,harm,hybrid,0.001,top_ranker_q1,0.1,1.0,0,0.18689841032028198,0.002346258335391455,4,4048,0.11249999999999999,102,1012
3,100,0.3,0.0,harm,hybrid,0.001,top_ranker_q1,0.1,1.0,0,0.19932670891284943,0.002346258335391455,4,4048,0.11249999999999999,102,1012
3,100,0.3,0.0,harm,hybrid,0.001,top_ranker_q1,0.1,1.0,0,0.21175499260425568,0.002346258335391455,4,4048,0.11249999999999999,102,1012
3,100,0.3,0.0,harm,hybrid,0.001,top_ranker_q1,0.1,1.0,0,0.22418329119682312,0.002346258335391455,4,4048,0.11249999999999999,102,1012
3,100,0.3,0.0,harm,hybrid,0.001,top_ranker_q1,0.1,1.0,0,0.23661157488822937,0.002346258335391455,4,4048,0.11249999999999999,102,1012
3,100,0.3,0.0,harm,hybrid,0.001,top_ranker_q1,0.1,1.0,0,0.24903987348079681,0.002346258335391455,4,4048,0.11249999999999999,102,1012
3,100,0.3,0.0,harm,hybrid,0.001,top_ranker_q1,0.1,1.0,0,0.26146817207336426,0.002333909607310447,4,4048,0.1,102,1012
3,100,0.3,0.0,harm,hybrid,0.001,top_ranker_q1,0.1,1.0,0,0.2738964557647705,0.0023215608792294395,4,4048,0.1,102,1012
3,100,0.3,0.0,harm,hybrid,0.001,top_ranker_q1,0.1,1.0,0,0.28632473945617676,0.0023215608792294395,4,4048,0.1,102,1012
3,100,0.3,0.0,harm,hybrid,0.001,top_ranker_q1,0.1,1.0,0,0.298753023147583,0.0023215608792294395,4,4048,0.1,102,1012
3,100,0.3,0.0,harm,hybrid,0.001,top_ranker_q1,0.1,1.0,0,0.31118133664131165,0.0023215608792294395,4,4048,0.1,102,1012
3,100,0.3,0.0,harm,hybrid,0.001,top_ranker_q1,0.1,1.0,0,0.3236096203327179,0.002309212151148432,4,4048,0.0875,102,1012
3,100,0.3,0.0,harm,hybrid,0.001,top_ranker_q1,0.1,1.0,0,0.33603790402412415,0.002309212151148432,4,4048,0.0875,102,1012
3,100,0.3,0.0,harm,hybrid,0.001,top_ranker_q1,0.1,1.0,0,0.3484662175178528,0.002309212151148432,4,4048,0.0875,102,1012
3,100,0.3,0.0,harm,hybrid,0.001,top_ranker_q1,0.1,1.0,0,0.36089450120925903,0.002309212151148432,4,4048,0.0875,102,1012
3,100,0.3,0.0,harm,hybrid,0.001,top_ranker_q1,0.1,1.0,0,0.3733227849006653,0.0022968634230674245,4,4048,0.0875,102,1012
3,100,0.3,0.0,harm,hybrid,0.001,top_ranker_q1,0.1,1.0,0,0.3857510983943939,0.0022845146949864166,4,4048,0.0875,102,1012
3,100,0.3,0.0,harm,hybrid,0.001,top_ranker_q1,0.1,1.0,0,0.39817938208580017,0.002259817238824401,4,4048,0.0875,102,1012
3,100,0.3,0.0,harm,hybrid,0.001,top_ranker_q1,0.1,1.0,0,0.4106076657772064,0.002259817238824401,4,4048,0.0875,102,1012
3,100,0.3,0.0,harm,hybrid,0.001,top_ranker_q1,0.1,1.0,0,0.42303594946861267,0.002259817238824401,4,4048,0.0875,102,1012
3,100,0.3,0.0,harm,hybrid,0.001,top_ranker_q1,0.1,1.0,0,0.4354642629623413,0.0022474685107433936,4,4048,0.0875,102,1012
3,100,0.3,0.0,harm,hybrid,0.001,top_ranker_q1,0.1,1.0,0,0.44789254665374756,0.0022474685107433936,4,4048,0.0875,102,1012
3,100,0.3,0.0,harm,hybrid,0.001,top_ranker_q1,0.1,1.0,0,0.4603208303451538,0.002235119782662386,4,4048,0.0875,102,1012
3,100,0.3,0.0,harm,hybrid,0.001,top_ranker_q1,0.1,1.0,0,0.47274914383888245,0.002235119782662386,4,4048,0.0875,102,1012
3,100,0.3,0.0,harm,hybrid,0.001,top_ranker_q1,0.1,1.0,0,0.4851774275302887,0.002235119782662386,4,4048,0.07500000000000001,102,1012
3,100,0.3,0.0,harm,hybrid,0.001,top_ranker_q1,0.1,1.0,0,0.49760571122169495,0.002185724870338355,4,4048,0.0625,102,1012
3,100,0.3,0.0,harm,hybrid,0.001,top_ranker_q1,0.1,1.0,0,0.5100339651107788,0.002185724870338355,4,4048,0.0625,102,1012
3,100,0.3,0.0,harm,hybrid,0.001,top_ranker_q1,0.1,1.0,0,0.5224623084068298,0.0021610274141763398,4,4048,0.0625,102,1012
3,100,0.3,0.0,harm,hybrid,0.001,top_ranker_q1,0.1,1.0,0,0.5348905920982361,0.0021363299580143247,4,4048,0.0625,102,1012
3,100,0.3,0.0,harm,hybrid,0.001,top_ranker_q1,0.1,1.0,0,0.5473188757896423,0.0021116325018523093,4,4048,0.0625,102,1012
3,100,0.3,0.0,harm,hybrid,0.001,top_ranker_q1,0.1,1.0,0,0.5597472190856934,0.002086935045690294,4,4048,0.0625,102,1012
3,100,0.3,0.0,harm,hybrid,0.001,top_ranker_q1,0.1,1.0,0,0.5721755027770996,0.0020498888614472713,4,4048,0.0625,102,1012
3,100,0.3,0.0,harm,hybrid,0.001,top_ranker_q1,0.1,1.0,0,0.5846037864685059,0.0020251914052852554,4,4048,0.0625,102,1012
3,100,0.3,0.0,harm,hybrid,0.001,top_ranker_q1,0.1,1.0,0,0.5970320701599121,0.002012842677204248,4,4048,0.0625,102,1012
3,100,0.3,0.0,harm,hybrid,0.001,top_ranker_q1,0.1,1.0,0,0.6094603538513184,0.0019881452210422325,4,4048,0.0625,102,1012
3,100,0.3,0.0,harm,hybrid,0.001,top_ranker_q1,0.1,1.0,0,0.6218886375427246,0.001975796492961225,4,4048,0.0625,102,1012
3,100,0.3,0.0,harm,hybrid,0.001,top_ranker_q1,0.1,1.0,0,0.6343169212341309,0.0019264015806371945,4,4048,0.0625,102,1012
3,100,0.3,0.0,harm,hybrid,0.001,top_ranker_q1,0.1,1.0,0,0.6467452049255371,0.0019264015806371945,4,4048,0.0625,102,1012
3,100,0.3,0.0,harm,hybrid,0.001,top_ranker_q1,0.1,1.0,0,0.6591734886169434,0.0018893553963941715,4,4048,0.0625,102,1012
3,100,0.3,0.0,harm,hybrid,0.001,top_ranker_q1,0.1,1.0,0,0.6716017723083496,0.001877006668313164,4,4048,0.0625,102,1012
3,100,0.3,0.0,harm,hybrid,0.001,top_ranker_q1,0.1,1.0,0,0.6840300559997559,0.0018523092121511485,4,4048,0.0625,102,1012
3,100,0.3,0.0,harm,hybrid,0.001,top_ranker_q1,0.1,1.0,0,0.6964583396911621,0.001802914299827118,4,4048,0.0625,102,1012
3,100,0.3,0.0,harm,hybrid,0.001,top_ranker_q1,0.1,1.0,0,0.7088866233825684,0.0017658681155840947,4,4048,0.0625,102,1012
3,100,0.3,0.0,harm,hybrid,0.001,top_ranker_q1,0.1,1.0,0,0.7213150262832642,0.0017164732032600638,4,4048,0.0625,102,1012
3,100,0.3,0.0,harm,hybrid,0.001,top_ranker_q1,0.1,1.0,0,0.7337433099746704,0.0016670782909360337,4,4048,0.0625,102,1012
3,100,0.3,0.0,harm,hybrid,0.001,top_ranker_q1,0.1,1.0,0,0.7461715936660767,0.0016670782909360337,4,4048,0.0625,102,1012
3,100,0.3,0.0,harm,hybrid,0.001,top_ranker_q1,0.1,1.0,0,0.7585998773574829,0.0016176833786120028,4,4048,0.0625,102,1012
3,100,0.3,0.0,harm,hybrid,0.001,top_ranker_q1,0.1,1.0,0,0.7710281610488892,0.0015806371943689803,4,4048,0.0625,102,1012
3,100,0.3,0.0,harm,hybrid,0.001,top_ranker_q1,0.1,1.0,0,0.7834564447402954,0.001469498641639911,4,4048,0.0625,102,1012
3,100,0.3,0.0,harm,hybrid,0.001,top_ranker_q1,0.1,1.0,0,0.7958847284317017,0.001432452457396888,4,4048,0.0625,102,1012
3,100,0.3,0.0,harm,hybrid,0.001,top_ranker_q1,0.1,1.0,0,0.8083130121231079,0.001407755001234873,4,4048,0.0625,102,1012
3,100,0.3,0.0,harm,hybrid,0.001,top_ranker_q1,0.1,1.0,0,0.8207412958145142,0.0013460113608298346,4,4048,0.0625,102,1012
3,100,0.3,0.0,harm,hybrid,0.001,top_ranker_q1,0.1,1.0,0,0.8331695795059204,0.0013089651765868116,4,4048,0.0625,102,1012
3,100,0.3,0.0,harm,hybrid,0.001,top_ranker_q1,0.1,1.0,0,0.8455978631973267,0.0012842677204247962,4,4048,0.0625,102,1012
3,100,0.3,0.0,harm,hybrid,0.001,top_ranker_q1,0.1,1.0,0,0.8580261468887329,0.0011484317115337123,4,4048,0.0625,102,1012
3,100,0.3,0.0,harm,hybrid,0.001,top_ranker_q1,0.1,1.0,0,0.8704544305801392,0.001111385527290689,4,4048,0.0625,102,1012
3,100,0.3,0.0,harm,hybrid,0.001,top_ranker_q1,0.1,1.0,0,0.8828827142715454,0.0010249444307236354,4,4048,0.0625,102,1012
3,100,0.3,0.0,harm,hybrid,0.001,top_ranker_q1,0.1,1.0,0,0.8953111171722412,0.0009632007903185972,4,4048,0.0625,102,1012
3,100,0.3,0.0,harm,hybrid,0.001,top_ranker_q1,0.1,1.0,0,0.9077394008636475,0.0008767596937515435,4,4048,0.0625,102,1012
3,100,0.3,0.0,harm,hybrid,0.001,top_ranker_q1,0.1,1.0,0,0.9201676845550537,0.0008026673252654977,4,4048,0.0625,102,1012
3,100,0.3,0.0,harm,hybrid,0.001,top_ranker_q1,0.1,1.0,0,0.93259596824646,0.0007532724129414672,4,4048,0.0625,102,1012
3,100,0.3,0.0,harm,hybrid,0.001,top_ranker_q1,0.1,1.0,0,0.9450242519378662,0.0006421338602123981,4,4048,0.0625,102,1012
3,100,0.3,0.0,harm,hybrid,0.001,top_ranker_q1,0.1,1.0,0,0.9574525356292725,0.0005803902198073599,4,4048,0.0625,102,1012
3,100,0.3,0.0,harm,hybrid,0.001,top_ranker_q1,0.1,1.0,0,0.9698808193206787,0.000506297851321314,4,4048,0.0625,102,1012
3,100,0.3,0.0,harm,hybrid,0.001,top_ranker_q1,0.1,1.0,0,0.982309103012085,0.0004075080266732527,4,4048,0.037500000000000006,102,1012
3,100,0.3,0.0,harm,hybrid,0.001,top_ranker_q1,0.1,1.0,0,0.9947373867034912,0.0003704618424302297,4,4048,0.037500000000000006,102,1012
3,100,0.3,0.0,harm,hybrid,0.001,top_ranker_q1,0.1,1.0,0,1.0071656703948975,0.00035811311434922206,4,4048,0.037500000000000006,102,1012
3,100,0.3,0.0,harm,hybrid,0.001,top_ranker_q1,0.1,1.0,0,1.0195939540863037,0.0003457643862682144,4,4048,0.025,102,1012
3,100,0.3,0.0,harm,hybrid,0.001,top_ranker_q1,0.1,1.0,0,1.03202223777771,0.00032106693010619904,4,4048,0.0125,102,1012
3,100,0.3,0.0,harm,hybrid,0.001,top_ranker_q1,0.1,1.0,0,1.0444505214691162,0.0002593232897011608,4,4048,0.0,102,1012
3,100,0.3,0.0,harm,hybrid,0.001,top_ranker_q1,0.1,1.0,0,1.056878924369812,0.0002469745616201531,4,4048,0.0,102,1012
3,100,0.3,0.0,harm,hybrid,0.001,top_ranker_q1,0.1,1.0,0,1.0693072080612183,0.0002469745616201531,4,4048,0.0,102,1012
3,100,0.3,0.0,harm,hybrid,0.001,top_ranker_q1,0.1,1.0,0,1.0817354917526245,0.0002469745616201531,4,4048,0.0,102,1012
3,100,0.3,0.0,harm,hybrid,0.001,top_ranker_q1,0.1,1.0,0,1.0941637754440308,0.0002469745616201531,4,4048,0.0,102,1012
3,100,0.3,0.0,harm,hybrid,0.001,top_ranker_q1,0.1,1.0,0,1.106592059135437,0.0002469745616201531,4,4048,0.0,102,1012
3,100,0.3,0.0,harm,hybrid,0.001,top_ranker_q1,0.1,1.0,0,1.1190203428268433,0.0002469745616201531,4,4048,0.0,102,1012
3,100,0.3,0.0,harm,hybrid,0.001,top_ranker_q1,0.1,1.0,0,1.1314486265182495,0.0002469745616201531,4,4048,0.0,102,1012
3,100,0.3,0.0,harm,hybrid,0.001,top_ranker_q1,0.1,1.0,0,1.1438769102096558,0.0002469745616201531,4,4048,0.0,102,1012
3,100,0.3,0.0,harm,hybrid,0.001,top_ranker_q1,0.1,1.0,0,1.156305193901062,0.0002469745616201531,4,4048,0.0,102,1012
3,100,0.3,0.0,harm,hybrid,0.001,top_ranker_q1,0.1,1.0,0,1.1687334775924683,0.0002469745616201531,4,4048,0.0,102,1012
3,100,0.3,0.0,harm,hybrid,0.001,top_ranker_q1,0.1,1.0,0,1.1811617612838745,0.0002469745616201531,4,4048,0.0,102,1012
3,100,0.3,0.0,harm,hybrid,0.001,top_ranker_q1,0.1,1.0,0,1.1935900449752808,0.0002469745616201531,4,4048,0.0,102,1012
3,100,0.3,0.0,harm,hybrid,0.001,top_ranker_q1,0.1,1.0,0,1.2060184478759766,0.0002469745616201531,4,4048,0.0,102,1012
3,100,0.3,0.0,harm,hybrid,0.001,top_ranker_q1,0.1,1.0,0,1.2184467315673828,0.0002469745616201531,4,4048,0.0,102,1012
3,100,0.3,0.0,harm,hybrid,0.001,top_ranker_q1,0.1,1.0,0,1.230875015258789,0.0002469745616201531,4,4048,0.0,102,1012
3,100,0.3,0.0,harm,hybrid,0.001,top_ranker_q1,0.1,1.0,0,1.2433032989501953,0.0002469745616201531,4,4048,0.0,102,1012
3,100,0.3,0.0,harm,hybrid,0.001,top_ranker_q1,0.1,1.0,0,1.2557315826416016,0.0002469745616201531,4,4048,0.0,102,1012
3,100,0.3,0.0,harm,hybrid,0.001,top_ranker_q1,0.1,1.0,0,1.2681598663330078,0.0002469745616201531,4,4048,0.0,102,1012
3,100,0.3,0.0,harm,hybrid,0.001,top_ranker_q1,0.1,1.0,0,1.280588150024414,0.0002469745616201531,4,4048,0.0,102,1012
4,100,0.3,0.0,harm,hybrid,0.001,top_ranker_q1,0.1,1.0,0,0.12783026695251465,0.0023744744001978737,4,4042,0.08750000000000001,95,930
4,100,0.3,0.0,harm,hybrid,0.001,top_ranker_q1,0.1,1.0,0,0.14074985682964325,0.0023744744001978737,4,4042,0.08750000000000001,95,930
4,100,0.3,0.0,harm,hybrid,0.001,top_ranker_q1,0.1,1.0,0,0.15366944670677185,0.0023744744001978737,4,4042,0.08750000000000001,95,930
4,100,0.3,0.0,harm,hybrid,0.001,top_ranker_q1,0.1,1.0,0,0.16658903658390045,0.0023744744001978737,4,4042,0.08750000000000001,95,930
4,100,0.3,0.0,harm,hybrid,0.001,top_ranker_q1,0.1,1.0,0,0.17950862646102905,0.0023744744001978737,4,4042,0.08750000000000001,95,930
4,100,0.3,0.0,harm,hybrid,0.001,top_ranker_q1,0.1,1.0,0,0.19242820143699646,0.0023744744001978737,4,4042,0.08750000000000001,95,930
4,100,0.3,0.0,harm,hybrid,0.001,top_ranker_q1,0.1,1.0,0,0.20534780621528625,0.0023744744001978737,4,4042,0.08750000000000001,95,930
4,100,0.3,0.0,harm,hybrid,0.001,top_ranker_q1,0.1,1.0,0,0.21826738119125366,0.0023744744001978737,4,4042,0.08750000000000001,95,930
4,100,0.3,0.0,harm,hybrid,0.001,top_ranker_q1,0.1,1.0,0,0.23118698596954346,0.0023744744001978737,4,4042,0.08750000000000001,95,930
4,100,0.3,0.0,harm,hybrid,0.001,top_ranker_q1,0.1,1.0,0,0.24410656094551086,0.0023744744001978737,4,4042,0.08750000000000001,95,930
4,100,0.3,0.0,harm,hybrid,0.001,top_ranker_q1,0.1,1.0,0,0.25702613592147827,0.0023744744001978737,4,4042,0.08750000000000001,95,930
4,100,0.3,0.0,harm,hybrid,0.001,top_ranker_q1,0.1,1.0,0,0.26994574069976807,0.0023744744001978737,4,4042,0.08750000000000001,95,930
4,100,0.3,0.0,harm,hybrid,0.001,top_ranker_q1,0.1,1.0,0,0.28286534547805786,0.0023744744001978737,4,4042,0.08750000000000001,95,930
4,100,0.3,0.0,harm,hybrid,0.001,top_ranker_q1,0.1,1.0,0,0.29578492045402527,0.0023744744001978737,4,4042,0.08750000000000001,95,930
4,100,0.3,0.0,harm,hybrid,0.001,top_ranker_q1,0.1,1.0,0,0.3087044954299927,0.0023744744001978737,4,4042,0.08750000000000001,95,930
4,100,0.3,0.0,harm,hybrid,0.001,top_ranker_q1,0.1,1.0,0,0.32162410020828247,0.0023744744001978737,4,4042,0.08750000000000001,95,930
4,100,0.3,0.0,harm,hybrid,0.001,top_ranker_q1,0.1,1.0,0,0.33454370498657227,0.0023744744001978737,4,4042,0.08750000000000001,95,930
4,100,0.3,0.0,harm,hybrid,0.001,top_ranker_q1,0.1,1.0,0,0.3474632799625397,0.0023744744001978737,4,4042,0.08750000000000001,95,930
4,100,0.3,0.0,harm,hybrid,0.001,top_ranker_q1,0.1,1.0,0,0.3603828549385071,0.0023744744001978737,4,4042,0.08750000000000001,95,930
4,100,0.3,0.0,harm,hybrid,0.001,top_ranker_q1,0.1,1.0,0,0.3733024597167969,0.0023744744001978737,4,4042,0.08750000000000001,95,930
4,100,0.3,0.0,harm,hybrid,0.001,top_ranker_q1,0.1,1.0,0,0.3862220346927643,0.0023744744001978737,4,4042,0.08750000000000001,95,930
4,100,0.3,0.0,harm,hybrid,0.001,top_ranker_q1,0.1,1.0,0,0.3991416394710541,0.0023744744001978737,4,4042,0.08750000000000001,95,930
4,100,0.3,0.0,harm,hybrid,0.001,top_ranker_q1,0.1,1.0,0,0.4120612144470215,0.002362107346030176,4,4042,0.08750000000000001,95,930
4,100,0.3,0.0,harm,hybrid,0.001,top_ranker_q1,0.1,1.0,0,0.4249808192253113,0.002362107346030176,4,4042,0.08750000000000001,95,930
4,100,0.3,0.0,harm,hybrid,0.001,top_ranker_q1,0.1,1.0,0,0.4379003942012787,0.002362107346030176,4,4042,0.08750000000000001,95,930
4,100,0.3,0.0,harm,hybrid,0.001,top_ranker_q1,0.1,1.0,0,0.4508199989795685,0.002362107346030176,4,4042,0.08750000000000001,95,930
4,100,0.3,0.0,harm,hybrid,0.001,top_ranker_q1,0.1,1.0,0,0.4637395739555359,0.002362107346030176,4,4042,0.08750000000000001,95,930
4,100,0.3,0.0,harm,hybrid,0.001,top_ranker_q1,0.1,1.0,0,0.4766591787338257,0.002362107346030176,4,4042,0.08750000000000001,95,930
4,100,0.3,0.0,harm,hybrid,0.001,top_ranker_q1,0.1,1.0,0,0.4895787537097931,0.0023497402918624785,4,4042,0.07500000000000001,95,930
4,100,0.3,0.0,harm,hybrid,0.001,top_ranker_q1,0.1,1.0,0,0.5024983882904053,0.002337373237694781,4,4042,0.07500000000000001,95,930
4,100,0.3,0.0,harm,hybrid,0.001,top_ranker_q1,0.1,1.0,0,0.5154179334640503,0.002325006183527084,4,4042,0.05,95,930
4,100,0.3,0.0,harm,hybrid,0.001,top_ranker_q1,0.1,1.0,0,0.5283375382423401,0.00230027207519169,4,4042,0.05,95,930
4,100,0.3,0.0,harm,hybrid,0.001,top_ranker_q1,0.1,1.0,0,0.5412571430206299,0.0022755379668562953,4,4042,0.05,95,930
4,100,0.3,0.0,harm,hybrid,0.001,top_ranker_q1,0.1,1.0,0,0.5541766881942749,0.0022755379668562953,4,4042,0.05,95,930
4,100,0.3,0.0,harm,hybrid,0.001,top_ranker_q1,0.1,1.0,0,0.5670962929725647,0.002263170912688598,4,4042,0.05,95,930
4,100,0.3,0.0,harm,hybrid,0.001,top_ranker_q1,0.1,1.0,0,0.5800158977508545,0.0022508038585209006,4,4042,0.05,95,930
4,100,0.3,0.0,harm,hybrid,0.001,top_ranker_q1,0.1,1.0,0,0.5929354429244995,0.0022260697501855064,4,4042,0.05,95,930
4,100,0.3,0.0,harm,hybrid,0.001,top_ranker_q1,0.1,1.0,0,0.6058550477027893,0.0022260697501855064,4,4042,0.05,95,930
4,100,0.3,0.0,harm,hybrid,0.001,top_ranker_q1,0.1,1.0,0,0.6187746524810791,0.0022013356418501117,4,4042,0.05,95,930
4,100,0.3,0.0,harm,hybrid,0.001,top_ranker_q1,0.1,1.0,0,0.6316942572593689,0.00216423447934702,4,4042,0.05,95,930
4,100,0.3,0.0,harm,hybrid,0.001,top_ranker_q1,0.1,1.0,0,0.6446138024330139,0.002139500371011625,4,4042,0.05,95,930
4,100,0.3,0.0,harm,hybrid,0.001,top_ranker_q1,0.1,1.0,0,0.6575334072113037,0.0021023992085085334,4,4042,0.05,95,930
4,100,0.3,0.0,harm,hybrid,0.001,top_ranker_q1,0.1,1.0,0,0.6704530119895935,0.0020652980460054413,4,4042,0.05,95,930
4,100,0.3,0.0,harm,hybrid,0.001,top_ranker_q1,0.1,1.0,0,0.6833726167678833,0.002040563937670047,4,4042,0.05,95,930
4,100,0.3,0.0,harm,hybrid,0.001,top_ranker_q1,0.1,1.0,0,0.6962921619415283,0.0020158298293346524,4,4042,0.05,95,930
4,100,0.3,0.0,harm,hybrid,0.001,top_ranker_q1,0.1,1.0,0,0.7092117667198181,0.0020034627751669555,4,4042,0.05,95,930
4,100,0.3,0.0,harm,hybrid,0.001,top_ranker_q1,0.1,1.0,0,0.7221313714981079,0.0019539945584961665,4,4042,0.05,95,930
4,100,0.3,0.0,harm,hybrid,0.001,top_ranker_q1,0.1,1.0,0,0.7350509762763977,0.0019292604501607719,4,4042,0.05,95,930
4,100,0.3,0.0,harm,hybrid,0.001,top_ranker_q1,0.1,1.0,0,0.7479705214500427,0.001916893395993075,4,4042,0.05,95,930
4,100,0.3,0.0,harm,hybrid,0.001,top_ranker_q1,0.1,1.0,0,0.7608901262283325,0.0019045263418253776,4,4042,0.05,95,930
4,100,0.3,0.0,harm,hybrid,0.001,top_ranker_q1,0.1,1.0,0,0.7738097310066223,0.00189215928765768,4,4042,0.05,95,930
4,100,0.3,0.0,harm,hybrid,0.001,top_ranker_q1,0.1,1.0,0,0.7867292761802673,0.001879792233489983,4,4042,0.05,95,930
4,100,0.3,0.0,harm,hybrid,0.001,top_ranker_q1,0.1,1.0,0,0.7996488809585571,0.0018426910709868913,4,4042,0.05,95,930
4,100,0.3,0.0,harm,hybrid,0.001,top_ranker_q1,0.1,1.0,0,0.8125684857368469,0.0017932228543161022,4,4042,0.05,95,930
4,100,0.3,0.0,harm,hybrid,0.001,top_ranker_q1,0.1,1.0,0,0.8254880905151367,0.0017684887459807075,4,4042,0.05,95,930
4,100,0.3,0.0,harm,hybrid,0.001,top_ranker_q1,0.1,1.0,0,0.8384076356887817,0.0017561216918130106,4,4042,0.05,95,930
4,100,0.3,0.0,harm,hybrid,0.001,top_ranker_q1,0.1,1.0,0,0.8513272404670715,0.0017190205293099187,4,4042,0.05,95,930
4,100,0.3,0.0,harm,hybrid,0.001,top_ranker_q1,0.1,1.0,0,0.8642468452453613,0.0016571852584714322,4,4042,0.05,95,930
4,100,0.3,0.0,harm,hybrid,0.001,top_ranker_q1,0.1,1.0,0,0.8771664500236511,0.0015829829334652488,4,4042,0.05,95,930
4,100,0.3,0.0,harm,hybrid,0.001,top_ranker_q1,0.1,1.0,0,0.8900859951972961,0.0015335147167944599,4,4042,0.05,95,930
4,100,0.3,0.0,harm,hybrid,0.001,top_ranker_q1,0.1,1.0,0,0.9030055999755859,0.0014469453376205787,4,4042,0.05,95,930
4,100,0.3,0.0,harm,hybrid,0.001,top_ranker_q1,0.1,1.0,0,0.9159252047538757,0.0013727430126143955,4,4042,0.05,95,930
4,100,0.3,0.0,harm,hybrid,0.001,top_ranker_q1,0.1,1.0,0,0.9288448095321655,0.0013356418501113037,4,4042,0.05,95,930
4,100,0.3,0.0,harm,hybrid,0.001,top_ranker_q1,0.1,1.0,0,0.9417643547058105,0.0012367054167697258,4,4042,0.05,95,930
4,100,0.3,0.0,harm,hybrid,0.001,top_ranker_q1,0.1,1.0,0,0.9546839594841003,0.0011872372000989364,4,4042,0.05,95,930
4,100,0.3,0.0,harm,hybrid,0.001,top_ranker_q1,0.1,1.0,0,0.9676035642623901,0.001113034875092753,4,4042,0.05,95,930
4,100,0.3,0.0,harm,hybrid,0.001,top_ranker_q1,0.1,1.0,0,0.9805231094360352,0.0010388325500865696,4,4042,0.05,95,930
4,100,0.3,0.0,harm,hybrid,0.001,top_ranker_q1,0.1,1.0,0,0.993442714214325,0.0009646302250803859,4,4042,0.05,95,930
4,100,0.3,0.0,harm,hybrid,0.001,top_ranker_q1,0.1,1.0,0,1.0063623189926147,0.000828592629235716,4,4042,0.037500000000000006,95,930
4,100,0.3,0.0,harm,hybrid,0.001,top_ranker_q1,0.1,1.0,0,1.0192818641662598,0.0007172891417264408,4,4042,0.037500000000000006,95,930
4,100,0.3,0.0,harm,hybrid,0.001,top_ranker_q1,0.1,1.0,0,1.0322015285491943,0.0006678209250556517,4,4042,0.037500000000000006,95,930
4,100,0.3,0.0,harm,hybrid,0.001,top_ranker_q1,0.1,1.0,0,1.0451210737228394,0.00063071976255256,4,4042,0.037500000000000006,95,930
4,100,0.3,0.0,harm,hybrid,0.001,top_ranker_q1,0.1,1.0,0,1.0580406188964844,0.0006183527083848627,4,4042,0.037500000000000006,95,930
4,100,0.3,0.0,harm,hybrid,0.001,top_ranker_q1,0.1,1.0,0,1.070960283279419,0.0005565174375463764,4,4042,0.037500000000000006,95,930
4,100,0.3,0.0,harm,hybrid,0.001,top_ranker_q1,0.1,1.0,0,1.083879828453064,0.0004946821667078903,4,4042,0.0125,95,930
4,100,0.3,0.0,harm,hybrid,0.001,top_ranker_q1,0.1,1.0,0,1.096799373626709,0.0004328468958694039,4,4042,0.0,95,930
4,100,0.3,0.0,harm,hybrid,0.001,top_ranker_q1,0.1,1.0,0,1.1097190380096436,0.0003710116250309177,4,4042,0.0,95,930
4,100,0.3,0.0,harm,hybrid,0.001,top_ranker_q1,0.1,1.0,0,1.1226387023925781,0.0003586445708632204,4,4042,0.0,95,930
4,100,0.3,0.0,harm,hybrid,0.001,top_ranker_q1,0.1,1.0,0,1.1355582475662231,0.0003586445708632204,4,4042,0.0,95,930
4,100,0.3,0.0,harm,hybrid,0.001,top_ranker_q1,0.1,1.0,0,1.1484777927398682,0.00034627751669552315,4,4042,0.0,95,930
4,100,0.3,0.0,harm,hybrid,0.001,top_ranker_q1,0.1,1.0,0,1.1613973379135132,0.0003215434083601287,4,4042,0.0,95,930
4,100,0.3,0.0,harm,hybrid,0.001,top_ranker_q1,0.1,1.0,0,1.1743170022964478,0.00028444224585703686,4,4042,0.0,95,930
4,100,0.3,0.0,harm,hybrid,0.001,top_ranker_q1,0.1,1.0,0,1.1872365474700928,0.0002720751916893396,4,4042,0.0,95,930
4,100,0.3,0.0,harm,hybrid,0.001,top_ranker_q1,0.1,1.0,0,1.2001560926437378,0.0002473410833539451,4,4042,0.0,95,930
4,100,0.3,0.0,harm,hybrid,0.001,top_ranker_q1,0.1,1.0,0,1.2130757570266724,0.0002473410833539451,4,4042,0.0,95,930
4,100,0.3,0.0,harm,hybrid,0.001,top_ranker_q1,0.1,1.0,0,1.2259953022003174,0.0002473410833539451,4,4042,0.0,95,930
4,100,0.3,0.0,harm,hybrid,0.001,top_ranker_q1,0.1,1.0,0,1.238914966583252,0.0002473410833539451,4,4042,0.0,95,930
4,100,0.3,0.0,harm,hybrid,0.001,top_ranker_q1,0.1,1.0,0,1.251834511756897,0.0002473410833539451,4,4042,0.0,95,930
4,100,0.3,0.0,harm,hybrid,0.001,top_ranker_q1,0.1,1.0,0,1.264754056930542,0.0002473410833539451,4,4042,0.0,95,930
4,100,0.3,0.0,harm,hybrid,0.001,top_ranker_q1,0.1,1.0,0,1.2776737213134766,0.0002473410833539451,4,4042,0.0,95,930
4,100,0.3,0.0,harm,hybrid,0.001,top_ranker_q1,0.1,1.0,0,1.2905932664871216,0.0002473410833539451,4,4042,0.0,95,930
4,100,0.3,0.0,harm,hybrid,0.001,top_ranker_q1,0.1,1.0,0,1.3035128116607666,0.0002473410833539451,4,4042,0.0,95,930
4,100,0.3,0.0,harm,hybrid,0.001,top_ranker_q1,0.1,1.0,0,1.3164324760437012,0.0002473410833539451,4,4042,0.0,95,930
4,100,0.3,0.0,harm,hybrid,0.001,top_ranker_q1,0.1,1.0,0,1.3293520212173462,0.0002473410833539451,4,4042,0.0,95,930
4,100,0.3,0.0,harm,hybrid,0.001,top_ranker_q1,0.1,1.0,0,1.3422716856002808,0.0002473410833539451,4,4042,0.0,95,930
4,100,0.3,0.0,harm,hybrid,0.001,top_ranker_q1,0.1,1.0,0,1.3551912307739258,0.0002473410833539451,4,4042,0.0,95,930
4,100,0.3,0.0,harm,hybrid,0.001,top_ranker_q1,0.1,1.0,0,1.3681107759475708,0.0002473410833539451,4,4042,0.0,95,930
4,100,0.3,0.0,harm,hybrid,0.001,top_ranker_q1,0.1,1.0,0,1.3810304403305054,0.0002473410833539451,4,4042,0.0,95,930
4,100,0.3,0.0,harm,hybrid,0.001,top_ranker_q1,0.1,1.0,0,1.3939499855041504,0.0002473410833539451,4,4042,0.0,95,930
4,100,0.3,0.0,harm,hybrid,0.001,top_ranker_q1,0.1,1.0,0,1.4068695306777954,0.0002473410833539451,4,4042,0.0,95,930
5,100,0.3,0.0,harm,hybrid,0.001,top_ranker_q1,0.1,1.0,0,0.08004054427146912,0.0022491349480968856,4,4045,0.0625,112,1102
5,100,0.3,0.0,harm,hybrid,0.001,top_ranker_q1,0.1,1.0,0,0.09199190139770508,0.0022491349480968856,4,4045,0.0625,112,1102
5,100,0.3,0.0,harm,hybrid,0.001,top_ranker_q1,0.1,1.0,0,0.10394325852394104,0.0022491349480968856,4,4045,0.0625,112,1102
5,100,0.3,0.0,harm,hybrid,0.001,top_ranker_q1,0.1,1.0,0,0.1158946231007576,0.0022491349480968856,4,4045,0.0625,112,1102
5,100,0.3,0.0,harm,hybrid,0.001,top_ranker_q1,0.1,1.0,0,0.12784597277641296,0.0022491349480968856,4,4045,0.0625,112,1102
5,100,0.3,0.0,harm,hybrid,0.001,top_ranker_q1,0.1,1.0,0,0.13979732990264893,0.0022491349480968856,4,4045,0.0625,112,1102
5,100,0.3,0.0,harm,hybrid,0.001,top_ranker_q1,0.1,1.0,0,0.15174870193004608,0.0022491349480968856,4,4045,0.0625,112,1102
5,100,0.3,0.0,harm,hybrid,0.001,top_ranker_q1,0.1,1.0,0,0.16370005905628204,0.0022491349480968856,4,4045,0.0625,112,1102
5,100,0.3,0.0,harm,hybrid,0.001,top_ranker_q1,0.1,1.0,0,0.175651416182518,0.0022491349480968856,4,4045,0.0625,112,1102
5,100,0.3,0.0,harm,hybrid,0.001,top_ranker_q1,0.1,1.0,0,0.18760277330875397,0.0022491349480968856,4,4045,0.0625,112,1102
5,100,0.3,0.0,harm,hybrid,0.001,top_ranker_q1,0.1,1.0,0,0.19955413043498993,0.0022491349480968856,4,4045,0.0625,112,1102
5,100,0.3,0.0,harm,hybrid,0.001,top_ranker_q1,0.1,1.0,0,0.2115054875612259,0.0022491349480968856,4,4045,0.0625,112,1102
5,100,0.3,0.0,harm,hybrid,0.001,top_ranker_q1,0.1,1.0,0,0.22345685958862305,0.0022367770637666835,4,4045,0.05,112,1102
5,100,0.3,0.0,harm,hybrid,0.001,top_ranker_q1,0.1,1.0,0,0.235408216714859,0.0022367770637666835,4,4045,0.05,112,1102
5,100,0.3,0.0,harm,hybrid,0.001,top_ranker_q1,0.1,1.0,0,0.24735957384109497,0.0022367770637666835,4,4045,0.05,112,1102
5,100,0.3,0.0,harm,hybrid,0.001,top_ranker_q1,0.1,1.0,0,0.25931093096733093,0.0022367770637666835,4,4045,0.05,112,1102
5,100,0.3,0.0,harm,hybrid,0.001,top_ranker_q1,0.1,1.0,0,0.2712622880935669,0.0022367770637666835,4,4045,0.05,112,1102
5,100,0.3,0.0,harm,hybrid,0.001,top_ranker_q1,0.1,1.0,0,0.28321364521980286,0.0022367770637666835,4,4045,0.05,112,1102
5,100,0.3,0.0,harm,hybrid,0.001,top_ranker_q1,0.1,1.0,0,0.2951650023460388,0.0022367770637666835,4,4045,0.05,112,1102
5,100,0.3,0.0,harm,hybrid,0.001,top_ranker_q1,0.1,1.0,0,0.3071163594722748,0.0022367770637666835,4,4045,0.05,112,1102
5,100,0.3,0.0,harm,hybrid,0.001,top_ranker_q1,0.1,1.0,0,0.31906771659851074,0.0022367770637666835,4,4045,0.05,112,1102
5,100,0.3,0.0,harm,hybrid,0.001,top_ranker_q1,0.1,1.0,0,0.3310190737247467,0.0022244191794364805,4,4045,0.05,112,1102
5,100,0.3,0.0,harm,hybrid,0.001,top_ranker_q1,0.1,1.0,0,0.34297043085098267,0.0022244191794364805,4,4045,0.05,112,1102
5,100,0.3,0.0,harm,hybrid,0.001,top_ranker_q1,0.1,1.0,0,0.35492178797721863,0.0022244191794364805,4,4045,0.05,112,1102
5,100,0.3,0.0,harm,hybrid,0.001,top_ranker_q1,0.1,1.0,0,0.366873174905777,0.0022244191794364805,4,4045,0.05,112,1102
5,100,0.3,0.0,harm,hybrid,0.001,top_ranker_q1,0.1,1.0,0,0.37882453203201294,0.0022244191794364805,4,4045,0.05,112,1102
5,100,0.3,0.0,harm,hybrid,0.001,top_ranker_q1,0.1,1.0,0,0.3907758891582489,0.0022120612951062784,4,4045,0.05,112,1102
5,100,0.3,0.0,harm,hybrid,0.001,top_ranker_q1,0.1,1.0,0,0.40272724628448486,0.0022120612951062784,4,4045,0.05,112,1102
5,100,0.3,0.0,harm,hybrid,0.001,top_ranker_q1,0.1,1.0,0,0.4146786034107208,0.0021873455264458724,4,4045,0.037500000000000006,112,1102
5,100,0.3,0.0,harm,hybrid,0.001,top_ranker_q1,0.1,1.0,0,0.4266299605369568,0.0021502718734552643,4,4045,0.025,112,1102
5,100,0.3,0.0,harm,hybrid,0.001,top_ranker_q1,0.1,1.0,0,0.43858131766319275,0.0021502718734552643,4,4045,0.025,112,1102
5,100,0.3,0.0,harm,hybrid,0.001,top_ranker_q1,0.1,1.0,0,0.4505326747894287,0.0021379139891250618,4,4045,0.025,112,1102
5,100,0.3,0.0,harm,hybrid,0.001,top_ranker_q1,0.1,1.0,0,0.4624840319156647,0.0021255561047948592,4,4045,0.025,112,1102
5,100,0.3,0.0,harm,hybrid,0.001,top_ranker_q1,0.1,1.0,0,0.47443538904190063,0.0021008403361344537,4,4045,0.025,112,1102
5,100,0.3,0.0,harm,hybrid,0.001,top_ranker_q1,0.1,1.0,0,0.4863867461681366,0.002076124567474048,4,4045,0.025,112,1102
5,100,0.3,0.0,harm,hybrid,0.001,top_ranker_q1,0.1,1.0,0,0.49833810329437256,0.002076124567474048,4,4045,0.025,112,1102
5,100,0.3,0.0,harm,hybrid,0.001,top_ranker_q1,0.1,1.0,0,0.5102894306182861,0.002051408798813643,4,4045,0.025,112,1102
5,100,0.3,0.0,harm,hybrid,0.001,top_ranker_q1,0.1,1.0,0,0.5222408175468445,0.00203905091448344,4,4045,0.025,112,1102
5,100,0.3,0.0,harm,hybrid,0.001,top_ranker_q1,0.1,1.0,0,0.5341922044754028,0.00198961937716263,4,4045,0.025,112,1102
5,100,0.3,0.0,harm,hybrid,0.001,top_ranker_q1,0.1,1.0,0,0.5461435317993164,0.001977261492832427,4,4045,0.025,112,1102
5,100,0.3,0.0,harm,hybrid,0.001,top_ranker_q1,0.1,1.0,0,0.55809485912323,0.001977261492832427,4,4045,0.025,112,1102
5,100,0.3,0.0,harm,hybrid,0.001,top_ranker_q1,0.1,1.0,0,0.5700463056564331,0.001964903608502225,4,4045,0.025,112,1102
5,100,0.3,0.0,harm,hybrid,0.001,top_ranker_q1,0.1,1.0,0,0.5819976329803467,0.0019525457241720218,4,4045,0.025,112,1102
5,100,0.3,0.0,harm,hybrid,0.001,top_ranker_q1,0.1,1.0,0,0.5939489603042603,0.0019525457241720218,4,4045,0.025,112,1102
5,100,0.3,0.0,harm,hybrid,0.001,top_ranker_q1,0.1,1.0,0,0.6059002876281738,0.0019525457241720218,4,4045,0.025,112,1102
5,100,0.3,0.0,harm,hybrid,0.001,top_ranker_q1,0.1,1.0,0,0.617851734161377,0.0019278299555116165,4,4045,0.025,112,1102
5,100,0.3,0.0,harm,hybrid,0.001,top_ranker_q1,0.1,1.0,0,0.6298030614852905,0.0019278299555116165,4,4045,0.025,112,1102
5,100,0.3,0.0,harm,hybrid,0.001,top_ranker_q1,0.1,1.0,0,0.6417543888092041,0.001915472071181414,4,4045,0.025,112,1102
5,100,0.3,0.0,harm,hybrid,0.001,top_ranker_q1,0.1,1.0,0,0.6537058353424072,0.0018660405338606029,4,4045,0.025,112,1102
5,100,0.3,0.0,harm,hybrid,0.001,top_ranker_q1,0.1,1.0,0,0.6656571626663208,0.0018536826495304003,4,4045,0.025,112,1102
5,100,0.3,0.0,harm,hybrid,0.001,top_ranker_q1,0.1,1.0,0,0.6776084899902344,0.0017795353435491844,4,4045,0.025,112,1102
5,100,0.3,0.0,harm,hybrid,0.001,top_ranker_q1,0.1,1.0,0,0.689559817314148,0.0017424616905585763,4,4045,0.025,112,1102
5,100,0.3,0.0,harm,hybrid,0.001,top_ranker_q1,0.1,1.0,0,0.7015112638473511,0.0016930301532377655,4,4045,0.025,112,1102
5,100,0.3,0.0,harm,hybrid,0.001,top_ranker_q1,0.1,1.0,0,0.7134625911712646,0.0016683143845773604,4,4045,0.025,112,1102
5,100,0.3,0.0,harm,hybrid,0.001,top_ranker_q1,0.1,1.0,0,0.7254139184951782,0.001606524962926347,4,4045,0.025,112,1102
5,100,0.3,0.0,harm,hybrid,0.001,top_ranker_q1,0.1,1.0,0,0.7373652458190918,0.0015694513099357389,4,4045,0.025,112,1102
5,100,0.3,0.0,harm,hybrid,0.001,top_ranker_q1,0.1,1.0,0,0.7493166923522949,0.0015570934256055363,4,4045,0.025,112,1102
5,100,0.3,0.0,harm,hybrid,0.001,top_ranker_q1,0.1,1.0,0,0.7612680196762085,0.0015447355412753336,4,4045,0.025,112,1102
5,100,0.3,0.0,harm,hybrid,0.001,top_ranker_q1,0.1,1.0,0,0.7732193470001221,0.0014953040039545232,4,4045,0.025,112,1102
5,100,0.3,0.0,harm,hybrid,0.001,top_ranker_q1,0.1,1.0,0,0.7851706743240356,0.0014705882352941178,4,4045,0.025,112,1102
5,100,0.3,0.0,harm,hybrid,0.001,top_ranker_q1,0.1,1.0,0,0.7971221208572388,0.001445872466633712,4,4045,0.025,112,1102
5,100,0.3,0.0,harm,hybrid,0.001,top_ranker_q1,0.1,1.0,0,0.8090734481811523,0.0013593672763222938,4,4045,0.025,112,1102
5,100,0.3,0.0,harm,hybrid,0.001,top_ranker_q1,0.1,1.0,0,0.8210247755050659,0.001235788433020267,4,4045,0.025,112,1102
5,100,0.3,0.0,harm,hybrid,0.001,top_ranker_q1,0.1,1.0,0,0.8329761028289795,0.0011616411270390509,4,4045,0.025,112,1102
5,100,0.3,0.0,harm,hybrid,0.001,top_ranker_q1,0.1,1.0,0,0.8449275493621826,0.0010998517053880377,4,4045,0.025,112,1102
5,100,0.3,0.0,harm,hybrid,0.001,top_ranker_q1,0.1,1.0,0,0.8568788766860962,0.0009762728620860108,4,4045,0.025,112,1102
5,100,0.3,0.0,harm,hybrid,0.001,top_ranker_q1,0.1,1.0,0,0.8688302040100098,0.0008897676717745921,4,4045,0.025,112,1102
5,100,0.3,0.0,harm,hybrid,0.001,top_ranker_q1,0.1,1.0,0,0.8807816505432129,0.000815620365793376,4,4045,0.025,112,1102
5,100,0.3,0.0,harm,hybrid,0.001,top_ranker_q1,0.1,1.0,0,0.8927329778671265,0.0007167572911517548,4,4045,0.025,112,1102
5,100,0.3,0.0,harm,hybrid,0.001,top_ranker_q1,0.1,1.0,0,0.90468430519104,0.0006796836381611467,4,4045,0.025,112,1102
5,100,0.3,0.0,harm,hybrid,0.001,top_ranker_q1,0.1,1.0,0,0.9166356325149536,0.0006178942165101334,4,4045,0.025,112,1102
5,100,0.3,0.0,harm,hybrid,0.001,top_ranker_q1,0.1,1.0,0,0.9285870790481567,0.0005808205635195254,4,4045,0.025,112,1102
5,100,0.3,0.0,harm,hybrid,0.001,top_ranker_q1,0.1,1.0,0,0.9405384063720703,0.0005437469105289175,4,4045,0.025,112,1102
5,100,0.3,0.0,harm,hybrid,0.001,top_ranker_q1,0.1,1.0,0,0.9524897336959839,0.0004819574888779041,4,4045,0.025,112,1102
5,100,0.3,0.0,harm,hybrid,0.001,top_ranker_q1,0.1,1.0,0,0.9644410610198975,0.00045724172021749875,4,4045,0.0125,112,1102
5,100,0.3,0.0,harm,hybrid,0.001,top_ranker_q1,0.1,1.0,0,0.9763925075531006,0.0004325259515570934,4,4045,0.0125,112,1102
5,100,0.3,0.0,harm,hybrid,0.001,top_ranker_q1,0.1,1.0,0,0.9883438348770142,0.00040781018289668807,4,4045,0.0125,112,1102
5,100,0.3,0.0,harm,hybrid,0.001,top_ranker_q1,0.1,1.0,0,1.0002951622009277,0.0003830944142362827,4,4045,0.0125,112,1102
5,100,0.3,0.0,harm,hybrid,0.001,top_ranker_q1,0.1,1.0,0,1.0122464895248413,0.00037073652990608004,4,4045,0.0125,112,1102
5,100,0.3,0.0,harm,hybrid,0.001,top_ranker_q1,0.1,1.0,0,1.0241979360580444,0.0003583786455758774,4,4045,0.0125,112,1102
5,100,0.3,0.0,harm,hybrid,0.001,top_ranker_q1,0.1,1.0,0,1.036149263381958,0.00032130499258526936,4,4045,0.0,112,1102
5,100,0.3,0.0,harm,hybrid,0.001,top_ranker_q1,0.1,1.0,0,1.0481005907058716,0.0002842313395946614,4,4045,0.0,112,1102
5,100,0.3,0.0,harm,hybrid,0.001,top_ranker_q1,0.1,1.0,0,1.0600520372390747,0.0002842313395946614,4,4045,0.0,112,1102
5,100,0.3,0.0,harm,hybrid,0.001,top_ranker_q1,0.1,1.0,0,1.0720033645629883,0.0002842313395946614,4,4045,0.0,112,1102
5,100,0.3,0.0,harm,hybrid,0.001,top_ranker_q1,0.1,1.0,0,1.0839546918869019,0.0002842313395946614,4,4045,0.0,112,1102
5,100,0.3,0.0,harm,hybrid,0.001,top_ranker_q1,0.1,1.0,0,1.095906138420105,0.0002842313395946614,4,4045,0.0,112,1102
5,100,0.3,0.0,harm,hybrid,0.001,top_ranker_q1,0.1,1.0,0,1.1078574657440186,0.0002842313395946614,4,4045,0.0,112,1102
5,100,0.3,0.0,harm,hybrid,0.001,top_ranker_q1,0.1,1.0,0,1.1198087930679321,0.0002842313395946614,4,4045,0.0,112,1102
5,100,0.3,0.0,harm,hybrid,0.001,top_ranker_q1,0.1,1.0,0,1.1317601203918457,0.0002718734552644587,4,4045,0.0,112,1102
5,100,0.3,0.0,harm,hybrid,0.001,top_ranker_q1,0.1,1.0,0,1.1437115669250488,0.000259515570934256,4,4045,0.0,112,1102
5,100,0.3,0.0,harm,hybrid,0.001,top_ranker_q1,0.1,1.0,0,1.1556628942489624,0.000259515570934256,4,4045,0.0,112,1102
5,100,0.3,0.0,harm,hybrid,0.001,top_ranker_q1,0.1,1.0,0,1.167614221572876,0.00024715768660405336,4,4045,0.0,112,1102
5,100,0.3,0.0,harm,hybrid,0.001,top_ranker_q1,0.1,1.0,0,1.1795655488967896,0.00024715768660405336,4,4045,0.0,112,1102
5,100,0.3,0.0,harm,hybrid,0.001,top_ranker_q1,0.1,1.0,0,1.1915169954299927,0.00024715768660405336,4,4045,0.0,112,1102
5,100,0.3,0.0,harm,hybrid,0.001,top_ranker_q1,0.1,1.0,0,1.2034683227539062,0.00024715768660405336,4,4045,0.0,112,1102
5,100,0.3,0.0,harm,hybrid,0.001,top_ranker_q1,0.1,1.0,0,1.2154196500778198,0.00024715768660405336,4,4045,0.0,112,1102
5,100,0.3,0.0,harm,hybrid,0.001,top_ranker_q1,0.1,1.0,0,1.227371096611023,0.00024715768660405336,4,4045,0.0,112,1102
5,100,0.3,0.0,harm,hybrid,0.001,top_ranker_q1,0.1,1.0,0,1.2393224239349365,0.00024715768660405336,4,4045,0.0,112,1102
5,100,0.3,0.0,harm,hybrid,0.001,top_ranker_q1,0.1,1.0,0,1.25127375125885,0.00024715768660405336,4,4045,0.0,112,1102
5,100,0.3,0.0,harm,hybrid,0.001,top_ranker_q1,0.1,1.0,0,1.2632250785827637,0.00024715768660405336,4,4045,0.0,112,1102
6,100,0.3,0.0,harm,hybrid,0.001,top_ranker_q1,0.1,1.0,0,0.04609692096710205,0.0024191557640088866,4,4050,0.11249999999999999,98,955
6,100,0.3,0.0,harm,hybrid,0.001,top_ranker_q1,0.1,1.0,0,0.05876820534467697,0.0024191557640088866,4,4050,0.11249999999999999,98,955
6,100,0.3,0.0,harm,hybrid,0.001,top_ranker_q1,0.1,1.0,0,0.07143948972225189,0.0024191557640088866,4,4050,0.11249999999999999,98,955
6,100,0.3,0.0,harm,hybrid,0.001,top_ranker_q1,0.1,1.0,0,0.08411078155040741,0.0024191557640088866,4,4050,0.11249999999999999,98,955
6,100,0.3,0.0,harm,hybrid,0.001,top_ranker_q1,0.1,1.0,0,0.09678206592798233,0.0024191557640088866,4,4050,0.11249999999999999,98,955
6,100,0.3,0.0,harm,hybrid,0.001,top_ranker_q1,0.1,1.0,0,0.10945335030555725,0.0024191557640088866,4,4050,0.11249999999999999,98,955
6,100,0.3,0.0,harm,hybrid,0.001,top_ranker_q1,0.1,1.0,0,0.12212464213371277,0.0024191557640088866,4,4050,0.11249999999999999,98,955
6,100,0.3,0.0,harm,hybrid,0.001,top_ranker_q1,0.1,1.0,0,0.1347959339618683,0.0024191557640088866,4,4050,0.11249999999999999,98,955
6,100,0.3,0.0,harm,hybrid,0.001,top_ranker_q1,0.1,1.0,0,0.1474672108888626,0.0024191557640088866,4,4050,0.11249999999999999,98,955
6,100,0.3,0.0,harm,hybrid,0.001,top_ranker_q1,0.1,1.0,0,0.16013848781585693,0.0024191557640088866,4,4050,0.11249999999999999,98,955
6,100,0.3,0.0,harm,hybrid,0.001,top_ranker_q1,0.1,1.0,0,0.17280977964401245,0.0024191557640088866,4,4050,0.11249999999999999,98,955
6,100,0.3,0.0,harm,hybrid,0.001,top_ranker_q1,0.1,1.0,0,0.18548107147216797,0.0024191557640088866,4,4050,0.11249999999999999,98,955
6,100,0.3,0.0,harm,hybrid,0.001,top_ranker_q1,0.1,1.0,0,0.1981523633003235,0.0024191557640088866,4,4050,0.11249999999999999,98,955
6,100,0.3,0.0,harm,hybrid,0.001,top_ranker_q1,0.1,1.0,0,0.2108236402273178,0.0024191557640088866,4,4050,0.11249999999999999,98,955
6,100,0.3,0.0,harm,hybrid,0.001,top_ranker_q1,0.1,1.0,0,0.22349493205547333,0.0024191557640088866,4,4050,0.11249999999999999,98,955
6,100,0.3,0.0,harm,hybrid,0.001,top_ranker_q1,0.1,1.0,0,0.23616620898246765,0.0024191557640088866,4,4050,0.11249999999999999,98,955
6,100,0.3,0.0,harm,hybrid,0.001,top_ranker_q1,0.1,1.0,0,0.24883750081062317,0.0024191557640088866,4,4050,0.11249999999999999,98,955
6,100,0.3,0.0,harm,hybrid,0.001,top_ranker_q1,0.1,1.0,0,0.2615087926387787,0.0024191557640088866,4,4050,0.11249999999999999,98,955
6,100,0.3,0.0,harm,hybrid,0.001,top_ranker_q1,0.1,1.0,0,0.2741800546646118,0.0024191557640088866,4,4050,0.11249999999999999,98,955
6,100,0.3,0.0,harm,hybrid,0.001,top_ranker_q1,0.1,1.0,0,0.28685134649276733,0.0024191557640088866,4,4050,0.11249999999999999,98,955
6,100,0.3,0.0,harm,hybrid,0.001,top_ranker_q1,0.1,1.0,0,0.29952263832092285,0.0024191557640088866,4,4050,0.11249999999999999,98,955
6,100,0.3,0.0,harm,hybrid,0.001,top_ranker_q1,0.1,1.0,0,0.31219393014907837,0.0024191557640088866,4,4050,0.11249999999999999,98,955
6,100,0.3,0.0,harm,hybrid,0.001,top_ranker_q1,0.1,1.0,0,0.3248652219772339,0.0024191557640088866,4,4050,0.11249999999999999,98,955
6,100,0.3,0.0,harm,hybrid,0.001,top_ranker_q1,0.1,1.0,0,0.3375365138053894,0.0024191557640088866,4,4050,0.11249999999999999,98,955
6,100,0.3,0.0,harm,hybrid,0.001,top_ranker_q1,0.1,1.0,0,0.3502078056335449,0.0024191557640088866,4,4050,0.11249999999999999,98,955
6,100,0.3,0.0,harm,hybrid,0.001,top_ranker_q1,0.1,1.0,0,0.36287906765937805,0.002394470501110837,4,4050,0.11249999999999999,98,955
6,100,0.3,0.0,harm,hybrid,0.001,top_ranker_q1,0.1,1.0,0,0.37555035948753357,0.0023821278696618126,4,4050,0.11249999999999999,98,955
6,100,0.3,0.0,harm,hybrid,0.001,top_ranker_q1,0.1,1.0,0,0.3882216513156891,0.0023821278696618126,4,4050,0.11249999999999999,98,955
6,100,0.3,0.0,harm,hybrid,0.001,top_ranker_q1,0.1,1.0,0,0.4008929431438446,0.0023821278696618126,4,4050,0.11249999999999999,98,955
6,100,0.3,0.0,harm,hybrid,0.001,top_ranker_q1,0.1,1.0,0,0.4135642349720001,0.0023697852382127873,4,4050,0.11249999999999999,98,955
6,100,0.3,0.0,harm,hybrid,0.001,top_ranker_q1,0.1,1.0,0,0.42623549699783325,0.0023697852382127873,4,4050,0.11249999999999999,98,955
6,100,0.3,0.0,harm,hybrid,0.001,top_ranker_q1,0.1,1.0,0,0.43890678882598877,0.0023450999753147368,4,4050,0.11249999999999999,98,955
6,100,0.3,0.0,harm,hybrid,0.001,top_ranker_q1,0.1,1.0,0,0.4515780806541443,0.0023327573438657124,4,4050,0.1,98,955
6,100,0.3,0.0,harm,hybrid,0.001,top_ranker_q1,0.1,1.0,0,0.4642493724822998,0.002320414712416687,4,4050,0.1,98,955
6,100,0.3,0.0,harm,hybrid,0.001,top_ranker_q1,0.1,1.0,0,0.4769206643104553,0.002246358923722538,4,4050,0.1,98,955
6,100,0.3,0.0,harm,hybrid,0.001,top_ranker_q1,0.1,1.0,0,0.48959192633628845,0.0022216736608244875,4,4050,0.1,98,955
6,100,0.3,0.0,harm,hybrid,0.001,top_ranker_q1,0.1,1.0,0,0.5022631883621216,0.002209331029375463,4,4050,0.1,98,955
6,100,0.3,0.0,harm,hybrid,0.001,top_ranker_q1,0.1,1.0,0,0.5149345397949219,0.0021846457664774126,4,4050,0.1,98,955
6,100,0.3,0.0,harm,hybrid,0.001,top_ranker_q1,0.1,1.0,0,0.5276057720184326,0.0021846457664774126,4,4050,0.1,98,955
6,100,0.3,0.0,harm,hybrid,0.001,top_ranker_q1,0.1,1.0,0,0.5402771234512329,0.002159960503579363,4,4050,0.1,98,955
6,100,0.3,0.0,harm,hybrid,0.001,top_ranker_q1,0.1,1.0,0,0.5529483556747437,0.002159960503579363,4,4050,0.1,98,955
6,100,0.3,0.0,harm,hybrid,0.001,top_ranker_q1,0.1,1.0,0,0.5656196475028992,0.0021352752406813133,4,4050,0.1,98,955
6,100,0.3,0.0,harm,hybrid,0.001,top_ranker_q1,0.1,1.0,0,0.5782909393310547,0.0021105899777832636,4,4050,0.1,98,955
6,100,0.3,0.0,harm,hybrid,0.001,top_ranker_q1,0.1,1.0,0,0.5909622311592102,0.0020735620834361887,4,4050,0.1,98,955
6,100,0.3,0.0,harm,hybrid,0.001,top_ranker_q1,0.1,1.0,0,0.6036335229873657,0.002061219451987164,4,4050,0.1,98,955
6,100,0.3,0.0,harm,hybrid,0.001,top_ranker_q1,0.1,1.0,0,0.6163048148155212,0.002024191557640089,4,4050,0.0625,98,955
6,100,0.3,0.0,harm,hybrid,0.001,top_ranker_q1,0.1,1.0,0,0.6289761066436768,0.001999506294742039,4,4050,0.0625,98,955
6,100,0.3,0.0,harm,hybrid,0.001,top_ranker_q1,0.1,1.0,0,0.6416473984718323,0.0019624784003949643,4,4050,0.05,98,955
6,100,0.3,0.0,harm,hybrid,0.001,top_ranker_q1,0.1,1.0,0,0.6543186902999878,0.0018884226117008146,4,4050,0.05,98,955
6,100,0.3,0.0,harm,hybrid,0.001,top_ranker_q1,0.1,1.0,0,0.6669899225234985,0.001863737348802765,4,4050,0.05,98,955
6,100,0.3,0.0,harm,hybrid,0.001,top_ranker_q1,0.1,1.0,0,0.679661214351654,0.001839052085904715,4,4050,0.05,98,955
6,100,0.3,0.0,harm,hybrid,0.001,top_ranker_q1,0.1,1.0,0,0.6923325061798096,0.001839052085904715,4,4050,0.05,98,955
6,100,0.3,0.0,harm,hybrid,0.001,top_ranker_q1,0.1,1.0,0,0.7050037980079651,0.00182670945445569,4,4050,0.05,98,955
6,100,0.3,0.0,harm,hybrid,0.001,top_ranker_q1,0.1,1.0,0,0.7176750898361206,0.00180202419155764,4,4050,0.05,98,955
6,100,0.3,0.0,harm,hybrid,0.001,top_ranker_q1,0.1,1.0,0,0.7303463816642761,0.001789681560108615,4,4050,0.05,98,955
6,100,0.3,0.0,harm,hybrid,0.001,top_ranker_q1,0.1,1.0,0,0.7430176734924316,0.0017526536657615404,4,4050,0.05,98,955
6,100,0.3,0.0,harm,hybrid,0.001,top_ranker_q1,0.1,1.0,0,0.7556889653205872,0.0017156257714144656,4,4050,0.05,98,955
6,100,0.3,0.0,harm,hybrid,0.001,top_ranker_q1,0.1,1.0,0,0.7683602571487427,0.0016662552456183659,4,4050,0.05,98,955
6,100,0.3,0.0,harm,hybrid,0.001,top_ranker_q1,0.1,1.0,0,0.7810315489768982,0.0016168847198222663,4,4050,0.05,98,955
6,100,0.3,0.0,harm,hybrid,0.001,top_ranker_q1,0.1,1.0,0,0.7937027812004089,0.0015675141940261663,4,4050,0.05,98,955
6,100,0.3,0.0,harm,hybrid,0.001,top_ranker_q1,0.1,1.0,0,0.8063740730285645,0.0015304862996790916,4,4050,0.05,98,955
6,100,0.3,0.0,harm,hybrid,0.001,top_ranker_q1,0.1,1.0,0,0.81904536485672,0.0014194026166378672,4,4050,0.05,98,955
6,100,0.3,0.0,harm,hybrid,0.001,top_ranker_q1,0.1,1.0,0,0.8317166566848755,0.0013947173537398173,4,4050,0.05,98,955
6,100,0.3,0.0,harm,hybrid,0.001,top_ranker_q1,0.1,1.0,0,0.844387948513031,0.001271291039249568,4,4050,0.05,98,955
6,100,0.3,0.0,harm,hybrid,0.001,top_ranker_q1,0.1,1.0,0,0.8570592403411865,0.0011972352505554185,4,4050,0.05,98,955
6,100,0.3,0.0,harm,hybrid,0.001,top_ranker_q1,0.1,1.0,0,0.869730532169342,0.0011231794618612686,4,4050,0.05,98,955
6,100,0.3,0.0,harm,hybrid,0.001,top_ranker_q1,0.1,1.0,0,0.8824018239974976,0.0009997531473710194,4,4050,0.05,98,955
6,100,0.3,0.0,harm,hybrid,0.001,top_ranker_q1,0.1,1.0,0,0.8950731158256531,0.000913354727227845,4,4050,0.05,98,955
6,100,0.3,0.0,harm,hybrid,0.001,top_ranker_q1,0.1,1.0,0,0.9077444076538086,0.0008392989385336955,4,4050,0.05,98,955
6,100,0.3,0.0,harm,hybrid,0.001,top_ranker_q1,0.1,1.0,0,0.9204156994819641,0.0007652431498395458,4,4050,0.05,98,955
6,100,0.3,0.0,harm,hybrid,0.001,top_ranker_q1,0.1,1.0,0,0.9330869317054749,0.0007405578869414959,4,4050,0.05,98,955
6,100,0.3,0.0,harm,hybrid,0.001,top_ranker_q1,0.1,1.0,0,0.9457582235336304,0.0006665020982473463,4,4050,0.05,98,955
6,100,0.3,0.0,harm,hybrid,0.001,top_ranker_q1,0.1,1.0,0,0.9584295153617859,0.0006047889410022217,4,4050,0.05,98,955
6,100,0.3,0.0,harm,hybrid,0.001,top_ranker_q1,0.1,1.0,0,0.9711008071899414,0.0005183905208590472,4,4050,0.05,98,955
6,100,0.3,0.0,harm,hybrid,0.001,top_ranker_q1,0.1,1.0,0,0.9837720990180969,0.0005060478894100222,4,4050,0.05,98,955
6,100,0.3,0.0,harm,hybrid,0.001,top_ranker_q1,0.1,1.0,0,0.9964433908462524,0.00041964946926684773,4,4050,0.025,98,955
6,100,0.3,0.0,harm,hybrid,0.001,top_ranker_q1,0.1,1.0,0,1.0091147422790527,0.0004073068378178228,4,4050,0.025,98,955
6,100,0.3,0.0,harm,hybrid,0.001,top_ranker_q1,0.1,1.0,0,1.0217859745025635,0.00039496420636879785,4,4050,0.025,98,955
6,100,0.3,0.0,harm,hybrid,0.001,top_ranker_q1,0.1,1.0,0,1.0344572067260742,0.0003455936805726981,4,4050,0.025,98,955
6,100,0.3,0.0,harm,hybrid,0.001,top_ranker_q1,0.1,1.0,0,1.0471285581588745,0.0003085657862256233,4,4050,0.0125,98,955
6,100,0.3,0.0,harm,hybrid,0.001,top_ranker_q1,0.1,1.0,0,1.0597997903823853,0.00029622315477659836,4,4050,0.0125,98,955
6,100,0.3,0.0,harm,hybrid,0.001,top_ranker_q1,0.1,1.0,0,1.0724711418151855,0.00028388052332757347,4,4050,0.0125,98,955
6,100,0.3,0.0,harm,hybrid,0.001,top_ranker_q1,0.1,1.0,0,1.0851423740386963,0.0002715378918785485,4,4050,0.0,98,955
6,100,0.3,0.0,harm,hybrid,0.001,top_ranker_q1,0.1,1.0,0,1.0978137254714966,0.0002715378918785485,4,4050,0.0,98,955
6,100,0.3,0.0,harm,hybrid,0.001,top_ranker_q1,0.1,1.0,0,1.1104849576950073,0.0002591952604295236,4,4050,0.0,98,955
6,100,0.3,0.0,harm,hybrid,0.001,top_ranker_q1,0.1,1.0,0,1.1231563091278076,0.0002591952604295236,4,4050,0.0,98,955
6,100,0.3,0.0,harm,hybrid,0.001,top_ranker_q1,0.1,1.0,0,1.1358275413513184,0.0002591952604295236,4,4050,0.0,98,955
6,100,0.3,0.0,harm,hybrid,0.001,top_ranker_q1,0.1,1.0,0,1.148498773574829,0.0002591952604295236,4,4050,0.0,98,955
6,100,0.3,0.0,harm,hybrid,0.001,top_ranker_q1,0.1,1.0,0,1.1611701250076294,0.0002591952604295236,4,4050,0.0,98,955
6,100,0.3,0.0,harm,hybrid,0.001,top_ranker_q1,0.1,1.0,0,1.1738413572311401,0.00024685262898049864,4,4050,0.0,98,955
6,100,0.3,0.0,harm,hybrid,0.001,top_ranker_q1,0.1,1.0,0,1.1865127086639404,0.00024685262898049864,4,4050,0.0,98,955
6,100,0.3,0.0,harm,hybrid,0.001,top_ranker_q1,0.1,1.0,0,1.1991839408874512,0.00024685262898049864,4,4050,0.0,98,955
6,100,0.3,0.0,harm,hybrid,0.001,top_ranker_q1,0.1,1.0,0,1.2118552923202515,0.00024685262898049864,4,4050,0.0,98,955
6,100,0.3,0.0,harm,hybrid,0.001,top_ranker_q1,0.1,1.0,0,1.2245265245437622,0.00024685262898049864,4,4050,0.0,98,955
6,100,0.3,0.0,harm,hybrid,0.001,top_ranker_q1,0.1,1.0,0,1.2371978759765625,0.00024685262898049864,4,4050,0.0,98,955
6,100,0.3,0.0,harm,hybrid,0.001,top_ranker_q1,0.1,1.0,0,1.2498691082000732,0.00024685262898049864,4,4050,0.0,98,955
6,100,0.3,0.0,harm,hybrid,0.001,top_ranker_q1,0.1,1.0,0,1.2625404596328735,0.00024685262898049864,4,4050,0.0,98,955
6,100,0.3,0.0,harm,hybrid,0.001,top_ranker_q1,0.1,1.0,0,1.2752116918563843,0.00024685262898049864,4,4050,0.0,98,955
6,100,0.3,0.0,harm,hybrid,0.001,top_ranker_q1,0.1,1.0,0,1.287882924079895,0.00024685262898049864,4,4050,0.0,98,955
6,100,0.3,0.0,harm,hybrid,0.001,top_ranker_q1,0.1,1.0,0,1.3005542755126953,0.00024685262898049864,4,4050,0.0,98,955
7,100,0.3,0.0,harm,hybrid,0.001,top_ranker_q1,0.1,1.0,0,0.047112464904785156,0.0025338253382533827,4,4064,0.15000000000000002,93,919
7,100,0.3,0.0,harm,hybrid,0.001,top_ranker_q1,0.1,1.0,0,0.06021270900964737,0.0025338253382533827,4,4064,0.15000000000000002,93,919
7,100,0.3,0.0,harm,hybrid,0.001,top_ranker_q1,0.1,1.0,0,0.07331295311450958,0.0025338253382533827,4,4064,0.15000000000000002,93,919
7,100,0.3,0.0,harm,hybrid,0.001,top_ranker_q1,0.1,1.0,0,0.0864131897687912,0.0025338253382533827,4,4064,0.15000000000000002,93,919
7,100,0.3,0.0,harm,hybrid,0.001,top_ranker_q1,0.1,1.0,0,0.09951344132423401,0.0025338253382533827,4,4064,0.15000000000000002,93,919
7,100,0.3,0.0,harm,hybrid,0.001,top_ranker_q1,0.1,1.0,0,0.11261367797851562,0.0025338253382533827,4,4064,0.15000000000000002,93,919
7,100,0.3,0.0,harm,hybrid,0.001,top_ranker_q1,0.1,1.0,0,0.12571391463279724,0.0025338253382533827,4,4064,0.15000000000000002,93,919
7,100,0.3,0.0,harm,hybrid,0.001,top_ranker_q1,0.1,1.0,0,0.13881416618824005,0.0025338253382533827,4,4064,0.15000000000000002,93,919
7,100,0.3,0.0,harm,hybrid,0.001,top_ranker_q1,0.1,1.0,0,0.15191441774368286,0.0025338253382533827,4,4064,0.15000000000000002,93,919
7,100,0.3,0.0,harm,hybrid,0.001,top_ranker_q1,0.1,1.0,0,0.16501465439796448,0.0025338253382533827,4,4064,0.15000000000000002,93,919
7,100,0.3,0.0,harm,hybrid,0.001,top_ranker_q1,0.1,1.0,0,0.1781148910522461,0.0025338253382533827,4,4064,0.15000000000000002,93,919
7,100,0.3,0.0,harm,hybrid,0.001,top_ranker_q1,0.1,1.0,0,0.1912151426076889,0.0025338253382533827,4,4064,0.15000000000000002,93,919
7,100,0.3,0.0,harm,hybrid,0.001,top_ranker_q1,0.1,1.0,0,0.20431537926197052,0.0025338253382533827,4,4064,0.15000000000000002,93,919
7,100,0.3,0.0,harm,hybrid,0.001,top_ranker_q1,0.1,1.0,0,0.21741563081741333,0.0025338253382533827,4,4064,0.15000000000000002,93,919
7,100,0.3,0.0,harm,hybrid,0.001,top_ranker_q1,0.1,1.0,0,0.23051586747169495,0.0025338253382533827,4,4064,0.15000000000000002,93,919
7,100,0.3,0.0,harm,hybrid,0.001,top_ranker_q1,0.1,1.0,0,0.24361611902713776,0.0025338253382533827,4,4064,0.15000000000000002,93,919
7,100,0.3,0.0,harm,hybrid,0.001,top_ranker_q1,0.1,1.0,0,0.25671637058258057,0.0025338253382533827,4,4064,0.15000000000000002,93,919
7,100,0.3,0.0,harm,hybrid,0.001,top_ranker_q1,0.1,1.0,0,0.2698165774345398,0.0025338253382533827,4,4064,0.15000000000000002,93,919
7,100,0.3,0.0,harm,hybrid,0.001,top_ranker_q1,0.1,1.0,0,0.2829168438911438,0.0025338253382533827,4,4064,0.15000000000000002,93,919
7,100,0.3,0.0,harm,hybrid,0.001,top_ranker_q1,0.1,1.0,0,0.2960170805454254,0.0025338253382533827,4,4064,0.15000000000000002,93,919
7,100,0.3,0.0,harm,hybrid,0.001,top_ranker_q1,0.1,1.0,0,0.30911731719970703,0.0025215252152521526,4,4064,0.15000000000000002,93,919
7,100,0.3,0.0,harm,hybrid,0.001,top_ranker_q1,0.1,1.0,0,0.32221758365631104,0.0025215252152521526,4,4064,0.15000000000000002,93,919
7,100,0.3,0.0,harm,hybrid,0.001,top_ranker_q1,0.1,1.0,0,0.33531782031059265,0.0025215252152521526,4,4064,0.15000000000000002,93,919
7,100,0.3,0.0,harm,hybrid,0.001,top_ranker_q1,0.1,1.0,0,0.34841805696487427,0.0025215252152521526,4,4064,0.15000000000000002,93,919
7,100,0.3,0.0,harm,hybrid,0.001,top_ranker_q1,0.1,1.0,0,0.3615182936191559,0.0025215252152521526,4,4064,0.15000000000000002,93,919
7,100,0.3,0.0,harm,hybrid,0.001,top_ranker_q1,0.1,1.0,0,0.3746185302734375,0.0025215252152521526,4,4064,0.15000000000000002,93,919
7,100,0.3,0.0,harm,hybrid,0.001,top_ranker_q1,0.1,1.0,0,0.3877187967300415,0.002496924969249693,4,4064,0.15000000000000002,93,919
7,100,0.3,0.0,harm,hybrid,0.001,top_ranker_q1,0.1,1.0,0,0.4008190333843231,0.0024846248462484627,4,4064,0.15000000000000002,93,919
7,100,0.3,0.0,harm,hybrid,0.001,top_ranker_q1,0.1,1.0,0,0.41391927003860474,0.0024600246002460025,4,4064,0.15000000000000002,93,919
7,100,0.3,0.0,harm,hybrid,0.001,top_ranker_q1,0.1,1.0,0,0.42701950669288635,0.0024600246002460025,4,4064,0.15000000000000002,93,919
7,100,0.3,0.0,harm,hybrid,0.001,top_ranker_q1,0.1,1.0,0,0.44011977314949036,0.0024477244772447724,4,4064,0.15000000000000002,93,919
7,100,0.3,0.0,harm,hybrid,0.001,top_ranker_q1,0.1,1.0,0,0.453220009803772,0.0024108241082410825,4,4064,0.15000000000000002,93,919
7,100,0.3,0.0,harm,hybrid,0.001,top_ranker_q1,0.1,1.0,0,0.4663202464580536,0.0023862238622386223,4,4064,0.15000000000000002,93,919
7,100,0.3,0.0,harm,hybrid,0.001,top_ranker_q1,0.1,1.0,0,0.4794204831123352,0.0023124231242312426,4,4064,0.1375,93,919
7,100,0.3,0.0,harm,hybrid,0.001,top_ranker_q1,0.1,1.0,0,0.4925207197666168,0.002250922509225092,4,4064,0.1375,93,919
7,100,0.3,0.0,harm,hybrid,0.001,top_ranker_q1,0.1,1.0,0,0.5056209564208984,0.002238622386223862,4,4064,0.125,93,919
7,100,0.3,0.0,harm,hybrid,0.001,top_ranker_q1,0.1,1.0,0,0.5187212228775024,0.002214022140221402,4,4064,0.125,93,919
7,100,0.3,0.0,harm,hybrid,0.001,top_ranker_q1,0.1,1.0,0,0.5318214893341064,0.0021771217712177123,4,4064,0.125,93,919
7,100,0.3,0.0,harm,hybrid,0.001,top_ranker_q1,0.1,1.0,0,0.5449216961860657,0.002127921279212792,4,4064,0.125,93,919
7,100,0.3,0.0,harm,hybrid,0.001,top_ranker_q1,0.1,1.0,0,0.5580219626426697,0.002127921279212792,4,4064,0.125,93,919
7,100,0.3,0.0,harm,hybrid,0.001,top_ranker_q1,0.1,1.0,0,0.5711221694946289,0.002115621156211562,4,4064,0.125,93,919
7,100,0.3,0.0,harm,hybrid,0.001,top_ranker_q1,0.1,1.0,0,0.5842224359512329,0.002066420664206642,4,4064,0.125,93,919
7,100,0.3,0.0,harm,hybrid,0.001,top_ranker_q1,0.1,1.0,0,0.5973227024078369,0.002041820418204182,4,4064,0.11250000000000002,93,919
7,100,0.3,0.0,harm,hybrid,0.001,top_ranker_q1,0.1,1.0,0,0.6104229092597961,0.0020295202952029523,4,4064,0.11250000000000002,93,919
7,100,0.3,0.0,harm,hybrid,0.001,top_ranker_q1,0.1,1.0,0,0.6235231757164001,0.0020295202952029523,4,4064,0.11250000000000002,93,919
7,100,0.3,0.0,harm,hybrid,0.001,top_ranker_q1,0.1,1.0,0,0.6366233825683594,0.0020295202952029523,4,4064,0.11250000000000002,93,919
7,100,0.3,0.0,harm,hybrid,0.001,top_ranker_q1,0.1,1.0,0,0.6497236490249634,0.002017220172201722,4,4064,0.11250000000000002,93,919
7,100,0.3,0.0,harm,hybrid,0.001,top_ranker_q1,0.1,1.0,0,0.6628239154815674,0.0019803198031980323,4,4064,0.11250000000000002,93,919
7,100,0.3,0.0,harm,hybrid,0.001,top_ranker_q1,0.1,1.0,0,0.6759241223335266,0.0019557195571955717,4,4064,0.11250000000000002,93,919
7,100,0.3,0.0,harm,hybrid,0.001,top_ranker_q1,0.1,1.0,0,0.6890243887901306,0.001943419434194342,4,4064,0.11250000000000002,93,919
7,100,0.3,0.0,harm,hybrid,0.001,top_ranker_q1,0.1,1.0,0,0.7021245956420898,0.0019065190651906519,4,4064,0.11250000000000002,93,919
7,100,0.3,0.0,harm,hybrid,0.001,top_ranker_q1,0.1,1.0,0,0.7152248620986938,0.0018327183271832721,4,4064,0.11250000000000002,93,919
7,100,0.3,0.0,harm,hybrid,0.001,top_ranker_q1,0.1,1.0,0,0.7283251285552979,0.0018081180811808117,4,4064,0.11250000000000002,93,919
7,100,0.3,0.0,harm,hybrid,0.001,top_ranker_q1,0.1,1.0,0,0.7414253354072571,0.0017835178351783517,4,4064,0.11250000000000002,93,919
7,100,0.3,0.0,harm,hybrid,0.001,top_ranker_q1,0.1,1.0,0,0.7545256018638611,0.0017589175891758917,4,4064,0.11250000000000002,93,919
7,100,0.3,0.0,harm,hybrid,0.001,top_ranker_q1,0.1,1.0,0,0.7676258683204651,0.0017220172201722018,4,4064,0.11250000000000002,93,919
7,100,0.3,0.0,harm,hybrid,0.001,top_ranker_q1,0.1,1.0,0,0.7807260751724243,0.0016974169741697416,4,4064,0.11250000000000002,93,919
7,100,0.3,0.0,harm,hybrid,0.001,top_ranker_q1,0.1,1.0,0,0.7938263416290283,0.0016605166051660517,4,4064,0.11250000000000002,93,919
7,100,0.3,0.0,harm,hybrid,0.001,top_ranker_q1,0.1,1.0,0,0.8069265484809875,0.0015867158671586715,4,4064,0.11250000000000002,93,919
7,100,0.3,0.0,harm,hybrid,0.001,top_ranker_q1,0.1,1.0,0,0.8200268149375916,0.0014760147601476014,4,4064,0.11250000000000002,93,919
7,100,0.3,0.0,harm,hybrid,0.001,top_ranker_q1,0.1,1.0,0,0.8331270813941956,0.0014022140221402212,4,4064,0.11250000000000002,93,919
7,100,0.3,0.0,harm,hybrid,0.001,top_ranker_q1,0.1,1.0,0,0.8462272882461548,0.0013530135301353012,4,4064,0.11250000000000002,93,919
7,100,0.3,0.0,harm,hybrid,0.001,top_ranker_q1,0.1,1.0,0,0.8593275547027588,0.0012915129151291514,4,4064,0.11250000000000002,93,919
7,100,0.3,0.0,harm,hybrid,0.001,top_ranker_q1,0.1,1.0,0,0.872427761554718,0.0012669126691266914,4,4064,0.11250000000000002,93,919
7,100,0.3,0.0,harm,hybrid,0.001,top_ranker_q1,0.1,1.0,0,0.885528028011322,0.0011808118081180813,4,4064,0.11250000000000002,93,919
7,100,0.3,0.0,harm,hybrid,0.001,top_ranker_q1,0.1,1.0,0,0.898628294467926,0.001082410824108241,4,4064,0.11250000000000002,93,919
7,100,0.3,0.0,harm,hybrid,0.001,top_ranker_q1,0.1,1.0,0,0.9117285013198853,0.001033210332103321,4,4064,0.11250000000000002,93,919
7,100,0.3,0.0,harm,hybrid,0.001,top_ranker_q1,0.1,1.0,0,0.9248287677764893,0.0009102091020910209,4,4064,0.11250000000000002,93,919
7,100,0.3,0.0,harm,hybrid,0.001,top_ranker_q1,0.1,1.0,0,0.9379289746284485,0.0008610086100861009,4,4064,0.11250000000000002,93,919
7,100,0.3,0.0,harm,hybrid,0.001,top_ranker_q1,0.1,1.0,0,0.9510292410850525,0.0007749077490774908,4,4064,0.11250000000000002,93,919
7,100,0.3,0.0,harm,hybrid,0.001,top_ranker_q1,0.1,1.0,0,0.9641295075416565,0.0007257072570725708,4,4064,0.11250000000000002,93,919
7,100,0.3,0.0,harm,hybrid,0.001,top_ranker_q1,0.1,1.0,0,0.9772297143936157,0.0006027060270602706,4,4064,0.1,93,919
7,100,0.3,0.0,harm,hybrid,0.001,top_ranker_q1,0.1,1.0,0,0.9903299808502197,0.0005535055350553505,4,4064,0.1,93,919
7,100,0.3,0.0,harm,hybrid,0.001,top_ranker_q1,0.1,1.0,0,1.0034301280975342,0.00046740467404674045,4,4064,0.075,93,919
7,100,0.3,0.0,harm,hybrid,0.001,top_ranker_q1,0.1,1.0,0,1.0165305137634277,0.0004182041820418204,4,4064,0.05,93,919
7,100,0.3,0.0,harm,hybrid,0.001,top_ranker_q1,0.1,1.0,0,1.0296306610107422,0.00035670356703567036,4,4064,0.037500000000000006,93,919
7,100,0.3,0.0,harm,hybrid,0.001,top_ranker_q1,0.1,1.0,0,1.0427309274673462,0.0003198031980319803,4,4064,0.037500000000000006,93,919
7,100,0.3,0.0,harm,hybrid,0.001,top_ranker_q1,0.1,1.0,0,1.0558311939239502,0.00028290282902829027,4,4064,0.0125,93,919
7,100,0.3,0.0,harm,hybrid,0.001,top_ranker_q1,0.1,1.0,0,1.0689314603805542,0.00027060270602706027,4,4064,0.0125,93,919
7,100,0.3,0.0,harm,hybrid,0.001,top_ranker_q1,0.1,1.0,0,1.0820317268371582,0.0002583025830258302,4,4064,0.0125,93,919
7,100,0.3,0.0,harm,hybrid,0.001,top_ranker_q1,0.1,1.0,0,1.0951318740844727,0.0002583025830258302,4,4064,0.0125,93,919
7,100,0.3,0.0,harm,hybrid,0.001,top_ranker_q1,0.1,1.0,0,1.1082321405410767,0.0002460024600246002,4,4064,0.0,93,919
7,100,0.3,0.0,harm,hybrid,0.001,top_ranker_q1,0.1,1.0,0,1.1213324069976807,0.0002460024600246002,4,4064,0.0,93,919
7,100,0.3,0.0,harm,hybrid,0.001,top_ranker_q1,0.1,1.0,0,1.1344326734542847,0.0002460024600246002,4,4064,0.0,93,919
7,100,0.3,0.0,harm,hybrid,0.001,top_ranker_q1,0.1,1.0,0,1.1475329399108887,0.0002460024600246002,4,4064,0.0,93,919
7,100,0.3,0.0,harm,hybrid,0.001,top_ranker_q1,0.1,1.0,0,1.1606330871582031,0.0002460024600246002,4,4064,0.0,93,919
7,100,0.3,0.0,harm,hybrid,0.001,top_ranker_q1,0.1,1.0,0,1.1737333536148071,0.0002460024600246002,4,4064,0.0,93,919
7,100,0.3,0.0,harm,hybrid,0.001,top_ranker_q1,0.1,1.0,0,1.1868336200714111,0.0002460024600246002,4,4064,0.0,93,919
7,100,0.3,0.0,harm,hybrid,0.001,top_ranker_q1,0.1,1.0,0,1.1999338865280151,0.0002460024600246002,4,4064,0.0,93,919
7,100,0.3,0.0,harm,hybrid,0.001,top_ranker_q1,0.1,1.0,0,1.2130341529846191,0.0002460024600246002,4,4064,0.0,93,919
7,100,0.3,0.0,harm,hybrid,0.001,top_ranker_q1,0.1,1.0,0,1.2261343002319336,0.0002460024600246002,4,4064,0.0,93,919
7,100,0.3,0.0,harm,hybrid,0.001,top_ranker_q1,0.1,1.0,0,1.2392345666885376,0.0002460024600246002,4,4064,0.0,93,919
7,100,0.3,0.0,harm,hybrid,0.001,top_ranker_q1,0.1,1.0,0,1.2523348331451416,0.0002460024600246002,4,4064,0.0,93,919
7,100,0.3,0.0,harm,hybrid,0.001,top_ranker_q1,0.1,1.0,0,1.2654350996017456,0.0002460024600246002,4,4064,0.0,93,919
7,100,0.3,0.0,harm,hybrid,0.001,top_ranker_q1,0.1,1.0,0,1.2785353660583496,0.0002460024600246002,4,4064,0.0,93,919
7,100,0.3,0.0,harm,hybrid,0.001,top_ranker_q1,0.1,1.0,0,1.291635513305664,0.0002460024600246002,4,4064,0.0,93,919
7,100,0.3,0.0,harm,hybrid,0.001,top_ranker_q1,0.1,1.0,0,1.304735779762268,0.0002460024600246002,4,4064,0.0,93,919
7,100,0.3,0.0,harm,hybrid,0.001,top_ranker_q1,0.1,1.0,0,1.317836046218872,0.0002460024600246002,4,4064,0.0,93,919
7,100,0.3,0.0,harm,hybrid,0.001,top_ranker_q1,0.1,1.0,0,1.330936312675476,0.0002460024600246002,4,4064,0.0,93,919
7,100,0.3,0.0,harm,hybrid,0.001,top_ranker_q1,0.1,1.0,0,1.34403657913208,0.0002460024600246002,4,4064,0.0,93,919
8,100,0.3,0.0,harm,hybrid,0.001,top_ranker_q1,0.1,1.0,0,0.07922777533531189,0.0023393252893376014,4,4060,0.11249999999999999,100,980
8,100,0.3,0.0,harm,hybrid,0.001,top_ranker_q1,0.1,1.0,0,0.0916549414396286,0.0023393252893376014,4,4060,0.11249999999999999,100,980
8,100,0.3,0.0,harm,hybrid,0.001,top_ranker_q1,0.1,1.0,0,0.10408211499452591,0.0023393252893376014,4,4060,0.11249999999999999,100,980
8,100,0.3,0.0,harm,hybrid,0.001,top_ranker_q1,0.1,1.0,0,0.11650928109884262,0.0023393252893376014,4,4060,0.11249999999999999,100,980
8,100,0.3,0.0,harm,hybrid,0.001,top_ranker_q1,0.1,1.0,0,0.12893645465373993,0.0023393252893376014,4,4060,0.11249999999999999,100,980
8,100,0.3,0.0,harm,hybrid,0.001,top_ranker_q1,0.1,1.0,0,0.14136362075805664,0.0023393252893376014,4,4060,0.11249999999999999,100,980
8,100,0.3,0.0,harm,hybrid,0.001,top_ranker_q1,0.1,1.0,0,0.15379078686237335,0.0023393252893376014,4,4060,0.11249999999999999,100,980
8,100,0.3,0.0,harm,hybrid,0.001,top_ranker_q1,0.1,1.0,0,0.16621795296669006,0.0023393252893376014,4,4060,0.11249999999999999,100,980
8,100,0.3,0.0,harm,hybrid,0.001,top_ranker_q1,0.1,1.0,0,0.17864513397216797,0.0023393252893376014,4,4060,0.11249999999999999,100,980
8,100,0.3,0.0,harm,hybrid,0.001,top_ranker_q1,0.1,1.0,0,0.1910722851753235,0.0023393252893376014,4,4060,0.11249999999999999,100,980
8,100,0.3,0.0,harm,hybrid,0.001,top_ranker_q1,0.1,1.0,0,0.2034994661808014,0.0023393252893376014,4,4060,0.11249999999999999,100,980
8,100,0.3,0.0,harm,hybrid,0.001,top_ranker_q1,0.1,1.0,0,0.2159266322851181,0.0023393252893376014,4,4060,0.11249999999999999,100,980
8,100,0.3,0.0,harm,hybrid,0.001,top_ranker_q1,0.1,1.0,0,0.22835379838943481,0.0023393252893376014,4,4060,0.11249999999999999,100,980
8,100,0.3,0.0,harm,hybrid,0.001,top_ranker_q1,0.1,1.0,0,0.24078096449375153,0.0023393252893376014,4,4060,0.11249999999999999,100,980
8,100,0.3,0.0,harm,hybrid,0.001,top_ranker_q1,0.1,1.0,0,0.2532081604003906,0.0023393252893376014,4,4060,0.11249999999999999,100,980
8,100,0.3,0.0,harm,hybrid,0.001,top_ranker_q1,0.1,1.0,0,0.26563531160354614,0.0023393252893376014,4,4060,0.11249999999999999,100,980
8,100,0.3,0.0,harm,hybrid,0.001,top_ranker_q1,0.1,1.0,0,0.27806246280670166,0.0023393252893376014,4,4060,0.11249999999999999,100,980
8,100,0.3,0.0,harm,hybrid,0.001,top_ranker_q1,0.1,1.0,0,0.29048964381217957,0.0023393252893376014,4,4060,0.11249999999999999,100,980
8,100,0.3,0.0,harm,hybrid,0.001,top_ranker_q1,0.1,1.0,0,0.30291682481765747,0.0023393252893376014,4,4060,0.11249999999999999,100,980
8,100,0.3,0.0,harm,hybrid,0.001,top_ranker_q1,0.1,1.0,0,0.315343976020813,0.0023393252893376014,4,4060,0.11249999999999999,100,980
8,100,0.3,0.0,harm,hybrid,0.001,top_ranker_q1,0.1,1.0,0,0.3277711570262909,0.0023393252893376014,4,4060,0.11249999999999999,100,980
8,100,0.3,0.0,harm,hybrid,0.001,top_ranker_q1,0.1,1.0,0,0.3401983082294464,0.0023393252893376014,4,4060,0.11249999999999999,100,980
8,100,0.3,0.0,harm,hybrid,0.001,top_ranker_q1,0.1,1.0,0,0.3526254892349243,0.0023270130509726672,4,4060,0.11249999999999999,100,980
8,100,0.3,0.0,harm,hybrid,0.001,top_ranker_q1,0.1,1.0,0,0.3650526702404022,0.002290076335877863,4,4060,0.11249999999999999,100,980
8,100,0.3,0.0,harm,hybrid,0.001,top_ranker_q1,0.1,1.0,0,0.37747982144355774,0.002290076335877863,4,4060,0.11249999999999999,100,980
8,100,0.3,0.0,harm,hybrid,0.001,top_ranker_q1,0.1,1.0,0,0.38990700244903564,0.002277764097512928,4,4060,0.1,100,980
8,100,0.3,0.0,harm,hybrid,0.001,top_ranker_q1,0.1,1.0,0,0.40233415365219116,0.002277764097512928,4,4060,0.1,100,980
8,100,0.3,0.0,harm,hybrid,0.001,top_ranker_q1,0.1,1.0,0,0.41476133465766907,0.002277764097512928,4,4060,0.1,100,980
8,100,0.3,0.0,harm,hybrid,0.001,top_ranker_q1,0.1,1.0,0,0.427188515663147,0.002265451859147993,4,4060,0.1,100,980
8,100,0.3,0.0,harm,hybrid,0.001,top_ranker_q1,0.1,1.0,0,0.4396156668663025,0.002228515144053189,4,4060,0.1,100,980
8,100,0.3,0.0,harm,hybrid,0.001,top_ranker_q1,0.1,1.0,0,0.4520428478717804,0.002203890667323319,4,4060,0.1,100,980
8,100,0.3,0.0,harm,hybrid,0.001,top_ranker_q1,0.1,1.0,0,0.4644699990749359,0.002191578428958385,4,4060,0.075,100,980
8,100,0.3,0.0,harm,hybrid,0.001,top_ranker_q1,0.1,1.0,0,0.4768971800804138,0.00217926619059345,4,4060,0.075,100,980
8,100,0.3,0.0,harm,hybrid,0.001,top_ranker_q1,0.1,1.0,0,0.4893243610858917,0.00217926619059345,4,4060,0.075,100,980
8,100,0.3,0.0,harm,hybrid,0.001,top_ranker_q1,0.1,1.0,0,0.5017515420913696,0.0021546417138635803,4,4060,0.0625,100,980
8,100,0.3,0.0,harm,hybrid,0.001,top_ranker_q1,0.1,1.0,0,0.5141786932945251,0.0021423294754986458,4,4060,0.0625,100,980
8,100,0.3,0.0,harm,hybrid,0.001,top_ranker_q1,0.1,1.0,0,0.5266058444976807,0.0021300172371337108,4,4060,0.0625,100,980
8,100,0.3,0.0,harm,hybrid,0.001,top_ranker_q1,0.1,1.0,0,0.539033055305481,0.0021177049987687762,4,4060,0.0625,100,980
8,100,0.3,0.0,harm,hybrid,0.001,top_ranker_q1,0.1,1.0,0,0.5514602065086365,0.0021177049987687762,4,4060,0.0625,100,980
8,100,0.3,0.0,harm,hybrid,0.001,top_ranker_q1,0.1,1.0,0,0.563887357711792,0.0020930805220389067,4,4060,0.0625,100,980
8,100,0.3,0.0,harm,hybrid,0.001,top_ranker_q1,0.1,1.0,0,0.5763145685195923,0.0020438315685791675,4,4060,0.0625,100,980
8,100,0.3,0.0,harm,hybrid,0.001,top_ranker_q1,0.1,1.0,0,0.588741660118103,0.0020192070918492984,4,4060,0.05,100,980
8,100,0.3,0.0,harm,hybrid,0.001,top_ranker_q1,0.1,1.0,0,0.6011688709259033,0.0020192070918492984,4,4060,0.05,100,980
8,100,0.3,0.0,harm,hybrid,0.001,top_ranker_q1,0.1,1.0,0,0.6135960817337036,0.0019699581383895593,4,4060,0.05,100,980
8,100,0.3,0.0,harm,hybrid,0.001,top_ranker_q1,0.1,1.0,0,0.6260231733322144,0.0019576459000246243,4,4060,0.05,100,980
8,100,0.3,0.0,harm,hybrid,0.001,top_ranker_q1,0.1,1.0,0,0.6384503841400146,0.0019576459000246243,4,4060,0.05,100,980
8,100,0.3,0.0,harm,hybrid,0.001,top_ranker_q1,0.1,1.0,0,0.6508775949478149,0.0019083969465648856,4,4060,0.05,100,980
8,100,0.3,0.0,harm,hybrid,0.001,top_ranker_q1,0.1,1.0,0,0.6633046865463257,0.0018714602314700817,4,4060,0.05,100,980
8,100,0.3,0.0,harm,hybrid,0.001,top_ranker_q1,0.1,1.0,0,0.675731897354126,0.001846835754740212,4,4060,0.05,100,980
8,100,0.3,0.0,harm,hybrid,0.001,top_ranker_q1,0.1,1.0,0,0.6881591081619263,0.0017975868012804729,4,4060,0.05,100,980
8,100,0.3,0.0,harm,hybrid,0.001,top_ranker_q1,0.1,1.0,0,0.700586199760437,0.0017852745629155383,4,4060,0.05,100,980
8,100,0.3,0.0,harm,hybrid,0.001,top_ranker_q1,0.1,1.0,0,0.7130134105682373,0.0017237133710908644,4,4060,0.05,100,980
8,100,0.3,0.0,harm,hybrid,0.001,top_ranker_q1,0.1,1.0,0,0.725440502166748,0.0016744644176311253,4,4060,0.05,100,980
8,100,0.3,0.0,harm,hybrid,0.001,top_ranker_q1,0.1,1.0,0,0.7378677129745483,0.0016621521792661905,4,4060,0.05,100,980
8,100,0.3,0.0,harm,hybrid,0.001,top_ranker_q1,0.1,1.0,0,0.7502949237823486,0.001649839940901256,4,4060,0.05,100,980
8,100,0.3,0.0,harm,hybrid,0.001,top_ranker_q1,0.1,1.0,0,0.7627220153808594,0.0015882787490765823,4,4060,0.05,100,980
8,100,0.3,0.0,harm,hybrid,0.001,top_ranker_q1,0.1,1.0,0,0.7751492261886597,0.0015390297956168432,4,4060,0.05,100,980
8,100,0.3,0.0,harm,hybrid,0.001,top_ranker_q1,0.1,1.0,0,0.78757643699646,0.0015267175572519084,4,4060,0.05,100,980
8,100,0.3,0.0,harm,hybrid,0.001,top_ranker_q1,0.1,1.0,0,0.8000035285949707,0.0014897808421571043,4,4060,0.05,100,980
8,100,0.3,0.0,harm,hybrid,0.001,top_ranker_q1,0.1,1.0,0,0.812430739402771,0.0013912829352376263,4,4060,0.05,100,980
8,100,0.3,0.0,harm,hybrid,0.001,top_ranker_q1,0.1,1.0,0,0.8248579502105713,0.0012804727899532135,4,4060,0.05,100,980
8,100,0.3,0.0,harm,hybrid,0.001,top_ranker_q1,0.1,1.0,0,0.837285041809082,0.0011819748830337357,4,4060,0.05,100,980
8,100,0.3,0.0,harm,hybrid,0.001,top_ranker_q1,0.1,1.0,0,0.8497122526168823,0.0011450381679389316,4,4060,0.05,100,980
8,100,0.3,0.0,harm,hybrid,0.001,top_ranker_q1,0.1,1.0,0,0.8621394634246826,0.0011204136912090618,4,4060,0.05,100,980
8,100,0.3,0.0,harm,hybrid,0.001,top_ranker_q1,0.1,1.0,0,0.8745665550231934,0.0010588524993843883,4,4060,0.05,100,980
8,100,0.3,0.0,harm,hybrid,0.001,top_ranker_q1,0.1,1.0,0,0.8869937658309937,0.0009849790691947797,4,4060,0.05,100,980
8,100,0.3,0.0,harm,hybrid,0.001,top_ranker_q1,0.1,1.0,0,0.899420976638794,0.0009480423540999754,4,4060,0.05,100,980
8,100,0.3,0.0,harm,hybrid,0.001,top_ranker_q1,0.1,1.0,0,0.9118480682373047,0.0008495444471804974,4,4060,0.05,100,980
8,100,0.3,0.0,harm,hybrid,0.001,top_ranker_q1,0.1,1.0,0,0.924275279045105,0.0007633587786259542,4,4060,0.05,100,980
8,100,0.3,0.0,harm,hybrid,0.001,top_ranker_q1,0.1,1.0,0,0.9367023706436157,0.0006648608717064763,4,4060,0.037500000000000006,100,980
8,100,0.3,0.0,harm,hybrid,0.001,top_ranker_q1,0.1,1.0,0,0.949129581451416,0.000627924156611672,4,4060,0.037500000000000006,100,980
8,100,0.3,0.0,harm,hybrid,0.001,top_ranker_q1,0.1,1.0,0,0.9615567922592163,0.0005540507264220635,4,4060,0.037500000000000006,100,980
8,100,0.3,0.0,harm,hybrid,0.001,top_ranker_q1,0.1,1.0,0,0.973983883857727,0.0004924895345973898,4,4060,0.025,100,980
8,100,0.3,0.0,harm,hybrid,0.001,top_ranker_q1,0.1,1.0,0,0.9864110946655273,0.00038167938931297715,4,4060,0.025,100,980
8,100,0.3,0.0,harm,hybrid,0.001,top_ranker_q1,0.1,1.0,0,0.9988383054733276,0.00036936715094804237,4,4060,0.025,100,980
8,100,0.3,0.0,harm,hybrid,0.001,top_ranker_q1,0.1,1.0,0,1.0112653970718384,0.00035705491258310765,4,4060,0.025,100,980
8,100,0.3,0.0,harm,hybrid,0.001,top_ranker_q1,0.1,1.0,0,1.0236926078796387,0.00032011819748830337,4,4060,0.025,100,980
8,100,0.3,0.0,harm,hybrid,0.001,top_ranker_q1,0.1,1.0,0,1.036119818687439,0.00030780595912336864,4,4060,0.025,100,980
8,100,0.3,0.0,harm,hybrid,0.001,top_ranker_q1,0.1,1.0,0,1.0485469102859497,0.00028318148239349914,4,4060,0.025,100,980
8,100,0.3,0.0,harm,hybrid,0.001,top_ranker_q1,0.1,1.0,0,1.06097412109375,0.00025855700566362964,4,4060,0.0,100,980
8,100,0.3,0.0,harm,hybrid,0.001,top_ranker_q1,0.1,1.0,0,1.0734013319015503,0.0002462447672986949,4,4060,0.0,100,980
8,100,0.3,0.0,harm,hybrid,0.001,top_ranker_q1,0.1,1.0,0,1.0858285427093506,0.0002462447672986949,4,4060,0.0,100,980
8,100,0.3,0.0,harm,hybrid,0.001,top_ranker_q1,0.1,1.0,0,1.0982556343078613,0.0002462447672986949,4,4060,0.0,100,980
8,100,0.3,0.0,harm,hybrid,0.001,top_ranker_q1,0.1,1.0,0,1.1106828451156616,0.0002462447672986949,4,4060,0.0,100,980
8,100,0.3,0.0,harm,hybrid,0.001,top_ranker_q1,0.1,1.0,0,1.1231099367141724,0.0002462447672986949,4,4060,0.0,100,980
8,100,0.3,0.0,harm,hybrid,0.001,top_ranker_q1,0.1,1.0,0,1.1355371475219727,0.0002462447672986949,4,4060,0.0,100,980
8,100,0.3,0.0,harm,hybrid,0.001,top_ranker_q1,0.1,1.0,0,1.147964358329773,0.0002462447672986949,4,4060,0.0,100,980
8,100,0.3,0.0,harm,hybrid,0.001,top_ranker_q1,0.1,1.0,0,1.1603914499282837,0.0002462447672986949,4,4060,0.0,100,980
8,100,0.3,0.0,harm,hybrid,0.001,top_ranker_q1,0.1,1.0,0,1.172818660736084,0.0002462447672986949,4,4060,0.0,100,980
8,100,0.3,0.0,harm,hybrid,0.001,top_ranker_q1,0.1,1.0,0,1.1852458715438843,0.0002462447672986949,4,4060,0.0,100,980
8,100,0.3,0.0,harm,hybrid,0.001,top_ranker_q1,0.1,1.0,0,1.197672963142395,0.0002462447672986949,4,4060,0.0,100,980
8,100,0.3,0.0,harm,hybrid,0.001,top_ranker_q1,0.1,1.0,0,1.2101001739501953,0.0002462447672986949,4,4060,0.0,100,980
8,100,0.3,0.0,harm,hybrid,0.001,top_ranker_q1,0.1,1.0,0,1.2225273847579956,0.0002462447672986949,4,4060,0.0,100,980
8,100,0.3,0.0,harm,hybrid,0.001,top_ranker_q1,0.1,1.0,0,1.2349544763565063,0.0002462447672986949,4,4060,0.0,100,980
8,100,0.3,0.0,harm,hybrid,0.001,top_ranker_q1,0.1,1.0,0,1.2473816871643066,0.0002462447672986949,4,4060,0.0,100,980
8,100,0.3,0.0,harm,hybrid,0.001,top_ranker_q1,0.1,1.0,0,1.259808897972107,0.0002462447672986949,4,4060,0.0,100,980
8,100,0.3,0.0,harm,hybrid,0.001,top_ranker_q1,0.1,1.0,0,1.2722359895706177,0.0002462447672986949,4,4060,0.0,100,980
8,100,0.3,0.0,harm,hybrid,0.001,top_ranker_q1,0.1,1.0,0,1.284663200378418,0.0002462447672986949,4,4060,0.0,100,980
8,100,0.3,0.0,harm,hybrid,0.001,top_ranker_q1,0.1,1.0,0,1.2970904111862183,0.0002462447672986949,4,4060,0.0,100,980
8,100,0.3,0.0,harm,hybrid,0.001,top_ranker_q1,0.1,1.0,0,1.309517502784729,0.0002462447672986949,4,4060,0.0,100,980
9,100,0.3,0.0,harm,hybrid,0.001,top_ranker_q1,0.1,1.0,0,0.0,0.0025196656833824977,4,4067,0.1125,94,922
9,100,0.3,0.0,harm,hybrid,0.001,top_ranker_q1,0.1,1.0,0,0.013008207082748413,0.0025196656833824977,4,4067,0.1125,94,922
9,100,0.3,0.0,harm,hybrid,0.001,top_ranker_q1,0.1,1.0,0,0.026016414165496826,0.0025196656833824977,4,4067,0.1125,94,922
9,100,0.3,0.0,harm,hybrid,0.001,top_ranker_q1,0.1,1.0,0,0.03902462124824524,0.0025196656833824977,4,4067,0.1125,94,922
9,100,0.3,0.0,harm,hybrid,0.001,top_ranker_q1,0.1,1.0,0,0.05203282833099365,0.0025196656833824977,4,4067,0.1125,94,922
9,100,0.3,0.0,harm,hybrid,0.001,top_ranker_q1,0.1,1.0,0,0.06504103541374207,0.0025196656833824977,4,4067,0.1125,94,922
9,100,0.3,0.0,harm,hybrid,0.001,top_ranker_q1,0.1,1.0,0,0.07804924249649048,0.0025196656833824977,4,4067,0.1125,94,922
9,100,0.3,0.0,harm,hybrid,0.001,top_ranker_q1,0.1,1.0,0,0.09105744957923889,0.0025196656833824977,4,4067,0.1125,94,922
9,100,0.3,0.0,harm,hybrid,0.001,top_ranker_q1,0.1,1.0,0,0.1040656566619873,0.0025196656833824977,4,4067,0.1125,94,922
9,100,0.3,0.0,harm,hybrid,0.001,top_ranker_q1,0.1,1.0,0,0.11707386374473572,0.0025196656833824977,4,4067,0.1125,94,922
9,100,0.3,0.0,harm,hybrid,0.001,top_ranker_q1,0.1,1.0,0,0.13008207082748413,0.0025196656833824977,4,4067,0.1125,94,922
9,100,0.3,0.0,harm,hybrid,0.001,top_ranker_q1,0.1,1.0,0,0.14309027791023254,0.0025196656833824977,4,4067,0.1125,94,922
9,100,0.3,0.0,harm,hybrid,0.001,top_ranker_q1,0.1,1.0,0,0.15609848499298096,0.0025196656833824977,4,4067,0.1125,94,922
9,100,0.3,0.0,harm,hybrid,0.001,top_ranker_q1,0.1,1.0,0,0.16910669207572937,0.0025196656833824977,4,4067,0.1125,94,922
9,100,0.3,0.0,harm,hybrid,0.001,top_ranker_q1,0.1,1.0,0,0.18211489915847778,0.0025196656833824977,4,4067,0.1125,94,922
9,100,0.3,0.0,harm,hybrid,0.001,top_ranker_q1,0.1,1.0,0,0.1951231062412262,0.0025196656833824977,4,4067,0.1125,94,922
9,100,0.3,0.0,harm,hybrid,0.001,top_ranker_q1,0.1,1.0,0,0.2081313133239746,0.0025196656833824977,4,4067,0.1125,94,922
9,100,0.3,0.0,harm,hybrid,0.001,top_ranker_q1,0.1,1.0,0,0.22113952040672302,0.0025196656833824977,4,4067,0.1125,94,922
9,100,0.3,0.0,harm,hybrid,0.001,top_ranker_q1,0.1,1.0,0,0.23414772748947144,0.0025196656833824977,4,4067,0.1125,94,922
9,100,0.3,0.0,harm,hybrid,0.001,top_ranker_q1,0.1,1.0,0,0.24715593457221985,0.0025196656833824977,4,4067,0.1125,94,922
9,100,0.3,0.0,harm,hybrid,0.001,top_ranker_q1,0.1,1.0,0,0.26016414165496826,0.0025196656833824977,4,4067,0.1125,94,922
9,100,0.3,0.0,harm,hybrid,0.001,top_ranker_q1,0.1,1.0,0,0.2731723487377167,0.0025196656833824977,4,4067,0.1125,94,922
9,100,0.3,0.0,harm,hybrid,0.001,top_ranker_q1,0.1,1.0,0,0.2861805558204651,0.0025196656833824977,4,4067,0.1125,94,922
9,100,0.3,0.0,harm,hybrid,0.001,top_ranker_q1,0.1,1.0,0,0.2991887629032135,0.0025196656833824977,4,4067,0.1125,94,922
9,100,0.3,0.0,harm,hybrid,0.001,top_ranker_q1,0.1,1.0,0,0.3121969699859619,0.002507374631268436,4,4067,0.1125,94,922
9,100,0.3,0.0,harm,hybrid,0.001,top_ranker_q1,0.1,1.0,0,0.3252051770687103,0.002507374631268436,4,4067,0.1125,94,922
9,100,0.3,0.0,harm,hybrid,0.001,top_ranker_q1,0.1,1.0,0,0.33821338415145874,0.002507374631268436,4,4067,0.1125,94,922
9,100,0.3,0.0,harm,hybrid,0.001,top_ranker_q1,0.1,1.0,0,0.35122159123420715,0.002507374631268436,4,4067,0.1125,94,922
9,100,0.3,0.0,harm,hybrid,0.001,top_ranker_q1,0.1,1.0,0,0.36422979831695557,0.002507374631268436,4,4067,0.1125,94,922
9,100,0.3,0.0,harm,hybrid,0.001,top_ranker_q1,0.1,1.0,0,0.377238005399704,0.002507374631268436,4,4067,0.1125,94,922
9,100,0.3,0.0,harm,hybrid,0.001,top_ranker_q1,0.1,1.0,0,0.3902462124824524,0.0024950835791543754,4,4067,0.1125,94,922
9,100,0.3,0.0,harm,hybrid,0.001,top_ranker_q1,0.1,1.0,0,0.4032544195652008,0.0024459193706981314,4,4067,0.1,94,922
9,100,0.3,0.0,harm,hybrid,0.001,top_ranker_q1,0.1,1.0,0,0.4162626266479492,0.0024582104228121925,4,4067,0.1,94,922
9,100,0.3,0.0,harm,hybrid,0.001,top_ranker_q1,0.1,1.0,0,0.42927083373069763,0.0024336283185840708,4,4067,0.1,94,922
9,100,0.3,0.0,harm,hybrid,0.001,top_ranker_q1,0.1,1.0,0,0.44227904081344604,0.002409046214355949,4,4067,0.1,94,922
9,100,0.3,0.0,harm,hybrid,0.001,top_ranker_q1,0.1,1.0,0,0.45528724789619446,0.0023598820058997054,4,4067,0.1,94,922
9,100,0.3,0.0,harm,hybrid,0.001,top_ranker_q1,0.1,1.0,0,0.46829545497894287,0.0023352999016715828,4,4067,0.0875,94,922
9,100,0.3,0.0,harm,hybrid,0.001,top_ranker_q1,0.1,1.0,0,0.4813036620616913,0.0023107177974434614,4,4067,0.0875,94,922
9,100,0.3,0.0,harm,hybrid,0.001,top_ranker_q1,0.1,1.0,0,0.4943118691444397,0.002273844641101278,4,4067,0.0875,94,922
9,100,0.3,0.0,harm,hybrid,0.001,top_ranker_q1,0.1,1.0,0,0.5073200464248657,0.0022369714847590956,4,4067,0.0875,94,922
9,100,0.3,0.0,harm,hybrid,0.001,top_ranker_q1,0.1,1.0,0,0.5203282833099365,0.0022123893805309734,4,4067,0.0875,94,922
9,100,0.3,0.0,harm,hybrid,0.001,top_ranker_q1,0.1,1.0,0,0.5333365201950073,0.0022000983284169127,4,4067,0.0875,94,922
9,100,0.3,0.0,harm,hybrid,0.001,top_ranker_q1,0.1,1.0,0,0.5463446974754333,0.0021878072763028516,4,4067,0.0875,94,922
9,100,0.3,0.0,harm,hybrid,0.001,top_ranker_q1,0.1,1.0,0,0.5593528747558594,0.0021386430678466076,4,4067,0.0875,94,922
9,100,0.3,0.0,harm,hybrid,0.001,top_ranker_q1,0.1,1.0,0,0.5723611116409302,0.0021386430678466076,4,4067,0.0875,94,922
9,100,0.3,0.0,harm,hybrid,0.001,top_ranker_q1,0.1,1.0,0,0.585369348526001,0.002114060963618486,4,4067,0.0875,94,922
9,100,0.3,0.0,harm,hybrid,0.001,top_ranker_q1,0.1,1.0,0,0.598377525806427,0.0021017699115044247,4,4067,0.0875,94,922
9,100,0.3,0.0,harm,hybrid,0.001,top_ranker_q1,0.1,1.0,0,0.611385703086853,0.0021017699115044247,4,4067,0.0875,94,922
9,100,0.3,0.0,harm,hybrid,0.001,top_ranker_q1,0.1,1.0,0,0.6243939399719238,0.0020894788593903636,4,4067,0.0875,94,922
9,100,0.3,0.0,harm,hybrid,0.001,top_ranker_q1,0.1,1.0,0,0.6374021768569946,0.002064896755162242,4,4067,0.0875,94,922
9,100,0.3,0.0,harm,hybrid,0.001,top_ranker_q1,0.1,1.0,0,0.6504103541374207,0.0020526057030481808,4,4067,0.0875,94,922
9,100,0.3,0.0,harm,hybrid,0.001,top_ranker_q1,0.1,1.0,0,0.6634185314178467,0.002003441494591937,4,4067,0.0875,94,922
9,100,0.3,0.0,harm,hybrid,0.001,top_ranker_q1,0.1,1.0,0,0.6764267683029175,0.0019174041297935105,4,4067,0.0875,94,922
9,100,0.3,0.0,harm,hybrid,0.001,top_ranker_q1,0.1,1.0,0,0.6894350051879883,0.0018928220255653885,4,4067,0.0875,94,922
9,100,0.3,0.0,harm,hybrid,0.001,top_ranker_q1,0.1,1.0,0,0.7024431824684143,0.0018805309734513276,4,4067,0.0875,94,922
9,100,0.3,0.0,harm,hybrid,0.001,top_ranker_q1,0.1,1.0,0,0.7154513597488403,0.0018559488692232058,4,4067,0.0875,94,922
9,100,0.3,0.0,harm,hybrid,0.001,top_ranker_q1,0.1,1.0,0,0.7284595966339111,0.0018190757128810227,4,4067,0.0875,94,922
9,100,0.3,0.0,harm,hybrid,0.001,top_ranker_q1,0.1,1.0,0,0.7414678335189819,0.0017576204523107178,4,4067,0.0875,94,922
9,100,0.3,0.0,harm,hybrid,0.001,top_ranker_q1,0.1,1.0,0,0.754476010799408,0.0017576204523107178,4,4067,0.0875,94,922
9,100,0.3,0.0,harm,hybrid,0.001,top_ranker_q1,0.1,1.0,0,0.767484188079834,0.001683874139626352,4,4067,0.0875,94,922
9,100,0.3,0.0,harm,hybrid,0.001,top_ranker_q1,0.1,1.0,0,0.7804924249649048,0.00165929203539823,4,4067,0.0875,94,922
9,100,0.3,0.0,harm,hybrid,0.001,top_ranker_q1,0.1,1.0,0,0.7935006618499756,0.0016224188790560472,4,4067,0.0875,94,922
9,100,0.3,0.0,harm,hybrid,0.001,top_ranker_q1,0.1,1.0,0,0.8065088391304016,0.0015486725663716814,4,4067,0.0875,94,922
9,100,0.3,0.0,harm,hybrid,0.001,top_ranker_q1,0.1,1.0,0,0.8195170164108276,0.0014995083579154378,4,4067,0.0875,94,922
9,100,0.3,0.0,harm,hybrid,0.001,top_ranker_q1,0.1,1.0,0,0.8325252532958984,0.0014380530973451327,4,4067,0.0875,94,922
9,100,0.3,0.0,harm,hybrid,0.001,top_ranker_q1,0.1,1.0,0,0.8455334901809692,0.001352015732546706,4,4067,0.0875,94,922
9,100,0.3,0.0,harm,hybrid,0.001,top_ranker_q1,0.1,1.0,0,0.8585416674613953,0.0012782694198623405,4,4067,0.0875,94,922
9,100,0.3,0.0,harm,hybrid,0.001,top_ranker_q1,0.1,1.0,0,0.8715498447418213,0.0012168141592920356,4,4067,0.0875,94,922
9,100,0.3,0.0,harm,hybrid,0.001,top_ranker_q1,0.1,1.0,0,0.8845580816268921,0.0011184857423795478,4,4067,0.0875,94,922
9,100,0.3,0.0,harm,hybrid,0.001,top_ranker_q1,0.1,1.0,0,0.8975663185119629,0.001032448377581121,4,4067,0.0875,94,922
9,100,0.3,0.0,harm,hybrid,0.001,top_ranker_q1,0.1,1.0,0,0.9105744957923889,0.0009218289085545723,4,4067,0.0875,94,922
9,100,0.3,0.0,harm,hybrid,0.001,top_ranker_q1,0.1,1.0,0,0.9235826730728149,0.0008726647000983285,4,4067,0.0875,94,922
9,100,0.3,0.0,harm,hybrid,0.001,top_ranker_q1,0.1,1.0,0,0.9365909099578857,0.0007989183874139627,4,4067,0.07500000000000001,94,922
9,100,0.3,0.0,harm,hybrid,0.001,top_ranker_q1,0.1,1.0,0,0.9495991468429565,0.0007374631268436578,4,4067,0.0625,94,922
9,100,0.3,0.0,harm,hybrid,0.001,top_ranker_q1,0.1,1.0,0,0.9626073241233826,0.0006391347099311701,4,4067,0.05,94,922
9,100,0.3,0.0,harm,hybrid,0.001,top_ranker_q1,0.1,1.0,0,0.9756155014038086,0.0005530973451327434,4,4067,0.05,94,922
9,100,0.3,0.0,harm,hybrid,0.001,top_ranker_q1,0.1,1.0,0,0.9886237382888794,0.0005285152409046215,4,4067,0.05,94,922
9,100,0.3,0.0,harm,hybrid,0.001,top_ranker_q1,0.1,1.0,0,1.0016319751739502,0.00046705998033431663,4,4067,0.037500000000000006,94,922
9,100,0.3,0.0,harm,hybrid,0.001,top_ranker_q1,0.1,1.0,0,1.0146400928497314,0.0003933136676499509,4,4067,0.025,94,922
9,100,0.3,0.0,harm,hybrid,0.001,top_ranker_q1,0.1,1.0,0,1.0276483297348022,0.00035644051130776796,4,4067,0.0125,94,922
9,100,0.3,0.0,harm,hybrid,0.001,top_ranker_q1,0.1,1.0,0,1.040656566619873,0.000331858407079646,4,4067,0.0,94,922
9,100,0.3,0.0,harm,hybrid,0.001,top_ranker_q1,0.1,1.0,0,1.0536648035049438,0.000331858407079646,4,4067,0.0,94,922
9,100,0.3,0.0,harm,hybrid,0.001,top_ranker_q1,0.1,1.0,0,1.0666730403900146,0.0003072763028515241,4,4067,0.0,94,922
9,100,0.3,0.0,harm,hybrid,0.001,top_ranker_q1,0.1,1.0,0,1.079681158065796,0.0002949852507374631,4,4067,0.0,94,922
9,100,0.3,0.0,harm,hybrid,0.001,top_ranker_q1,0.1,1.0,0,1.0926893949508667,0.00027040314650934123,4,4067,0.0,94,922
9,100,0.3,0.0,harm,hybrid,0.001,top_ranker_q1,0.1,1.0,0,1.1056976318359375,0.00025811209439528023,4,4067,0.0,94,922
9,100,0.3,0.0,harm,hybrid,0.001,top_ranker_q1,0.1,1.0,0,1.1187057495117188,0.00025811209439528023,4,4067,0.0,94,922
9,100,0.3,0.0,harm,hybrid,0.001,top_ranker_q1,0.1,1.0,0,1.1317139863967896,0.00025811209439528023,4,4067,0.0,94,922
9,100,0.3,0.0,harm,hybrid,0.001,top_ranker_q1,0.1,1.0,0,1.1447222232818604,0.00025811209439528023,4,4067,0.0,94,922
9,100,0.3,0.0,harm,hybrid,0.001,top_ranker_q1,0.1,1.0,0,1.1577304601669312,0.00025811209439528023,4,4067,0.0,94,922
9,100,0.3,0.0,harm,hybrid,0.001,top_ranker_q1,0.1,1.0,0,1.170738697052002,0.00025811209439528023,4,4067,0.0,94,922
9,100,0.3,0.0,harm,hybrid,0.001,top_ranker_q1,0.1,1.0,0,1.1837468147277832,0.00025811209439528023,4,4067,0.0,94,922
9,100,0.3,0.0,harm,hybrid,0.001,top_ranker_q1,0.1,1.0,0,1.196755051612854,0.00025811209439528023,4,4067,0.0,94,922
9,100,0.3,0.0,harm,hybrid,0.001,top_ranker_q1,0.1,1.0,0,1.2097632884979248,0.0002458210422812193,4,4067,0.0,94,922
9,100,0.3,0.0,harm,hybrid,0.001,top_ranker_q1,0.1,1.0,0,1.222771406173706,0.0002458210422812193,4,4067,0.0,94,922
9,100,0.3,0.0,harm,hybrid,0.001,top_ranker_q1,0.1,1.0,0,1.2357796430587769,0.0002458210422812193,4,4067,0.0,94,922
9,100,0.3,0.0,harm,hybrid,0.001,top_ranker_q1,0.1,1.0,0,1.2487878799438477,0.0002458210422812193,4,4067,0.0,94,922
9,100,0.3,0.0,harm,hybrid,0.001,top_ranker_q1,0.1,1.0,0,1.2617961168289185,0.0002458210422812193,4,4067,0.0,94,922
9,100,0.3,0.0,harm,hybrid,0.001,top_ranker_q1,0.1,1.0,0,1.2748043537139893,0.0002458210422812193,4,4067,0.0,94,922
9,100,0.3,0.0,harm,hybrid,0.001,top_ranker_q1,0.1,1.0,0,1.2878124713897705,0.0002458210422812193,4,4067,0.0,94,922
