run_id,epoch,base_harm,beta,score_type,conformal_method,Collective,Report Strategy,Report Fraction,likes_softmax_temperature,topk_n,gamma,calib_risk_adjusted,num_adv_users,calib_set_size,avg_harm_adv_raw,total_flagged_items,total_items_seen_by_adv_users
0,100,0.3,0.0,harm,hybrid,0.001,low_risk_q1,0.1,1.0,0,0.11756947636604309,0.0033827160493827163,4,4049,1.0,99,968
0,100,0.3,0.0,harm,hybrid,0.001,low_risk_q1,0.1,1.0,0,0.12999893724918365,0.0033827160493827163,4,4049,1.0,99,968
0,100,0.3,0.0,harm,hybrid,0.001,low_risk_q1,0.1,1.0,0,0.14242839813232422,0.0033827160493827163,4,4049,1.0,99,968
0,100,0.3,0.0,harm,hybrid,0.001,low_risk_q1,0.1,1.0,0,0.1548578441143036,0.0033827160493827163,4,4049,1.0,99,968
0,100,0.3,0.0,harm,hybrid,0.001,low_risk_q1,0.1,1.0,0,0.16728731989860535,0.0033827160493827163,4,4049,1.0,99,968
0,100,0.3,0.0,harm,hybrid,0.001,low_risk_q1,0.1,1.0,0,0.17971676588058472,0.0033827160493827163,4,4049,1.0,99,968
0,100,0.3,0.0,harm,hybrid,0.001,low_risk_q1,0.1,1.0,0,0.19214622676372528,0.0033827160493827163,4,4049,1.0,99,968
0,100,0.3,0.0,harm,hybrid,0.001,low_risk_q1,0.1,1.0,0,0.20457568764686584,0.0033827160493827163,4,4049,1.0,99,968
0,100,0.3,0.0,harm,hybrid,0.001,low_risk_q1,0.1,1.0,0,0.2170051485300064,0.0033827160493827163,4,4049,1.0,99,968
0,100,0.3,0.0,harm,hybrid,0.001,low_risk_q1,0.1,1.0,0,0.22943460941314697,0.0033827160493827163,4,4049,1.0,99,968
0,100,0.3,0.0,harm,hybrid,0.001,low_risk_q1,0.1,1.0,0,0.24186407029628754,0.0033827160493827163,4,4049,1.0,99,968
0,100,0.3,0.0,harm,hybrid,0.001,low_risk_q1,0.1,1.0,0,0.2542935311794281,0.003370370370370371,4,4049,1.0,99,968
0,100,0.3,0.0,harm,hybrid,0.001,low_risk_q1,0.1,1.0,0,0.26672297716140747,0.003370370370370371,4,4049,1.0,99,968
0,100,0.3,0.0,harm,hybrid,0.001,low_risk_q1,0.1,1.0,0,0.27915245294570923,0.003370370370370371,4,4049,1.0,99,968
0,100,0.3,0.0,harm,hybrid,0.001,low_risk_q1,0.1,1.0,0,0.2915818989276886,0.0033580246913580253,4,4049,0.9875,99,968
0,100,0.3,0.0,harm,hybrid,0.001,low_risk_q1,0.1,1.0,0,0.30401134490966797,0.003345679012345679,4,4049,0.9875,99,968
0,100,0.3,0.0,harm,hybrid,0.001,low_risk_q1,0.1,1.0,0,0.3164408206939697,0.003345679012345679,4,4049,0.9875,99,968
0,100,0.3,0.0,harm,hybrid,0.001,low_risk_q1,0.1,1.0,0,0.3288702964782715,0.003345679012345679,4,4049,0.9875,99,968
0,100,0.3,0.0,harm,hybrid,0.001,low_risk_q1,0.1,1.0,0,0.34129974246025085,0.0033333333333333335,4,4049,0.975,99,968
0,100,0.3,0.0,harm,hybrid,0.001,low_risk_q1,0.1,1.0,0,0.3537291884422302,0.0033333333333333335,4,4049,0.975,99,968
0,100,0.3,0.0,harm,hybrid,0.001,low_risk_q1,0.1,1.0,0,0.366158664226532,0.003320987654320988,4,4049,0.975,99,968
0,100,0.3,0.0,harm,hybrid,0.001,low_risk_q1,0.1,1.0,0,0.37858811020851135,0.003320987654320988,4,4049,0.975,99,968
0,100,0.3,0.0,harm,hybrid,0.001,low_risk_q1,0.1,1.0,0,0.3910175859928131,0.003308641975308642,4,4049,0.9625,99,968
0,100,0.3,0.0,harm,hybrid,0.001,low_risk_q1,0.1,1.0,0,0.4034470319747925,0.003308641975308642,4,4049,0.9625,99,968
0,100,0.3,0.0,harm,hybrid,0.001,low_risk_q1,0.1,1.0,0,0.41587647795677185,0.003283950617283951,4,4049,0.9375,99,968
0,100,0.3,0.0,harm,hybrid,0.001,low_risk_q1,0.1,1.0,0,0.4283059537410736,0.003259259259259259,4,4049,0.925,99,968
0,100,0.3,0.0,harm,hybrid,0.001,low_risk_q1,0.1,1.0,0,0.440735399723053,0.003246913580246914,4,4049,0.9125,99,968
0,100,0.3,0.0,harm,hybrid,0.001,low_risk_q1,0.1,1.0,0,0.45316487550735474,0.00317283950617284,4,4049,0.8624999999999999,99,968
0,100,0.3,0.0,harm,hybrid,0.001,low_risk_q1,0.1,1.0,0,0.4655943214893341,0.003160493827160494,4,4049,0.85,99,968
0,100,0.3,0.0,harm,hybrid,0.001,low_risk_q1,0.1,1.0,0,0.47802379727363586,0.003160493827160494,4,4049,0.85,99,968
0,100,0.3,0.0,harm,hybrid,0.001,low_risk_q1,0.1,1.0,0,0.49045324325561523,0.003098765432098766,4,4049,0.8374999999999999,99,968
0,100,0.3,0.0,harm,hybrid,0.001,low_risk_q1,0.1,1.0,0,0.502882719039917,0.0030617283950617282,4,4049,0.8125,99,968
0,100,0.3,0.0,harm,hybrid,0.001,low_risk_q1,0.1,1.0,0,0.5153121948242188,0.002987654320987654,4,4049,0.7749999999999999,99,968
0,100,0.3,0.0,harm,hybrid,0.001,low_risk_q1,0.1,1.0,0,0.5277416110038757,0.002962962962962963,4,4049,0.7625,99,968
0,100,0.3,0.0,harm,hybrid,0.001,low_risk_q1,0.1,1.0,0,0.5401710867881775,0.002925925925925926,4,4049,0.7375,99,968
0,100,0.3,0.0,harm,hybrid,0.001,low_risk_q1,0.1,1.0,0,0.5526005029678345,0.0028765432098765433,4,4049,0.7,99,968
0,100,0.3,0.0,harm,hybrid,0.001,low_risk_q1,0.1,1.0,0,0.5650299787521362,0.002839506172839506,4,4049,0.6875,99,968
0,100,0.3,0.0,harm,hybrid,0.001,low_risk_q1,0.1,1.0,0,0.577459454536438,0.002777777777777778,4,4049,0.6625,99,968
0,100,0.3,0.0,harm,hybrid,0.001,low_risk_q1,0.1,1.0,0,0.5898889303207397,0.002765432098765432,4,4049,0.6625,99,968
0,100,0.3,0.0,harm,hybrid,0.001,low_risk_q1,0.1,1.0,0,0.6023184061050415,0.002728395061728395,4,4049,0.6625,99,968
0,100,0.3,0.0,harm,hybrid,0.001,low_risk_q1,0.1,1.0,0,0.6147478818893433,0.0027160493827160497,4,4049,0.6625,99,968
0,100,0.3,0.0,harm,hybrid,0.001,low_risk_q1,0.1,1.0,0,0.6271772384643555,0.002703703703703704,4,4049,0.6625,99,968
0,100,0.3,0.0,harm,hybrid,0.001,low_risk_q1,0.1,1.0,0,0.6396067142486572,0.002666666666666667,4,4049,0.6625,99,968
0,100,0.3,0.0,harm,hybrid,0.001,low_risk_q1,0.1,1.0,0,0.652036190032959,0.002654320987654321,4,4049,0.6625,99,968
0,100,0.3,0.0,harm,hybrid,0.001,low_risk_q1,0.1,1.0,0,0.6644656658172607,0.0026049382716049384,4,4049,0.6625,99,968
0,100,0.3,0.0,harm,hybrid,0.001,low_risk_q1,0.1,1.0,0,0.6768951416015625,0.0026049382716049384,4,4049,0.6625,99,968
0,100,0.3,0.0,harm,hybrid,0.001,low_risk_q1,0.1,1.0,0,0.6893246173858643,0.0025679012345679016,4,4049,0.6625,99,968
0,100,0.3,0.0,harm,hybrid,0.001,low_risk_q1,0.1,1.0,0,0.701754093170166,0.0025185185185185185,4,4049,0.6625,99,968
0,100,0.3,0.0,harm,hybrid,0.001,low_risk_q1,0.1,1.0,0,0.7141834497451782,0.002506172839506173,4,4049,0.6625,99,968
0,100,0.3,0.0,harm,hybrid,0.001,low_risk_q1,0.1,1.0,0,0.72661292552948,0.0024938271604938275,4,4049,0.6625,99,968
0,100,0.3,0.0,harm,hybrid,0.001,low_risk_q1,0.1,1.0,0,0.7390424013137817,0.002481481481481482,4,4049,0.6625,99,968
0,100,0.3,0.0,harm,hybrid,0.001,low_risk_q1,0.1,1.0,0,0.7514718770980835,0.0024691358024691358,4,4049,0.6625,99,968
0,100,0.3,0.0,harm,hybrid,0.001,low_risk_q1,0.1,1.0,0,0.7639013528823853,0.0024444444444444444,4,4049,0.6625,99,968
0,100,0.3,0.0,harm,hybrid,0.001,low_risk_q1,0.1,1.0,0,0.776330828666687,0.0024197530864197535,4,4049,0.6625,99,968
0,100,0.3,0.0,harm,hybrid,0.001,low_risk_q1,0.1,1.0,0,0.7887603044509888,0.0023827160493827162,4,4049,0.6625,99,968
0,100,0.3,0.0,harm,hybrid,0.001,low_risk_q1,0.1,1.0,0,0.8011897802352905,0.0023703703703703703,4,4049,0.6625,99,968
0,100,0.3,0.0,harm,hybrid,0.001,low_risk_q1,0.1,1.0,0,0.8136191368103027,0.0023333333333333335,4,4049,0.6625,99,968
0,100,0.3,0.0,harm,hybrid,0.001,low_risk_q1,0.1,1.0,0,0.8260486125946045,0.002234567901234568,4,4049,0.6625,99,968
0,100,0.3,0.0,harm,hybrid,0.001,low_risk_q1,0.1,1.0,0,0.8384780883789062,0.002148148148148148,4,4049,0.6625,99,968
0,100,0.3,0.0,harm,hybrid,0.001,low_risk_q1,0.1,1.0,0,0.850907564163208,0.0020987654320987655,4,4049,0.6625,99,968
0,100,0.3,0.0,harm,hybrid,0.001,low_risk_q1,0.1,1.0,0,0.8633370399475098,0.002012345679012346,4,4049,0.6625,99,968
0,100,0.3,0.0,harm,hybrid,0.001,low_risk_q1,0.1,1.0,0,0.8757665157318115,0.0019629629629629632,4,4049,0.6625,99,968
0,100,0.3,0.0,harm,hybrid,0.001,low_risk_q1,0.1,1.0,0,0.8881959915161133,0.0019012345679012348,4,4049,0.6625,99,968
0,100,0.3,0.0,harm,hybrid,0.001,low_risk_q1,0.1,1.0,0,0.9006253480911255,0.001814814814814815,4,4049,0.6625,99,968
0,100,0.3,0.0,harm,hybrid,0.001,low_risk_q1,0.1,1.0,0,0.9130548238754272,0.0016790123456790125,4,4049,0.6625,99,968
0,100,0.3,0.0,harm,hybrid,0.001,low_risk_q1,0.1,1.0,0,0.925484299659729,0.0015679012345679014,4,4049,0.6625,99,968
0,100,0.3,0.0,harm,hybrid,0.001,low_risk_q1,0.1,1.0,0,0.9379137754440308,0.0015185185185185187,4,4049,0.6625,99,968
0,100,0.3,0.0,harm,hybrid,0.001,low_risk_q1,0.1,1.0,0,0.9503432512283325,0.0014567901234567903,4,4049,0.6375000000000001,99,968
0,100,0.3,0.0,harm,hybrid,0.001,low_risk_q1,0.1,1.0,0,0.9627727270126343,0.0013333333333333335,4,4049,0.6,99,968
0,100,0.3,0.0,harm,hybrid,0.001,low_risk_q1,0.1,1.0,0,0.975202202796936,0.0012345679012345679,4,4049,0.5375,99,968
0,100,0.3,0.0,harm,hybrid,0.001,low_risk_q1,0.1,1.0,0,0.9876315593719482,0.00108641975308642,4,4049,0.45,99,968
0,100,0.3,0.0,harm,hybrid,0.001,low_risk_q1,0.1,1.0,0,1.00006103515625,0.0009012345679012346,4,4049,0.375,99,968
0,100,0.3,0.0,harm,hybrid,0.001,low_risk_q1,0.1,1.0,0,1.0124905109405518,0.0007654320987654322,4,4049,0.3125,99,968
0,100,0.3,0.0,harm,hybrid,0.001,low_risk_q1,0.1,1.0,0,1.0249199867248535,0.0006543209876543211,4,4049,0.22499999999999998,99,968
0,100,0.3,0.0,harm,hybrid,0.001,low_risk_q1,0.1,1.0,0,1.0373494625091553,0.0005679012345679013,4,4049,0.17500000000000002,99,968
0,100,0.3,0.0,harm,hybrid,0.001,low_risk_q1,0.1,1.0,0,1.049778938293457,0.0004814814814814815,4,4049,0.1375,99,968
0,100,0.3,0.0,harm,hybrid,0.001,low_risk_q1,0.1,1.0,0,1.0622084140777588,0.00044444444444444447,4,4049,0.125,99,968
0,100,0.3,0.0,harm,hybrid,0.001,low_risk_q1,0.1,1.0,0,1.074637770652771,0.0003703703703703704,4,4049,0.0625,99,968
0,100,0.3,0.0,harm,hybrid,0.001,low_risk_q1,0.1,1.0,0,1.0870672464370728,0.00035802469135802473,4,4049,0.05,99,968
0,100,0.3,0.0,harm,hybrid,0.001,low_risk_q1,0.1,1.0,0,1.0994967222213745,0.00030864197530864197,4,4049,0.025,99,968
0,100,0.3,0.0,harm,hybrid,0.001,low_risk_q1,0.1,1.0,0,1.1119261980056763,0.0002839506172839506,4,4049,0.0125,99,968
0,100,0.3,0.0,harm,hybrid,0.001,low_risk_q1,0.1,1.0,0,1.124355673789978,0.00027160493827160494,4,4049,0.0125,99,968
0,100,0.3,0.0,harm,hybrid,0.001,low_risk_q1,0.1,1.0,0,1.1367850303649902,0.00025925925925925926,4,4049,0.0,99,968
0,100,0.3,0.0,harm,hybrid,0.001,low_risk_q1,0.1,1.0,0,1.149214506149292,0.00025925925925925926,4,4049,0.0,99,968
0,100,0.3,0.0,harm,hybrid,0.001,low_risk_q1,0.1,1.0,0,1.1616439819335938,0.00025925925925925926,4,4049,0.0,99,968
0,100,0.3,0.0,harm,hybrid,0.001,low_risk_q1,0.1,1.0,0,1.1740734577178955,0.00025925925925925926,4,4049,0.0,99,968
0,100,0.3,0.0,harm,hybrid,0.001,low_risk_q1,0.1,1.0,0,1.1865029335021973,0.00025925925925925926,4,4049,0.0,99,968
0,100,0.3,0.0,harm,hybrid,0.001,low_risk_q1,0.1,1.0,0,1.198932409286499,0.00025925925925925926,4,4049,0.0,99,968
0,100,0.3,0.0,harm,hybrid,0.001,low_risk_q1,0.1,1.0,0,1.2113618850708008,0.0002469135802469136,4,4049,0.0,99,968
0,100,0.3,0.0,harm,hybrid,0.001,low_risk_q1,0.1,1.0,0,1.223791241645813,0.0002469135802469136,4,4049,0.0,99,968
0,100,0.3,0.0,harm,hybrid,0.001,low_risk_q1,0.1,1.0,0,1.2362207174301147,0.0002469135802469136,4,4049,0.0,99,968
0,100,0.3,0.0,harm,hybrid,0.001,low_risk_q1,0.1,1.0,0,1.2486501932144165,0.0002469135802469136,4,4049,0.0,99,968
0,100,0.3,0.0,harm,hybrid,0.001,low_risk_q1,0.1,1.0,0,1.2610796689987183,0.0002469135802469136,4,4049,0.0,99,968
0,100,0.3,0.0,harm,hybrid,0.001,low_risk_q1,0.1,1.0,0,1.27350914478302,0.0002469135802469136,4,4049,0.0,99,968
0,100,0.3,0.0,harm,hybrid,0.001,low_risk_q1,0.1,1.0,0,1.2859386205673218,0.0002469135802469136,4,4049,0.0,99,968
0,100,0.3,0.0,harm,hybrid,0.001,low_risk_q1,0.1,1.0,0,1.2983680963516235,0.0002469135802469136,4,4049,0.0,99,968
0,100,0.3,0.0,harm,hybrid,0.001,low_risk_q1,0.1,1.0,0,1.3107974529266357,0.0002469135802469136,4,4049,0.0,99,968
0,100,0.3,0.0,harm,hybrid,0.001,low_risk_q1,0.1,1.0,0,1.3232269287109375,0.0002469135802469136,4,4049,0.0,99,968
0,100,0.3,0.0,harm,hybrid,0.001,low_risk_q1,0.1,1.0,0,1.3356564044952393,0.0002469135802469136,4,4049,0.0,99,968
0,100,0.3,0.0,harm,hybrid,0.001,low_risk_q1,0.1,1.0,0,1.348085880279541,0.0002469135802469136,4,4049,0.0,99,968
1,100,0.3,0.0,harm,hybrid,0.001,low_risk_q1,0.1,1.0,0,0.04140770435333252,0.0034440344403444036,4,4064,1.0,103,1000
1,100,0.3,0.0,harm,hybrid,0.001,low_risk_q1,0.1,1.0,0,0.05379550904035568,0.0034440344403444036,4,4064,1.0,103,1000
1,100,0.3,0.0,harm,hybrid,0.001,low_risk_q1,0.1,1.0,0,0.06618331372737885,0.0034440344403444036,4,4064,1.0,103,1000
1,100,0.3,0.0,harm,hybrid,0.001,low_risk_q1,0.1,1.0,0,0.07857111841440201,0.0034440344403444036,4,4064,1.0,103,1000
1,100,0.3,0.0,harm,hybrid,0.001,low_risk_q1,0.1,1.0,0,0.09095892310142517,0.0034440344403444036,4,4064,1.0,103,1000
1,100,0.3,0.0,harm,hybrid,0.001,low_risk_q1,0.1,1.0,0,0.10334672778844833,0.0034440344403444036,4,4064,1.0,103,1000
1,100,0.3,0.0,harm,hybrid,0.001,low_risk_q1,0.1,1.0,0,0.1157345324754715,0.0034440344403444036,4,4064,1.0,103,1000
1,100,0.3,0.0,harm,hybrid,0.001,low_risk_q1,0.1,1.0,0,0.12812232971191406,0.0034440344403444036,4,4064,1.0,103,1000
1,100,0.3,0.0,harm,hybrid,0.001,low_risk_q1,0.1,1.0,0,0.14051014184951782,0.0034440344403444036,4,4064,1.0,103,1000
1,100,0.3,0.0,harm,hybrid,0.001,low_risk_q1,0.1,1.0,0,0.15289795398712158,0.0034440344403444036,4,4064,1.0,103,1000
1,100,0.3,0.0,harm,hybrid,0.001,low_risk_q1,0.1,1.0,0,0.16528575122356415,0.0034440344403444036,4,4064,1.0,103,1000
1,100,0.3,0.0,harm,hybrid,0.001,low_risk_q1,0.1,1.0,0,0.1776735484600067,0.0034440344403444036,4,4064,1.0,103,1000
1,100,0.3,0.0,harm,hybrid,0.001,low_risk_q1,0.1,1.0,0,0.19006136059761047,0.0034440344403444036,4,4064,1.0,103,1000
1,100,0.3,0.0,harm,hybrid,0.001,low_risk_q1,0.1,1.0,0,0.20244917273521423,0.0034440344403444036,4,4064,1.0,103,1000
1,100,0.3,0.0,harm,hybrid,0.001,low_risk_q1,0.1,1.0,0,0.2148369699716568,0.0034440344403444036,4,4064,1.0,103,1000
1,100,0.3,0.0,harm,hybrid,0.001,low_risk_q1,0.1,1.0,0,0.22722476720809937,0.003431734317343173,4,4064,0.9875,103,1000
1,100,0.3,0.0,harm,hybrid,0.001,low_risk_q1,0.1,1.0,0,0.23961257934570312,0.003431734317343173,4,4064,0.9875,103,1000
1,100,0.3,0.0,harm,hybrid,0.001,low_risk_q1,0.1,1.0,0,0.2520003914833069,0.003431734317343173,4,4064,0.9875,103,1000
1,100,0.3,0.0,harm,hybrid,0.001,low_risk_q1,0.1,1.0,0,0.26438820362091064,0.003431734317343173,4,4064,0.9875,103,1000
1,100,0.3,0.0,harm,hybrid,0.001,low_risk_q1,0.1,1.0,0,0.276775985956192,0.003431734317343173,4,4064,0.9875,103,1000
1,100,0.3,0.0,harm,hybrid,0.001,low_risk_q1,0.1,1.0,0,0.2891637980937958,0.003431734317343173,4,4064,0.9875,103,1000
1,100,0.3,0.0,harm,hybrid,0.001,low_risk_q1,0.1,1.0,0,0.30155161023139954,0.003419434194341944,4,4064,0.9875,103,1000
1,100,0.3,0.0,harm,hybrid,0.001,low_risk_q1,0.1,1.0,0,0.3139393925666809,0.003419434194341944,4,4064,0.9875,103,1000
1,100,0.3,0.0,harm,hybrid,0.001,low_risk_q1,0.1,1.0,0,0.32632720470428467,0.003394833948339484,4,4064,0.9624999999999999,103,1000
1,100,0.3,0.0,harm,hybrid,0.001,low_risk_q1,0.1,1.0,0,0.3387150168418884,0.003394833948339484,4,4064,0.9624999999999999,103,1000
1,100,0.3,0.0,harm,hybrid,0.001,low_risk_q1,0.1,1.0,0,0.3511028289794922,0.003394833948339484,4,4064,0.9624999999999999,103,1000
1,100,0.3,0.0,harm,hybrid,0.001,low_risk_q1,0.1,1.0,0,0.36349064111709595,0.0033579335793357938,4,4064,0.95,103,1000
1,100,0.3,0.0,harm,hybrid,0.001,low_risk_q1,0.1,1.0,0,0.3758784234523773,0.0033210332103321034,4,4064,0.925,103,1000
1,100,0.3,0.0,harm,hybrid,0.001,low_risk_q1,0.1,1.0,0,0.3882662355899811,0.0033087330873308738,4,4064,0.925,103,1000
1,100,0.3,0.0,harm,hybrid,0.001,low_risk_q1,0.1,1.0,0,0.40065404772758484,0.0032841328413284136,4,4064,0.8875,103,1000
1,100,0.3,0.0,harm,hybrid,0.001,low_risk_q1,0.1,1.0,0,0.4130418300628662,0.0032595325953259533,4,4064,0.8625,103,1000
1,100,0.3,0.0,harm,hybrid,0.001,low_risk_q1,0.1,1.0,0,0.42542964220046997,0.0031980319803198037,4,4064,0.8375,103,1000
1,100,0.3,0.0,harm,hybrid,0.001,low_risk_q1,0.1,1.0,0,0.43781745433807373,0.003111931119311194,4,4064,0.8,103,1000
1,100,0.3,0.0,harm,hybrid,0.001,low_risk_q1,0.1,1.0,0,0.4502052664756775,0.0030750307503075035,4,4064,0.775,103,1000
1,100,0.3,0.0,harm,hybrid,0.001,low_risk_q1,0.1,1.0,0,0.46259307861328125,0.0030504305043050433,4,4064,0.775,103,1000
1,100,0.3,0.0,harm,hybrid,0.001,low_risk_q1,0.1,1.0,0,0.4749808609485626,0.0029643296432964334,4,4064,0.7625,103,1000
1,100,0.3,0.0,harm,hybrid,0.001,low_risk_q1,0.1,1.0,0,0.4873686730861664,0.0029397293972939728,4,4064,0.7499999999999999,103,1000
1,100,0.3,0.0,harm,hybrid,0.001,low_risk_q1,0.1,1.0,0,0.49975648522377014,0.002927429274292743,4,4064,0.7499999999999999,103,1000
1,100,0.3,0.0,harm,hybrid,0.001,low_risk_q1,0.1,1.0,0,0.5121442675590515,0.002927429274292743,4,4064,0.7499999999999999,103,1000
1,100,0.3,0.0,harm,hybrid,0.001,low_risk_q1,0.1,1.0,0,0.5245320796966553,0.002902829028290283,4,4064,0.7499999999999999,103,1000
1,100,0.3,0.0,harm,hybrid,0.001,low_risk_q1,0.1,1.0,0,0.536919891834259,0.002890528905289053,4,4064,0.7499999999999999,103,1000
1,100,0.3,0.0,harm,hybrid,0.001,low_risk_q1,0.1,1.0,0,0.5493077039718628,0.002829028290282903,4,4064,0.7499999999999999,103,1000
1,100,0.3,0.0,harm,hybrid,0.001,low_risk_q1,0.1,1.0,0,0.5616955161094666,0.002829028290282903,4,4064,0.7499999999999999,103,1000
1,100,0.3,0.0,harm,hybrid,0.001,low_risk_q1,0.1,1.0,0,0.5740833282470703,0.0028044280442804433,4,4064,0.7499999999999999,103,1000
1,100,0.3,0.0,harm,hybrid,0.001,low_risk_q1,0.1,1.0,0,0.5864710807800293,0.0027429274292742932,4,4064,0.7499999999999999,103,1000
1,100,0.3,0.0,harm,hybrid,0.001,low_risk_q1,0.1,1.0,0,0.5988588929176331,0.002730627306273063,4,4064,0.7499999999999999,103,1000
1,100,0.3,0.0,harm,hybrid,0.001,low_risk_q1,0.1,1.0,0,0.6112467050552368,0.002693726937269373,4,4064,0.7499999999999999,103,1000
1,100,0.3,0.0,harm,hybrid,0.001,low_risk_q1,0.1,1.0,0,0.6236345171928406,0.002681426814268143,4,4064,0.7499999999999999,103,1000
1,100,0.3,0.0,harm,hybrid,0.001,low_risk_q1,0.1,1.0,0,0.6360223293304443,0.002656826568265683,4,4064,0.7499999999999999,103,1000
1,100,0.3,0.0,harm,hybrid,0.001,low_risk_q1,0.1,1.0,0,0.6484101414680481,0.0026322263222632227,4,4064,0.7499999999999999,103,1000
1,100,0.3,0.0,harm,hybrid,0.001,low_risk_q1,0.1,1.0,0,0.6607979536056519,0.0026076260762607634,4,4064,0.7499999999999999,103,1000
1,100,0.3,0.0,harm,hybrid,0.001,low_risk_q1,0.1,1.0,0,0.6731857657432556,0.0025830258302583027,4,4064,0.7499999999999999,103,1000
1,100,0.3,0.0,harm,hybrid,0.001,low_risk_q1,0.1,1.0,0,0.6855735778808594,0.0025707257072570726,4,4064,0.7499999999999999,103,1000
1,100,0.3,0.0,harm,hybrid,0.001,low_risk_q1,0.1,1.0,0,0.6979613304138184,0.0025338253382533827,4,4064,0.7499999999999999,103,1000
1,100,0.3,0.0,harm,hybrid,0.001,low_risk_q1,0.1,1.0,0,0.7103491425514221,0.0024846248462484627,4,4064,0.7499999999999999,103,1000
1,100,0.3,0.0,harm,hybrid,0.001,low_risk_q1,0.1,1.0,0,0.7227369546890259,0.0024600246002460025,4,4064,0.7499999999999999,103,1000
1,100,0.3,0.0,harm,hybrid,0.001,low_risk_q1,0.1,1.0,0,0.7351247668266296,0.0024600246002460025,4,4064,0.7499999999999999,103,1000
1,100,0.3,0.0,harm,hybrid,0.001,low_risk_q1,0.1,1.0,0,0.7475125789642334,0.0023862238622386223,4,4064,0.7499999999999999,103,1000
1,100,0.3,0.0,harm,hybrid,0.001,low_risk_q1,0.1,1.0,0,0.7599003911018372,0.002312423124231243,4,4064,0.7499999999999999,103,1000
1,100,0.3,0.0,harm,hybrid,0.001,low_risk_q1,0.1,1.0,0,0.7722882032394409,0.002238622386223862,4,4064,0.7499999999999999,103,1000
1,100,0.3,0.0,harm,hybrid,0.001,low_risk_q1,0.1,1.0,0,0.7846759557723999,0.002201722017220172,4,4064,0.7499999999999999,103,1000
1,100,0.3,0.0,harm,hybrid,0.001,low_risk_q1,0.1,1.0,0,0.7970637679100037,0.002152521525215252,4,4064,0.7499999999999999,103,1000
1,100,0.3,0.0,harm,hybrid,0.001,low_risk_q1,0.1,1.0,0,0.8094515800476074,0.002091020910209102,4,4064,0.7499999999999999,103,1000
1,100,0.3,0.0,harm,hybrid,0.001,low_risk_q1,0.1,1.0,0,0.8218393921852112,0.001943419434194342,4,4064,0.7499999999999999,103,1000
1,100,0.3,0.0,harm,hybrid,0.001,low_risk_q1,0.1,1.0,0,0.8342272043228149,0.0018327183271832721,4,4064,0.7499999999999999,103,1000
1,100,0.3,0.0,harm,hybrid,0.001,low_risk_q1,0.1,1.0,0,0.8466150164604187,0.0016728167281672818,4,4064,0.7499999999999999,103,1000
1,100,0.3,0.0,harm,hybrid,0.001,low_risk_q1,0.1,1.0,0,0.8590028285980225,0.0015867158671586717,4,4064,0.7499999999999999,103,1000
1,100,0.3,0.0,harm,hybrid,0.001,low_risk_q1,0.1,1.0,0,0.8713906407356262,0.0015498154981549816,4,4064,0.7499999999999999,103,1000
1,100,0.3,0.0,harm,hybrid,0.001,low_risk_q1,0.1,1.0,0,0.88377845287323,0.0014760147601476014,4,4064,0.725,103,1000
1,100,0.3,0.0,harm,hybrid,0.001,low_risk_q1,0.1,1.0,0,0.896166205406189,0.0013653136531365311,4,4064,0.6874999999999999,103,1000
1,100,0.3,0.0,harm,hybrid,0.001,low_risk_q1,0.1,1.0,0,0.9085540175437927,0.001242312423124231,4,4064,0.625,103,1000
1,100,0.3,0.0,harm,hybrid,0.001,low_risk_q1,0.1,1.0,0,0.9209418296813965,0.001033210332103321,4,4064,0.5375,103,1000
1,100,0.3,0.0,harm,hybrid,0.001,low_risk_q1,0.1,1.0,0,0.9333296418190002,0.0009594095940959411,4,4064,0.5,103,1000
1,100,0.3,0.0,harm,hybrid,0.001,low_risk_q1,0.1,1.0,0,0.945717453956604,0.0008241082410824108,4,4064,0.42499999999999993,103,1000
1,100,0.3,0.0,harm,hybrid,0.001,low_risk_q1,0.1,1.0,0,0.9581052660942078,0.0007011070110701107,4,4064,0.3375,103,1000
1,100,0.3,0.0,harm,hybrid,0.001,low_risk_q1,0.1,1.0,0,0.9704930782318115,0.0006642066420664207,4,4064,0.3,103,1000
1,100,0.3,0.0,harm,hybrid,0.001,low_risk_q1,0.1,1.0,0,0.9828808307647705,0.0005412054120541205,4,4064,0.21249999999999997,103,1000
1,100,0.3,0.0,harm,hybrid,0.001,low_risk_q1,0.1,1.0,0,0.9952686429023743,0.00047970479704797044,4,4064,0.16249999999999998,103,1000
1,100,0.3,0.0,harm,hybrid,0.001,low_risk_q1,0.1,1.0,0,1.007656455039978,0.00044280442804428045,4,4064,0.15,103,1000
1,100,0.3,0.0,harm,hybrid,0.001,low_risk_q1,0.1,1.0,0,1.0200443267822266,0.00040590405904059035,4,4064,0.1125,103,1000
1,100,0.3,0.0,harm,hybrid,0.001,low_risk_q1,0.1,1.0,0,1.0324320793151855,0.0003321033210332103,4,4064,0.0625,103,1000
1,100,0.3,0.0,harm,hybrid,0.001,low_risk_q1,0.1,1.0,0,1.0448198318481445,0.00030750307503075026,4,4064,0.037500000000000006,103,1000
1,100,0.3,0.0,harm,hybrid,0.001,low_risk_q1,0.1,1.0,0,1.057207703590393,0.00030750307503075026,4,4064,0.037500000000000006,103,1000
1,100,0.3,0.0,harm,hybrid,0.001,low_risk_q1,0.1,1.0,0,1.069595456123352,0.00030750307503075026,4,4064,0.037500000000000006,103,1000
1,100,0.3,0.0,harm,hybrid,0.001,low_risk_q1,0.1,1.0,0,1.0819833278656006,0.00029520295202952026,4,4064,0.025,103,1000
1,100,0.3,0.0,harm,hybrid,0.001,low_risk_q1,0.1,1.0,0,1.0943710803985596,0.00027060270602706027,4,4064,0.0125,103,1000
1,100,0.3,0.0,harm,hybrid,0.001,low_risk_q1,0.1,1.0,0,1.106758952140808,0.0002583025830258302,4,4064,0.0125,103,1000
1,100,0.3,0.0,harm,hybrid,0.001,low_risk_q1,0.1,1.0,0,1.119146704673767,0.0002583025830258302,4,4064,0.0125,103,1000
1,100,0.3,0.0,harm,hybrid,0.001,low_risk_q1,0.1,1.0,0,1.131534457206726,0.0002583025830258302,4,4064,0.0125,103,1000
1,100,0.3,0.0,harm,hybrid,0.001,low_risk_q1,0.1,1.0,0,1.1439223289489746,0.0002460024600246002,4,4064,0.0,103,1000
1,100,0.3,0.0,harm,hybrid,0.001,low_risk_q1,0.1,1.0,0,1.1563100814819336,0.0002460024600246002,4,4064,0.0,103,1000
1,100,0.3,0.0,harm,hybrid,0.001,low_risk_q1,0.1,1.0,0,1.1686979532241821,0.0002460024600246002,4,4064,0.0,103,1000
1,100,0.3,0.0,harm,hybrid,0.001,low_risk_q1,0.1,1.0,0,1.1810857057571411,0.0002460024600246002,4,4064,0.0,103,1000
1,100,0.3,0.0,harm,hybrid,0.001,low_risk_q1,0.1,1.0,0,1.1934735774993896,0.0002460024600246002,4,4064,0.0,103,1000
1,100,0.3,0.0,harm,hybrid,0.001,low_risk_q1,0.1,1.0,0,1.2058613300323486,0.0002460024600246002,4,4064,0.0,103,1000
1,100,0.3,0.0,harm,hybrid,0.001,low_risk_q1,0.1,1.0,0,1.2182492017745972,0.0002460024600246002,4,4064,0.0,103,1000
1,100,0.3,0.0,harm,hybrid,0.001,low_risk_q1,0.1,1.0,0,1.2306369543075562,0.0002460024600246002,4,4064,0.0,103,1000
1,100,0.3,0.0,harm,hybrid,0.001,low_risk_q1,0.1,1.0,0,1.2430247068405151,0.0002460024600246002,4,4064,0.0,103,1000
1,100,0.3,0.0,harm,hybrid,0.001,low_risk_q1,0.1,1.0,0,1.2554125785827637,0.0002460024600246002,4,4064,0.0,103,1000
1,100,0.3,0.0,harm,hybrid,0.001,low_risk_q1,0.1,1.0,0,1.2678003311157227,0.0002460024600246002,4,4064,0.0,103,1000
2,100,0.3,0.0,harm,hybrid,0.001,low_risk_q1,0.1,1.0,0,0.03058314323425293,0.0034554845056566654,4,4065,1.0,103,1013
2,100,0.3,0.0,harm,hybrid,0.001,low_risk_q1,0.1,1.0,0,0.04363076761364937,0.0034554845056566654,4,4065,1.0,103,1013
2,100,0.3,0.0,harm,hybrid,0.001,low_risk_q1,0.1,1.0,0,0.05667839199304581,0.0034554845056566654,4,4065,1.0,103,1013
2,100,0.3,0.0,harm,hybrid,0.001,low_risk_q1,0.1,1.0,0,0.06972602009773254,0.0034554845056566654,4,4065,1.0,103,1013
2,100,0.3,0.0,harm,hybrid,0.001,low_risk_q1,0.1,1.0,0,0.08277364075183868,0.0034554845056566654,4,4065,1.0,103,1013
2,100,0.3,0.0,harm,hybrid,0.001,low_risk_q1,0.1,1.0,0,0.09582126885652542,0.0034554845056566654,4,4065,1.0,103,1013
2,100,0.3,0.0,harm,hybrid,0.001,low_risk_q1,0.1,1.0,0,0.10886889696121216,0.0034554845056566654,4,4065,1.0,103,1013
2,100,0.3,0.0,harm,hybrid,0.001,low_risk_q1,0.1,1.0,0,0.1219165176153183,0.0034554845056566654,4,4065,1.0,103,1013
2,100,0.3,0.0,harm,hybrid,0.001,low_risk_q1,0.1,1.0,0,0.13496413826942444,0.0034554845056566654,4,4065,1.0,103,1013
2,100,0.3,0.0,harm,hybrid,0.001,low_risk_q1,0.1,1.0,0,0.14801177382469177,0.0034554845056566654,4,4065,1.0,103,1013
2,100,0.3,0.0,harm,hybrid,0.001,low_risk_q1,0.1,1.0,0,0.1610593944787979,0.0034554845056566654,4,4065,1.0,103,1013
2,100,0.3,0.0,harm,hybrid,0.001,low_risk_q1,0.1,1.0,0,0.17410701513290405,0.0034554845056566654,4,4065,1.0,103,1013
2,100,0.3,0.0,harm,hybrid,0.001,low_risk_q1,0.1,1.0,0,0.1871546506881714,0.0034554845056566654,4,4065,1.0,103,1013
2,100,0.3,0.0,harm,hybrid,0.001,low_risk_q1,0.1,1.0,0,0.20020227134227753,0.0034554845056566654,4,4065,1.0,103,1013
2,100,0.3,0.0,harm,hybrid,0.001,low_risk_q1,0.1,1.0,0,0.21324989199638367,0.0034554845056566654,4,4065,1.0,103,1013
2,100,0.3,0.0,harm,hybrid,0.001,low_risk_q1,0.1,1.0,0,0.226297527551651,0.003443187407771766,4,4065,0.9875,103,1013
2,100,0.3,0.0,harm,hybrid,0.001,low_risk_q1,0.1,1.0,0,0.23934514820575714,0.003443187407771766,4,4065,0.9875,103,1013
2,100,0.3,0.0,harm,hybrid,0.001,low_risk_q1,0.1,1.0,0,0.2523927688598633,0.003443187407771766,4,4065,0.9875,103,1013
2,100,0.3,0.0,harm,hybrid,0.001,low_risk_q1,0.1,1.0,0,0.2654404044151306,0.0034308903098868673,4,4065,0.9875,103,1013
2,100,0.3,0.0,harm,hybrid,0.001,low_risk_q1,0.1,1.0,0,0.27848803997039795,0.0034185932120019678,4,4065,0.975,103,1013
2,100,0.3,0.0,harm,hybrid,0.001,low_risk_q1,0.1,1.0,0,0.2915356457233429,0.0034185932120019678,4,4065,0.975,103,1013
2,100,0.3,0.0,harm,hybrid,0.001,low_risk_q1,0.1,1.0,0,0.30458328127861023,0.0034062961141170683,4,4065,0.975,103,1013
2,100,0.3,0.0,harm,hybrid,0.001,low_risk_q1,0.1,1.0,0,0.3176308870315552,0.0034062961141170683,4,4065,0.975,103,1013
2,100,0.3,0.0,harm,hybrid,0.001,low_risk_q1,0.1,1.0,0,0.3306785225868225,0.0034062961141170683,4,4065,0.975,103,1013
2,100,0.3,0.0,harm,hybrid,0.001,low_risk_q1,0.1,1.0,0,0.34372615814208984,0.00338170191834727,4,4065,0.95,103,1013
2,100,0.3,0.0,harm,hybrid,0.001,low_risk_q1,0.1,1.0,0,0.3567737638950348,0.003357107722577472,4,4065,0.925,103,1013
2,100,0.3,0.0,harm,hybrid,0.001,low_risk_q1,0.1,1.0,0,0.3698213994503021,0.0033325135268076735,4,4065,0.8999999999999999,103,1013
2,100,0.3,0.0,harm,hybrid,0.001,low_risk_q1,0.1,1.0,0,0.38286903500556946,0.003320216428922775,4,4065,0.8999999999999999,103,1013
2,100,0.3,0.0,harm,hybrid,0.001,low_risk_q1,0.1,1.0,0,0.3959166407585144,0.0032956222331529763,4,4065,0.8999999999999999,103,1013
2,100,0.3,0.0,harm,hybrid,0.001,low_risk_q1,0.1,1.0,0,0.40896427631378174,0.003283325135268077,4,4065,0.8875,103,1013
2,100,0.3,0.0,harm,hybrid,0.001,low_risk_q1,0.1,1.0,0,0.4220119118690491,0.003246433841613379,4,4065,0.8875,103,1013
2,100,0.3,0.0,harm,hybrid,0.001,low_risk_q1,0.1,1.0,0,0.435059517621994,0.0032095425479586816,4,4065,0.8875,103,1013
2,100,0.3,0.0,harm,hybrid,0.001,low_risk_q1,0.1,1.0,0,0.44810715317726135,0.003184948352188884,4,4065,0.8625,103,1013
2,100,0.3,0.0,harm,hybrid,0.001,low_risk_q1,0.1,1.0,0,0.4611547887325287,0.003148057058534186,4,4065,0.8500000000000001,103,1013
2,100,0.3,0.0,harm,hybrid,0.001,low_risk_q1,0.1,1.0,0,0.47420239448547363,0.003111165764879489,4,4065,0.8250000000000001,103,1013
2,100,0.3,0.0,harm,hybrid,0.001,low_risk_q1,0.1,1.0,0,0.48725003004074097,0.003061977373339892,4,4065,0.7875,103,1013
2,100,0.3,0.0,harm,hybrid,0.001,low_risk_q1,0.1,1.0,0,0.5002976655960083,0.003025086079685195,4,4065,0.7625,103,1013
2,100,0.3,0.0,harm,hybrid,0.001,low_risk_q1,0.1,1.0,0,0.5133452415466309,0.0029513034923758,4,4065,0.7375,103,1013
2,100,0.3,0.0,harm,hybrid,0.001,low_risk_q1,0.1,1.0,0,0.526392936706543,0.002902115100836203,4,4065,0.675,103,1013
2,100,0.3,0.0,harm,hybrid,0.001,low_risk_q1,0.1,1.0,0,0.5394405126571655,0.002889818002951304,4,4065,0.675,103,1013
2,100,0.3,0.0,harm,hybrid,0.001,low_risk_q1,0.1,1.0,0,0.5524881482124329,0.0028283325135268077,4,4065,0.6625000000000001,103,1013
2,100,0.3,0.0,harm,hybrid,0.001,low_risk_q1,0.1,1.0,0,0.5655357837677002,0.002803738317757009,4,4065,0.6625000000000001,103,1013
2,100,0.3,0.0,harm,hybrid,0.001,low_risk_q1,0.1,1.0,0,0.5785834193229675,0.002766847024102312,4,4065,0.6625000000000001,103,1013
2,100,0.3,0.0,harm,hybrid,0.001,low_risk_q1,0.1,1.0,0,0.5916310548782349,0.0027422528283325134,4,4065,0.6625000000000001,103,1013
2,100,0.3,0.0,harm,hybrid,0.001,low_risk_q1,0.1,1.0,0,0.6046786308288574,0.0026807673389080177,4,4065,0.6625000000000001,103,1013
2,100,0.3,0.0,harm,hybrid,0.001,low_risk_q1,0.1,1.0,0,0.6177262663841248,0.0026192818494835224,4,4065,0.6625000000000001,103,1013
2,100,0.3,0.0,harm,hybrid,0.001,low_risk_q1,0.1,1.0,0,0.6307739019393921,0.0026192818494835224,4,4065,0.6625000000000001,103,1013
2,100,0.3,0.0,harm,hybrid,0.001,low_risk_q1,0.1,1.0,0,0.6438215374946594,0.0025823905558288243,4,4065,0.6625000000000001,103,1013
2,100,0.3,0.0,harm,hybrid,0.001,low_risk_q1,0.1,1.0,0,0.6568691730499268,0.0025700934579439257,4,4065,0.6625000000000001,103,1013
2,100,0.3,0.0,harm,hybrid,0.001,low_risk_q1,0.1,1.0,0,0.6699168086051941,0.0025454992621741267,4,4065,0.6625000000000001,103,1013
2,100,0.3,0.0,harm,hybrid,0.001,low_risk_q1,0.1,1.0,0,0.6829643845558167,0.0025086079685194295,4,4065,0.6625000000000001,103,1013
2,100,0.3,0.0,harm,hybrid,0.001,low_risk_q1,0.1,1.0,0,0.696012020111084,0.002471716674864732,4,4065,0.6625000000000001,103,1013
2,100,0.3,0.0,harm,hybrid,0.001,low_risk_q1,0.1,1.0,0,0.7090596556663513,0.002459419576979833,4,4065,0.6625000000000001,103,1013
2,100,0.3,0.0,harm,hybrid,0.001,low_risk_q1,0.1,1.0,0,0.7221072912216187,0.0024348253812100347,4,4065,0.6625000000000001,103,1013
2,100,0.3,0.0,harm,hybrid,0.001,low_risk_q1,0.1,1.0,0,0.735154926776886,0.0023979340875553367,4,4065,0.6625000000000001,103,1013
2,100,0.3,0.0,harm,hybrid,0.001,low_risk_q1,0.1,1.0,0,0.7482025623321533,0.0023733398917855394,4,4065,0.6625000000000001,103,1013
2,100,0.3,0.0,harm,hybrid,0.001,low_risk_q1,0.1,1.0,0,0.7612501382827759,0.0023364485981308414,4,4065,0.6625000000000001,103,1013
2,100,0.3,0.0,harm,hybrid,0.001,low_risk_q1,0.1,1.0,0,0.7742977738380432,0.0022626660108214457,4,4065,0.6625000000000001,103,1013
2,100,0.3,0.0,harm,hybrid,0.001,low_risk_q1,0.1,1.0,0,0.7873454093933105,0.0022134776192818495,4,4065,0.6625000000000001,103,1013
2,100,0.3,0.0,harm,hybrid,0.001,low_risk_q1,0.1,1.0,0,0.8003930449485779,0.0021888834235120514,4,4065,0.6625000000000001,103,1013
2,100,0.3,0.0,harm,hybrid,0.001,low_risk_q1,0.1,1.0,0,0.8134406805038452,0.002102803738317757,4,4065,0.6625000000000001,103,1013
2,100,0.3,0.0,harm,hybrid,0.001,low_risk_q1,0.1,1.0,0,0.8264883160591125,0.002016724053123463,4,4065,0.6625000000000001,103,1013
2,100,0.3,0.0,harm,hybrid,0.001,low_risk_q1,0.1,1.0,0,0.8395358920097351,0.0019798327594687656,4,4065,0.6625000000000001,103,1013
2,100,0.3,0.0,harm,hybrid,0.001,low_risk_q1,0.1,1.0,0,0.8525835275650024,0.0019060501721593704,4,4065,0.6625000000000001,103,1013
2,100,0.3,0.0,harm,hybrid,0.001,low_risk_q1,0.1,1.0,0,0.8656311631202698,0.0017707820954254798,4,4065,0.6625000000000001,103,1013
2,100,0.3,0.0,harm,hybrid,0.001,low_risk_q1,0.1,1.0,0,0.8786787986755371,0.0016847024102311851,4,4065,0.6625000000000001,103,1013
2,100,0.3,0.0,harm,hybrid,0.001,low_risk_q1,0.1,1.0,0,0.8917264342308044,0.0015494343334972946,4,4065,0.6625000000000001,103,1013
2,100,0.3,0.0,harm,hybrid,0.001,low_risk_q1,0.1,1.0,0,0.904774010181427,0.0014756517461878998,4,4065,0.6625000000000001,103,1013
2,100,0.3,0.0,harm,hybrid,0.001,low_risk_q1,0.1,1.0,0,0.9178216457366943,0.0014018691588785046,4,4065,0.6625000000000001,103,1013
2,100,0.3,0.0,harm,hybrid,0.001,low_risk_q1,0.1,1.0,0,0.9308692812919617,0.0013280865715691098,4,4065,0.6625000000000001,103,1013
2,100,0.3,0.0,harm,hybrid,0.001,low_risk_q1,0.1,1.0,0,0.943916916847229,0.0012420068863748155,4,4065,0.6625000000000001,103,1013
2,100,0.3,0.0,harm,hybrid,0.001,low_risk_q1,0.1,1.0,0,0.9569645524024963,0.0011682242990654205,4,4065,0.6625000000000001,103,1013
2,100,0.3,0.0,harm,hybrid,0.001,low_risk_q1,0.1,1.0,0,0.9700121879577637,0.0010821446138711264,4,4065,0.6000000000000001,103,1013
2,100,0.3,0.0,harm,hybrid,0.001,low_risk_q1,0.1,1.0,0,0.9830597639083862,0.0009222823413674374,4,4065,0.4875,103,1013
2,100,0.3,0.0,harm,hybrid,0.001,low_risk_q1,0.1,1.0,0,0.9961073994636536,0.0007747171667486473,4,4065,0.36250000000000004,103,1013
2,100,0.3,0.0,harm,hybrid,0.001,low_risk_q1,0.1,1.0,0,1.009155035018921,0.0006271519921298574,4,4065,0.2875,103,1013
2,100,0.3,0.0,harm,hybrid,0.001,low_risk_q1,0.1,1.0,0,1.022202730178833,0.000528775209050664,4,4065,0.22499999999999998,103,1013
2,100,0.3,0.0,harm,hybrid,0.001,low_risk_q1,0.1,1.0,0,1.0352503061294556,0.0004918839153959665,4,4065,0.18750000000000003,103,1013
2,100,0.3,0.0,harm,hybrid,0.001,low_risk_q1,0.1,1.0,0,1.0482978820800781,0.0003935071323167732,4,4065,0.09999999999999999,103,1013
2,100,0.3,0.0,harm,hybrid,0.001,low_risk_q1,0.1,1.0,0,1.0613455772399902,0.00034431874077717656,4,4065,0.0625,103,1013
2,100,0.3,0.0,harm,hybrid,0.001,low_risk_q1,0.1,1.0,0,1.0743931531906128,0.0003197245450073783,4,4065,0.037500000000000006,103,1013
2,100,0.3,0.0,harm,hybrid,0.001,low_risk_q1,0.1,1.0,0,1.087440848350525,0.0003074274471224791,4,4065,0.025,103,1013
2,100,0.3,0.0,harm,hybrid,0.001,low_risk_q1,0.1,1.0,0,1.1004884243011475,0.0002705361534677816,4,4065,0.025,103,1013
2,100,0.3,0.0,harm,hybrid,0.001,low_risk_q1,0.1,1.0,0,1.11353600025177,0.0002705361534677816,4,4065,0.025,103,1013
2,100,0.3,0.0,harm,hybrid,0.001,low_risk_q1,0.1,1.0,0,1.1265836954116821,0.0002705361534677816,4,4065,0.025,103,1013
2,100,0.3,0.0,harm,hybrid,0.001,low_risk_q1,0.1,1.0,0,1.1396312713623047,0.00025823905558288243,4,4065,0.0125,103,1013
2,100,0.3,0.0,harm,hybrid,0.001,low_risk_q1,0.1,1.0,0,1.1526789665222168,0.00025823905558288243,4,4065,0.0125,103,1013
2,100,0.3,0.0,harm,hybrid,0.001,low_risk_q1,0.1,1.0,0,1.1657265424728394,0.00025823905558288243,4,4065,0.0125,103,1013
2,100,0.3,0.0,harm,hybrid,0.001,low_risk_q1,0.1,1.0,0,1.178774118423462,0.00024594195769798326,4,4065,0.0,103,1013
2,100,0.3,0.0,harm,hybrid,0.001,low_risk_q1,0.1,1.0,0,1.191821813583374,0.00024594195769798326,4,4065,0.0,103,1013
2,100,0.3,0.0,harm,hybrid,0.001,low_risk_q1,0.1,1.0,0,1.2048693895339966,0.00024594195769798326,4,4065,0.0,103,1013
2,100,0.3,0.0,harm,hybrid,0.001,low_risk_q1,0.1,1.0,0,1.2179170846939087,0.00024594195769798326,4,4065,0.0,103,1013
2,100,0.3,0.0,harm,hybrid,0.001,low_risk_q1,0.1,1.0,0,1.2309646606445312,0.00024594195769798326,4,4065,0.0,103,1013
2,100,0.3,0.0,harm,hybrid,0.001,low_risk_q1,0.1,1.0,0,1.2440123558044434,0.00024594195769798326,4,4065,0.0,103,1013
2,100,0.3,0.0,harm,hybrid,0.001,low_risk_q1,0.1,1.0,0,1.257059931755066,0.00024594195769798326,4,4065,0.0,103,1013
2,100,0.3,0.0,harm,hybrid,0.001,low_risk_q1,0.1,1.0,0,1.2701075077056885,0.00024594195769798326,4,4065,0.0,103,1013
2,100,0.3,0.0,harm,hybrid,0.001,low_risk_q1,0.1,1.0,0,1.2831552028656006,0.00024594195769798326,4,4065,0.0,103,1013
2,100,0.3,0.0,harm,hybrid,0.001,low_risk_q1,0.1,1.0,0,1.2962027788162231,0.00024594195769798326,4,4065,0.0,103,1013
2,100,0.3,0.0,harm,hybrid,0.001,low_risk_q1,0.1,1.0,0,1.3092504739761353,0.00024594195769798326,4,4065,0.0,103,1013
2,100,0.3,0.0,harm,hybrid,0.001,low_risk_q1,0.1,1.0,0,1.3222980499267578,0.00024594195769798326,4,4065,0.0,103,1013
3,100,0.3,0.0,harm,hybrid,0.001,low_risk_q1,0.1,1.0,0,0.05018720030784607,0.0032230180291429986,4,4048,1.0,102,1012
3,100,0.3,0.0,harm,hybrid,0.001,low_risk_q1,0.1,1.0,0,0.06261549144983292,0.0032230180291429986,4,4048,1.0,102,1012
3,100,0.3,0.0,harm,hybrid,0.001,low_risk_q1,0.1,1.0,0,0.07504378259181976,0.0032230180291429986,4,4048,1.0,102,1012
3,100,0.3,0.0,harm,hybrid,0.001,low_risk_q1,0.1,1.0,0,0.08747208118438721,0.0032230180291429986,4,4048,1.0,102,1012
3,100,0.3,0.0,harm,hybrid,0.001,low_risk_q1,0.1,1.0,0,0.09990036487579346,0.0032230180291429986,4,4048,1.0,102,1012
3,100,0.3,0.0,harm,hybrid,0.001,low_risk_q1,0.1,1.0,0,0.1123286634683609,0.0032230180291429986,4,4048,1.0,102,1012
3,100,0.3,0.0,harm,hybrid,0.001,low_risk_q1,0.1,1.0,0,0.12475695461034775,0.0032230180291429986,4,4048,1.0,102,1012
3,100,0.3,0.0,harm,hybrid,0.001,low_risk_q1,0.1,1.0,0,0.1371852457523346,0.0032230180291429986,4,4048,1.0,102,1012
3,100,0.3,0.0,harm,hybrid,0.001,low_risk_q1,0.1,1.0,0,0.14961352944374084,0.0032230180291429986,4,4048,1.0,102,1012
3,100,0.3,0.0,harm,hybrid,0.001,low_risk_q1,0.1,1.0,0,0.1620418280363083,0.0032230180291429986,4,4048,1.0,102,1012
3,100,0.3,0.0,harm,hybrid,0.001,low_risk_q1,0.1,1.0,0,0.17447012662887573,0.0032230180291429986,4,4048,1.0,102,1012
3,100,0.3,0.0,harm,hybrid,0.001,low_risk_q1,0.1,1.0,0,0.18689841032028198,0.0032230180291429986,4,4048,1.0,102,1012
3,100,0.3,0.0,harm,hybrid,0.001,low_risk_q1,0.1,1.0,0,0.19932670891284943,0.0032230180291429986,4,4048,1.0,102,1012
3,100,0.3,0.0,harm,hybrid,0.001,low_risk_q1,0.1,1.0,0,0.21175499260425568,0.0032230180291429986,4,4048,1.0,102,1012
3,100,0.3,0.0,harm,hybrid,0.001,low_risk_q1,0.1,1.0,0,0.22418329119682312,0.0032230180291429986,4,4048,1.0,102,1012
3,100,0.3,0.0,harm,hybrid,0.001,low_risk_q1,0.1,1.0,0,0.23661157488822937,0.0032230180291429986,4,4048,1.0,102,1012
3,100,0.3,0.0,harm,hybrid,0.001,low_risk_q1,0.1,1.0,0,0.24903987348079681,0.0032230180291429986,4,4048,1.0,102,1012
3,100,0.3,0.0,harm,hybrid,0.001,low_risk_q1,0.1,1.0,0,0.26146817207336426,0.0032106693010619906,4,4048,0.9875,102,1012
3,100,0.3,0.0,harm,hybrid,0.001,low_risk_q1,0.1,1.0,0,0.2738964557647705,0.0031859718448999756,4,4048,0.975,102,1012
3,100,0.3,0.0,harm,hybrid,0.001,low_risk_q1,0.1,1.0,0,0.28632473945617676,0.0031859718448999756,4,4048,0.975,102,1012
3,100,0.3,0.0,harm,hybrid,0.001,low_risk_q1,0.1,1.0,0,0.298753023147583,0.0031859718448999756,4,4048,0.975,102,1012
3,100,0.3,0.0,harm,hybrid,0.001,low_risk_q1,0.1,1.0,0,0.31118133664131165,0.0031859718448999756,4,4048,0.975,102,1012
3,100,0.3,0.0,harm,hybrid,0.001,low_risk_q1,0.1,1.0,0,0.3236096203327179,0.003173623116818968,4,4048,0.9624999999999999,102,1012
3,100,0.3,0.0,harm,hybrid,0.001,low_risk_q1,0.1,1.0,0,0.33603790402412415,0.003173623116818968,4,4048,0.9624999999999999,102,1012
3,100,0.3,0.0,harm,hybrid,0.001,low_risk_q1,0.1,1.0,0,0.3484662175178528,0.003173623116818968,4,4048,0.9624999999999999,102,1012
3,100,0.3,0.0,harm,hybrid,0.001,low_risk_q1,0.1,1.0,0,0.36089450120925903,0.003173623116818968,4,4048,0.9624999999999999,102,1012
3,100,0.3,0.0,harm,hybrid,0.001,low_risk_q1,0.1,1.0,0,0.3733227849006653,0.0031365769325759447,4,4048,0.9375,102,1012
3,100,0.3,0.0,harm,hybrid,0.001,low_risk_q1,0.1,1.0,0,0.3857510983943939,0.0030995307483329218,4,4048,0.9125000000000001,102,1012
3,100,0.3,0.0,harm,hybrid,0.001,low_risk_q1,0.1,1.0,0,0.39817938208580017,0.0030501358360088913,4,4048,0.8875,102,1012
3,100,0.3,0.0,harm,hybrid,0.001,low_risk_q1,0.1,1.0,0,0.4106076657772064,0.0030377871079278838,4,4048,0.875,102,1012
3,100,0.3,0.0,harm,hybrid,0.001,low_risk_q1,0.1,1.0,0,0.42303594946861267,0.0030377871079278838,4,4048,0.875,102,1012
3,100,0.3,0.0,harm,hybrid,0.001,low_risk_q1,0.1,1.0,0,0.4354642629623413,0.003025438379846876,4,4048,0.875,102,1012
3,100,0.3,0.0,harm,hybrid,0.001,low_risk_q1,0.1,1.0,0,0.44789254665374756,0.0029760434675228454,4,4048,0.8250000000000001,102,1012
3,100,0.3,0.0,harm,hybrid,0.001,low_risk_q1,0.1,1.0,0,0.4603208303451538,0.0029142998271178074,4,4048,0.7625,102,1012
3,100,0.3,0.0,harm,hybrid,0.001,low_risk_q1,0.1,1.0,0,0.47274914383888245,0.0028772536428747835,4,4048,0.7375,102,1012
3,100,0.3,0.0,harm,hybrid,0.001,low_risk_q1,0.1,1.0,0,0.4851774275302887,0.0028772536428747835,4,4048,0.7125,102,1012
3,100,0.3,0.0,harm,hybrid,0.001,low_risk_q1,0.1,1.0,0,0.49760571122169495,0.002803161274388738,4,4048,0.6875,102,1012
3,100,0.3,0.0,harm,hybrid,0.001,low_risk_q1,0.1,1.0,0,0.5100339651107788,0.0027661150901457147,4,4048,0.6499999999999999,102,1012
3,100,0.3,0.0,harm,hybrid,0.001,low_risk_q1,0.1,1.0,0,0.5224623084068298,0.0027167201778216846,4,4048,0.625,102,1012
3,100,0.3,0.0,harm,hybrid,0.001,low_risk_q1,0.1,1.0,0,0.5348905920982361,0.002667325265497654,4,4048,0.6000000000000001,102,1012
3,100,0.3,0.0,harm,hybrid,0.001,low_risk_q1,0.1,1.0,0,0.5473188757896423,0.002593232897011608,4,4048,0.55,102,1012
3,100,0.3,0.0,harm,hybrid,0.001,low_risk_q1,0.1,1.0,0,0.5597472190856934,0.002519140528525562,4,4048,0.5,102,1012
3,100,0.3,0.0,harm,hybrid,0.001,low_risk_q1,0.1,1.0,0,0.5721755027770996,0.0024820943442825385,4,4048,0.5,102,1012
3,100,0.3,0.0,harm,hybrid,0.001,low_risk_q1,0.1,1.0,0,0.5846037864685059,0.0024573968881205235,4,4048,0.5,102,1012
3,100,0.3,0.0,harm,hybrid,0.001,low_risk_q1,0.1,1.0,0,0.5970320701599121,0.0024450481600395155,4,4048,0.5,102,1012
3,100,0.3,0.0,harm,hybrid,0.001,low_risk_q1,0.1,1.0,0,0.6094603538513184,0.002420350703877501,4,4048,0.5,102,1012
3,100,0.3,0.0,harm,hybrid,0.001,low_risk_q1,0.1,1.0,0,0.6218886375427246,0.002408001975796493,4,4048,0.5,102,1012
3,100,0.3,0.0,harm,hybrid,0.001,low_risk_q1,0.1,1.0,0,0.6343169212341309,0.002358607063472463,4,4048,0.5,102,1012
3,100,0.3,0.0,harm,hybrid,0.001,low_risk_q1,0.1,1.0,0,0.6467452049255371,0.002358607063472463,4,4048,0.5,102,1012
3,100,0.3,0.0,harm,hybrid,0.001,low_risk_q1,0.1,1.0,0,0.6591734886169434,0.0023215608792294395,4,4048,0.5,102,1012
3,100,0.3,0.0,harm,hybrid,0.001,low_risk_q1,0.1,1.0,0,0.6716017723083496,0.0023092121511484316,4,4048,0.5,102,1012
3,100,0.3,0.0,harm,hybrid,0.001,low_risk_q1,0.1,1.0,0,0.6840300559997559,0.0022845146949864166,4,4048,0.5,102,1012
3,100,0.3,0.0,harm,hybrid,0.001,low_risk_q1,0.1,1.0,0,0.6964583396911621,0.002235119782662386,4,4048,0.5,102,1012
3,100,0.3,0.0,harm,hybrid,0.001,low_risk_q1,0.1,1.0,0,0.7088866233825684,0.0021980735984193627,4,4048,0.5,102,1012
3,100,0.3,0.0,harm,hybrid,0.001,low_risk_q1,0.1,1.0,0,0.7213150262832642,0.0021486786860953322,4,4048,0.5,102,1012
3,100,0.3,0.0,harm,hybrid,0.001,low_risk_q1,0.1,1.0,0,0.7337433099746704,0.0020992837737713013,4,4048,0.5,102,1012
3,100,0.3,0.0,harm,hybrid,0.001,low_risk_q1,0.1,1.0,0,0.7461715936660767,0.0020992837737713013,4,4048,0.5,102,1012
3,100,0.3,0.0,harm,hybrid,0.001,low_risk_q1,0.1,1.0,0,0.7585998773574829,0.0020498888614472713,4,4048,0.5,102,1012
3,100,0.3,0.0,harm,hybrid,0.001,low_risk_q1,0.1,1.0,0,0.7710281610488892,0.002012842677204248,4,4048,0.5,102,1012
3,100,0.3,0.0,harm,hybrid,0.001,low_risk_q1,0.1,1.0,0,0.7834564447402954,0.001901704124475179,4,4048,0.5,102,1012
3,100,0.3,0.0,harm,hybrid,0.001,low_risk_q1,0.1,1.0,0,0.7958847284317017,0.0018646579402321565,4,4048,0.5,102,1012
3,100,0.3,0.0,harm,hybrid,0.001,low_risk_q1,0.1,1.0,0,0.8083130121231079,0.001839960484070141,4,4048,0.5,102,1012
3,100,0.3,0.0,harm,hybrid,0.001,low_risk_q1,0.1,1.0,0,0.8207412958145142,0.0017782168436651026,4,4048,0.5,102,1012
3,100,0.3,0.0,harm,hybrid,0.001,low_risk_q1,0.1,1.0,0,0.8331695795059204,0.0017411706594220797,4,4048,0.5,102,1012
3,100,0.3,0.0,harm,hybrid,0.001,low_risk_q1,0.1,1.0,0,0.8455978631973267,0.0017164732032600642,4,4048,0.5,102,1012
3,100,0.3,0.0,harm,hybrid,0.001,low_risk_q1,0.1,1.0,0,0.8580261468887329,0.0015806371943689803,4,4048,0.5,102,1012
3,100,0.3,0.0,harm,hybrid,0.001,low_risk_q1,0.1,1.0,0,0.8704544305801392,0.0015435910101259573,4,4048,0.5,102,1012
3,100,0.3,0.0,harm,hybrid,0.001,low_risk_q1,0.1,1.0,0,0.8828827142715454,0.0014571499135589035,4,4048,0.5,102,1012
3,100,0.3,0.0,harm,hybrid,0.001,low_risk_q1,0.1,1.0,0,0.8953111171722412,0.001395406273153865,4,4048,0.5,102,1012
3,100,0.3,0.0,harm,hybrid,0.001,low_risk_q1,0.1,1.0,0,0.9077394008636475,0.0013089651765868116,4,4048,0.5,102,1012
3,100,0.3,0.0,harm,hybrid,0.001,low_risk_q1,0.1,1.0,0,0.9201676845550537,0.0012348728081007657,4,4048,0.5,102,1012
3,100,0.3,0.0,harm,hybrid,0.001,low_risk_q1,0.1,1.0,0,0.93259596824646,0.0011854778957767352,4,4048,0.5,102,1012
3,100,0.3,0.0,harm,hybrid,0.001,low_risk_q1,0.1,1.0,0,0.9450242519378662,0.001074339343047666,4,4048,0.5,102,1012
3,100,0.3,0.0,harm,hybrid,0.001,low_risk_q1,0.1,1.0,0,0.9574525356292725,0.0009878982464806125,4,4048,0.475,102,1012
3,100,0.3,0.0,harm,hybrid,0.001,low_risk_q1,0.1,1.0,0,0.9698808193206787,0.0008397135095085206,4,4048,0.4,102,1012
3,100,0.3,0.0,harm,hybrid,0.001,low_risk_q1,0.1,1.0,0,0.982309103012085,0.0006668313163744135,4,4048,0.3,102,1012
3,100,0.3,0.0,harm,hybrid,0.001,low_risk_q1,0.1,1.0,0,0.9947373867034912,0.0005680414917263522,4,4048,0.23750000000000002,102,1012
3,100,0.3,0.0,harm,hybrid,0.001,low_risk_q1,0.1,1.0,0,1.0071656703948975,0.0005186465794023215,4,4048,0.19999999999999998,102,1012
3,100,0.3,0.0,harm,hybrid,0.001,low_risk_q1,0.1,1.0,0,1.0195939540863037,0.0004816003951592986,4,4048,0.1625,102,1012
3,100,0.3,0.0,harm,hybrid,0.001,low_risk_q1,0.1,1.0,0,1.03202223777771,0.0004198567547542603,4,4048,0.1125,102,1012
3,100,0.3,0.0,harm,hybrid,0.001,low_risk_q1,0.1,1.0,0,1.0444505214691162,0.0003457643862682144,4,4048,0.08750000000000001,102,1012
3,100,0.3,0.0,harm,hybrid,0.001,low_risk_q1,0.1,1.0,0,1.056878924369812,0.00029636947394418375,4,4048,0.05,102,1012
3,100,0.3,0.0,harm,hybrid,0.001,low_risk_q1,0.1,1.0,0,1.0693072080612183,0.0002840207458631761,4,4048,0.037500000000000006,102,1012
3,100,0.3,0.0,harm,hybrid,0.001,low_risk_q1,0.1,1.0,0,1.0817354917526245,0.0002840207458631761,4,4048,0.037500000000000006,102,1012
3,100,0.3,0.0,harm,hybrid,0.001,low_risk_q1,0.1,1.0,0,1.0941637754440308,0.0002593232897011608,4,4048,0.0125,102,1012
3,100,0.3,0.0,harm,hybrid,0.001,low_risk_q1,0.1,1.0,0,1.106592059135437,0.0002469745616201531,4,4048,0.0,102,1012
3,100,0.3,0.0,harm,hybrid,0.001,low_risk_q1,0.1,1.0,0,1.1190203428268433,0.0002469745616201531,4,4048,0.0,102,1012
3,100,0.3,0.0,harm,hybrid,0.001,low_risk_q1,0.1,1.0,0,1.1314486265182495,0.0002469745616201531,4,4048,0.0,102,1012
3,100,0.3,0.0,harm,hybrid,0.001,low_risk_q1,0.1,1.0,0,1.1438769102096558,0.0002469745616201531,4,4048,0.0,102,1012
3,100,0.3,0.0,harm,hybrid,0.001,low_risk_q1,0.1,1.0,0,1.156305193901062,0.0002469745616201531,4,4048,0.0,102,1012
3,100,0.3,0.0,harm,hybrid,0.001,low_risk_q1,0.1,1.0,0,1.1687334775924683,0.0002469745616201531,4,4048,0.0,102,1012
3,100,0.3,0.0,harm,hybrid,0.001,low_risk_q1,0.1,1.0,0,1.1811617612838745,0.0002469745616201531,4,4048,0.0,102,1012
3,100,0.3,0.0,harm,hybrid,0.001,low_risk_q1,0.1,1.0,0,1.1935900449752808,0.0002469745616201531,4,4048,0.0,102,1012
3,100,0.3,0.0,harm,hybrid,0.001,low_risk_q1,0.1,1.0,0,1.2060184478759766,0.0002469745616201531,4,4048,0.0,102,1012
3,100,0.3,0.0,harm,hybrid,0.001,low_risk_q1,0.1,1.0,0,1.2184467315673828,0.0002469745616201531,4,4048,0.0,102,1012
3,100,0.3,0.0,harm,hybrid,0.001,low_risk_q1,0.1,1.0,0,1.230875015258789,0.0002469745616201531,4,4048,0.0,102,1012
3,100,0.3,0.0,harm,hybrid,0.001,low_risk_q1,0.1,1.0,0,1.2433032989501953,0.0002469745616201531,4,4048,0.0,102,1012
3,100,0.3,0.0,harm,hybrid,0.001,low_risk_q1,0.1,1.0,0,1.2557315826416016,0.0002469745616201531,4,4048,0.0,102,1012
3,100,0.3,0.0,harm,hybrid,0.001,low_risk_q1,0.1,1.0,0,1.2681598663330078,0.0002469745616201531,4,4048,0.0,102,1012
3,100,0.3,0.0,harm,hybrid,0.001,low_risk_q1,0.1,1.0,0,1.280588150024414,0.0002469745616201531,4,4048,0.0,102,1012
4,100,0.3,0.0,harm,hybrid,0.001,low_risk_q1,0.1,1.0,0,0.12783026695251465,0.003277269354439773,4,4042,1.0,95,930
4,100,0.3,0.0,harm,hybrid,0.001,low_risk_q1,0.1,1.0,0,0.14074985682964325,0.003277269354439773,4,4042,1.0,95,930
4,100,0.3,0.0,harm,hybrid,0.001,low_risk_q1,0.1,1.0,0,0.15366944670677185,0.003277269354439773,4,4042,1.0,95,930
4,100,0.3,0.0,harm,hybrid,0.001,low_risk_q1,0.1,1.0,0,0.16658903658390045,0.003277269354439773,4,4042,1.0,95,930
4,100,0.3,0.0,harm,hybrid,0.001,low_risk_q1,0.1,1.0,0,0.17950862646102905,0.003277269354439773,4,4042,1.0,95,930
4,100,0.3,0.0,harm,hybrid,0.001,low_risk_q1,0.1,1.0,0,0.19242820143699646,0.003277269354439773,4,4042,1.0,95,930
4,100,0.3,0.0,harm,hybrid,0.001,low_risk_q1,0.1,1.0,0,0.20534780621528625,0.003277269354439773,4,4042,1.0,95,930
4,100,0.3,0.0,harm,hybrid,0.001,low_risk_q1,0.1,1.0,0,0.21826738119125366,0.003277269354439773,4,4042,1.0,95,930
4,100,0.3,0.0,harm,hybrid,0.001,low_risk_q1,0.1,1.0,0,0.23118698596954346,0.003277269354439773,4,4042,1.0,95,930
4,100,0.3,0.0,harm,hybrid,0.001,low_risk_q1,0.1,1.0,0,0.24410656094551086,0.003277269354439773,4,4042,1.0,95,930
4,100,0.3,0.0,harm,hybrid,0.001,low_risk_q1,0.1,1.0,0,0.25702613592147827,0.003277269354439773,4,4042,1.0,95,930
4,100,0.3,0.0,harm,hybrid,0.001,low_risk_q1,0.1,1.0,0,0.26994574069976807,0.003277269354439773,4,4042,1.0,95,930
4,100,0.3,0.0,harm,hybrid,0.001,low_risk_q1,0.1,1.0,0,0.28286534547805786,0.003277269354439773,4,4042,1.0,95,930
4,100,0.3,0.0,harm,hybrid,0.001,low_risk_q1,0.1,1.0,0,0.29578492045402527,0.003277269354439773,4,4042,1.0,95,930
4,100,0.3,0.0,harm,hybrid,0.001,low_risk_q1,0.1,1.0,0,0.3087044954299927,0.003277269354439773,4,4042,1.0,95,930
4,100,0.3,0.0,harm,hybrid,0.001,low_risk_q1,0.1,1.0,0,0.32162410020828247,0.003252535246104378,4,4042,0.975,95,930
4,100,0.3,0.0,harm,hybrid,0.001,low_risk_q1,0.1,1.0,0,0.33454370498657227,0.003252535246104378,4,4042,0.975,95,930
4,100,0.3,0.0,harm,hybrid,0.001,low_risk_q1,0.1,1.0,0,0.3474632799625397,0.003252535246104378,4,4042,0.975,95,930
4,100,0.3,0.0,harm,hybrid,0.001,low_risk_q1,0.1,1.0,0,0.3603828549385071,0.003252535246104378,4,4042,0.975,95,930
4,100,0.3,0.0,harm,hybrid,0.001,low_risk_q1,0.1,1.0,0,0.3733024597167969,0.003252535246104378,4,4042,0.975,95,930
4,100,0.3,0.0,harm,hybrid,0.001,low_risk_q1,0.1,1.0,0,0.3862220346927643,0.003252535246104378,4,4042,0.975,95,930
4,100,0.3,0.0,harm,hybrid,0.001,low_risk_q1,0.1,1.0,0,0.3991416394710541,0.003252535246104378,4,4042,0.975,95,930
4,100,0.3,0.0,harm,hybrid,0.001,low_risk_q1,0.1,1.0,0,0.4120612144470215,0.003227801137768984,4,4042,0.9625,95,930
4,100,0.3,0.0,harm,hybrid,0.001,low_risk_q1,0.1,1.0,0,0.4249808192253113,0.003227801137768984,4,4042,0.9625,95,930
4,100,0.3,0.0,harm,hybrid,0.001,low_risk_q1,0.1,1.0,0,0.4379003942012787,0.003227801137768984,4,4042,0.9625,95,930
4,100,0.3,0.0,harm,hybrid,0.001,low_risk_q1,0.1,1.0,0,0.4508199989795685,0.003215434083601286,4,4042,0.95,95,930
4,100,0.3,0.0,harm,hybrid,0.001,low_risk_q1,0.1,1.0,0,0.4637395739555359,0.003215434083601286,4,4042,0.95,95,930
4,100,0.3,0.0,harm,hybrid,0.001,low_risk_q1,0.1,1.0,0,0.4766591787338257,0.0031906999752658923,4,4042,0.9249999999999999,95,930
4,100,0.3,0.0,harm,hybrid,0.001,low_risk_q1,0.1,1.0,0,0.4895787537097931,0.0031535988127628003,4,4042,0.8875000000000001,95,930
4,100,0.3,0.0,harm,hybrid,0.001,low_risk_q1,0.1,1.0,0,0.5024983882904053,0.0031288647044274056,4,4042,0.8750000000000001,95,930
4,100,0.3,0.0,harm,hybrid,0.001,low_risk_q1,0.1,1.0,0,0.5154179334640503,0.003091763541924314,4,4042,0.825,95,930
4,100,0.3,0.0,harm,hybrid,0.001,low_risk_q1,0.1,1.0,0,0.5283375382423401,0.0030422953252535246,4,4042,0.8125,95,930
4,100,0.3,0.0,harm,hybrid,0.001,low_risk_q1,0.1,1.0,0,0.5412571430206299,0.0029928271085827357,4,4042,0.7749999999999999,95,930
4,100,0.3,0.0,harm,hybrid,0.001,low_risk_q1,0.1,1.0,0,0.5541766881942749,0.0029928271085827357,4,4042,0.7875,95,930
4,100,0.3,0.0,harm,hybrid,0.001,low_risk_q1,0.1,1.0,0,0.5670962929725647,0.002955725946079644,4,4042,0.7625,95,930
4,100,0.3,0.0,harm,hybrid,0.001,low_risk_q1,0.1,1.0,0,0.5800158977508545,0.0029062577294088556,4,4042,0.725,95,930
4,100,0.3,0.0,harm,hybrid,0.001,low_risk_q1,0.1,1.0,0,0.5929354429244995,0.002893890675241158,4,4042,0.725,95,930
4,100,0.3,0.0,harm,hybrid,0.001,low_risk_q1,0.1,1.0,0,0.6058550477027893,0.002893890675241158,4,4042,0.725,95,930
4,100,0.3,0.0,harm,hybrid,0.001,low_risk_q1,0.1,1.0,0,0.6187746524810791,0.0028567895127380666,4,4042,0.7124999999999999,95,930
4,100,0.3,0.0,harm,hybrid,0.001,low_risk_q1,0.1,1.0,0,0.6316942572593689,0.0028073212960672772,4,4042,0.7124999999999999,95,930
4,100,0.3,0.0,harm,hybrid,0.001,low_risk_q1,0.1,1.0,0,0.6446138024330139,0.0027825871877318826,4,4042,0.6875,95,930
4,100,0.3,0.0,harm,hybrid,0.001,low_risk_q1,0.1,1.0,0,0.6575334072113037,0.002745486025228791,4,4042,0.6875,95,930
4,100,0.3,0.0,harm,hybrid,0.001,low_risk_q1,0.1,1.0,0,0.6704530119895935,0.002696017808558002,4,4042,0.6875,95,930
4,100,0.3,0.0,harm,hybrid,0.001,low_risk_q1,0.1,1.0,0,0.6833726167678833,0.0026712837002226073,4,4042,0.6749999999999999,95,930
4,100,0.3,0.0,harm,hybrid,0.001,low_risk_q1,0.1,1.0,0,0.6962921619415283,0.0026341825377195157,4,4042,0.6749999999999999,95,930
4,100,0.3,0.0,harm,hybrid,0.001,low_risk_q1,0.1,1.0,0,0.7092117667198181,0.002621815483551819,4,4042,0.6749999999999999,95,930
4,100,0.3,0.0,harm,hybrid,0.001,low_risk_q1,0.1,1.0,0,0.7221313714981079,0.0025723472668810294,4,4042,0.6749999999999999,95,930
4,100,0.3,0.0,harm,hybrid,0.001,low_risk_q1,0.1,1.0,0,0.7350509762763977,0.002547613158545635,4,4042,0.6749999999999999,95,930
4,100,0.3,0.0,harm,hybrid,0.001,low_risk_q1,0.1,1.0,0,0.7479705214500427,0.0025352461043779374,4,4042,0.6749999999999999,95,930
4,100,0.3,0.0,harm,hybrid,0.001,low_risk_q1,0.1,1.0,0,0.7608901262283325,0.0025228790502102405,4,4042,0.6749999999999999,95,930
4,100,0.3,0.0,harm,hybrid,0.001,low_risk_q1,0.1,1.0,0,0.7738097310066223,0.0025105119960425427,4,4042,0.6749999999999999,95,930
4,100,0.3,0.0,harm,hybrid,0.001,low_risk_q1,0.1,1.0,0,0.7867292761802673,0.002498144941874846,4,4042,0.6749999999999999,95,930
4,100,0.3,0.0,harm,hybrid,0.001,low_risk_q1,0.1,1.0,0,0.7996488809585571,0.0024610437793717538,4,4042,0.6749999999999999,95,930
4,100,0.3,0.0,harm,hybrid,0.001,low_risk_q1,0.1,1.0,0,0.8125684857368469,0.002411575562700965,4,4042,0.6749999999999999,95,930
4,100,0.3,0.0,harm,hybrid,0.001,low_risk_q1,0.1,1.0,0,0.8254880905151367,0.0023868414543655706,4,4042,0.6749999999999999,95,930
4,100,0.3,0.0,harm,hybrid,0.001,low_risk_q1,0.1,1.0,0,0.8384076356887817,0.0023744744001978737,4,4042,0.6749999999999999,95,930
4,100,0.3,0.0,harm,hybrid,0.001,low_risk_q1,0.1,1.0,0,0.8513272404670715,0.0023373732376947816,4,4042,0.6749999999999999,95,930
4,100,0.3,0.0,harm,hybrid,0.001,low_risk_q1,0.1,1.0,0,0.8642468452453613,0.002275537966856295,4,4042,0.6749999999999999,95,930
4,100,0.3,0.0,harm,hybrid,0.001,low_risk_q1,0.1,1.0,0,0.8771664500236511,0.0022013356418501117,4,4042,0.6749999999999999,95,930
4,100,0.3,0.0,harm,hybrid,0.001,low_risk_q1,0.1,1.0,0,0.8900859951972961,0.0021518674251793228,4,4042,0.6749999999999999,95,930
4,100,0.3,0.0,harm,hybrid,0.001,low_risk_q1,0.1,1.0,0,0.9030055999755859,0.0020652980460054413,4,4042,0.6749999999999999,95,930
4,100,0.3,0.0,harm,hybrid,0.001,low_risk_q1,0.1,1.0,0,0.9159252047538757,0.001991095720999258,4,4042,0.6749999999999999,95,930
4,100,0.3,0.0,harm,hybrid,0.001,low_risk_q1,0.1,1.0,0,0.9288448095321655,0.0019539945584961665,4,4042,0.6749999999999999,95,930
4,100,0.3,0.0,harm,hybrid,0.001,low_risk_q1,0.1,1.0,0,0.9417643547058105,0.0018550581251545882,4,4042,0.6749999999999999,95,930
4,100,0.3,0.0,harm,hybrid,0.001,low_risk_q1,0.1,1.0,0,0.9546839594841003,0.0018055899084837995,4,4042,0.6749999999999999,95,930
4,100,0.3,0.0,harm,hybrid,0.001,low_risk_q1,0.1,1.0,0,0.9676035642623901,0.0017313875834776156,4,4042,0.6749999999999999,95,930
4,100,0.3,0.0,harm,hybrid,0.001,low_risk_q1,0.1,1.0,0,0.9805231094360352,0.001657185258471432,4,4042,0.6749999999999999,95,930
4,100,0.3,0.0,harm,hybrid,0.001,low_risk_q1,0.1,1.0,0,0.993442714214325,0.0015829829334652488,4,4042,0.6749999999999999,95,930
4,100,0.3,0.0,harm,hybrid,0.001,low_risk_q1,0.1,1.0,0,1.0063623189926147,0.0014469453376205787,4,4042,0.6625,95,930
4,100,0.3,0.0,harm,hybrid,0.001,low_risk_q1,0.1,1.0,0,1.0192818641662598,0.0012738065792728174,4,4042,0.6,95,930
4,100,0.3,0.0,harm,hybrid,0.001,low_risk_q1,0.1,1.0,0,1.0322015285491943,0.0011872372000989364,4,4042,0.5625,95,930
4,100,0.3,0.0,harm,hybrid,0.001,low_risk_q1,0.1,1.0,0,1.0451210737228394,0.0011377689834281474,4,4042,0.55,95,930
4,100,0.3,0.0,harm,hybrid,0.001,low_risk_q1,0.1,1.0,0,1.0580406188964844,0.0010511996042542667,4,4042,0.475,95,930
4,100,0.3,0.0,harm,hybrid,0.001,low_risk_q1,0.1,1.0,0,1.070960283279419,0.0009275290625772941,4,4042,0.4125,95,930
4,100,0.3,0.0,harm,hybrid,0.001,low_risk_q1,0.1,1.0,0,1.083879828453064,0.0008038585209003218,4,4042,0.325,95,930
4,100,0.3,0.0,harm,hybrid,0.001,low_risk_q1,0.1,1.0,0,1.096799373626709,0.0006925550333910463,4,4042,0.2625,95,930
4,100,0.3,0.0,harm,hybrid,0.001,low_risk_q1,0.1,1.0,0,1.1097190380096436,0.0005565174375463764,4,4042,0.1875,95,930
4,100,0.3,0.0,harm,hybrid,0.001,low_risk_q1,0.1,1.0,0,1.1226387023925781,0.00048231511254019296,4,4042,0.125,95,930
4,100,0.3,0.0,harm,hybrid,0.001,low_risk_q1,0.1,1.0,0,1.1355582475662231,0.0004452139500371012,4,4042,0.0875,95,930
4,100,0.3,0.0,harm,hybrid,0.001,low_risk_q1,0.1,1.0,0,1.1484777927398682,0.00040811278753400944,4,4042,0.0625,95,930
4,100,0.3,0.0,harm,hybrid,0.001,low_risk_q1,0.1,1.0,0,1.1613973379135132,0.00034627751669552315,4,4042,0.025,95,930
4,100,0.3,0.0,harm,hybrid,0.001,low_risk_q1,0.1,1.0,0,1.1743170022964478,0.0002968093000247341,4,4042,0.0125,95,930
4,100,0.3,0.0,harm,hybrid,0.001,low_risk_q1,0.1,1.0,0,1.1872365474700928,0.00028444224585703686,4,4042,0.0125,95,930
4,100,0.3,0.0,harm,hybrid,0.001,low_risk_q1,0.1,1.0,0,1.2001560926437378,0.0002473410833539451,4,4042,0.0,95,930
4,100,0.3,0.0,harm,hybrid,0.001,low_risk_q1,0.1,1.0,0,1.2130757570266724,0.0002473410833539451,4,4042,0.0,95,930
4,100,0.3,0.0,harm,hybrid,0.001,low_risk_q1,0.1,1.0,0,1.2259953022003174,0.0002473410833539451,4,4042,0.0,95,930
4,100,0.3,0.0,harm,hybrid,0.001,low_risk_q1,0.1,1.0,0,1.238914966583252,0.0002473410833539451,4,4042,0.0,95,930
4,100,0.3,0.0,harm,hybrid,0.001,low_risk_q1,0.1,1.0,0,1.251834511756897,0.0002473410833539451,4,4042,0.0,95,930
4,100,0.3,0.0,harm,hybrid,0.001,low_risk_q1,0.1,1.0,0,1.264754056930542,0.0002473410833539451,4,4042,0.0,95,930
4,100,0.3,0.0,harm,hybrid,0.001,low_risk_q1,0.1,1.0,0,1.2776737213134766,0.0002473410833539451,4,4042,0.0,95,930
4,100,0.3,0.0,harm,hybrid,0.001,low_risk_q1,0.1,1.0,0,1.2905932664871216,0.0002473410833539451,4,4042,0.0,95,930
4,100,0.3,0.0,harm,hybrid,0.001,low_risk_q1,0.1,1.0,0,1.3035128116607666,0.0002473410833539451,4,4042,0.0,95,930
4,100,0.3,0.0,harm,hybrid,0.001,low_risk_q1,0.1,1.0,0,1.3164324760437012,0.0002473410833539451,4,4042,0.0,95,930
4,100,0.3,0.0,harm,hybrid,0.001,low_risk_q1,0.1,1.0,0,1.3293520212173462,0.0002473410833539451,4,4042,0.0,95,930
4,100,0.3,0.0,harm,hybrid,0.001,low_risk_q1,0.1,1.0,0,1.3422716856002808,0.0002473410833539451,4,4042,0.0,95,930
4,100,0.3,0.0,harm,hybrid,0.001,low_risk_q1,0.1,1.0,0,1.3551912307739258,0.0002473410833539451,4,4042,0.0,95,930
4,100,0.3,0.0,harm,hybrid,0.001,low_risk_q1,0.1,1.0,0,1.3681107759475708,0.0002473410833539451,4,4042,0.0,95,930
4,100,0.3,0.0,harm,hybrid,0.001,low_risk_q1,0.1,1.0,0,1.3810304403305054,0.0002473410833539451,4,4042,0.0,95,930
4,100,0.3,0.0,harm,hybrid,0.001,low_risk_q1,0.1,1.0,0,1.3939499855041504,0.0002473410833539451,4,4042,0.0,95,930
4,100,0.3,0.0,harm,hybrid,0.001,low_risk_q1,0.1,1.0,0,1.4068695306777954,0.0002473410833539451,4,4042,0.0,95,930
5,100,0.3,0.0,harm,hybrid,0.001,low_risk_q1,0.1,1.0,0,0.08004054427146912,0.0031759762728620867,4,4045,1.0,112,1102
5,100,0.3,0.0,harm,hybrid,0.001,low_risk_q1,0.1,1.0,0,0.09199190139770508,0.0031759762728620867,4,4045,1.0,112,1102
5,100,0.3,0.0,harm,hybrid,0.001,low_risk_q1,0.1,1.0,0,0.10394325852394104,0.0031759762728620867,4,4045,1.0,112,1102
5,100,0.3,0.0,harm,hybrid,0.001,low_risk_q1,0.1,1.0,0,0.1158946231007576,0.0031759762728620867,4,4045,1.0,112,1102
5,100,0.3,0.0,harm,hybrid,0.001,low_risk_q1,0.1,1.0,0,0.12784597277641296,0.0031759762728620867,4,4045,1.0,112,1102
5,100,0.3,0.0,harm,hybrid,0.001,low_risk_q1,0.1,1.0,0,0.13979732990264893,0.0031759762728620867,4,4045,1.0,112,1102
5,100,0.3,0.0,harm,hybrid,0.001,low_risk_q1,0.1,1.0,0,0.15174870193004608,0.0031759762728620867,4,4045,1.0,112,1102
5,100,0.3,0.0,harm,hybrid,0.001,low_risk_q1,0.1,1.0,0,0.16370005905628204,0.0031759762728620867,4,4045,1.0,112,1102
5,100,0.3,0.0,harm,hybrid,0.001,low_risk_q1,0.1,1.0,0,0.175651416182518,0.0031759762728620867,4,4045,1.0,112,1102
5,100,0.3,0.0,harm,hybrid,0.001,low_risk_q1,0.1,1.0,0,0.18760277330875397,0.0031759762728620867,4,4045,1.0,112,1102
5,100,0.3,0.0,harm,hybrid,0.001,low_risk_q1,0.1,1.0,0,0.19955413043498993,0.0031759762728620867,4,4045,1.0,112,1102
5,100,0.3,0.0,harm,hybrid,0.001,low_risk_q1,0.1,1.0,0,0.2115054875612259,0.0031759762728620867,4,4045,1.0,112,1102
5,100,0.3,0.0,harm,hybrid,0.001,low_risk_q1,0.1,1.0,0,0.22345685958862305,0.003163618388531883,4,4045,0.9875,112,1102
5,100,0.3,0.0,harm,hybrid,0.001,low_risk_q1,0.1,1.0,0,0.235408216714859,0.003163618388531883,4,4045,0.9875,112,1102
5,100,0.3,0.0,harm,hybrid,0.001,low_risk_q1,0.1,1.0,0,0.24735957384109497,0.0031512605042016808,4,4045,0.9750000000000001,112,1102
5,100,0.3,0.0,harm,hybrid,0.001,low_risk_q1,0.1,1.0,0,0.25931093096733093,0.0031512605042016808,4,4045,0.9750000000000001,112,1102
5,100,0.3,0.0,harm,hybrid,0.001,low_risk_q1,0.1,1.0,0,0.2712622880935669,0.0031389026198714778,4,4045,0.9624999999999999,112,1102
5,100,0.3,0.0,harm,hybrid,0.001,low_risk_q1,0.1,1.0,0,0.28321364521980286,0.0031389026198714778,4,4045,0.9624999999999999,112,1102
5,100,0.3,0.0,harm,hybrid,0.001,low_risk_q1,0.1,1.0,0,0.2951650023460388,0.0031389026198714778,4,4045,0.9624999999999999,112,1102
5,100,0.3,0.0,harm,hybrid,0.001,low_risk_q1,0.1,1.0,0,0.3071163594722748,0.0031389026198714778,4,4045,0.9624999999999999,112,1102
5,100,0.3,0.0,harm,hybrid,0.001,low_risk_q1,0.1,1.0,0,0.31906771659851074,0.0031389026198714778,4,4045,0.9624999999999999,112,1102
5,100,0.3,0.0,harm,hybrid,0.001,low_risk_q1,0.1,1.0,0,0.3310190737247467,0.003126544735541275,4,4045,0.9624999999999999,112,1102
5,100,0.3,0.0,harm,hybrid,0.001,low_risk_q1,0.1,1.0,0,0.34297043085098267,0.003126544735541275,4,4045,0.9624999999999999,112,1102
5,100,0.3,0.0,harm,hybrid,0.001,low_risk_q1,0.1,1.0,0,0.35492178797721863,0.003126544735541275,4,4045,0.9624999999999999,112,1102
5,100,0.3,0.0,harm,hybrid,0.001,low_risk_q1,0.1,1.0,0,0.366873174905777,0.003126544735541275,4,4045,0.9624999999999999,112,1102
5,100,0.3,0.0,harm,hybrid,0.001,low_risk_q1,0.1,1.0,0,0.37882453203201294,0.0031018289668808697,4,4045,0.9374999999999999,112,1102
5,100,0.3,0.0,harm,hybrid,0.001,low_risk_q1,0.1,1.0,0,0.3907758891582489,0.0030523974295600595,4,4045,0.9,112,1102
5,100,0.3,0.0,harm,hybrid,0.001,low_risk_q1,0.1,1.0,0,0.40272724628448486,0.0030276816608996535,4,4045,0.875,112,1102
5,100,0.3,0.0,harm,hybrid,0.001,low_risk_q1,0.1,1.0,0,0.4146786034107208,0.0029782501235788433,4,4045,0.8375,112,1102
5,100,0.3,0.0,harm,hybrid,0.001,low_risk_q1,0.1,1.0,0,0.4266299605369568,0.002904102817597627,4,4045,0.7875,112,1102
5,100,0.3,0.0,harm,hybrid,0.001,low_risk_q1,0.1,1.0,0,0.43858131766319275,0.002904102817597627,4,4045,0.7875,112,1102
5,100,0.3,0.0,harm,hybrid,0.001,low_risk_q1,0.1,1.0,0,0.4505326747894287,0.002842313395946614,4,4045,0.7375,112,1102
5,100,0.3,0.0,harm,hybrid,0.001,low_risk_q1,0.1,1.0,0,0.4624840319156647,0.002792881858625803,4,4045,0.7,112,1102
5,100,0.3,0.0,harm,hybrid,0.001,low_risk_q1,0.1,1.0,0,0.47443538904190063,0.0027310924369747898,4,4045,0.6625,112,1102
5,100,0.3,0.0,harm,hybrid,0.001,low_risk_q1,0.1,1.0,0,0.4863867461681366,0.0026940187839841817,4,4045,0.65,112,1102
5,100,0.3,0.0,harm,hybrid,0.001,low_risk_q1,0.1,1.0,0,0.49833810329437256,0.0026693030153237766,4,4045,0.6375,112,1102
5,100,0.3,0.0,harm,hybrid,0.001,low_risk_q1,0.1,1.0,0,0.5102894306182861,0.0026075135936727634,4,4045,0.5625,112,1102
5,100,0.3,0.0,harm,hybrid,0.001,low_risk_q1,0.1,1.0,0,0.5222408175468445,0.0025827978250123574,4,4045,0.5874999999999999,112,1102
5,100,0.3,0.0,harm,hybrid,0.001,low_risk_q1,0.1,1.0,0,0.5341922044754028,0.0025333662876915472,4,4045,0.5874999999999999,112,1102
5,100,0.3,0.0,harm,hybrid,0.001,low_risk_q1,0.1,1.0,0,0.5461435317993164,0.002483934750370737,4,4045,0.55,112,1102
5,100,0.3,0.0,harm,hybrid,0.001,low_risk_q1,0.1,1.0,0,0.55809485912323,0.002471576866040534,4,4045,0.5375,112,1102
5,100,0.3,0.0,harm,hybrid,0.001,low_risk_q1,0.1,1.0,0,0.5700463056564331,0.002459218981710331,4,4045,0.5249999999999999,112,1102
5,100,0.3,0.0,harm,hybrid,0.001,low_risk_q1,0.1,1.0,0,0.5819976329803467,0.002446861097380128,4,4045,0.5249999999999999,112,1102
5,100,0.3,0.0,harm,hybrid,0.001,low_risk_q1,0.1,1.0,0,0.5939489603042603,0.002446861097380128,4,4045,0.5249999999999999,112,1102
5,100,0.3,0.0,harm,hybrid,0.001,low_risk_q1,0.1,1.0,0,0.6059002876281738,0.002446861097380128,4,4045,0.5249999999999999,112,1102
5,100,0.3,0.0,harm,hybrid,0.001,low_risk_q1,0.1,1.0,0,0.617851734161377,0.002422145328719723,4,4045,0.5249999999999999,112,1102
5,100,0.3,0.0,harm,hybrid,0.001,low_risk_q1,0.1,1.0,0,0.6298030614852905,0.002422145328719723,4,4045,0.5249999999999999,112,1102
5,100,0.3,0.0,harm,hybrid,0.001,low_risk_q1,0.1,1.0,0,0.6417543888092041,0.00240978744438952,4,4045,0.5249999999999999,112,1102
5,100,0.3,0.0,harm,hybrid,0.001,low_risk_q1,0.1,1.0,0,0.6537058353424072,0.00236035590706871,4,4045,0.5249999999999999,112,1102
5,100,0.3,0.0,harm,hybrid,0.001,low_risk_q1,0.1,1.0,0,0.6656571626663208,0.002347998022738507,4,4045,0.5249999999999999,112,1102
5,100,0.3,0.0,harm,hybrid,0.001,low_risk_q1,0.1,1.0,0,0.6776084899902344,0.0022738507167572907,4,4045,0.5249999999999999,112,1102
5,100,0.3,0.0,harm,hybrid,0.001,low_risk_q1,0.1,1.0,0,0.689559817314148,0.0022367770637666835,4,4045,0.5249999999999999,112,1102
5,100,0.3,0.0,harm,hybrid,0.001,low_risk_q1,0.1,1.0,0,0.7015112638473511,0.0021873455264458724,4,4045,0.5249999999999999,112,1102
5,100,0.3,0.0,harm,hybrid,0.001,low_risk_q1,0.1,1.0,0,0.7134625911712646,0.0021626297577854673,4,4045,0.5249999999999999,112,1102
5,100,0.3,0.0,harm,hybrid,0.001,low_risk_q1,0.1,1.0,0,0.7254139184951782,0.0021008403361344537,4,4045,0.5249999999999999,112,1102
5,100,0.3,0.0,harm,hybrid,0.001,low_risk_q1,0.1,1.0,0,0.7373652458190918,0.002063766683143846,4,4045,0.5249999999999999,112,1102
5,100,0.3,0.0,harm,hybrid,0.001,low_risk_q1,0.1,1.0,0,0.7493166923522949,0.002051408798813643,4,4045,0.5249999999999999,112,1102
5,100,0.3,0.0,harm,hybrid,0.001,low_risk_q1,0.1,1.0,0,0.7612680196762085,0.00203905091448344,4,4045,0.5249999999999999,112,1102
5,100,0.3,0.0,harm,hybrid,0.001,low_risk_q1,0.1,1.0,0,0.7732193470001221,0.0019896193771626294,4,4045,0.5249999999999999,112,1102
5,100,0.3,0.0,harm,hybrid,0.001,low_risk_q1,0.1,1.0,0,0.7851706743240356,0.0019649036085022244,4,4045,0.5249999999999999,112,1102
5,100,0.3,0.0,harm,hybrid,0.001,low_risk_q1,0.1,1.0,0,0.7971221208572388,0.0019401878398418188,4,4045,0.5249999999999999,112,1102
5,100,0.3,0.0,harm,hybrid,0.001,low_risk_q1,0.1,1.0,0,0.8090734481811523,0.0018536826495304003,4,4045,0.5249999999999999,112,1102
5,100,0.3,0.0,harm,hybrid,0.001,low_risk_q1,0.1,1.0,0,0.8210247755050659,0.0017301038062283735,4,4045,0.5249999999999999,112,1102
5,100,0.3,0.0,harm,hybrid,0.001,low_risk_q1,0.1,1.0,0,0.8329761028289795,0.0016559565002471578,4,4045,0.5249999999999999,112,1102
5,100,0.3,0.0,harm,hybrid,0.001,low_risk_q1,0.1,1.0,0,0.8449275493621826,0.0015941670785961446,4,4045,0.5249999999999999,112,1102
5,100,0.3,0.0,harm,hybrid,0.001,low_risk_q1,0.1,1.0,0,0.8568788766860962,0.0014705882352941176,4,4045,0.5249999999999999,112,1102
5,100,0.3,0.0,harm,hybrid,0.001,low_risk_q1,0.1,1.0,0,0.8688302040100098,0.0013840830449826987,4,4045,0.5249999999999999,112,1102
5,100,0.3,0.0,harm,hybrid,0.001,low_risk_q1,0.1,1.0,0,0.8807816505432129,0.0013099357390014828,4,4045,0.5249999999999999,112,1102
5,100,0.3,0.0,harm,hybrid,0.001,low_risk_q1,0.1,1.0,0,0.8927329778671265,0.0012110726643598615,4,4045,0.5249999999999999,112,1102
5,100,0.3,0.0,harm,hybrid,0.001,low_risk_q1,0.1,1.0,0,0.90468430519104,0.0011492832427088483,4,4045,0.5,112,1102
5,100,0.3,0.0,harm,hybrid,0.001,low_risk_q1,0.1,1.0,0,0.9166356325149536,0.0010751359367276322,4,4045,0.48749999999999993,112,1102
5,100,0.3,0.0,harm,hybrid,0.001,low_risk_q1,0.1,1.0,0,0.9285870790481567,0.0009762728620860107,4,4045,0.42499999999999993,112,1102
5,100,0.3,0.0,harm,hybrid,0.001,low_risk_q1,0.1,1.0,0,0.9405384063720703,0.0009021255561047948,4,4045,0.38749999999999996,112,1102
5,100,0.3,0.0,harm,hybrid,0.001,low_risk_q1,0.1,1.0,0,0.9524897336959839,0.0008156203657933761,4,4045,0.3625,112,1102
5,100,0.3,0.0,harm,hybrid,0.001,low_risk_q1,0.1,1.0,0,0.9644410610198975,0.0007661888284725654,4,4045,0.32500000000000007,112,1102
5,100,0.3,0.0,harm,hybrid,0.001,low_risk_q1,0.1,1.0,0,0.9763925075531006,0.0007043994068215521,4,4045,0.28750000000000003,112,1102
5,100,0.3,0.0,harm,hybrid,0.001,low_risk_q1,0.1,1.0,0,0.9883438348770142,0.0006426099851705388,4,4045,0.25,112,1102
5,100,0.3,0.0,harm,hybrid,0.001,low_risk_q1,0.1,1.0,0,1.0002951622009277,0.0005313890261987147,4,4045,0.1625,112,1102
5,100,0.3,0.0,harm,hybrid,0.001,low_risk_q1,0.1,1.0,0,1.0122464895248413,0.00048195748887790407,4,4045,0.125,112,1102
5,100,0.3,0.0,harm,hybrid,0.001,low_risk_q1,0.1,1.0,0,1.0241979360580444,0.00045724172021749875,4,4045,0.1125,112,1102
5,100,0.3,0.0,harm,hybrid,0.001,low_risk_q1,0.1,1.0,0,1.036149263381958,0.00037073652990608004,4,4045,0.05,112,1102
5,100,0.3,0.0,harm,hybrid,0.001,low_risk_q1,0.1,1.0,0,1.0481005907058716,0.0003089471082550667,4,4045,0.025,112,1102
5,100,0.3,0.0,harm,hybrid,0.001,low_risk_q1,0.1,1.0,0,1.0600520372390747,0.00029658922392486405,4,4045,0.0125,112,1102
5,100,0.3,0.0,harm,hybrid,0.001,low_risk_q1,0.1,1.0,0,1.0720033645629883,0.00029658922392486405,4,4045,0.0125,112,1102
5,100,0.3,0.0,harm,hybrid,0.001,low_risk_q1,0.1,1.0,0,1.0839546918869019,0.00029658922392486405,4,4045,0.0125,112,1102
5,100,0.3,0.0,harm,hybrid,0.001,low_risk_q1,0.1,1.0,0,1.095906138420105,0.00029658922392486405,4,4045,0.0125,112,1102
5,100,0.3,0.0,harm,hybrid,0.001,low_risk_q1,0.1,1.0,0,1.1078574657440186,0.00029658922392486405,4,4045,0.0125,112,1102
5,100,0.3,0.0,harm,hybrid,0.001,low_risk_q1,0.1,1.0,0,1.1198087930679321,0.0002842313395946614,4,4045,0.0,112,1102
5,100,0.3,0.0,harm,hybrid,0.001,low_risk_q1,0.1,1.0,0,1.1317601203918457,0.0002718734552644587,4,4045,0.0,112,1102
5,100,0.3,0.0,harm,hybrid,0.001,low_risk_q1,0.1,1.0,0,1.1437115669250488,0.000259515570934256,4,4045,0.0,112,1102
5,100,0.3,0.0,harm,hybrid,0.001,low_risk_q1,0.1,1.0,0,1.1556628942489624,0.000259515570934256,4,4045,0.0,112,1102
5,100,0.3,0.0,harm,hybrid,0.001,low_risk_q1,0.1,1.0,0,1.167614221572876,0.00024715768660405336,4,4045,0.0,112,1102
5,100,0.3,0.0,harm,hybrid,0.001,low_risk_q1,0.1,1.0,0,1.1795655488967896,0.00024715768660405336,4,4045,0.0,112,1102
5,100,0.3,0.0,harm,hybrid,0.001,low_risk_q1,0.1,1.0,0,1.1915169954299927,0.00024715768660405336,4,4045,0.0,112,1102
5,100,0.3,0.0,harm,hybrid,0.001,low_risk_q1,0.1,1.0,0,1.2034683227539062,0.00024715768660405336,4,4045,0.0,112,1102
5,100,0.3,0.0,harm,hybrid,0.001,low_risk_q1,0.1,1.0,0,1.2154196500778198,0.00024715768660405336,4,4045,0.0,112,1102
5,100,0.3,0.0,harm,hybrid,0.001,low_risk_q1,0.1,1.0,0,1.227371096611023,0.00024715768660405336,4,4045,0.0,112,1102
5,100,0.3,0.0,harm,hybrid,0.001,low_risk_q1,0.1,1.0,0,1.2393224239349365,0.00024715768660405336,4,4045,0.0,112,1102
5,100,0.3,0.0,harm,hybrid,0.001,low_risk_q1,0.1,1.0,0,1.25127375125885,0.00024715768660405336,4,4045,0.0,112,1102
5,100,0.3,0.0,harm,hybrid,0.001,low_risk_q1,0.1,1.0,0,1.2632250785827637,0.00024715768660405336,4,4045,0.0,112,1102
6,100,0.3,0.0,harm,hybrid,0.001,low_risk_q1,0.1,1.0,0,0.04609692096710205,0.0032954825968896572,4,4050,1.0,98,955
6,100,0.3,0.0,harm,hybrid,0.001,low_risk_q1,0.1,1.0,0,0.05876820534467697,0.0032954825968896572,4,4050,1.0,98,955
6,100,0.3,0.0,harm,hybrid,0.001,low_risk_q1,0.1,1.0,0,0.07143948972225189,0.0032954825968896572,4,4050,1.0,98,955
6,100,0.3,0.0,harm,hybrid,0.001,low_risk_q1,0.1,1.0,0,0.08411078155040741,0.0032954825968896572,4,4050,1.0,98,955
6,100,0.3,0.0,harm,hybrid,0.001,low_risk_q1,0.1,1.0,0,0.09678206592798233,0.0032954825968896572,4,4050,1.0,98,955
6,100,0.3,0.0,harm,hybrid,0.001,low_risk_q1,0.1,1.0,0,0.10945335030555725,0.0032954825968896572,4,4050,1.0,98,955
6,100,0.3,0.0,harm,hybrid,0.001,low_risk_q1,0.1,1.0,0,0.12212464213371277,0.0032954825968896572,4,4050,1.0,98,955
6,100,0.3,0.0,harm,hybrid,0.001,low_risk_q1,0.1,1.0,0,0.1347959339618683,0.0032954825968896572,4,4050,1.0,98,955
6,100,0.3,0.0,harm,hybrid,0.001,low_risk_q1,0.1,1.0,0,0.1474672108888626,0.0032954825968896572,4,4050,1.0,98,955
6,100,0.3,0.0,harm,hybrid,0.001,low_risk_q1,0.1,1.0,0,0.16013848781585693,0.0032954825968896572,4,4050,1.0,98,955
6,100,0.3,0.0,harm,hybrid,0.001,low_risk_q1,0.1,1.0,0,0.17280977964401245,0.0032954825968896572,4,4050,1.0,98,955
6,100,0.3,0.0,harm,hybrid,0.001,low_risk_q1,0.1,1.0,0,0.18548107147216797,0.0032954825968896572,4,4050,1.0,98,955
6,100,0.3,0.0,harm,hybrid,0.001,low_risk_q1,0.1,1.0,0,0.1981523633003235,0.0032954825968896572,4,4050,1.0,98,955
6,100,0.3,0.0,harm,hybrid,0.001,low_risk_q1,0.1,1.0,0,0.2108236402273178,0.0032954825968896572,4,4050,1.0,98,955
6,100,0.3,0.0,harm,hybrid,0.001,low_risk_q1,0.1,1.0,0,0.22349493205547333,0.0032954825968896572,4,4050,1.0,98,955
6,100,0.3,0.0,harm,hybrid,0.001,low_risk_q1,0.1,1.0,0,0.23616620898246765,0.003283139965440632,4,4050,0.9875,98,955
6,100,0.3,0.0,harm,hybrid,0.001,low_risk_q1,0.1,1.0,0,0.24883750081062317,0.003283139965440632,4,4050,0.9875,98,955
6,100,0.3,0.0,harm,hybrid,0.001,low_risk_q1,0.1,1.0,0,0.2615087926387787,0.003283139965440632,4,4050,0.9875,98,955
6,100,0.3,0.0,harm,hybrid,0.001,low_risk_q1,0.1,1.0,0,0.2741800546646118,0.003283139965440632,4,4050,0.9875,98,955
6,100,0.3,0.0,harm,hybrid,0.001,low_risk_q1,0.1,1.0,0,0.28685134649276733,0.003283139965440632,4,4050,0.9875,98,955
6,100,0.3,0.0,harm,hybrid,0.001,low_risk_q1,0.1,1.0,0,0.29952263832092285,0.003283139965440632,4,4050,0.9875,98,955
6,100,0.3,0.0,harm,hybrid,0.001,low_risk_q1,0.1,1.0,0,0.31219393014907837,0.003283139965440632,4,4050,0.9875,98,955
6,100,0.3,0.0,harm,hybrid,0.001,low_risk_q1,0.1,1.0,0,0.3248652219772339,0.003283139965440632,4,4050,0.9875,98,955
6,100,0.3,0.0,harm,hybrid,0.001,low_risk_q1,0.1,1.0,0,0.3375365138053894,0.0032707973339916076,4,4050,0.975,98,955
6,100,0.3,0.0,harm,hybrid,0.001,low_risk_q1,0.1,1.0,0,0.3502078056335449,0.0032707973339916076,4,4050,0.975,98,955
6,100,0.3,0.0,harm,hybrid,0.001,low_risk_q1,0.1,1.0,0,0.36287906765937805,0.003246112071093557,4,4050,0.975,98,955
6,100,0.3,0.0,harm,hybrid,0.001,low_risk_q1,0.1,1.0,0,0.37555035948753357,0.0032214268081955074,4,4050,0.9625,98,955
6,100,0.3,0.0,harm,hybrid,0.001,low_risk_q1,0.1,1.0,0,0.3882216513156891,0.0032214268081955074,4,4050,0.9625,98,955
6,100,0.3,0.0,harm,hybrid,0.001,low_risk_q1,0.1,1.0,0,0.4008929431438446,0.0032214268081955074,4,4050,0.9625,98,955
6,100,0.3,0.0,harm,hybrid,0.001,low_risk_q1,0.1,1.0,0,0.4135642349720001,0.0031967415452974577,4,4050,0.95,98,955
6,100,0.3,0.0,harm,hybrid,0.001,low_risk_q1,0.1,1.0,0,0.42623549699783325,0.003172056282399408,4,4050,0.925,98,955
6,100,0.3,0.0,harm,hybrid,0.001,low_risk_q1,0.1,1.0,0,0.43890678882598877,0.003122685756603308,4,4050,0.9000000000000001,98,955
6,100,0.3,0.0,harm,hybrid,0.001,low_risk_q1,0.1,1.0,0,0.4515780806541443,0.003098000493705258,4,4050,0.875,98,955
6,100,0.3,0.0,harm,hybrid,0.001,low_risk_q1,0.1,1.0,0,0.4642493724822998,0.0030733152308072076,4,4050,0.8625,98,955
6,100,0.3,0.0,harm,hybrid,0.001,low_risk_q1,0.1,1.0,0,0.4769206643104553,0.0029869168106640333,4,4050,0.8500000000000001,98,955
6,100,0.3,0.0,harm,hybrid,0.001,low_risk_q1,0.1,1.0,0,0.48959192633628845,0.0029498889163169584,4,4050,0.8375,98,955
6,100,0.3,0.0,harm,hybrid,0.001,low_risk_q1,0.1,1.0,0,0.5022631883621216,0.002900518390520859,4,4050,0.7875,98,955
6,100,0.3,0.0,harm,hybrid,0.001,low_risk_q1,0.1,1.0,0,0.5149345397949219,0.0028511478647247597,4,4050,0.7749999999999999,98,955
6,100,0.3,0.0,harm,hybrid,0.001,low_risk_q1,0.1,1.0,0,0.5276057720184326,0.0028388052332757345,4,4050,0.7875,98,955
6,100,0.3,0.0,harm,hybrid,0.001,low_risk_q1,0.1,1.0,0,0.5402771234512329,0.0028017773389286595,4,4050,0.75,98,955
6,100,0.3,0.0,harm,hybrid,0.001,low_risk_q1,0.1,1.0,0,0.5529483556747437,0.002826462601826709,4,4050,0.7625,98,955
6,100,0.3,0.0,harm,hybrid,0.001,low_risk_q1,0.1,1.0,0,0.5656196475028992,0.0027647494445815846,4,4050,0.75,98,955
6,100,0.3,0.0,harm,hybrid,0.001,low_risk_q1,0.1,1.0,0,0.5782909393310547,0.0027647494445815855,4,4050,0.7374999999999999,98,955
6,100,0.3,0.0,harm,hybrid,0.001,low_risk_q1,0.1,1.0,0,0.5909622311592102,0.0026536657615403606,4,4050,0.7125,98,955
6,100,0.3,0.0,harm,hybrid,0.001,low_risk_q1,0.1,1.0,0,0.6036335229873657,0.0026166378671932857,4,4050,0.6625000000000001,98,955
6,100,0.3,0.0,harm,hybrid,0.001,low_risk_q1,0.1,1.0,0,0.6163048148155212,0.0025672673413971855,4,4050,0.6125,98,955
6,100,0.3,0.0,harm,hybrid,0.001,low_risk_q1,0.1,1.0,0,0.6289761066436768,0.002542582078499136,4,4050,0.6125,98,955
6,100,0.3,0.0,harm,hybrid,0.001,low_risk_q1,0.1,1.0,0,0.6416473984718323,0.0025055541841520618,4,4050,0.6000000000000001,98,955
6,100,0.3,0.0,harm,hybrid,0.001,low_risk_q1,0.1,1.0,0,0.6543186902999878,0.0024191557640088866,4,4050,0.5875,98,955
6,100,0.3,0.0,harm,hybrid,0.001,low_risk_q1,0.1,1.0,0,0.6669899225234985,0.0023821278696618126,4,4050,0.575,98,955
6,100,0.3,0.0,harm,hybrid,0.001,low_risk_q1,0.1,1.0,0,0.679661214351654,0.002357442606763762,4,4050,0.575,98,955
6,100,0.3,0.0,harm,hybrid,0.001,low_risk_q1,0.1,1.0,0,0.6923325061798096,0.002357442606763762,4,4050,0.575,98,955
6,100,0.3,0.0,harm,hybrid,0.001,low_risk_q1,0.1,1.0,0,0.7050037980079651,0.0023450999753147368,4,4050,0.575,98,955
6,100,0.3,0.0,harm,hybrid,0.001,low_risk_q1,0.1,1.0,0,0.7176750898361206,0.002320414712416687,4,4050,0.575,98,955
6,100,0.3,0.0,harm,hybrid,0.001,low_risk_q1,0.1,1.0,0,0.7303463816642761,0.002308072080967662,4,4050,0.575,98,955
6,100,0.3,0.0,harm,hybrid,0.001,low_risk_q1,0.1,1.0,0,0.7430176734924316,0.0022710441866205877,4,4050,0.575,98,955
6,100,0.3,0.0,harm,hybrid,0.001,low_risk_q1,0.1,1.0,0,0.7556889653205872,0.002234016292273513,4,4050,0.575,98,955
6,100,0.3,0.0,harm,hybrid,0.001,low_risk_q1,0.1,1.0,0,0.7683602571487427,0.002184645766477413,4,4050,0.575,98,955
6,100,0.3,0.0,harm,hybrid,0.001,low_risk_q1,0.1,1.0,0,0.7810315489768982,0.0021352752406813133,4,4050,0.575,98,955
6,100,0.3,0.0,harm,hybrid,0.001,low_risk_q1,0.1,1.0,0,0.7937027812004089,0.0020859047148852135,4,4050,0.575,98,955
6,100,0.3,0.0,harm,hybrid,0.001,low_risk_q1,0.1,1.0,0,0.8063740730285645,0.002048876820538139,4,4050,0.575,98,955
6,100,0.3,0.0,harm,hybrid,0.001,low_risk_q1,0.1,1.0,0,0.81904536485672,0.0019377931374969142,4,4050,0.575,98,955
6,100,0.3,0.0,harm,hybrid,0.001,low_risk_q1,0.1,1.0,0,0.8317166566848755,0.0019131078745988645,4,4050,0.575,98,955
6,100,0.3,0.0,harm,hybrid,0.001,low_risk_q1,0.1,1.0,0,0.844387948513031,0.001789681560108615,4,4050,0.575,98,955
6,100,0.3,0.0,harm,hybrid,0.001,low_risk_q1,0.1,1.0,0,0.8570592403411865,0.0017156257714144656,4,4050,0.575,98,955
6,100,0.3,0.0,harm,hybrid,0.001,low_risk_q1,0.1,1.0,0,0.869730532169342,0.0016415699827203162,4,4050,0.575,98,955
6,100,0.3,0.0,harm,hybrid,0.001,low_risk_q1,0.1,1.0,0,0.8824018239974976,0.0015181436682300668,4,4050,0.575,98,955
6,100,0.3,0.0,harm,hybrid,0.001,low_risk_q1,0.1,1.0,0,0.8950731158256531,0.001431745248086892,4,4050,0.575,98,955
6,100,0.3,0.0,harm,hybrid,0.001,low_risk_q1,0.1,1.0,0,0.9077444076538086,0.0013576894593927426,4,4050,0.575,98,955
6,100,0.3,0.0,harm,hybrid,0.001,low_risk_q1,0.1,1.0,0,0.9204156994819641,0.001283633670698593,4,4050,0.575,98,955
6,100,0.3,0.0,harm,hybrid,0.001,low_risk_q1,0.1,1.0,0,0.9330869317054749,0.0012589484078005433,4,4050,0.575,98,955
6,100,0.3,0.0,harm,hybrid,0.001,low_risk_q1,0.1,1.0,0,0.9457582235336304,0.0011848926191063934,4,4050,0.575,98,955
6,100,0.3,0.0,harm,hybrid,0.001,low_risk_q1,0.1,1.0,0,0.9584295153617859,0.001086151567514194,4,4050,0.5375,98,955
6,100,0.3,0.0,harm,hybrid,0.001,low_risk_q1,0.1,1.0,0,0.9711008071899414,0.0009503826215749197,4,4050,0.48750000000000004,98,955
6,100,0.3,0.0,harm,hybrid,0.001,low_risk_q1,0.1,1.0,0,0.9837720990180969,0.00092569735867687,4,4050,0.475,98,955
6,100,0.3,0.0,harm,hybrid,0.001,low_risk_q1,0.1,1.0,0,0.9964433908462524,0.0008022710441866206,4,4050,0.4125,98,955
6,100,0.3,0.0,harm,hybrid,0.001,low_risk_q1,0.1,1.0,0,1.0091147422790527,0.0007282152554924711,4,4050,0.35,98,955
6,100,0.3,0.0,harm,hybrid,0.001,low_risk_q1,0.1,1.0,0,1.0217859745025635,0.0006665020982473464,4,4050,0.3,98,955
6,100,0.3,0.0,harm,hybrid,0.001,low_risk_q1,0.1,1.0,0,1.0344572067260742,0.0005060478894100223,4,4050,0.1875,98,955
6,100,0.3,0.0,harm,hybrid,0.001,low_risk_q1,0.1,1.0,0,1.0471285581588745,0.00041964946926684773,4,4050,0.125,98,955
6,100,0.3,0.0,harm,hybrid,0.001,low_risk_q1,0.1,1.0,0,1.0597997903823853,0.00039496420636879785,4,4050,0.11250000000000002,98,955
6,100,0.3,0.0,harm,hybrid,0.001,low_risk_q1,0.1,1.0,0,1.0724711418151855,0.0003455936805726981,4,4050,0.07500000000000001,98,955
6,100,0.3,0.0,harm,hybrid,0.001,low_risk_q1,0.1,1.0,0,1.0851423740386963,0.00032090841767464824,4,4050,0.05,98,955
6,100,0.3,0.0,harm,hybrid,0.001,low_risk_q1,0.1,1.0,0,1.0978137254714966,0.0003085657862256233,4,4050,0.037500000000000006,98,955
6,100,0.3,0.0,harm,hybrid,0.001,low_risk_q1,0.1,1.0,0,1.1104849576950073,0.00028388052332757347,4,4050,0.025,98,955
6,100,0.3,0.0,harm,hybrid,0.001,low_risk_q1,0.1,1.0,0,1.1231563091278076,0.0002715378918785485,4,4050,0.0125,98,955
6,100,0.3,0.0,harm,hybrid,0.001,low_risk_q1,0.1,1.0,0,1.1358275413513184,0.0002715378918785485,4,4050,0.0125,98,955
6,100,0.3,0.0,harm,hybrid,0.001,low_risk_q1,0.1,1.0,0,1.148498773574829,0.0002715378918785485,4,4050,0.0125,98,955
6,100,0.3,0.0,harm,hybrid,0.001,low_risk_q1,0.1,1.0,0,1.1611701250076294,0.0002591952604295236,4,4050,0.0,98,955
6,100,0.3,0.0,harm,hybrid,0.001,low_risk_q1,0.1,1.0,0,1.1738413572311401,0.00024685262898049864,4,4050,0.0,98,955
6,100,0.3,0.0,harm,hybrid,0.001,low_risk_q1,0.1,1.0,0,1.1865127086639404,0.00024685262898049864,4,4050,0.0,98,955
6,100,0.3,0.0,harm,hybrid,0.001,low_risk_q1,0.1,1.0,0,1.1991839408874512,0.00024685262898049864,4,4050,0.0,98,955
6,100,0.3,0.0,harm,hybrid,0.001,low_risk_q1,0.1,1.0,0,1.2118552923202515,0.00024685262898049864,4,4050,0.0,98,955
6,100,0.3,0.0,harm,hybrid,0.001,low_risk_q1,0.1,1.0,0,1.2245265245437622,0.00024685262898049864,4,4050,0.0,98,955
6,100,0.3,0.0,harm,hybrid,0.001,low_risk_q1,0.1,1.0,0,1.2371978759765625,0.00024685262898049864,4,4050,0.0,98,955
6,100,0.3,0.0,harm,hybrid,0.001,low_risk_q1,0.1,1.0,0,1.2498691082000732,0.00024685262898049864,4,4050,0.0,98,955
6,100,0.3,0.0,harm,hybrid,0.001,low_risk_q1,0.1,1.0,0,1.2625404596328735,0.00024685262898049864,4,4050,0.0,98,955
6,100,0.3,0.0,harm,hybrid,0.001,low_risk_q1,0.1,1.0,0,1.2752116918563843,0.00024685262898049864,4,4050,0.0,98,955
6,100,0.3,0.0,harm,hybrid,0.001,low_risk_q1,0.1,1.0,0,1.287882924079895,0.00024685262898049864,4,4050,0.0,98,955
6,100,0.3,0.0,harm,hybrid,0.001,low_risk_q1,0.1,1.0,0,1.3005542755126953,0.00024685262898049864,4,4050,0.0,98,955
7,100,0.3,0.0,harm,hybrid,0.001,low_risk_q1,0.1,1.0,0,0.047112464904785156,0.003370233702337024,4,4064,1.0,93,919
7,100,0.3,0.0,harm,hybrid,0.001,low_risk_q1,0.1,1.0,0,0.06021270900964737,0.003370233702337024,4,4064,1.0,93,919
7,100,0.3,0.0,harm,hybrid,0.001,low_risk_q1,0.1,1.0,0,0.07331295311450958,0.003370233702337024,4,4064,1.0,93,919
7,100,0.3,0.0,harm,hybrid,0.001,low_risk_q1,0.1,1.0,0,0.0864131897687912,0.003370233702337024,4,4064,1.0,93,919
7,100,0.3,0.0,harm,hybrid,0.001,low_risk_q1,0.1,1.0,0,0.09951344132423401,0.003370233702337024,4,4064,1.0,93,919
7,100,0.3,0.0,harm,hybrid,0.001,low_risk_q1,0.1,1.0,0,0.11261367797851562,0.003370233702337024,4,4064,1.0,93,919
7,100,0.3,0.0,harm,hybrid,0.001,low_risk_q1,0.1,1.0,0,0.12571391463279724,0.003370233702337024,4,4064,1.0,93,919
7,100,0.3,0.0,harm,hybrid,0.001,low_risk_q1,0.1,1.0,0,0.13881416618824005,0.003370233702337024,4,4064,1.0,93,919
7,100,0.3,0.0,harm,hybrid,0.001,low_risk_q1,0.1,1.0,0,0.15191441774368286,0.003370233702337024,4,4064,1.0,93,919
7,100,0.3,0.0,harm,hybrid,0.001,low_risk_q1,0.1,1.0,0,0.16501465439796448,0.003370233702337024,4,4064,1.0,93,919
7,100,0.3,0.0,harm,hybrid,0.001,low_risk_q1,0.1,1.0,0,0.1781148910522461,0.003370233702337024,4,4064,1.0,93,919
7,100,0.3,0.0,harm,hybrid,0.001,low_risk_q1,0.1,1.0,0,0.1912151426076889,0.003370233702337024,4,4064,1.0,93,919
7,100,0.3,0.0,harm,hybrid,0.001,low_risk_q1,0.1,1.0,0,0.20431537926197052,0.003370233702337024,4,4064,1.0,93,919
7,100,0.3,0.0,harm,hybrid,0.001,low_risk_q1,0.1,1.0,0,0.21741563081741333,0.003370233702337024,4,4064,1.0,93,919
7,100,0.3,0.0,harm,hybrid,0.001,low_risk_q1,0.1,1.0,0,0.23051586747169495,0.003370233702337024,4,4064,1.0,93,919
7,100,0.3,0.0,harm,hybrid,0.001,low_risk_q1,0.1,1.0,0,0.24361611902713776,0.003370233702337024,4,4064,1.0,93,919
7,100,0.3,0.0,harm,hybrid,0.001,low_risk_q1,0.1,1.0,0,0.25671637058258057,0.003370233702337024,4,4064,1.0,93,919
7,100,0.3,0.0,harm,hybrid,0.001,low_risk_q1,0.1,1.0,0,0.2698165774345398,0.003370233702337024,4,4064,1.0,93,919
7,100,0.3,0.0,harm,hybrid,0.001,low_risk_q1,0.1,1.0,0,0.2829168438911438,0.003370233702337024,4,4064,1.0,93,919
7,100,0.3,0.0,harm,hybrid,0.001,low_risk_q1,0.1,1.0,0,0.2960170805454254,0.0033579335793357938,4,4064,0.9875,93,919
7,100,0.3,0.0,harm,hybrid,0.001,low_risk_q1,0.1,1.0,0,0.30911731719970703,0.0033456334563345637,4,4064,0.9875,93,919
7,100,0.3,0.0,harm,hybrid,0.001,low_risk_q1,0.1,1.0,0,0.32221758365631104,0.0033456334563345637,4,4064,0.9875,93,919
7,100,0.3,0.0,harm,hybrid,0.001,low_risk_q1,0.1,1.0,0,0.33531782031059265,0.0033456334563345637,4,4064,0.9875,93,919
7,100,0.3,0.0,harm,hybrid,0.001,low_risk_q1,0.1,1.0,0,0.34841805696487427,0.0033456334563345637,4,4064,0.9875,93,919
7,100,0.3,0.0,harm,hybrid,0.001,low_risk_q1,0.1,1.0,0,0.3615182936191559,0.0033333333333333335,4,4064,0.975,93,919
7,100,0.3,0.0,harm,hybrid,0.001,low_risk_q1,0.1,1.0,0,0.3746185302734375,0.0033210332103321034,4,4064,0.9625,93,919
7,100,0.3,0.0,harm,hybrid,0.001,low_risk_q1,0.1,1.0,0,0.3877187967300415,0.0032964329643296432,4,4064,0.9625,93,919
7,100,0.3,0.0,harm,hybrid,0.001,low_risk_q1,0.1,1.0,0,0.4008190333843231,0.003284132841328414,4,4064,0.9625,93,919
7,100,0.3,0.0,harm,hybrid,0.001,low_risk_q1,0.1,1.0,0,0.41391927003860474,0.0032226322263222635,4,4064,0.925,93,919
7,100,0.3,0.0,harm,hybrid,0.001,low_risk_q1,0.1,1.0,0,0.42701950669288635,0.0031980319803198032,4,4064,0.9,93,919
7,100,0.3,0.0,harm,hybrid,0.001,low_risk_q1,0.1,1.0,0,0.44011977314949036,0.003173431734317344,4,4064,0.8875,93,919
7,100,0.3,0.0,harm,hybrid,0.001,low_risk_q1,0.1,1.0,0,0.453220009803772,0.0030996309963099637,4,4064,0.85,93,919
7,100,0.3,0.0,harm,hybrid,0.001,low_risk_q1,0.1,1.0,0,0.4663202464580536,0.0030258302583025835,4,4064,0.8,93,919
7,100,0.3,0.0,harm,hybrid,0.001,low_risk_q1,0.1,1.0,0,0.4794204831123352,0.0029397293972939728,4,4064,0.7749999999999999,93,919
7,100,0.3,0.0,harm,hybrid,0.001,low_risk_q1,0.1,1.0,0,0.4925207197666168,0.002878228782287823,4,4064,0.7749999999999999,93,919
7,100,0.3,0.0,harm,hybrid,0.001,low_risk_q1,0.1,1.0,0,0.5056209564208984,0.002841328413284133,4,4064,0.7375,93,919
7,100,0.3,0.0,harm,hybrid,0.001,low_risk_q1,0.1,1.0,0,0.5187212228775024,0.002804428044280443,4,4064,0.725,93,919
7,100,0.3,0.0,harm,hybrid,0.001,low_risk_q1,0.1,1.0,0,0.5318214893341064,0.0027552275522755233,4,4064,0.7125,93,919
7,100,0.3,0.0,harm,hybrid,0.001,low_risk_q1,0.1,1.0,0,0.5449216961860657,0.0026937269372693724,4,4064,0.7,93,919
7,100,0.3,0.0,harm,hybrid,0.001,low_risk_q1,0.1,1.0,0,0.5580219626426697,0.0026691266912669126,4,4064,0.6749999999999999,93,919
7,100,0.3,0.0,harm,hybrid,0.001,low_risk_q1,0.1,1.0,0,0.5711221694946289,0.002656826568265683,4,4064,0.6749999999999999,93,919
7,100,0.3,0.0,harm,hybrid,0.001,low_risk_q1,0.1,1.0,0,0.5842224359512329,0.002595325953259533,4,4064,0.6625,93,919
7,100,0.3,0.0,harm,hybrid,0.001,low_risk_q1,0.1,1.0,0,0.5973227024078369,0.002546125461254613,4,4064,0.625,93,919
7,100,0.3,0.0,harm,hybrid,0.001,low_risk_q1,0.1,1.0,0,0.6104229092597961,0.0025215252152521526,4,4064,0.6124999999999999,93,919
7,100,0.3,0.0,harm,hybrid,0.001,low_risk_q1,0.1,1.0,0,0.6235231757164001,0.0025215252152521526,4,4064,0.6124999999999999,93,919
7,100,0.3,0.0,harm,hybrid,0.001,low_risk_q1,0.1,1.0,0,0.6366233825683594,0.0025215252152521526,4,4064,0.6124999999999999,93,919
7,100,0.3,0.0,harm,hybrid,0.001,low_risk_q1,0.1,1.0,0,0.6497236490249634,0.0025092250922509225,4,4064,0.6124999999999999,93,919
7,100,0.3,0.0,harm,hybrid,0.001,low_risk_q1,0.1,1.0,0,0.6628239154815674,0.002472324723247233,4,4064,0.6124999999999999,93,919
7,100,0.3,0.0,harm,hybrid,0.001,low_risk_q1,0.1,1.0,0,0.6759241223335266,0.002447724477244773,4,4064,0.6124999999999999,93,919
7,100,0.3,0.0,harm,hybrid,0.001,low_risk_q1,0.1,1.0,0,0.6890243887901306,0.0024354243542435428,4,4064,0.6124999999999999,93,919
7,100,0.3,0.0,harm,hybrid,0.001,low_risk_q1,0.1,1.0,0,0.7021245956420898,0.0023985239852398524,4,4064,0.6124999999999999,93,919
7,100,0.3,0.0,harm,hybrid,0.001,low_risk_q1,0.1,1.0,0,0.7152248620986938,0.0023247232472324727,4,4064,0.6124999999999999,93,919
7,100,0.3,0.0,harm,hybrid,0.001,low_risk_q1,0.1,1.0,0,0.7283251285552979,0.0023001230012300125,4,4064,0.6124999999999999,93,919
7,100,0.3,0.0,harm,hybrid,0.001,low_risk_q1,0.1,1.0,0,0.7414253354072571,0.0022755227552275522,4,4064,0.6124999999999999,93,919
7,100,0.3,0.0,harm,hybrid,0.001,low_risk_q1,0.1,1.0,0,0.7545256018638611,0.0022509225092250925,4,4064,0.6124999999999999,93,919
7,100,0.3,0.0,harm,hybrid,0.001,low_risk_q1,0.1,1.0,0,0.7676258683204651,0.002214022140221402,4,4064,0.6124999999999999,93,919
7,100,0.3,0.0,harm,hybrid,0.001,low_risk_q1,0.1,1.0,0,0.7807260751724243,0.0021894218942189424,4,4064,0.6124999999999999,93,919
7,100,0.3,0.0,harm,hybrid,0.001,low_risk_q1,0.1,1.0,0,0.7938263416290283,0.002152521525215252,4,4064,0.6124999999999999,93,919
7,100,0.3,0.0,harm,hybrid,0.001,low_risk_q1,0.1,1.0,0,0.8069265484809875,0.0020787207872078723,4,4064,0.6124999999999999,93,919
7,100,0.3,0.0,harm,hybrid,0.001,low_risk_q1,0.1,1.0,0,0.8200268149375916,0.0019680196801968018,4,4064,0.6124999999999999,93,919
7,100,0.3,0.0,harm,hybrid,0.001,low_risk_q1,0.1,1.0,0,0.8331270813941956,0.0018942189421894218,4,4064,0.6124999999999999,93,919
7,100,0.3,0.0,harm,hybrid,0.001,low_risk_q1,0.1,1.0,0,0.8462272882461548,0.0018450184501845018,4,4064,0.6124999999999999,93,919
7,100,0.3,0.0,harm,hybrid,0.001,low_risk_q1,0.1,1.0,0,0.8593275547027588,0.0017835178351783517,4,4064,0.6124999999999999,93,919
7,100,0.3,0.0,harm,hybrid,0.001,low_risk_q1,0.1,1.0,0,0.872427761554718,0.0017589175891758917,4,4064,0.6124999999999999,93,919
7,100,0.3,0.0,harm,hybrid,0.001,low_risk_q1,0.1,1.0,0,0.885528028011322,0.0016728167281672818,4,4064,0.6124999999999999,93,919
7,100,0.3,0.0,harm,hybrid,0.001,low_risk_q1,0.1,1.0,0,0.898628294467926,0.0015744157441574414,4,4064,0.6124999999999999,93,919
7,100,0.3,0.0,harm,hybrid,0.001,low_risk_q1,0.1,1.0,0,0.9117285013198853,0.0015252152521525212,4,4064,0.6124999999999999,93,919
7,100,0.3,0.0,harm,hybrid,0.001,low_risk_q1,0.1,1.0,0,0.9248287677764893,0.0014022140221402212,4,4064,0.6124999999999999,93,919
7,100,0.3,0.0,harm,hybrid,0.001,low_risk_q1,0.1,1.0,0,0.9379289746284485,0.0013530135301353012,4,4064,0.6124999999999999,93,919
7,100,0.3,0.0,harm,hybrid,0.001,low_risk_q1,0.1,1.0,0,0.9510292410850525,0.0012669126691266914,4,4064,0.6124999999999999,93,919
7,100,0.3,0.0,harm,hybrid,0.001,low_risk_q1,0.1,1.0,0,0.9641295075416565,0.0012177121771217714,4,4064,0.6124999999999999,93,919
7,100,0.3,0.0,harm,hybrid,0.001,low_risk_q1,0.1,1.0,0,0.9772297143936157,0.001057810578105781,4,4064,0.5625,93,919
7,100,0.3,0.0,harm,hybrid,0.001,low_risk_q1,0.1,1.0,0,0.9903299808502197,0.0009717097170971708,4,4064,0.525,93,919
7,100,0.3,0.0,harm,hybrid,0.001,low_risk_q1,0.1,1.0,0,1.0034301280975342,0.0008241082410824106,4,4064,0.4375,93,919
7,100,0.3,0.0,harm,hybrid,0.001,low_risk_q1,0.1,1.0,0,1.0165305137634277,0.0006888068880688806,4,4064,0.325,93,919
7,100,0.3,0.0,harm,hybrid,0.001,low_risk_q1,0.1,1.0,0,1.0296306610107422,0.0005535055350553505,4,4064,0.23750000000000004,93,919
7,100,0.3,0.0,harm,hybrid,0.001,low_risk_q1,0.1,1.0,0,1.0427309274673462,0.00047970479704797044,4,4064,0.20000000000000004,93,919
7,100,0.3,0.0,harm,hybrid,0.001,low_risk_q1,0.1,1.0,0,1.0558311939239502,0.00041820418204182046,4,4064,0.15,93,919
7,100,0.3,0.0,harm,hybrid,0.001,low_risk_q1,0.1,1.0,0,1.0689314603805542,0.0003444034440344403,4,4064,0.0875,93,919
7,100,0.3,0.0,harm,hybrid,0.001,low_risk_q1,0.1,1.0,0,1.0820317268371582,0.0003198031980319803,4,4064,0.075,93,919
7,100,0.3,0.0,harm,hybrid,0.001,low_risk_q1,0.1,1.0,0,1.0951318740844727,0.00030750307503075026,4,4064,0.0625,93,919
7,100,0.3,0.0,harm,hybrid,0.001,low_risk_q1,0.1,1.0,0,1.1082321405410767,0.0002583025830258302,4,4064,0.0125,93,919
7,100,0.3,0.0,harm,hybrid,0.001,low_risk_q1,0.1,1.0,0,1.1213324069976807,0.0002583025830258302,4,4064,0.0125,93,919
7,100,0.3,0.0,harm,hybrid,0.001,low_risk_q1,0.1,1.0,0,1.1344326734542847,0.0002583025830258302,4,4064,0.0125,93,919
7,100,0.3,0.0,harm,hybrid,0.001,low_risk_q1,0.1,1.0,0,1.1475329399108887,0.0002583025830258302,4,4064,0.0125,93,919
7,100,0.3,0.0,harm,hybrid,0.001,low_risk_q1,0.1,1.0,0,1.1606330871582031,0.0002460024600246002,4,4064,0.0,93,919
7,100,0.3,0.0,harm,hybrid,0.001,low_risk_q1,0.1,1.0,0,1.1737333536148071,0.0002460024600246002,4,4064,0.0,93,919
7,100,0.3,0.0,harm,hybrid,0.001,low_risk_q1,0.1,1.0,0,1.1868336200714111,0.0002460024600246002,4,4064,0.0,93,919
7,100,0.3,0.0,harm,hybrid,0.001,low_risk_q1,0.1,1.0,0,1.1999338865280151,0.0002460024600246002,4,4064,0.0,93,919
7,100,0.3,0.0,harm,hybrid,0.001,low_risk_q1,0.1,1.0,0,1.2130341529846191,0.0002460024600246002,4,4064,0.0,93,919
7,100,0.3,0.0,harm,hybrid,0.001,low_risk_q1,0.1,1.0,0,1.2261343002319336,0.0002460024600246002,4,4064,0.0,93,919
7,100,0.3,0.0,harm,hybrid,0.001,low_risk_q1,0.1,1.0,0,1.2392345666885376,0.0002460024600246002,4,4064,0.0,93,919
7,100,0.3,0.0,harm,hybrid,0.001,low_risk_q1,0.1,1.0,0,1.2523348331451416,0.0002460024600246002,4,4064,0.0,93,919
7,100,0.3,0.0,harm,hybrid,0.001,low_risk_q1,0.1,1.0,0,1.2654350996017456,0.0002460024600246002,4,4064,0.0,93,919
7,100,0.3,0.0,harm,hybrid,0.001,low_risk_q1,0.1,1.0,0,1.2785353660583496,0.0002460024600246002,4,4064,0.0,93,919
7,100,0.3,0.0,harm,hybrid,0.001,low_risk_q1,0.1,1.0,0,1.291635513305664,0.0002460024600246002,4,4064,0.0,93,919
7,100,0.3,0.0,harm,hybrid,0.001,low_risk_q1,0.1,1.0,0,1.304735779762268,0.0002460024600246002,4,4064,0.0,93,919
7,100,0.3,0.0,harm,hybrid,0.001,low_risk_q1,0.1,1.0,0,1.317836046218872,0.0002460024600246002,4,4064,0.0,93,919
7,100,0.3,0.0,harm,hybrid,0.001,low_risk_q1,0.1,1.0,0,1.330936312675476,0.0002460024600246002,4,4064,0.0,93,919
7,100,0.3,0.0,harm,hybrid,0.001,low_risk_q1,0.1,1.0,0,1.34403657913208,0.0002460024600246002,4,4064,0.0,93,919
8,100,0.3,0.0,harm,hybrid,0.001,low_risk_q1,0.1,1.0,0,0.07922777533531189,0.0032134942132479687,4,4060,1.0,100,980
8,100,0.3,0.0,harm,hybrid,0.001,low_risk_q1,0.1,1.0,0,0.0916549414396286,0.0032134942132479687,4,4060,1.0,100,980
8,100,0.3,0.0,harm,hybrid,0.001,low_risk_q1,0.1,1.0,0,0.10408211499452591,0.0032134942132479687,4,4060,1.0,100,980
8,100,0.3,0.0,harm,hybrid,0.001,low_risk_q1,0.1,1.0,0,0.11650928109884262,0.0032134942132479687,4,4060,1.0,100,980
8,100,0.3,0.0,harm,hybrid,0.001,low_risk_q1,0.1,1.0,0,0.12893645465373993,0.0032134942132479687,4,4060,1.0,100,980
8,100,0.3,0.0,harm,hybrid,0.001,low_risk_q1,0.1,1.0,0,0.14136362075805664,0.0032134942132479687,4,4060,1.0,100,980
8,100,0.3,0.0,harm,hybrid,0.001,low_risk_q1,0.1,1.0,0,0.15379078686237335,0.0032134942132479687,4,4060,1.0,100,980
8,100,0.3,0.0,harm,hybrid,0.001,low_risk_q1,0.1,1.0,0,0.16621795296669006,0.0032134942132479687,4,4060,1.0,100,980
8,100,0.3,0.0,harm,hybrid,0.001,low_risk_q1,0.1,1.0,0,0.17864513397216797,0.0032134942132479687,4,4060,1.0,100,980
8,100,0.3,0.0,harm,hybrid,0.001,low_risk_q1,0.1,1.0,0,0.1910722851753235,0.0032134942132479687,4,4060,1.0,100,980
8,100,0.3,0.0,harm,hybrid,0.001,low_risk_q1,0.1,1.0,0,0.2034994661808014,0.0032134942132479687,4,4060,1.0,100,980
8,100,0.3,0.0,harm,hybrid,0.001,low_risk_q1,0.1,1.0,0,0.2159266322851181,0.0032134942132479687,4,4060,1.0,100,980
8,100,0.3,0.0,harm,hybrid,0.001,low_risk_q1,0.1,1.0,0,0.22835379838943481,0.0032134942132479687,4,4060,1.0,100,980
8,100,0.3,0.0,harm,hybrid,0.001,low_risk_q1,0.1,1.0,0,0.24078096449375153,0.0032134942132479687,4,4060,1.0,100,980
8,100,0.3,0.0,harm,hybrid,0.001,low_risk_q1,0.1,1.0,0,0.2532081604003906,0.0032134942132479687,4,4060,1.0,100,980
8,100,0.3,0.0,harm,hybrid,0.001,low_risk_q1,0.1,1.0,0,0.26563531160354614,0.0032134942132479687,4,4060,1.0,100,980
8,100,0.3,0.0,harm,hybrid,0.001,low_risk_q1,0.1,1.0,0,0.27806246280670166,0.0032134942132479687,4,4060,1.0,100,980
8,100,0.3,0.0,harm,hybrid,0.001,low_risk_q1,0.1,1.0,0,0.29048964381217957,0.0032134942132479687,4,4060,1.0,100,980
8,100,0.3,0.0,harm,hybrid,0.001,low_risk_q1,0.1,1.0,0,0.30291682481765747,0.0032134942132479687,4,4060,1.0,100,980
8,100,0.3,0.0,harm,hybrid,0.001,low_risk_q1,0.1,1.0,0,0.315343976020813,0.0032134942132479687,4,4060,1.0,100,980
8,100,0.3,0.0,harm,hybrid,0.001,low_risk_q1,0.1,1.0,0,0.3277711570262909,0.0032011819748830337,4,4060,0.9875,100,980
8,100,0.3,0.0,harm,hybrid,0.001,low_risk_q1,0.1,1.0,0,0.3401983082294464,0.0031888697365180995,4,4060,0.975,100,980
8,100,0.3,0.0,harm,hybrid,0.001,low_risk_q1,0.1,1.0,0,0.3526254892349243,0.0031642452597882295,4,4060,0.9625,100,980
8,100,0.3,0.0,harm,hybrid,0.001,low_risk_q1,0.1,1.0,0,0.3650526702404022,0.0031273085446934246,4,4060,0.9625,100,980
8,100,0.3,0.0,harm,hybrid,0.001,low_risk_q1,0.1,1.0,0,0.37747982144355774,0.0031273085446934246,4,4060,0.9625,100,980
8,100,0.3,0.0,harm,hybrid,0.001,low_risk_q1,0.1,1.0,0,0.38990700244903564,0.0031026840679635563,4,4060,0.9375,100,980
8,100,0.3,0.0,harm,hybrid,0.001,low_risk_q1,0.1,1.0,0,0.40233415365219116,0.0030903718295986213,4,4060,0.925,100,980
8,100,0.3,0.0,harm,hybrid,0.001,low_risk_q1,0.1,1.0,0,0.41476133465766907,0.0030657473528687513,4,4060,0.9,100,980
8,100,0.3,0.0,harm,hybrid,0.001,low_risk_q1,0.1,1.0,0,0.427188515663147,0.003028810637773947,4,4060,0.875,100,980
8,100,0.3,0.0,harm,hybrid,0.001,low_risk_q1,0.1,1.0,0,0.4396156668663025,0.002967249445949274,4,4060,0.85,100,980
8,100,0.3,0.0,harm,hybrid,0.001,low_risk_q1,0.1,1.0,0,0.4520428478717804,0.002918000492489535,4,4060,0.825,100,980
8,100,0.3,0.0,harm,hybrid,0.001,low_risk_q1,0.1,1.0,0,0.4644699990749359,0.002893376015759665,4,4060,0.7875000000000001,100,980
8,100,0.3,0.0,harm,hybrid,0.001,low_risk_q1,0.1,1.0,0,0.4768971800804138,0.0028195025855700566,4,4060,0.7250000000000001,100,980
8,100,0.3,0.0,harm,hybrid,0.001,low_risk_q1,0.1,1.0,0,0.4893243610858917,0.0028071903472051216,4,4060,0.7125,100,980
8,100,0.3,0.0,harm,hybrid,0.001,low_risk_q1,0.1,1.0,0,0.5017515420913696,0.0027702536321103175,4,4060,0.6875,100,980
8,100,0.3,0.0,harm,hybrid,0.001,low_risk_q1,0.1,1.0,0,0.5141786932945251,0.0026963802019207093,4,4060,0.6375,100,980
8,100,0.3,0.0,harm,hybrid,0.001,low_risk_q1,0.1,1.0,0,0.5266058444976807,0.0026840679635557743,4,4060,0.625,100,980
8,100,0.3,0.0,harm,hybrid,0.001,low_risk_q1,0.1,1.0,0,0.539033055305481,0.00264713124846097,4,4060,0.6000000000000001,100,980
8,100,0.3,0.0,harm,hybrid,0.001,low_risk_q1,0.1,1.0,0,0.5514602065086365,0.00264713124846097,4,4060,0.6000000000000001,100,980
8,100,0.3,0.0,harm,hybrid,0.001,low_risk_q1,0.1,1.0,0,0.563887357711792,0.002560945579906427,4,4060,0.5375,100,980
8,100,0.3,0.0,harm,hybrid,0.001,low_risk_q1,0.1,1.0,0,0.5763145685195923,0.002536321103176558,4,4060,0.5625,100,980
8,100,0.3,0.0,harm,hybrid,0.001,low_risk_q1,0.1,1.0,0,0.588741660118103,0.0024131987195272096,4,4060,0.44999999999999996,100,980
8,100,0.3,0.0,harm,hybrid,0.001,low_risk_q1,0.1,1.0,0,0.6011688709259033,0.0024131987195272096,4,4060,0.4375,100,980
8,100,0.3,0.0,harm,hybrid,0.001,low_risk_q1,0.1,1.0,0,0.6135960817337036,0.0023639497660674713,4,4060,0.44999999999999996,100,980
8,100,0.3,0.0,harm,hybrid,0.001,low_risk_q1,0.1,1.0,0,0.6260231733322144,0.0023270130509726664,4,4060,0.4375,100,980
8,100,0.3,0.0,harm,hybrid,0.001,low_risk_q1,0.1,1.0,0,0.6384503841400146,0.0023147008126077314,4,4060,0.4125,100,980
8,100,0.3,0.0,harm,hybrid,0.001,low_risk_q1,0.1,1.0,0,0.6508775949478149,0.002265451859147993,4,4060,0.4125,100,980
8,100,0.3,0.0,harm,hybrid,0.001,low_risk_q1,0.1,1.0,0,0.6633046865463257,0.002228515144053189,4,4060,0.4125,100,980
8,100,0.3,0.0,harm,hybrid,0.001,low_risk_q1,0.1,1.0,0,0.675731897354126,0.002203890667323319,4,4060,0.4125,100,980
8,100,0.3,0.0,harm,hybrid,0.001,low_risk_q1,0.1,1.0,0,0.6881591081619263,0.0021546417138635803,4,4060,0.4125,100,980
8,100,0.3,0.0,harm,hybrid,0.001,low_risk_q1,0.1,1.0,0,0.700586199760437,0.0021423294754986458,4,4060,0.4125,100,980
8,100,0.3,0.0,harm,hybrid,0.001,low_risk_q1,0.1,1.0,0,0.7130134105682373,0.0020807682836739717,4,4060,0.4125,100,980
8,100,0.3,0.0,harm,hybrid,0.001,low_risk_q1,0.1,1.0,0,0.725440502166748,0.0020315193302142326,4,4060,0.4125,100,980
8,100,0.3,0.0,harm,hybrid,0.001,low_risk_q1,0.1,1.0,0,0.7378677129745483,0.002019207091849298,4,4060,0.4125,100,980
8,100,0.3,0.0,harm,hybrid,0.001,low_risk_q1,0.1,1.0,0,0.7502949237823486,0.0020068948534843634,4,4060,0.4125,100,980
8,100,0.3,0.0,harm,hybrid,0.001,low_risk_q1,0.1,1.0,0,0.7627220153808594,0.0019453336616596895,4,4060,0.4125,100,980
8,100,0.3,0.0,harm,hybrid,0.001,low_risk_q1,0.1,1.0,0,0.7751492261886597,0.0018960847081999506,4,4060,0.4125,100,980
8,100,0.3,0.0,harm,hybrid,0.001,low_risk_q1,0.1,1.0,0,0.78757643699646,0.0018837724698350159,4,4060,0.4125,100,980
8,100,0.3,0.0,harm,hybrid,0.001,low_risk_q1,0.1,1.0,0,0.8000035285949707,0.0018468357547402117,4,4060,0.4125,100,980
8,100,0.3,0.0,harm,hybrid,0.001,low_risk_q1,0.1,1.0,0,0.812430739402771,0.0017483378478207335,4,4060,0.4125,100,980
8,100,0.3,0.0,harm,hybrid,0.001,low_risk_q1,0.1,1.0,0,0.8248579502105713,0.0016375277025363212,4,4060,0.4125,100,980
8,100,0.3,0.0,harm,hybrid,0.001,low_risk_q1,0.1,1.0,0,0.837285041809082,0.0015390297956168432,4,4060,0.4125,100,980
8,100,0.3,0.0,harm,hybrid,0.001,low_risk_q1,0.1,1.0,0,0.8497122526168823,0.001502093080522039,4,4060,0.4125,100,980
8,100,0.3,0.0,harm,hybrid,0.001,low_risk_q1,0.1,1.0,0,0.8621394634246826,0.0014774686037921695,4,4060,0.4125,100,980
8,100,0.3,0.0,harm,hybrid,0.001,low_risk_q1,0.1,1.0,0,0.8745665550231934,0.0014159074119674958,4,4060,0.4125,100,980
8,100,0.3,0.0,harm,hybrid,0.001,low_risk_q1,0.1,1.0,0,0.8869937658309937,0.0013420339817778871,4,4060,0.4125,100,980
8,100,0.3,0.0,harm,hybrid,0.001,low_risk_q1,0.1,1.0,0,0.899420976638794,0.0013050972666830832,4,4060,0.4125,100,980
8,100,0.3,0.0,harm,hybrid,0.001,low_risk_q1,0.1,1.0,0,0.9118480682373047,0.0012065993597636052,4,4060,0.4125,100,980
8,100,0.3,0.0,harm,hybrid,0.001,low_risk_q1,0.1,1.0,0,0.924275279045105,0.001120413691209062,4,4060,0.4125,100,980
8,100,0.3,0.0,harm,hybrid,0.001,low_risk_q1,0.1,1.0,0,0.9367023706436157,0.001009603545924649,4,4060,0.3875,100,980
8,100,0.3,0.0,harm,hybrid,0.001,low_risk_q1,0.1,1.0,0,0.949129581451416,0.0009357301157350405,4,4060,0.35,100,980
8,100,0.3,0.0,harm,hybrid,0.001,low_risk_q1,0.1,1.0,0,0.9615567922592163,0.0008002954937207584,4,4060,0.2875,100,980
8,100,0.3,0.0,harm,hybrid,0.001,low_risk_q1,0.1,1.0,0,0.973983883857727,0.0007017975868012805,4,4060,0.2375,100,980
8,100,0.3,0.0,harm,hybrid,0.001,low_risk_q1,0.1,1.0,0,0.9864110946655273,0.0005663629647869983,4,4060,0.21250000000000002,100,980
8,100,0.3,0.0,harm,hybrid,0.001,low_risk_q1,0.1,1.0,0,0.9988383054733276,0.0005540507264220635,4,4060,0.21250000000000002,100,980
8,100,0.3,0.0,harm,hybrid,0.001,low_risk_q1,0.1,1.0,0,1.0112653970718384,0.0005048017729623245,4,4060,0.17500000000000002,100,980
8,100,0.3,0.0,harm,hybrid,0.001,low_risk_q1,0.1,1.0,0,1.0236926078796387,0.0004555528195025855,4,4060,0.1625,100,980
8,100,0.3,0.0,harm,hybrid,0.001,low_risk_q1,0.1,1.0,0,1.036119818687439,0.0004186161044077813,4,4060,0.13749999999999998,100,980
8,100,0.3,0.0,harm,hybrid,0.001,low_risk_q1,0.1,1.0,0,1.0485469102859497,0.0003570549125831076,4,4060,0.09999999999999999,100,980
8,100,0.3,0.0,harm,hybrid,0.001,low_risk_q1,0.1,1.0,0,1.06097412109375,0.00032011819748830337,4,4060,0.0625,100,980
8,100,0.3,0.0,harm,hybrid,0.001,low_risk_q1,0.1,1.0,0,1.0734013319015503,0.0002954937207584339,4,4060,0.05,100,980
8,100,0.3,0.0,harm,hybrid,0.001,low_risk_q1,0.1,1.0,0,1.0858285427093506,0.00028318148239349914,4,4060,0.037500000000000006,100,980
8,100,0.3,0.0,harm,hybrid,0.001,low_risk_q1,0.1,1.0,0,1.0982556343078613,0.00028318148239349914,4,4060,0.037500000000000006,100,980
8,100,0.3,0.0,harm,hybrid,0.001,low_risk_q1,0.1,1.0,0,1.1106828451156616,0.0002708692440285644,4,4060,0.025,100,980
8,100,0.3,0.0,harm,hybrid,0.001,low_risk_q1,0.1,1.0,0,1.1231099367141724,0.00025855700566362964,4,4060,0.0125,100,980
8,100,0.3,0.0,harm,hybrid,0.001,low_risk_q1,0.1,1.0,0,1.1355371475219727,0.0002462447672986949,4,4060,0.0,100,980
8,100,0.3,0.0,harm,hybrid,0.001,low_risk_q1,0.1,1.0,0,1.147964358329773,0.0002462447672986949,4,4060,0.0,100,980
8,100,0.3,0.0,harm,hybrid,0.001,low_risk_q1,0.1,1.0,0,1.1603914499282837,0.0002462447672986949,4,4060,0.0,100,980
8,100,0.3,0.0,harm,hybrid,0.001,low_risk_q1,0.1,1.0,0,1.172818660736084,0.0002462447672986949,4,4060,0.0,100,980
8,100,0.3,0.0,harm,hybrid,0.001,low_risk_q1,0.1,1.0,0,1.1852458715438843,0.0002462447672986949,4,4060,0.0,100,980
8,100,0.3,0.0,harm,hybrid,0.001,low_risk_q1,0.1,1.0,0,1.197672963142395,0.0002462447672986949,4,4060,0.0,100,980
8,100,0.3,0.0,harm,hybrid,0.001,low_risk_q1,0.1,1.0,0,1.2101001739501953,0.0002462447672986949,4,4060,0.0,100,980
8,100,0.3,0.0,harm,hybrid,0.001,low_risk_q1,0.1,1.0,0,1.2225273847579956,0.0002462447672986949,4,4060,0.0,100,980
8,100,0.3,0.0,harm,hybrid,0.001,low_risk_q1,0.1,1.0,0,1.2349544763565063,0.0002462447672986949,4,4060,0.0,100,980
8,100,0.3,0.0,harm,hybrid,0.001,low_risk_q1,0.1,1.0,0,1.2473816871643066,0.0002462447672986949,4,4060,0.0,100,980
8,100,0.3,0.0,harm,hybrid,0.001,low_risk_q1,0.1,1.0,0,1.259808897972107,0.0002462447672986949,4,4060,0.0,100,980
8,100,0.3,0.0,harm,hybrid,0.001,low_risk_q1,0.1,1.0,0,1.2722359895706177,0.0002462447672986949,4,4060,0.0,100,980
8,100,0.3,0.0,harm,hybrid,0.001,low_risk_q1,0.1,1.0,0,1.284663200378418,0.0002462447672986949,4,4060,0.0,100,980
8,100,0.3,0.0,harm,hybrid,0.001,low_risk_q1,0.1,1.0,0,1.2970904111862183,0.0002462447672986949,4,4060,0.0,100,980
8,100,0.3,0.0,harm,hybrid,0.001,low_risk_q1,0.1,1.0,0,1.309517502784729,0.0002462447672986949,4,4060,0.0,100,980
9,100,0.3,0.0,harm,hybrid,0.001,low_risk_q1,0.1,1.0,0,0.0,0.003392330383480826,4,4067,1.0,94,922
9,100,0.3,0.0,harm,hybrid,0.001,low_risk_q1,0.1,1.0,0,0.013008207082748413,0.003392330383480826,4,4067,1.0,94,922
9,100,0.3,0.0,harm,hybrid,0.001,low_risk_q1,0.1,1.0,0,0.026016414165496826,0.003392330383480826,4,4067,1.0,94,922
9,100,0.3,0.0,harm,hybrid,0.001,low_risk_q1,0.1,1.0,0,0.03902462124824524,0.003392330383480826,4,4067,1.0,94,922
9,100,0.3,0.0,harm,hybrid,0.001,low_risk_q1,0.1,1.0,0,0.05203282833099365,0.003392330383480826,4,4067,1.0,94,922
9,100,0.3,0.0,harm,hybrid,0.001,low_risk_q1,0.1,1.0,0,0.06504103541374207,0.003392330383480826,4,4067,1.0,94,922
9,100,0.3,0.0,harm,hybrid,0.001,low_risk_q1,0.1,1.0,0,0.07804924249649048,0.003392330383480826,4,4067,1.0,94,922
9,100,0.3,0.0,harm,hybrid,0.001,low_risk_q1,0.1,1.0,0,0.09105744957923889,0.003392330383480826,4,4067,1.0,94,922
9,100,0.3,0.0,harm,hybrid,0.001,low_risk_q1,0.1,1.0,0,0.1040656566619873,0.003392330383480826,4,4067,1.0,94,922
9,100,0.3,0.0,harm,hybrid,0.001,low_risk_q1,0.1,1.0,0,0.11707386374473572,0.003392330383480826,4,4067,1.0,94,922
9,100,0.3,0.0,harm,hybrid,0.001,low_risk_q1,0.1,1.0,0,0.13008207082748413,0.003392330383480826,4,4067,1.0,94,922
9,100,0.3,0.0,harm,hybrid,0.001,low_risk_q1,0.1,1.0,0,0.14309027791023254,0.003392330383480826,4,4067,1.0,94,922
9,100,0.3,0.0,harm,hybrid,0.001,low_risk_q1,0.1,1.0,0,0.15609848499298096,0.003392330383480826,4,4067,1.0,94,922
9,100,0.3,0.0,harm,hybrid,0.001,low_risk_q1,0.1,1.0,0,0.16910669207572937,0.003392330383480826,4,4067,1.0,94,922
9,100,0.3,0.0,harm,hybrid,0.001,low_risk_q1,0.1,1.0,0,0.18211489915847778,0.003392330383480826,4,4067,1.0,94,922
9,100,0.3,0.0,harm,hybrid,0.001,low_risk_q1,0.1,1.0,0,0.1951231062412262,0.003392330383480826,4,4067,1.0,94,922
9,100,0.3,0.0,harm,hybrid,0.001,low_risk_q1,0.1,1.0,0,0.2081313133239746,0.003392330383480826,4,4067,1.0,94,922
9,100,0.3,0.0,harm,hybrid,0.001,low_risk_q1,0.1,1.0,0,0.22113952040672302,0.003380039331366765,4,4067,0.9875,94,922
9,100,0.3,0.0,harm,hybrid,0.001,low_risk_q1,0.1,1.0,0,0.23414772748947144,0.003380039331366765,4,4067,0.9875,94,922
9,100,0.3,0.0,harm,hybrid,0.001,low_risk_q1,0.1,1.0,0,0.24715593457221985,0.003380039331366765,4,4067,0.9875,94,922
9,100,0.3,0.0,harm,hybrid,0.001,low_risk_q1,0.1,1.0,0,0.26016414165496826,0.003380039331366765,4,4067,0.9875,94,922
9,100,0.3,0.0,harm,hybrid,0.001,low_risk_q1,0.1,1.0,0,0.2731723487377167,0.003380039331366765,4,4067,0.9875,94,922
9,100,0.3,0.0,harm,hybrid,0.001,low_risk_q1,0.1,1.0,0,0.2861805558204651,0.003380039331366765,4,4067,0.9875,94,922
9,100,0.3,0.0,harm,hybrid,0.001,low_risk_q1,0.1,1.0,0,0.2991887629032135,0.003380039331366765,4,4067,0.9875,94,922
9,100,0.3,0.0,harm,hybrid,0.001,low_risk_q1,0.1,1.0,0,0.3121969699859619,0.003355457227138643,4,4067,0.975,94,922
9,100,0.3,0.0,harm,hybrid,0.001,low_risk_q1,0.1,1.0,0,0.3252051770687103,0.003343166175024582,4,4067,0.9624999999999999,94,922
9,100,0.3,0.0,harm,hybrid,0.001,low_risk_q1,0.1,1.0,0,0.33821338415145874,0.003343166175024582,4,4067,0.9624999999999999,94,922
9,100,0.3,0.0,harm,hybrid,0.001,low_risk_q1,0.1,1.0,0,0.35122159123420715,0.003343166175024582,4,4067,0.9624999999999999,94,922
9,100,0.3,0.0,harm,hybrid,0.001,low_risk_q1,0.1,1.0,0,0.36422979831695557,0.003343166175024582,4,4067,0.9624999999999999,94,922
9,100,0.3,0.0,harm,hybrid,0.001,low_risk_q1,0.1,1.0,0,0.377238005399704,0.0032940019665683383,4,4067,0.925,94,922
9,100,0.3,0.0,harm,hybrid,0.001,low_risk_q1,0.1,1.0,0,0.3902462124824524,0.003232546705998033,4,4067,0.8624999999999999,94,922
9,100,0.3,0.0,harm,hybrid,0.001,low_risk_q1,0.1,1.0,0,0.4032544195652008,0.003158800393313668,4,4067,0.825,94,922
9,100,0.3,0.0,harm,hybrid,0.001,low_risk_q1,0.1,1.0,0,0.4162626266479492,0.0031342182890855452,4,4067,0.7875000000000001,94,922
9,100,0.3,0.0,harm,hybrid,0.001,low_risk_q1,0.1,1.0,0,0.42927083373069763,0.0030973451327433632,4,4067,0.7749999999999999,94,922
9,100,0.3,0.0,harm,hybrid,0.001,low_risk_q1,0.1,1.0,0,0.44227904081344604,0.00306047197640118,4,4067,0.7625,94,922
9,100,0.3,0.0,harm,hybrid,0.001,low_risk_q1,0.1,1.0,0,0.45528724789619446,0.002999016715830875,4,4067,0.75,94,922
9,100,0.3,0.0,harm,hybrid,0.001,low_risk_q1,0.1,1.0,0,0.46829545497894287,0.0029375614552605706,4,4067,0.7,94,922
9,100,0.3,0.0,harm,hybrid,0.001,low_risk_q1,0.1,1.0,0,0.4813036620616913,0.0029129793510324483,4,4067,0.7,94,922
9,100,0.3,0.0,harm,hybrid,0.001,low_risk_q1,0.1,1.0,0,0.4943118691444397,0.0028638151425762048,4,4067,0.6875,94,922
9,100,0.3,0.0,harm,hybrid,0.001,low_risk_q1,0.1,1.0,0,0.5073200464248657,0.002826941986234022,4,4067,0.6875,94,922
9,100,0.3,0.0,harm,hybrid,0.001,low_risk_q1,0.1,1.0,0,0.5203282833099365,0.0028023598820059,4,4067,0.6875,94,922
9,100,0.3,0.0,harm,hybrid,0.001,low_risk_q1,0.1,1.0,0,0.5333365201950073,0.002790068829891839,4,4067,0.6875,94,922
9,100,0.3,0.0,harm,hybrid,0.001,low_risk_q1,0.1,1.0,0,0.5463446974754333,0.002777777777777778,4,4067,0.6875,94,922
9,100,0.3,0.0,harm,hybrid,0.001,low_risk_q1,0.1,1.0,0,0.5593528747558594,0.0027286135693215343,4,4067,0.6875,94,922
9,100,0.3,0.0,harm,hybrid,0.001,low_risk_q1,0.1,1.0,0,0.5723611116409302,0.0027286135693215343,4,4067,0.6875,94,922
9,100,0.3,0.0,harm,hybrid,0.001,low_risk_q1,0.1,1.0,0,0.585369348526001,0.0027040314650934117,4,4067,0.6875,94,922
9,100,0.3,0.0,harm,hybrid,0.001,low_risk_q1,0.1,1.0,0,0.598377525806427,0.0026917404129793506,4,4067,0.6875,94,922
9,100,0.3,0.0,harm,hybrid,0.001,low_risk_q1,0.1,1.0,0,0.611385703086853,0.0026917404129793506,4,4067,0.6875,94,922
9,100,0.3,0.0,harm,hybrid,0.001,low_risk_q1,0.1,1.0,0,0.6243939399719238,0.0026794493608652908,4,4067,0.6875,94,922
9,100,0.3,0.0,harm,hybrid,0.001,low_risk_q1,0.1,1.0,0,0.6374021768569946,0.002654867256637168,4,4067,0.6875,94,922
9,100,0.3,0.0,harm,hybrid,0.001,low_risk_q1,0.1,1.0,0,0.6504103541374207,0.0026425762045231074,4,4067,0.6875,94,922
9,100,0.3,0.0,harm,hybrid,0.001,low_risk_q1,0.1,1.0,0,0.6634185314178467,0.0025934119960668634,4,4067,0.6875,94,922
9,100,0.3,0.0,harm,hybrid,0.001,low_risk_q1,0.1,1.0,0,0.6764267683029175,0.002507374631268437,4,4067,0.6875,94,922
9,100,0.3,0.0,harm,hybrid,0.001,low_risk_q1,0.1,1.0,0,0.6894350051879883,0.0024827925270403148,4,4067,0.6875,94,922
9,100,0.3,0.0,harm,hybrid,0.001,low_risk_q1,0.1,1.0,0,0.7024431824684143,0.0024705014749262537,4,4067,0.6875,94,922
9,100,0.3,0.0,harm,hybrid,0.001,low_risk_q1,0.1,1.0,0,0.7154513597488403,0.002445919370698132,4,4067,0.6875,94,922
9,100,0.3,0.0,harm,hybrid,0.001,low_risk_q1,0.1,1.0,0,0.7284595966339111,0.002409046214355949,4,4067,0.6875,94,922
9,100,0.3,0.0,harm,hybrid,0.001,low_risk_q1,0.1,1.0,0,0.7414678335189819,0.002347590953785644,4,4067,0.6875,94,922
9,100,0.3,0.0,harm,hybrid,0.001,low_risk_q1,0.1,1.0,0,0.754476010799408,0.002347590953785644,4,4067,0.6875,94,922
9,100,0.3,0.0,harm,hybrid,0.001,low_risk_q1,0.1,1.0,0,0.767484188079834,0.002273844641101278,4,4067,0.6875,94,922
9,100,0.3,0.0,harm,hybrid,0.001,low_risk_q1,0.1,1.0,0,0.7804924249649048,0.002249262536873156,4,4067,0.6875,94,922
9,100,0.3,0.0,harm,hybrid,0.001,low_risk_q1,0.1,1.0,0,0.7935006618499756,0.0022123893805309734,4,4067,0.6875,94,922
9,100,0.3,0.0,harm,hybrid,0.001,low_risk_q1,0.1,1.0,0,0.8065088391304016,0.0021386430678466076,4,4067,0.6875,94,922
9,100,0.3,0.0,harm,hybrid,0.001,low_risk_q1,0.1,1.0,0,0.8195170164108276,0.0020894788593903636,4,4067,0.6875,94,922
9,100,0.3,0.0,harm,hybrid,0.001,low_risk_q1,0.1,1.0,0,0.8325252532958984,0.002028023598820059,4,4067,0.6875,94,922
9,100,0.3,0.0,harm,hybrid,0.001,low_risk_q1,0.1,1.0,0,0.8455334901809692,0.0019419862340216323,4,4067,0.6875,94,922
9,100,0.3,0.0,harm,hybrid,0.001,low_risk_q1,0.1,1.0,0,0.8585416674613953,0.0018682399213372665,4,4067,0.6875,94,922
9,100,0.3,0.0,harm,hybrid,0.001,low_risk_q1,0.1,1.0,0,0.8715498447418213,0.0018067846607669616,4,4067,0.6875,94,922
9,100,0.3,0.0,harm,hybrid,0.001,low_risk_q1,0.1,1.0,0,0.8845580816268921,0.0017084562438544738,4,4067,0.6875,94,922
9,100,0.3,0.0,harm,hybrid,0.001,low_risk_q1,0.1,1.0,0,0.8975663185119629,0.0016224188790560472,4,4067,0.6875,94,922
9,100,0.3,0.0,harm,hybrid,0.001,low_risk_q1,0.1,1.0,0,0.9105744957923889,0.0015117994100294987,4,4067,0.6875,94,922
9,100,0.3,0.0,harm,hybrid,0.001,low_risk_q1,0.1,1.0,0,0.9235826730728149,0.001462635201573255,4,4067,0.6875,94,922
9,100,0.3,0.0,harm,hybrid,0.001,low_risk_q1,0.1,1.0,0,0.9365909099578857,0.0013765978367748278,4,4067,0.6625000000000001,94,922
9,100,0.3,0.0,harm,hybrid,0.001,low_risk_q1,0.1,1.0,0,0.9495991468429565,0.0012905604719764012,4,4067,0.625,94,922
9,100,0.3,0.0,harm,hybrid,0.001,low_risk_q1,0.1,1.0,0,0.9626073241233826,0.0011307767944936087,4,4067,0.55,94,922
9,100,0.3,0.0,harm,hybrid,0.001,low_risk_q1,0.1,1.0,0,0.9756155014038086,0.0010078662733529991,4,4067,0.5125,94,922
9,100,0.3,0.0,harm,hybrid,0.001,low_risk_q1,0.1,1.0,0,0.9886237382888794,0.0008849557522123894,4,4067,0.4125,94,922
9,100,0.3,0.0,harm,hybrid,0.001,low_risk_q1,0.1,1.0,0,1.0016319751739502,0.0007005899705014749,4,4067,0.275,94,922
9,100,0.3,0.0,harm,hybrid,0.001,low_risk_q1,0.1,1.0,0,1.0146400928497314,0.0005530973451327434,4,4067,0.18750000000000003,94,922
9,100,0.3,0.0,harm,hybrid,0.001,low_risk_q1,0.1,1.0,0,1.0276483297348022,0.00044247787610619474,4,4067,0.1,94,922
9,100,0.3,0.0,harm,hybrid,0.001,low_risk_q1,0.1,1.0,0,1.040656566619873,0.0003810226155358899,4,4067,0.05,94,922
9,100,0.3,0.0,harm,hybrid,0.001,low_risk_q1,0.1,1.0,0,1.0536648035049438,0.0003810226155358899,4,4067,0.05,94,922
9,100,0.3,0.0,harm,hybrid,0.001,low_risk_q1,0.1,1.0,0,1.0666730403900146,0.00031956735496558507,4,4067,0.0125,94,922
9,100,0.3,0.0,harm,hybrid,0.001,low_risk_q1,0.1,1.0,0,1.079681158065796,0.0002949852507374631,4,4067,0.0,94,922
9,100,0.3,0.0,harm,hybrid,0.001,low_risk_q1,0.1,1.0,0,1.0926893949508667,0.00027040314650934123,4,4067,0.0,94,922
9,100,0.3,0.0,harm,hybrid,0.001,low_risk_q1,0.1,1.0,0,1.1056976318359375,0.00025811209439528023,4,4067,0.0,94,922
9,100,0.3,0.0,harm,hybrid,0.001,low_risk_q1,0.1,1.0,0,1.1187057495117188,0.00025811209439528023,4,4067,0.0,94,922
9,100,0.3,0.0,harm,hybrid,0.001,low_risk_q1,0.1,1.0,0,1.1317139863967896,0.00025811209439528023,4,4067,0.0,94,922
9,100,0.3,0.0,harm,hybrid,0.001,low_risk_q1,0.1,1.0,0,1.1447222232818604,0.00025811209439528023,4,4067,0.0,94,922
9,100,0.3,0.0,harm,hybrid,0.001,low_risk_q1,0.1,1.0,0,1.1577304601669312,0.00025811209439528023,4,4067,0.0,94,922
9,100,0.3,0.0,harm,hybrid,0.001,low_risk_q1,0.1,1.0,0,1.170738697052002,0.00025811209439528023,4,4067,0.0,94,922
9,100,0.3,0.0,harm,hybrid,0.001,low_risk_q1,0.1,1.0,0,1.1837468147277832,0.00025811209439528023,4,4067,0.0,94,922
9,100,0.3,0.0,harm,hybrid,0.001,low_risk_q1,0.1,1.0,0,1.196755051612854,0.00025811209439528023,4,4067,0.0,94,922
9,100,0.3,0.0,harm,hybrid,0.001,low_risk_q1,0.1,1.0,0,1.2097632884979248,0.0002458210422812193,4,4067,0.0,94,922
9,100,0.3,0.0,harm,hybrid,0.001,low_risk_q1,0.1,1.0,0,1.222771406173706,0.0002458210422812193,4,4067,0.0,94,922
9,100,0.3,0.0,harm,hybrid,0.001,low_risk_q1,0.1,1.0,0,1.2357796430587769,0.0002458210422812193,4,4067,0.0,94,922
9,100,0.3,0.0,harm,hybrid,0.001,low_risk_q1,0.1,1.0,0,1.2487878799438477,0.0002458210422812193,4,4067,0.0,94,922
9,100,0.3,0.0,harm,hybrid,0.001,low_risk_q1,0.1,1.0,0,1.2617961168289185,0.0002458210422812193,4,4067,0.0,94,922
9,100,0.3,0.0,harm,hybrid,0.001,low_risk_q1,0.1,1.0,0,1.2748043537139893,0.0002458210422812193,4,4067,0.0,94,922
9,100,0.3,0.0,harm,hybrid,0.001,low_risk_q1,0.1,1.0,0,1.2878124713897705,0.0002458210422812193,4,4067,0.0,94,922
